"student_id","cohort_hs_grad","sex","race_ethnicity","rural_flag","first_gen","iep_flag","ell_flag","frpl.x","hs_gpa","frpl.y","dual_credit_flag","hs_diploma_type","any_credential","earned_certificate","earned_associate","earned_bachelor","ever_employed","pct_qtrs_employed","avg_quarterly_wage","stably_employed","annual_wages_2023"
"STU000001",2016,"Male","White",0,0,0,0,0,2.86265857606777,0,0,"Standard",0,0,0,0,1,0.571428571428571,11668.3125,1,68845
"STU000002",2016,"Male","White",0,1,1,0,0,2.89735465274405,0,1,"Standard",0,0,0,0,1,0.714285714285714,10214,0,8780
"STU000003",2016,"NonBinary_Other","White",0,0,1,1,1,2.67438238138888,1,0,"Standard",1,0,0,1,1,0.321428571428571,12080.6666666667,1,54482
"STU000004",2016,"Male","White",0,1,0,0,0,2.69398231190087,0,0,"Standard",0,0,0,0,1,0.642857142857143,10466.7777777778,0,38847
"STU000005",2016,"Female","Black",0,0,0,1,1,2.23595868303745,1,0,"NonCompletion",0,0,0,0,1,0.642857142857143,11783.3333333333,0,23914
"STU000006",2016,"Male","White",1,0,1,0,0,2.66086245169511,0,0,"Standard",1,0,0,1,1,0.321428571428571,16060,0,36126
"STU000007",2016,"Female","Other",0,0,0,0,1,2.94507629515611,1,0,"NonCompletion",0,0,0,0,1,0.392857142857143,13715,0,32330
"STU000008",2016,"Male","White",0,0,0,0,0,3.95512540088177,0,0,"Advanced",1,0,0,1,1,0.607142857142857,18561.8823529412,1,84292
"STU000009",2016,"Female","Hispanic",0,1,0,0,0,3.4846568244234,0,0,"Standard",0,0,0,0,1,0.678571428571429,7264.8947368421,0,22543
"STU000010",2016,"Male","Hispanic",0,0,0,0,0,3.2399295240133,0,1,"Standard",1,0,0,1,1,0.107142857142857,19929,0,59787
"STU000011",2016,"Female","White",0,1,0,0,1,2.49865961685305,1,0,"NonCompletion",0,0,0,0,1,0.642857142857143,10304.1111111111,0,0
"STU000012",2016,"Female","White",0,0,0,0,0,2.82926096604077,0,0,"Standard",0,0,0,0,1,0.5,9894.14285714286,0,9965
"STU000013",2016,"Male","Asian",0,1,0,1,1,2.81376326228687,1,1,"Standard",0,0,0,0,1,0.714285714285714,10129.45,0,37251
"STU000014",2016,"Male","White",1,0,1,0,0,3.19412323514031,0,0,"Standard",1,0,0,1,1,0.25,20954.8571428571,0,69859
"STU000015",2016,"Male","White",0,1,0,0,0,2.38316784359187,0,0,"Standard",0,0,0,0,0,0,NA,0,0
"STU000016",2016,"Female","White",0,1,0,0,0,2.23745423002642,0,0,"Standard",0,0,0,0,1,0.678571428571429,11944.3684210526,0,37708
"STU000017",2016,"Male","Black",0,1,0,0,0,3.05082394409659,0,1,"Standard",1,0,1,0,1,0.892857142857143,13333.6,0,50656
"STU000018",2016,"Male","White",1,1,0,0,0,3.26373088171392,0,0,"Standard",1,0,0,1,1,0.535714285714286,11642.8666666667,1,68888
"STU000019",2016,"Female","White",0,0,1,0,0,1.70558532910587,0,0,"NonCompletion",0,0,0,0,1,0.642857142857143,9318.22222222222,0,0
"STU000020",2016,"Female","White",0,0,0,0,0,2.40276152719822,0,0,"Standard",0,0,0,0,1,0.464285714285714,8581.69230769231,0,38930
"STU000021",2016,"Male","White",1,1,1,0,1,1.97202899796945,1,0,"NonCompletion",0,0,0,0,1,0.785714285714286,10781.9090909091,0,25396
"STU000022",2016,"Female","White",0,0,0,0,1,2.6550249254456,1,0,"NonCompletion",0,0,0,0,1,0.892857142857143,9500.52,0,25803
"STU000023",2016,"Male","White",0,1,0,0,1,3.08640101036053,1,0,"Standard",1,1,0,0,1,0.821428571428571,15114.652173913,0,35395
"STU000024",2016,"Male","Hispanic",0,1,1,0,0,2.52189278790412,0,0,"Standard",0,0,0,0,1,0.607142857142857,7038.11764705882,1,40316
"STU000025",2016,"Male","White",0,1,0,0,0,NA,0,1,"NonCompletion",0,0,0,0,1,0.607142857142857,15299.2352941176,1,71716
"STU000026",2016,"Female","Other",0,0,0,0,1,2.98278161133836,1,0,"Standard",0,0,0,0,1,0.571428571428571,10093.5,1,43788
"STU000027",2016,"Male","Hispanic",0,1,0,0,1,2.69081042312135,1,0,"Standard",0,0,0,0,1,0.5,7168.42857142857,0,0
"STU000028",2016,"Female","White",0,1,0,0,0,1.86347158841539,0,0,"NonCompletion",0,0,0,0,1,0.642857142857143,13296.1666666667,1,55192
"STU000029",2016,"Male","MultiRacial",0,1,1,1,0,1.8235382314461,0,0,"Standard",0,0,0,0,1,0.571428571428571,10984.75,0,13408
"STU000030",2016,"Female","White",1,1,0,1,0,3.14038449589298,0,0,"Standard",1,0,0,1,1,0.392857142857143,19677,0,67088
"STU000031",2016,"Male","White",0,1,0,0,0,3.45427634927451,0,0,"Standard",1,0,1,0,1,0.571428571428571,10547.125,0,24851
"STU000032",2016,"Female","Hispanic",0,1,0,0,1,2.28321124824752,1,0,"Standard",0,0,0,0,1,0.5,10459.6428571429,0,22015
"STU000033",2016,"Male","White",0,0,0,0,0,2.8246716799187,0,1,"Standard",1,0,1,0,1,0.321428571428571,15652.5555555556,0,0
"STU000034",2016,"Female","White",0,1,0,0,1,2.53819810581804,1,0,"Standard",0,0,0,0,1,0.392857142857143,9350.54545454545,0,19823
"STU000035",2016,"Male","Asian",0,0,0,0,0,3.39854483593934,0,0,"Standard",0,0,0,0,0,0,NA,0,0
"STU000036",2016,"Female","Asian",0,0,0,0,1,2.12710485524787,1,0,"Standard",0,0,0,0,1,0.321428571428571,12885.6666666667,0,34830
"STU000037",2016,"Male","AmericanIndian",0,0,0,0,1,2.53214334226221,1,0,"Standard",0,0,0,0,1,0.214285714285714,11086.3333333333,0,10077
"STU000038",2016,"Female","AmericanIndian",1,1,1,0,0,1.55136556278123,0,1,"Standard",0,0,0,0,1,0.428571428571429,10794.75,0,29662
"STU000039",2016,"Male","White",0,1,0,0,0,2.88568599282274,0,1,"Standard",1,0,0,1,0,0,NA,0,0
"STU000040",2016,"Female","White",0,1,0,0,1,2.66555491627307,1,0,"NonCompletion",0,0,0,0,1,0.785714285714286,8670.59090909091,0,19753
"STU000041",2016,"Female","White",0,1,0,0,0,2.89941374425565,0,0,"Standard",0,0,0,0,1,0.607142857142857,10705.2941176471,0,28317
"STU000042",2016,"Female","Asian",0,0,0,0,0,3.49342432708877,0,0,"Standard",1,0,0,1,1,0.428571428571429,15319.0833333333,0,26994
"STU000043",2016,"Male","White",0,1,0,0,1,2.60083339552667,1,0,"Standard",0,0,0,0,1,0.75,12858.2380952381,0,43182
"STU000044",2016,"Male","Hispanic",1,1,0,0,0,2.49697504248835,0,0,"Standard",0,0,0,0,1,0.321428571428571,10256.1111111111,0,25482
"STU000045",2016,"Male","Hispanic",0,0,0,0,1,3.07959660115122,1,0,"Standard",1,0,0,1,1,0.5,11071.0714285714,0,38787
"STU000046",2016,"Male","White",0,0,0,0,0,3.07544236636213,0,1,"Standard",0,0,0,0,1,0.571428571428571,11732.375,0,18826
"STU000047",2016,"Male","White",0,0,1,0,0,2.91577185510491,0,0,"Standard",0,0,0,0,0,0,NA,0,0
"STU000048",2016,"Female","Other",1,0,0,0,0,2.69407239701678,0,0,"Standard",1,0,1,1,1,0.892857142857143,11511.24,0,60125
"STU000049",2016,"Female","White",0,1,0,0,1,2.80152520470904,1,1,"Standard",1,1,0,0,0,0,NA,0,0
"STU000050",2016,"Male","White",1,1,1,0,0,3.42635310465923,0,0,"Standard",1,0,1,1,1,0.428571428571429,9779.83333333333,0,0
"STU000051",2016,"Female","AmericanIndian",1,0,0,1,0,2.61463247118822,0,0,"Standard",0,0,0,0,1,0.535714285714286,10518.6666666667,1,50411
"STU000052",2016,"Male","AmericanIndian",0,0,0,1,0,2.96564138544484,0,1,"Standard",1,0,1,1,1,0.535714285714286,14014.0666666667,1,66855
"STU000053",2016,"Female","White",0,1,0,0,0,2.86172397987079,0,0,"NonCompletion",0,0,0,0,1,0.857142857142857,11856.5,0,23630
"STU000054",2016,"Female","White",0,0,0,1,0,2.88273370569299,0,0,"Standard",1,0,0,1,1,0.392857142857143,12422.1818181818,0,50031
"STU000055",2016,"Male","Hispanic",0,1,0,1,1,2.57825059909158,1,0,"Standard",0,0,0,0,1,0.785714285714286,11103.7727272727,1,45243
"STU000056",2016,"NonBinary_Other","White",0,0,0,0,0,2.39438768942086,0,1,"Standard",0,0,0,0,1,0.357142857142857,9256.7,0,19257
"STU000057",2016,"Male","White",0,0,0,0,0,3.19605048910792,0,1,"Standard",1,0,0,1,0,0,NA,0,0
"STU000058",2016,"Male","Hispanic",0,1,0,0,1,2.46981885729724,1,1,"Standard",0,0,0,0,1,0.285714285714286,13746.875,0,40810
"STU000059",2016,"Female","Hispanic",0,0,0,0,0,3.52272075802653,0,0,"Advanced",1,0,0,1,1,0.321428571428571,20441.3333333333,0,21437
"STU000060",2016,"Male","MultiRacial",1,1,0,0,0,2.4720737579015,0,0,"Standard",0,0,0,0,1,0.892857142857143,7940.52,1,29202
"STU000061",2016,"Female","Hispanic",1,0,1,0,1,3.18232228950965,1,1,"Standard",1,0,0,1,1,0.285714285714286,15527.375,1,63018
"STU000062",2016,"Female","Hispanic",0,0,0,0,0,2.26074415964425,0,0,"NonCompletion",0,0,0,0,1,0.428571428571429,9495,0,8141
"STU000063",2016,"Female","Hispanic",0,0,0,0,0,2.91005097011145,0,1,"Standard",1,1,0,0,1,0.142857142857143,27676.5,0,0
"STU000064",2016,"Female","Hispanic",1,0,0,0,1,2.05269480059732,1,0,"Standard",0,0,0,0,1,0.714285714285714,12653.9,1,58538
"STU000065",2016,"Female","Hispanic",0,1,0,0,1,3.01698556541331,1,0,"Standard",0,0,0,0,1,0.892857142857143,10211.4,1,40810
"STU000066",2016,"Female","White",0,0,0,0,0,2.40109755359755,0,0,"Standard",0,0,0,0,1,0.642857142857143,10680.1111111111,0,31981
"STU000067",2016,"Female","White",1,0,1,0,0,2.58909043507601,0,0,"NonCompletion",0,0,0,0,1,0.5,9865.71428571429,0,20264
"STU000068",2016,"Female","White",0,0,0,0,0,3.27962035483575,0,1,"Standard",0,0,0,0,1,0.464285714285714,13466,0,34082
"STU000069",2016,"Female","Hispanic",1,0,1,0,0,2.66316180695482,0,1,"Standard",1,0,0,1,1,0.535714285714286,8847.6,0,40032
"STU000070",2016,"Male","White",0,0,0,0,1,3.12115539827581,1,0,"Standard",1,0,0,1,0,0,NA,0,0
"STU000071",2016,"Male","White",1,0,0,0,0,3.00583357506803,0,0,"Standard",0,0,0,0,1,0.714285714285714,12336.25,0,39036
"STU000072",2016,"Male","Asian",0,0,1,0,1,2.76645038810858,1,0,"Standard",1,1,1,0,1,0.392857142857143,11976.5454545455,0,22669
"STU000073",2016,"Female","White",0,0,0,0,0,2.53433557980525,0,0,"Standard",1,0,1,0,1,0.357142857142857,13611.9,1,64084
"STU000074",2016,"Male","Hispanic",0,1,0,0,1,2.39664353599256,1,0,"Standard",0,0,0,0,1,0.571428571428571,10904.125,0,0
"STU000075",2016,"Male","Black",0,1,0,1,1,3.0398795322609,1,0,"Standard",1,1,1,0,1,0.75,13301.5714285714,0,42598
"STU000076",2016,"Male","Black",1,1,0,0,1,2.73592719727372,1,0,"Standard",1,0,1,0,1,0.571428571428571,15117.5,0,39896
"STU000077",2016,"Female","White",1,1,1,0,1,1.87844332197982,1,0,"Standard",0,0,0,0,1,0.357142857142857,15272.7,0,0
"STU000078",2016,"Female","Black",1,0,0,0,1,2.37659901887967,1,0,"Standard",1,0,1,0,1,0.357142857142857,14079.8,1,57433
"STU000079",2016,"Male","Black",0,1,0,0,0,2.16988968289558,0,0,"Standard",0,0,0,0,1,0.428571428571429,14869.5833333333,0,62171
"STU000080",2016,"Female","White",0,0,1,0,0,2.04813251115072,0,0,"Standard",1,1,0,0,1,0.428571428571429,17806.0833333333,0,0
"STU000081",2016,"Female","White",1,1,0,0,0,2.7889055487159,0,0,"Standard",0,0,0,0,1,0.642857142857143,9528.5,0,9872
"STU000082",2016,"Female","MultiRacial",0,0,1,0,0,2.5970920974478,0,1,"Standard",1,0,1,0,1,0.285714285714286,13701.125,0,14588
"STU000083",2016,"Male","White",0,0,0,0,1,3.41618339653189,1,0,"Standard",1,0,1,0,1,0.714285714285714,14822,1,65759
"STU000084",2016,"Male","White",0,1,0,0,0,2.92941485755205,0,1,"Standard",1,0,0,1,1,0.928571428571429,11867.9230769231,1,64690
"STU000085",2016,"Female","Hispanic",0,0,0,0,0,3.09097098049563,0,0,"Standard",1,0,1,1,1,0.5,7476.5,0,24525
"STU000086",2016,"Male","AmericanIndian",0,1,0,0,0,3.11281667076559,0,0,"Standard",0,0,0,0,1,0.642857142857143,12206.1666666667,0,0
"STU000087",2016,"Female","White",0,1,0,0,0,3.81692153310124,0,0,"Advanced",1,0,0,1,1,0.0357142857142857,27856,0,27856
"STU000088",2016,"Female","MultiRacial",0,0,0,1,1,1.68862545488045,1,1,"NonCompletion",0,0,0,0,1,0.714285714285714,11066,1,45975
"STU000089",2016,"Female","Black",1,1,0,1,1,1.62159099990583,1,0,"Standard",0,0,0,0,1,0.5,12183.7142857143,0,0
"STU000090",2016,"Male","Hispanic",1,0,1,0,1,1.39120010387455,1,0,"Standard",0,0,0,0,1,0.571428571428571,8989.9375,0,26029
"STU000091",2016,"Female","White",0,1,0,0,0,2.74382731212363,0,0,"Standard",0,0,0,0,1,0.714285714285714,10313,1,48816
"STU000092",2016,"Male","MultiRacial",0,0,0,0,0,3.69350169288054,0,1,"Advanced",0,0,0,0,1,0.607142857142857,17849.4705882353,0,42254
"STU000093",2016,"Female","Black",0,0,0,0,1,2.13908805896331,1,0,"Standard",0,0,0,0,1,0.714285714285714,10009.3,0,9838
"STU000094",2016,"Male","White",0,0,0,0,0,2.37312555132232,0,0,"Standard",0,0,0,0,1,0.642857142857143,13065.5555555556,1,56649
"STU000095",2016,"Female","Hispanic",0,0,0,0,1,1.52865066459125,1,0,"Standard",0,0,0,0,1,0.428571428571429,10710.0833333333,0,9812
"STU000096",2016,"Female","Hispanic",0,0,0,0,1,2.62861181691473,1,0,"Standard",0,0,0,0,1,0.464285714285714,7032.46153846154,0,10289
"STU000097",2016,"Male","White",0,1,0,0,1,2.77210543347934,1,0,"Standard",1,0,0,1,1,0.75,12025.4761904762,1,57277
"STU000098",2016,"Female","MultiRacial",0,0,0,0,1,NA,1,0,"Standard",0,0,0,0,1,0.678571428571429,10633.3684210526,0,36716
"STU000099",2016,"Male","White",1,0,0,0,1,1.73454368367441,1,0,"Standard",0,0,0,0,1,0.857142857142857,11034.5416666667,0,37241
"STU000100",2016,"Male","White",0,1,0,0,0,2.53010818332827,0,0,"Standard",0,0,0,0,1,0.75,10522,0,31800
"STU000101",2016,"Female","White",1,1,0,0,1,2.51129900430331,1,0,"Standard",0,0,0,0,1,0.642857142857143,11134,0,25182
"STU000102",2016,"Female","White",0,0,0,1,0,2.37909978505428,0,0,"Standard",1,1,0,0,1,0.0714285714285714,13128,0,9680
"STU000103",2016,"Male","Black",0,0,0,0,1,2.40706631501199,1,0,"Standard",0,0,0,0,1,0.535714285714286,13871.8,0,34904
"STU000104",2016,"Male","Hispanic",0,1,0,0,1,2.28028600114379,1,0,"Standard",1,1,0,0,1,0.785714285714286,14908.7272727273,1,79163
"STU000105",2016,"Female","White",0,1,0,0,0,2.3253763621594,0,0,"Standard",0,0,0,0,1,0.571428571428571,11036,0,35295
"STU000106",2016,"Female","White",0,0,0,0,1,2.49593483513297,1,0,"Standard",0,0,0,0,1,0.642857142857143,8776.5,0,30340
"STU000107",2016,"Male","White",0,0,0,0,0,3.25515187070431,0,0,"Standard",1,0,0,1,1,0.714285714285714,17827,0,65998
"STU000108",2016,"Male","White",0,0,0,1,1,3.78990241861363,1,0,"Advanced",1,0,0,1,1,0.857142857142857,14179.25,1,86375
"STU000109",2016,"Male","White",1,1,0,0,1,3.5233067004795,1,1,"Advanced",1,0,0,1,1,0.714285714285714,18897.6,1,103745
"STU000110",2016,"Male","MultiRacial",0,1,0,0,1,3.15345711384093,1,1,"Standard",1,0,1,0,1,0.571428571428571,14156.5,0,32707
"STU000111",2016,"Male","White",1,0,0,0,0,3.11507982252511,0,0,"Standard",1,0,1,0,1,0.357142857142857,9315.3,0,9871
"STU000112",2016,"Male","White",0,0,0,0,1,2.58437697477992,1,0,"Standard",0,0,0,0,1,0.607142857142857,12565.2941176471,0,24914
"STU000113",2016,"Female","Black",0,0,0,0,0,2.49634884454788,0,0,"Standard",0,0,0,0,1,0.821428571428571,6934.08695652174,1,32448
"STU000114",2016,"Male","Hispanic",1,0,0,0,0,2.89306989563493,0,0,"Standard",0,0,0,0,1,0.214285714285714,11623,0,10990
"STU000115",2016,"Male","White",1,0,0,0,0,2.37012245760737,0,0,"Standard",1,1,0,0,1,0.357142857142857,16850.3,0,54344
"STU000116",2016,"Male","White",0,0,0,0,1,3.21117187506056,1,1,"Standard",1,0,0,1,1,0.678571428571429,13741.8947368421,0,62327
"STU000117",2016,"Male","Hispanic",0,1,0,1,1,2.83693071324932,1,0,"Standard",1,1,0,0,1,0.392857142857143,14366.3636363636,0,29346
"STU000118",2016,"Male","White",0,0,1,0,0,3.10199161547629,0,0,"Standard",0,0,0,0,1,0.25,14048.8571428571,1,57616
"STU000119",2016,"Female","White",0,1,0,1,0,3.27344274283796,0,0,"Standard",1,0,0,1,1,0.75,13463.380952381,0,16865
"STU000120",2016,"Male","Asian",0,1,0,0,1,3.35557986184203,1,1,"Standard",1,0,0,1,1,0.535714285714286,16149.3333333333,0,55010
"STU000121",2016,"Female","Hispanic",0,1,0,0,1,2.48354718540787,1,1,"Standard",0,0,0,0,1,0.607142857142857,8202.05882352941,0,15849
"STU000122",2016,"Male","Asian",1,1,0,0,0,2.68939487411984,0,0,"Standard",1,0,1,1,1,0.321428571428571,9677,0,10406
"STU000123",2016,"Female","MultiRacial",0,0,0,0,0,2.13733964744799,0,0,"NonCompletion",0,0,0,0,1,0.357142857142857,10031.9,0,29851
"STU000124",2016,"Female","White",1,1,0,0,0,3.8795803539431,0,0,"Advanced",1,0,0,1,1,0.464285714285714,7507.38461538462,0,20710
"STU000125",2016,"Female","AmericanIndian",0,1,0,0,1,2.71472946258001,1,1,"Standard",0,0,0,0,1,0.678571428571429,9838.21052631579,1,51820
"STU000126",2016,"Female","Black",1,1,0,0,1,2.43065239987342,1,0,"Standard",1,0,1,0,1,0.571428571428571,10893.25,0,25959
"STU000127",2016,"Male","White",0,1,0,0,0,3.18731953695372,0,0,"Standard",0,0,0,0,1,0.571428571428571,9874.25,1,41319
"STU000128",2016,"Female","White",0,1,0,0,0,3.67773598001521,0,1,"Advanced",1,0,0,1,0,0,NA,0,0
"STU000129",2016,"Male","Black",0,0,0,0,0,1.91243033366627,0,0,"Standard",0,0,0,0,1,0.607142857142857,13343.1176470588,0,36861
"STU000130",2016,"Male","Black",0,1,0,0,1,2.04144671806037,1,0,"Standard",0,0,0,0,1,0.607142857142857,12172.5294117647,0,37686
"STU000131",2016,"Male","White",1,0,0,1,1,3.28921058983444,1,0,"Standard",0,0,0,0,1,0.321428571428571,13195.8888888889,1,56815
"STU000132",2016,"Male","White",0,1,0,0,1,1.38754359950447,1,0,"Standard",0,0,0,0,1,0.75,10916.0476190476,1,49477
"STU000133",2016,"Male","Black",0,0,1,0,1,1.88623048270505,1,0,"NonCompletion",0,0,0,0,1,0.857142857142857,13487.0833333333,1,52638
"STU000134",2016,"Female","White",1,1,0,0,0,1.59231699173374,0,0,"Standard",0,0,0,0,1,0.535714285714286,12829.0666666667,0,16485
"STU000135",2016,"Female","White",0,0,1,0,1,2.62418333162759,1,0,"Standard",0,0,0,0,1,0.5,7875.14285714286,1,33961
"STU000136",2016,"Female","White",1,1,1,0,0,2.45064663586401,0,1,"Standard",1,0,1,0,1,0.642857142857143,10293.5,1,53915
"STU000137",2016,"Male","AmericanIndian",1,0,0,0,1,3.26994615620838,1,1,"Standard",1,0,1,0,1,0.571428571428571,15681.3125,0,46434
"STU000138",2016,"Male","Asian",0,1,0,0,0,2.77529553384889,0,0,"Standard",0,0,0,0,1,0.821428571428571,12193.347826087,1,60893
"STU000139",2016,"Male","Asian",1,0,1,0,1,2.06848736381002,1,0,"Standard",0,0,0,0,1,0.642857142857143,11466.5,0,36741
"STU000140",2016,"Female","Black",0,0,0,0,0,1.82248136601767,0,0,"Standard",0,0,0,0,1,0.357142857142857,10684.1,0,41193
"STU000141",2016,"Male","Asian",0,1,0,0,0,2.50345170652834,0,1,"Standard",0,0,0,0,1,0.428571428571429,10199.4166666667,0,13579
"STU000142",2016,"Male","Black",0,0,0,0,0,2.41915528694586,0,0,"NonCompletion",0,0,0,0,1,0.678571428571429,10253.1578947368,0,24382
"STU000143",2016,"Male","White",1,0,1,0,0,2.33013248297889,0,0,"Standard",0,0,0,0,1,0.678571428571429,11089.2105263158,1,49616
"STU000144",2016,"Male","Black",0,0,0,0,0,2.78416398980664,0,0,"Standard",1,0,1,0,1,0.392857142857143,8806.63636363636,0,28242
"STU000145",2016,"Male","Hispanic",1,0,0,0,0,2.42083184937007,0,0,"Standard",0,0,0,0,1,0.178571428571429,10078.6,1,39764
"STU000146",2016,"Male","White",0,1,0,0,1,2.14263729688757,1,0,"Standard",1,0,1,0,1,0.5,12324.1428571429,0,25085
"STU000147",2016,"Female","Other",1,0,0,0,0,3.33198864012842,0,1,"Standard",0,0,0,0,1,0.75,11424.1904761905,1,59884
"STU000148",2016,"Male","White",0,1,0,0,0,2.7979654071527,0,0,"Standard",0,0,0,0,1,0.714285714285714,12192.3,1,52185
"STU000149",2016,"Female","Hispanic",0,1,0,0,0,2.82925033885924,0,0,"Standard",0,0,0,0,1,0.571428571428571,9452.5,0,31044
"STU000150",2016,"Female","Hispanic",0,1,0,0,0,3.240402736663,0,0,"Standard",1,0,0,1,1,0.857142857142857,8518.20833333333,1,52313
"STU000151",2016,"Male","White",0,0,0,0,1,2.45542803507031,1,0,"Standard",0,0,0,0,1,0.642857142857143,9423.77777777778,0,12091
"STU000152",2016,"Female","White",1,1,0,0,0,3.24617631416256,0,0,"Standard",0,0,0,0,1,0.785714285714286,6294,1,26989
"STU000153",2016,"Male","Hispanic",0,0,0,0,1,2.67320906480041,1,0,"Standard",1,0,0,1,1,0.0714285714285714,11268,0,22536
"STU000154",2016,"Male","White",1,1,0,0,1,2.15624642691193,1,0,"NonCompletion",0,0,0,0,1,0.571428571428571,11334.1875,1,60405
"STU000155",2016,"Male","Hispanic",0,0,0,0,0,2.68892936672341,0,0,"Standard",0,0,0,0,1,0.642857142857143,13792.7777777778,1,51602
"STU000156",2016,"Male","White",1,0,0,0,0,3.24767823274423,0,1,"Standard",1,0,0,1,1,0.785714285714286,14688.2727272727,1,82517
"STU000157",2016,"Female","Black",1,1,0,0,1,2.67794518597671,1,0,"Standard",0,0,0,0,1,0.5,11044.7142857143,0,23084
"STU000158",2016,"Male","White",0,0,0,0,0,3.19613984431429,0,0,"Standard",1,0,0,1,0,0,NA,0,0
"STU000159",2016,"Female","White",0,0,0,0,0,3.44357865213132,0,0,"Standard",1,0,1,1,1,0.428571428571429,10033.25,0,32862
"STU000160",2016,"Male","MultiRacial",1,0,0,0,1,NA,1,1,"NonCompletion",0,0,0,0,1,0.535714285714286,14865.3333333333,1,62493
"STU000161",2016,"Male","White",1,1,0,0,1,2.21523468629923,1,0,"NonCompletion",0,0,0,0,1,0.642857142857143,9736.27777777778,0,0
"STU000162",2016,"Female","White",0,1,0,0,1,2.04997757788102,1,1,"Standard",0,0,0,0,1,0.607142857142857,12893.1176470588,0,41958
"STU000163",2016,"Male","White",0,0,0,0,0,2.9847015119886,0,0,"Standard",0,0,0,0,1,0.428571428571429,7536.25,0,27172
"STU000164",2016,"Male","Black",0,0,0,0,1,2.66717462060312,1,0,"Standard",0,0,0,0,1,0.75,9130.38095238095,1,48577
"STU000165",2016,"Female","Hispanic",1,0,0,0,1,2.49739387945889,1,0,"Standard",0,0,0,0,0,0,NA,0,0
"STU000166",2016,"Female","Other",0,1,0,0,1,3.46078376366694,1,0,"Standard",1,0,0,1,0,0,NA,0,0
"STU000167",2016,"Male","White",1,1,0,0,0,NA,0,0,"Standard",0,0,0,0,0,0,NA,0,0
"STU000168",2016,"Female","Hispanic",0,0,0,1,1,2.51854505963465,1,0,"Standard",1,0,1,1,1,0.107142857142857,16008.3333333333,0,14628
"STU000169",2016,"Female","White",0,0,0,0,0,2.19202341421398,0,0,"NonCompletion",0,0,0,0,1,0.357142857142857,9913.5,0,7482
"STU000170",2016,"Male","Other",1,0,0,0,1,3.02514437068997,1,0,"Standard",0,0,0,0,1,0.5,12428.2857142857,1,61264
"STU000171",2016,"Male","White",0,1,0,0,0,2.06569042152189,0,0,"Standard",0,0,0,0,1,0.535714285714286,11433.3333333333,1,48327
"STU000172",2016,"Female","White",1,1,0,0,0,1.87866792853719,0,0,"Standard",0,0,0,0,1,0.535714285714286,10581.5333333333,0,0
"STU000173",2016,"Male","Asian",0,0,0,0,0,2.29673876445256,0,0,"Standard",1,1,0,0,1,0.785714285714286,18066,0,66846
"STU000174",2016,"Female","White",0,0,1,0,0,2.88501535217185,0,0,"Standard",1,0,1,0,1,0.357142857142857,16562.6,1,68796
"STU000175",2016,"Male","White",0,0,1,0,0,3.77421359990426,0,0,"Advanced",1,0,0,1,1,0.642857142857143,21604.3333333333,1,106062
"STU000176",2016,"Female","White",0,1,0,0,0,2.7540025499345,0,0,"Standard",0,0,0,0,1,0.607142857142857,10075.4705882353,0,34929
"STU000177",2016,"Female","White",0,1,0,0,1,2.32834223715981,1,1,"Standard",0,0,0,0,1,0.607142857142857,13769.7647058824,0,38775
"STU000178",2016,"Female","MultiRacial",1,0,0,0,0,2.28793733538637,0,0,"Standard",0,0,0,0,1,0.178571428571429,13384.6,0,11910
"STU000179",2016,"Male","Hispanic",0,0,1,0,1,1.94576141029113,1,0,"Standard",0,0,0,0,1,0.5,10061.6428571429,0,13623
"STU000180",2016,"Male","White",0,1,0,0,0,3.46289881712477,0,0,"Standard",1,0,0,1,1,0.428571428571429,18594.8333333333,0,15224
"STU000181",2016,"Male","White",1,1,0,0,0,2.12288331879388,0,0,"Standard",0,0,0,0,1,0.464285714285714,7982.38461538462,0,0
"STU000182",2016,"Male","Black",0,0,0,1,1,3.39318574735107,1,0,"Standard",1,0,0,1,1,0.178571428571429,15758.4,0,44469
"STU000183",2016,"Male","White",0,0,0,0,0,3.55880520030754,0,0,"Standard",0,0,0,0,1,0.857142857142857,11349.0416666667,0,40069
"STU000184",2016,"Male","AmericanIndian",1,1,0,0,1,2.72048892577097,1,0,"Standard",1,0,0,1,1,0.142857142857143,18354.75,0,30437
"STU000185",2016,"Male","White",0,0,0,0,0,3.59873075785064,0,1,"Advanced",0,0,0,0,1,0.571428571428571,13330.1875,0,16447
"STU000186",2016,"Female","Hispanic",0,0,0,0,1,2.10787862685121,1,0,"NonCompletion",0,0,0,0,1,0.75,11288.380952381,1,46634
"STU000187",2016,"Female","White",1,1,0,0,0,NA,0,0,"Standard",0,0,0,0,1,0.75,8438.2380952381,0,0
"STU000188",2016,"Male","Asian",0,0,0,0,1,2.35025107001999,1,1,"Standard",0,0,0,0,1,0.714285714285714,14728.5,0,36714
"STU000189",2016,"Female","White",1,0,0,0,1,2.6473524619285,1,0,"Standard",0,0,0,0,1,0.75,11503.0952380952,0,32072
"STU000190",2016,"Male","Hispanic",0,1,1,1,1,NA,1,0,"Standard",1,0,0,1,0,0,NA,0,0
"STU000191",2016,"Male","White",1,0,0,0,1,2.90021826848465,1,0,"NonCompletion",0,0,0,0,1,0.75,9155.80952380952,1,46714
"STU000192",2016,"Male","Hispanic",0,1,0,0,1,2.69451928787709,1,0,"Standard",0,0,0,0,1,0.464285714285714,11088.4615384615,0,23471
"STU000193",2016,"Female","White",1,0,0,0,1,2.77872290386194,1,0,"Standard",0,0,0,0,1,0.464285714285714,8913.61538461538,0,0
"STU000194",2016,"Female","White",0,1,0,0,0,3.38667859614407,0,0,"Standard",0,0,0,0,1,0.428571428571429,9908.83333333333,1,42580
"STU000195",2016,"Female","MultiRacial",1,0,0,0,1,2.41744734382972,1,0,"NonCompletion",0,0,0,0,1,0.464285714285714,10314.2307692308,1,48531
"STU000196",2016,"Female","White",1,0,1,0,0,2.6905789565243,0,0,"Standard",1,0,1,0,1,0.321428571428571,12765.8888888889,0,18414
"STU000197",2016,"Male","White",0,0,0,1,1,2.05104640626304,1,0,"Standard",0,0,0,0,1,0.678571428571429,7408.21052631579,0,27715
"STU000198",2016,"Female","White",0,0,0,0,1,3.15703998283043,1,0,"Standard",0,0,0,0,1,0.178571428571429,21387.8,1,87281
"STU000199",2016,"Female","Hispanic",0,1,0,0,1,2.30239126348198,1,0,"Standard",0,0,0,0,1,0.535714285714286,7246.6,0,22694
"STU000200",2016,"Male","Hispanic",1,1,0,0,1,3.11881825588171,1,0,"Standard",1,0,1,1,1,0.178571428571429,14660,0,24696
"STU000201",2016,"Female","White",1,0,0,0,0,2.35761084507981,0,0,"Standard",0,0,0,0,1,0.464285714285714,13195.5384615385,0,46204
"STU000202",2016,"Female","White",0,0,0,0,0,2.79869330014013,0,1,"Standard",0,0,0,0,1,0.642857142857143,11315.8888888889,0,23656
"STU000203",2016,"Female","White",1,0,0,0,0,2.46588638607821,0,0,"Standard",0,0,0,0,1,0.428571428571429,13592.8333333333,0,25060
"STU000204",2016,"Male","White",1,0,0,1,0,1.93631284901666,0,0,"Standard",0,0,0,0,1,0.75,12852.7142857143,0,45367
"STU000205",2016,"Female","White",0,0,0,0,1,2.03300816840079,1,0,"Standard",0,0,0,0,1,0.642857142857143,12221,0,15901
"STU000206",2016,"Male","White",1,0,0,0,0,2.73065006356679,0,0,"Standard",0,0,0,0,1,0.642857142857143,10458.1666666667,0,0
"STU000207",2016,"Female","White",0,1,1,1,0,2.45934868909439,0,0,"Standard",0,0,0,0,1,0.5,12206.3571428571,0,13842
"STU000208",2016,"NonBinary_Other","Hispanic",0,1,0,0,0,3.0548577004837,0,0,"Standard",1,0,1,0,1,0.571428571428571,11489.75,0,11506
"STU000209",2016,"Female","Other",1,0,0,0,1,2.21688333542374,1,0,"Standard",0,0,0,0,1,0.464285714285714,13107.1538461538,0,28930
"STU000210",2016,"Female","Hispanic",1,0,0,0,1,1.82745129103856,1,1,"Standard",0,0,0,0,0,0,NA,0,0
"STU000211",2016,"Female","MultiRacial",0,0,0,0,0,3.13561290192618,0,1,"Standard",0,0,0,0,1,0.142857142857143,20877,1,83508
"STU000212",2016,"Female","White",0,1,0,0,0,2.78753199009053,0,0,"Standard",0,0,0,0,1,0.607142857142857,10607.1764705882,1,57607
"STU000213",2016,"Female","White",0,0,1,0,0,2.55367475600577,0,0,"Standard",0,0,0,0,1,0.464285714285714,10421.3846153846,0,35950
"STU000214",2016,"Male","White",1,0,0,0,0,3.35753048173475,0,0,"Standard",1,1,0,0,1,0.428571428571429,19516.8333333333,1,77747
"STU000215",2016,"Female","Hispanic",0,0,0,0,1,2.67873994472996,1,0,"NonCompletion",0,0,0,0,1,0.571428571428571,9178.3125,0,0
"STU000216",2016,"Male","Hispanic",1,0,0,0,0,3.31830974401091,0,0,"Standard",1,0,1,0,0,0,NA,0,0
"STU000217",2016,"Male","White",0,0,0,1,0,2.61673931150032,0,0,"Standard",0,0,0,0,1,0.785714285714286,10806.4090909091,1,42762
"STU000218",2016,"Female","Hispanic",0,0,0,0,0,3.38385056266035,0,0,"Standard",1,0,0,1,1,0.892857142857143,19994.4,0,83558
"STU000219",2016,"Male","MultiRacial",0,0,0,0,1,2.65507970655661,1,0,"Standard",0,0,0,0,1,0.0357142857142857,6524,0,0
"STU000220",2016,"Male","Hispanic",0,1,1,0,1,2.49686525138173,1,0,"Standard",1,0,0,1,0,0,NA,0,0
"STU000221",2016,"Male","White",0,0,0,0,0,2.7768125136037,0,0,"Standard",0,0,0,0,1,0.392857142857143,14429.5454545455,0,29810
"STU000222",2016,"Female","Black",0,1,1,0,1,2.31310551218139,1,0,"Standard",0,0,0,0,1,0.642857142857143,11196.4444444444,0,37868
"STU000223",2016,"Female","Asian",1,0,0,0,1,2.97895329494567,1,0,"Standard",1,0,0,1,1,0.464285714285714,13483.1538461538,1,87089
"STU000224",2016,"Male","Hispanic",1,1,0,0,0,2.45408025894712,0,0,"Standard",0,0,0,0,1,0.678571428571429,8628.47368421053,0,19745
"STU000225",2016,"Female","Hispanic",0,1,0,0,1,1.64365256856335,1,0,"Standard",0,0,0,0,1,0.785714285714286,10675.3636363636,0,27376
"STU000226",2016,"Female","Hispanic",0,0,0,0,1,2.58990415060485,1,0,"Standard",0,0,0,0,1,0.535714285714286,13895.8666666667,0,0
"STU000227",2016,"Female","Asian",0,0,1,0,1,2.79185484074785,1,0,"Standard",0,0,0,0,1,0.607142857142857,9595.05882352941,0,36400
"STU000228",2016,"Female","White",0,0,0,0,1,3.77214924370768,1,0,"Advanced",0,0,0,0,1,0.821428571428571,10419.347826087,1,59758
"STU000229",2016,"Male","Black",0,1,0,0,1,3.37537697795325,1,0,"Standard",0,0,0,0,1,0.607142857142857,19250.0588235294,0,74820
"STU000230",2016,"Male","Hispanic",0,0,0,0,1,2.9676395742921,1,1,"Standard",1,0,0,1,1,0.75,9214.95238095238,1,51613
"STU000231",2016,"NonBinary_Other","Asian",1,1,0,0,1,2.94234061225423,1,1,"Standard",0,0,0,0,1,0.571428571428571,8695.875,0,30819
"STU000232",2016,"Female","White",0,0,0,0,0,3.6077202424882,0,0,"Advanced",1,0,0,1,1,0.142857142857143,20298.75,0,53807
"STU000233",2016,"Male","Hispanic",0,0,0,1,0,1.88830870085393,0,0,"Standard",1,1,0,0,1,0.571428571428571,11822.5,0,32541
"STU000234",2016,"Male","Hispanic",0,1,0,0,1,3.02336911273909,1,1,"Standard",1,0,0,1,1,0.0714285714285714,23030.5,0,17202
"STU000235",2016,"Female","White",1,1,0,1,0,2.65943786793784,0,1,"Standard",0,0,0,0,1,0.571428571428571,11416.4375,0,13111
"STU000236",2016,"Female","White",0,0,0,0,0,3.14253735191158,0,1,"Standard",1,0,0,1,1,0.607142857142857,16666.1176470588,0,77873
"STU000237",2016,"NonBinary_Other","White",0,0,0,0,0,2.60717384546187,0,0,"Standard",0,0,0,0,1,0.464285714285714,10213.7692307692,0,24349
"STU000238",2016,"Male","Asian",0,1,0,0,0,2.88958039259968,0,1,"Standard",0,0,0,0,1,0.607142857142857,10906.1176470588,0,44122
"STU000239",2016,"Male","Hispanic",0,0,0,0,0,2.40207710726414,0,0,"Standard",0,0,0,0,1,0.571428571428571,11777.8125,0,14268
"STU000240",2016,"Female","Hispanic",1,1,0,0,1,2.11626165551524,1,0,"NonCompletion",0,0,0,0,1,0.678571428571429,13446.7894736842,1,56816
"STU000241",2016,"Female","White",1,0,0,0,0,2.06354837740562,0,0,"Standard",0,0,0,0,1,0.857142857142857,11577.8333333333,1,48306
"STU000242",2016,"Female","Hispanic",0,0,0,0,0,2.33501786648326,0,1,"Standard",1,0,1,0,1,0.107142857142857,15850.3333333333,0,29591
"STU000243",2016,"Female","White",0,1,0,0,0,2.69192172119777,0,0,"Standard",0,0,0,0,1,0.5,7003.5,0,23188
"STU000244",2016,"Male","Hispanic",0,1,1,0,0,3.42022112168273,0,0,"Standard",0,0,0,0,1,0.642857142857143,13506.0555555556,0,53292
"STU000245",2016,"Male","White",0,1,0,0,0,2.97698096745281,0,1,"Standard",0,0,0,0,1,0.535714285714286,20305.8666666667,1,81966
"STU000246",2016,"Male","Hispanic",0,0,0,0,1,3.66643002559358,1,0,"Advanced",1,0,0,1,1,0.107142857142857,13600.6666666667,0,20260
"STU000247",2016,"Female","Asian",1,1,0,0,0,2.37475414982784,0,0,"Standard",0,0,0,0,1,0.321428571428571,9329.77777777778,0,7855
"STU000248",2016,"Male","Hispanic",0,0,0,1,0,2.24061579570089,0,0,"Standard",1,0,0,1,1,0.321428571428571,14154,0,24172
"STU000249",2016,"Male","Asian",0,1,0,1,0,2.09279862392102,0,1,"Standard",0,0,0,0,1,0.678571428571429,10907.6315789474,1,58071
"STU000250",2016,"Female","Asian",0,1,0,1,1,3.39152459100551,1,0,"Standard",1,0,1,0,1,0.357142857142857,9085.2,0,28156
"STU000251",2016,"Female","Asian",1,0,0,0,0,2.67534408227562,0,0,"Standard",0,0,0,0,1,0.678571428571429,13079.4210526316,0,39841
"STU000252",2016,"Male","White",0,0,0,0,0,2.80724118495256,0,0,"Standard",0,0,0,0,1,0.0714285714285714,9994,0,19988
"STU000253",2016,"Female","Hispanic",0,0,0,0,0,3.30533010258858,0,1,"Standard",1,0,0,1,1,0.25,7077,1,28305
"STU000254",2016,"Female","MultiRacial",0,1,0,1,1,2.74369884876511,1,0,"Standard",0,0,0,0,1,0.607142857142857,9318.47058823529,1,37770
"STU000255",2016,"Male","Asian",1,0,0,1,1,3.105062224761,1,0,"Standard",1,0,0,1,1,0.464285714285714,10325.6923076923,0,0
"STU000256",2016,"Male","White",0,0,0,0,0,3.2489412539515,0,0,"Standard",1,0,0,1,1,0.714285714285714,11847.2,0,33954
"STU000257",2016,"Female","White",1,0,0,0,0,2.35835367505456,0,0,"Standard",0,0,0,0,1,0.5,12860.3571428571,0,29577
"STU000258",2016,"Female","White",0,0,0,0,1,2.65060467590636,1,0,"Standard",0,0,0,0,1,0.75,10465.4761904762,0,42542
"STU000259",2016,"Female","AmericanIndian",0,1,0,1,0,2.65994972100486,0,0,"Standard",1,1,0,0,1,0.285714285714286,19758.375,0,46881
"STU000260",2016,"Male","MultiRacial",0,1,0,1,1,3.35668046797943,1,0,"Standard",1,0,1,0,1,0.25,15925,0,25930
"STU000261",2016,"Female","White",0,1,1,0,0,3.205691758262,0,1,"Standard",1,0,0,1,1,0.75,16084.7142857143,1,69605
"STU000262",2016,"Male","White",0,1,0,0,0,2.33350593248123,0,0,"Standard",0,0,0,0,1,0.821428571428571,11276.2173913043,1,51053
"STU000263",2016,"Male","Asian",1,0,0,0,1,2.8842660910642,1,0,"Standard",1,1,0,0,1,0.321428571428571,16700.1111111111,1,70864
"STU000264",2016,"Female","Hispanic",0,0,1,0,1,1.4017385810502,1,0,"Standard",0,0,0,0,1,0.321428571428571,11083.7777777778,0,0
"STU000265",2016,"Male","White",1,0,0,0,0,3.05033108533928,0,0,"Standard",0,0,0,0,1,0.714285714285714,9093.7,0,23416
"STU000266",2016,"Male","AmericanIndian",0,1,0,0,1,2.46526927669339,1,0,"Standard",1,0,0,1,1,0.142857142857143,14159,0,0
"STU000267",2016,"Female","White",1,0,0,0,0,2.13038791552287,0,0,"Standard",0,0,0,0,1,0.464285714285714,9773.46153846154,0,19848
"STU000268",2016,"Female","Other",1,1,0,1,0,1.97414410268868,0,0,"Standard",1,1,0,0,1,0.75,21646.1428571429,0,68213
"STU000269",2016,"Male","White",1,1,1,0,1,2.18717039763148,1,0,"Standard",1,1,0,0,1,0.392857142857143,17189.3636363636,0,19214
"STU000270",2016,"Male","Black",0,0,0,0,1,3.02897632114829,1,0,"NonCompletion",0,0,0,0,1,0.571428571428571,11171.8125,1,58449
"STU000271",2016,"Male","White",1,0,0,0,0,2.71194302309429,0,0,"Standard",1,0,0,1,1,0.75,10101.2857142857,0,35260
"STU000272",2016,"Male","Hispanic",1,0,0,1,0,2.30701062516607,0,0,"Standard",0,0,0,0,1,0.535714285714286,10834.4,0,25236
"STU000273",2016,"Female","White",0,0,0,1,0,2.76212849018122,0,1,"Standard",1,0,0,1,1,0.607142857142857,19577.1176470588,1,78337
"STU000274",2016,"Female","Black",0,1,0,1,1,1.98713734974386,1,0,"Standard",0,0,0,0,1,0.642857142857143,12368,1,63571
"STU000275",2016,"Male","Hispanic",1,0,0,0,1,2.48950376993091,1,0,"Standard",0,0,0,0,1,0.0714285714285714,14008.5,0,28017
"STU000276",2016,"Male","White",1,1,0,0,0,3.32472909563538,0,1,"Standard",1,0,0,1,1,0.25,17515.7142857143,1,80080
"STU000277",2016,"Male","White",1,1,0,0,1,1.3280984679274,1,0,"NonCompletion",0,0,0,0,1,0.642857142857143,11689.3888888889,0,19821
"STU000278",2016,"Female","Hispanic",0,0,0,0,0,2.86135629067464,0,1,"Standard",0,0,0,0,1,0.392857142857143,12538.9090909091,0,43235
"STU000279",2016,"Female","White",0,1,0,0,0,2.13311525664275,0,0,"Standard",1,1,1,0,1,0.642857142857143,15235.6111111111,0,20769
"STU000280",2016,"Female","White",1,1,0,0,1,3.5738772688659,1,1,"Advanced",1,0,1,0,1,0.5,12023.2142857143,0,31291
"STU000281",2016,"Male","White",1,0,0,0,1,2.05851429762573,1,0,"Standard",0,0,0,0,1,0.214285714285714,14605.1666666667,0,44568
"STU000282",2016,"Male","White",0,0,0,0,0,3.40784159799182,0,0,"Standard",0,0,0,0,1,0.5,7329.64285714286,1,45511
"STU000283",2016,"Male","Black",1,1,1,0,1,2.0491443071288,1,0,"Standard",0,0,0,0,1,0.571428571428571,14227.1875,1,76951
"STU000284",2016,"Male","White",0,1,1,0,0,3.05072223062518,0,0,"Standard",0,0,0,0,1,0.571428571428571,14404.6875,1,67620
"STU000285",2016,"Male","White",0,1,0,0,1,NA,1,0,"Standard",1,0,1,0,0,0,NA,0,0
"STU000286",2016,"Male","White",0,0,0,0,1,2.26481731831957,1,0,"Standard",0,0,0,0,1,0.392857142857143,10795.0909090909,0,10556
"STU000287",2016,"Male","White",0,0,0,0,0,2.22069511905421,0,0,"Standard",0,0,0,0,1,0.357142857142857,10290.7,1,46016
"STU000288",2016,"Female","White",0,0,1,0,1,2.77753454506615,1,1,"Standard",1,0,0,1,0,0,NA,0,0
"STU000289",2016,"Female","White",0,0,0,0,0,3.8517304140715,0,0,"Advanced",1,0,0,1,1,0.714285714285714,12702.6,0,35795
"STU000290",2016,"Female","White",1,1,0,0,0,3.06782330501322,0,0,"Standard",1,0,0,1,1,0.107142857142857,22894.3333333333,0,68683
"STU000291",2016,"Female","White",0,0,0,0,0,3.19712788346128,0,0,"Standard",1,0,0,1,1,0.321428571428571,10523.3333333333,0,14736
"STU000292",2016,"Female","White",0,1,0,0,0,3.88008865924159,0,0,"Advanced",1,0,0,1,1,0.5,15871.4285714286,0,27309
"STU000293",2016,"Female","Black",1,0,0,0,1,2.09564969001939,1,0,"Standard",0,0,0,0,1,0.607142857142857,10552.2941176471,0,28738
"STU000294",2016,"Male","MultiRacial",1,0,0,0,1,1.91186196566617,1,0,"Standard",0,0,0,0,1,0.535714285714286,11696.6666666667,1,63618
"STU000295",2016,"Male","White",1,1,1,0,1,2.23330176298347,1,0,"Standard",1,0,1,0,1,0.428571428571429,14099.6666666667,0,36632
"STU000296",2016,"Female","Hispanic",1,0,0,0,0,2.65493679468251,0,1,"Standard",1,0,1,0,1,0.214285714285714,15123.5,1,64412
"STU000297",2016,"Female","White",0,0,0,0,1,1.9056373266456,1,0,"Standard",0,0,0,0,1,0.464285714285714,10106.6923076923,0,23024
"STU000298",2016,"Female","Black",0,0,0,0,0,NA,0,0,"Standard",0,0,0,0,1,0.714285714285714,9253.6,1,46662
"STU000299",2016,"Female","White",0,0,1,0,0,2.05725851344538,0,0,"Standard",0,0,0,0,1,0.428571428571429,11000.5,1,49005
"STU000300",2016,"Male","White",0,0,0,0,1,2.60827401915118,1,0,"Standard",1,0,0,1,1,0.357142857142857,8912.5,0,27632
"STU000301",2016,"Male","White",0,1,0,1,0,3.09157217980901,0,0,"Standard",0,0,0,0,1,0.571428571428571,10064.4375,1,47756
"STU000302",2016,"Female","White",0,0,1,0,0,2.22300369397477,0,1,"Standard",1,1,0,0,1,0.607142857142857,17622.8823529412,0,61000
"STU000303",2016,"Male","MultiRacial",1,0,0,1,0,3.1885547767324,0,1,"Standard",0,0,0,0,1,0.285714285714286,8722,0,25291
"STU000304",2016,"Male","Hispanic",0,0,0,0,1,2.64121947202044,1,0,"Standard",1,1,1,0,1,0.392857142857143,13570.4545454545,1,67217
"STU000305",2016,"Female","White",1,0,0,1,0,3.10550052507571,0,0,"Standard",0,0,0,0,1,0.607142857142857,12995.6470588235,0,28394
"STU000306",2016,"Male","Hispanic",0,1,0,0,1,2.24917179427096,1,0,"Standard",0,0,0,0,1,0.142857142857143,11552.5,1,46210
"STU000307",2016,"Female","Hispanic",1,1,0,0,0,3.08005509050561,0,1,"Standard",0,0,0,0,1,0.5,10447,0,11063
"STU000308",2016,"Female","White",1,1,0,0,0,3.47789938945387,0,1,"Standard",1,0,0,1,1,0.321428571428571,21487,0,67762
"STU000309",2016,"Male","Black",0,0,0,0,0,2.00494387920553,0,0,"Standard",0,0,0,0,1,0.642857142857143,13723.8333333333,0,43444
"STU000310",2016,"Female","White",1,1,0,0,0,2.4094473604834,0,0,"NonCompletion",0,0,0,0,1,0.857142857142857,9470.16666666667,1,45585
"STU000311",2016,"Female","Hispanic",0,0,1,0,0,1.99424908917135,0,0,"Standard",0,0,0,0,1,0.392857142857143,12721.0909090909,1,56436
"STU000312",2016,"Female","MultiRacial",1,0,0,0,0,2.37020685774585,0,0,"Standard",0,0,0,0,1,0.464285714285714,7770.07692307692,0,33808
"STU000313",2016,"Male","White",1,1,0,0,0,2.23083376778394,0,1,"Standard",0,0,0,0,1,0.5,8208.71428571429,0,26463
"STU000314",2016,"Female","Hispanic",0,1,0,1,0,2.83232133194415,0,0,"Standard",0,0,0,0,1,0.642857142857143,12224.3333333333,0,38996
"STU000315",2016,"Male","White",1,1,0,0,0,3.11488180703571,0,0,"Standard",0,0,0,0,1,0.5,14982.1428571429,0,53565
"STU000316",2016,"Female","White",0,0,0,1,0,2.71476559732665,0,0,"Standard",0,0,0,0,1,0.607142857142857,10588.2352941176,0,36950
"STU000317",2016,"Female","White",0,0,0,0,0,2.79803907790717,0,0,"Standard",1,0,0,1,1,0.607142857142857,9531.94117647059,1,47371
"STU000318",2016,"Male","Hispanic",0,1,0,0,0,3.47256463062064,0,0,"Standard",1,1,0,0,1,0.535714285714286,14203.2,0,27338
"STU000319",2016,"Female","White",1,0,0,1,0,3.74473925605625,0,0,"Advanced",1,0,0,1,0,0,NA,0,0
"STU000320",2016,"Male","White",0,0,0,0,0,1.75696549025285,0,0,"Standard",1,1,0,0,1,0.464285714285714,20397.7692307692,1,79879
"STU000321",2016,"Female","Hispanic",0,0,0,0,0,2.53479268224686,0,0,"Standard",0,0,0,0,1,0.0714285714285714,16672.5,0,0
"STU000322",2016,"Female","White",0,0,1,0,0,3.40829195481622,0,0,"Standard",1,0,0,1,1,0.464285714285714,18559.3846153846,0,61468
"STU000323",2016,"Female","White",0,0,1,0,1,NA,1,0,"NonCompletion",0,0,0,0,1,0.642857142857143,8839.55555555555,0,35743
"STU000324",2016,"Male","Hispanic",0,0,0,0,1,3.21717424670635,1,1,"Standard",1,0,0,1,1,0.25,20334.4285714286,0,68692
"STU000325",2016,"Female","Black",0,0,0,0,0,2.14914817581743,0,0,"Standard",1,0,1,0,1,0.25,15498,0,10330
"STU000326",2016,"Male","White",0,1,0,0,0,3.24904983381072,0,0,"Standard",1,0,1,1,1,0.464285714285714,13510.5384615385,0,23513
"STU000327",2016,"Male","MultiRacial",0,0,1,0,0,3.20113026854148,0,0,"Standard",1,0,0,1,1,0.642857142857143,22537.0555555556,0,85105
"STU000328",2016,"Male","Hispanic",0,0,0,0,1,3.73139250965679,1,0,"Advanced",1,0,0,1,1,0.107142857142857,23582.6666666667,0,44387
"STU000329",2016,"Female","Hispanic",0,1,0,0,1,NA,1,0,"Standard",0,0,0,0,0,0,NA,0,0
"STU000330",2016,"Female","Hispanic",1,0,0,1,1,1.72347687364396,1,0,"Standard",0,0,0,0,1,0.392857142857143,7272.72727272727,0,12631
"STU000331",2016,"Male","White",1,1,1,1,0,3.90215727877212,0,0,"Advanced",1,0,0,1,1,0.785714285714286,19866.8636363636,1,105529
"STU000332",2016,"NonBinary_Other","Other",0,0,0,0,0,2.59128474161323,0,0,"Standard",0,0,0,0,1,0.785714285714286,10864.3636363636,0,41199
"STU000333",2016,"Male","Asian",0,1,1,0,0,2.46211123195264,0,0,"Standard",1,0,1,0,1,0.571428571428571,13853.3125,1,47148
"STU000334",2016,"Female","White",0,0,1,0,1,1.50796621841836,1,0,"Standard",0,0,0,0,1,0.535714285714286,12073.6,1,59619
"STU000335",2016,"Male","MultiRacial",0,0,0,0,0,2.93142012597087,0,0,"Standard",0,0,0,0,1,0.321428571428571,10840.7777777778,0,21749
"STU000336",2016,"Male","White",1,1,0,0,0,2.86167988333666,0,0,"Standard",1,1,1,0,1,0.535714285714286,15452.4,1,91393
"STU000337",2016,"Male","Hispanic",0,1,0,0,1,2.32006341515056,1,1,"Standard",0,0,0,0,1,0.571428571428571,14577.375,0,63598
"STU000338",2016,"Female","White",0,0,0,0,0,3.53795207083847,0,1,"Advanced",0,0,0,0,1,0.0714285714285714,17273.5,0,34547
"STU000339",2016,"Female","Hispanic",1,1,0,0,1,2.92563565919051,1,0,"Standard",1,0,1,0,1,0.571428571428571,11481.75,1,56359
"STU000340",2016,"Male","White",0,0,0,0,0,NA,0,0,"Standard",0,0,0,0,0,0,NA,0,0
"STU000341",2016,"Female","Hispanic",0,0,0,0,1,2.06843017874448,1,0,"NonCompletion",0,0,0,0,1,0.714285714285714,16856.85,0,34449
"STU000342",2016,"Female","Hispanic",0,1,0,1,0,2.15070913729447,0,0,"Standard",0,0,0,0,1,0.535714285714286,12691.0666666667,1,59289
"STU000343",2016,"Male","Hispanic",1,0,0,0,1,2.8852926199376,1,0,"Standard",0,0,0,0,1,0.607142857142857,9861.11764705882,0,0
"STU000344",2016,"Male","White",1,1,1,0,0,3.10784584157552,0,0,"Standard",1,0,1,0,1,0.285714285714286,11546.125,0,18182
"STU000345",2016,"Female","Hispanic",1,1,0,0,1,1.94865989943628,1,0,"NonCompletion",0,0,0,0,1,0.75,10190.9047619048,0,16599
"STU000346",2016,"Female","White",0,0,0,0,0,3.81806238198008,0,1,"Advanced",1,0,0,1,1,0.428571428571429,14307.4166666667,0,26897
"STU000347",2016,"Male","White",1,1,0,0,1,2.62354462362632,1,0,"Standard",0,0,0,0,1,0.857142857142857,7291.29166666667,1,44586
"STU000348",2016,"Male","White",0,0,0,0,1,3.15917250043375,1,0,"Standard",1,0,0,1,1,0.178571428571429,12846.6,0,25436
"STU000349",2016,"Female","Asian",1,1,0,0,0,2.28775335380363,0,0,"Standard",0,0,0,0,1,0.571428571428571,9895.625,0,0
"STU000350",2016,"Male","White",0,1,0,0,0,3.40406152808164,0,0,"Standard",0,0,0,0,1,0.214285714285714,17843,0,0
"STU000351",2016,"Male","Black",1,0,0,0,1,2.44788716451863,1,0,"Standard",0,0,0,0,1,0.535714285714286,9864.8,0,13278
"STU000352",2016,"Male","White",1,0,0,0,0,3.06658940409737,0,0,"Standard",1,0,0,1,1,0.357142857142857,14681.7,0,18086
"STU000353",2016,"Male","Hispanic",1,0,1,0,0,3.23407737658181,0,1,"Standard",0,0,0,0,1,0.642857142857143,12424.3888888889,0,26800
"STU000354",2016,"Female","White",1,1,0,0,0,2.18350334452315,0,0,"Standard",0,0,0,0,1,0.571428571428571,13228.3125,0,49421
"STU000355",2016,"Male","White",1,1,0,0,0,2.67993715574929,0,0,"Standard",1,1,0,0,1,0.571428571428571,20083.5,0,24156
"STU000356",2016,"Female","Black",0,1,0,0,0,3.20402329341229,0,0,"Standard",0,0,0,0,0,0,NA,0,0
"STU000357",2016,"Male","AmericanIndian",1,0,0,0,1,1.29191582050051,1,0,"Standard",0,0,0,0,1,0.785714285714286,10155.7272727273,1,48417
"STU000358",2016,"Female","White",0,1,0,1,0,3.50384811174787,0,0,"Advanced",1,0,1,0,1,0.392857142857143,13583.6363636364,1,48922
"STU000359",2016,"Male","MultiRacial",0,0,0,0,1,3.86049547343247,1,1,"Advanced",1,0,0,1,1,0.714285714285714,13220.65,0,51519
"STU000360",2016,"Female","White",1,1,0,0,1,3.01921721348437,1,0,"Standard",1,0,1,0,1,0.5,16798.3571428571,0,41630
"STU000361",2016,"Female","Other",1,1,0,0,0,2.43538840162563,0,0,"Standard",0,0,0,0,1,0.5,11673.5714285714,0,22590
"STU000362",2016,"Male","White",0,0,1,0,0,2.46598541203373,0,0,"Standard",0,0,0,0,1,0.464285714285714,13439.4615384615,0,47722
"STU000363",2016,"Female","MultiRacial",0,0,0,1,0,2.44571401156695,0,0,"Standard",0,0,0,0,1,0.535714285714286,8905.53333333333,0,17535
"STU000364",2016,"Female","Black",0,1,0,0,1,2.66745481809379,1,0,"Standard",0,0,0,0,1,0.321428571428571,9066.88888888889,0,0
"STU000365",2016,"Male","White",0,0,1,1,1,1.80672020785419,1,0,"NonCompletion",0,0,0,0,0,0,NA,0,0
"STU000366",2016,"Female","White",1,0,1,0,0,2.43708436960714,0,0,"Standard",1,0,1,0,1,0.5,17271.2142857143,0,59633
"STU000367",2016,"Female","White",0,1,0,0,0,2.20748716878072,0,0,"Standard",0,0,0,0,1,0.571428571428571,12165.3125,1,45993
"STU000368",2016,"Male","MultiRacial",0,0,0,0,0,2.85797773136681,0,0,"Standard",0,0,0,0,1,0.535714285714286,8135.93333333333,0,12442
"STU000369",2016,"Male","Asian",0,0,0,0,0,2.64771284882257,0,0,"Standard",0,0,0,0,1,0.928571428571429,11180.9230769231,0,34220
"STU000370",2016,"Male","White",0,0,0,0,0,3.05306067811075,0,0,"Standard",1,0,1,0,1,0.535714285714286,12409.4,0,9537
"STU000371",2016,"Female","Hispanic",0,0,0,0,0,2.68452591909672,0,0,"Standard",0,0,0,0,1,0.821428571428571,9514.30434782609,0,0
"STU000372",2016,"Male","White",0,1,0,0,0,2.86870502688392,0,0,"NonCompletion",0,0,0,0,1,0.535714285714286,11269.0666666667,0,22690
"STU000373",2016,"Female","Asian",0,1,0,0,1,2.10891982735844,1,0,"Standard",0,0,0,0,1,0.5,10912.7142857143,0,10048
"STU000374",2016,"Male","Black",0,0,0,0,1,3.05527101955285,1,0,"Standard",0,0,0,0,1,0.107142857142857,18078,0,34795
"STU000375",2016,"Male","White",1,0,0,1,1,2.3396381191435,1,0,"Standard",0,0,0,0,1,0.428571428571429,10154.1666666667,0,0
"STU000376",2016,"Male","Asian",0,1,0,0,1,2.91012646044872,1,0,"Standard",0,0,0,0,1,0.428571428571429,10137.25,0,10313
"STU000377",2016,"Female","White",0,1,0,0,0,3.37944531552801,0,0,"Standard",1,0,0,1,1,0.285714285714286,16231.375,0,52750
"STU000378",2016,"Male","Hispanic",0,0,0,0,1,2.36239415631165,1,0,"Standard",0,0,0,0,1,0.5,13077.9285714286,1,53018
"STU000379",2016,"Male","White",0,1,0,0,1,2.91909624862315,1,0,"Standard",1,0,1,1,1,0.571428571428571,7932.4375,0,18909
"STU000380",2016,"Male","White",0,0,1,0,1,2.07510142016479,1,0,"Standard",0,0,0,0,1,0.678571428571429,11481.5789473684,0,31008
"STU000381",2016,"Female","White",0,0,0,0,0,2.53946628365631,0,1,"Standard",0,0,0,0,1,0.571428571428571,9953.0625,1,36725
"STU000382",2016,"Female","Asian",1,0,0,0,0,2.7235988061017,0,0,"Standard",1,1,0,0,1,0.607142857142857,13926.5882352941,0,0
"STU000383",2016,"Female","AmericanIndian",1,0,0,0,0,3.12813358578818,0,1,"Standard",1,0,0,1,0,0,NA,0,0
"STU000384",2016,"Male","Asian",1,1,0,0,1,1.93027338070485,1,1,"NonCompletion",0,0,0,0,1,0.571428571428571,9573.5,0,37026
"STU000385",2016,"Female","White",0,1,0,1,0,1.96355799927417,0,1,"Standard",0,0,0,0,1,0.535714285714286,11363.1333333333,0,14867
"STU000386",2016,"NonBinary_Other","White",0,1,0,1,0,3.47445410775583,0,1,"Standard",1,0,1,0,1,0.178571428571429,16282.2,1,69558
"STU000387",2016,"Female","Other",0,0,0,0,0,3.42448792984922,0,0,"Standard",1,1,0,0,1,0.357142857142857,13810.8,0,12825
"STU000388",2016,"Male","AmericanIndian",1,1,0,0,1,2.47682310924163,1,0,"Standard",0,0,0,0,1,0.321428571428571,10639.4444444444,0,10362
"STU000389",2016,"Male","White",0,1,0,1,0,2.76202805075787,0,0,"Standard",0,0,0,0,1,0.821428571428571,13616.8695652174,1,85067
"STU000390",2016,"Female","Hispanic",0,1,1,0,1,3.19561084238357,1,0,"Standard",1,0,0,1,1,0.392857142857143,11240.9090909091,0,50500
"STU000391",2016,"Male","White",0,0,0,0,0,3.33526717841261,0,1,"Standard",1,0,0,1,1,0.178571428571429,10870.2,0,22280
"STU000392",2016,"Male","Hispanic",1,1,0,1,1,3.68889530414655,1,0,"Advanced",1,0,0,1,0,0,NA,0,0
"STU000393",2016,"Female","White",1,0,1,0,1,1.62703965600673,1,0,"Standard",0,0,0,0,1,0.535714285714286,9360.06666666667,0,18842
"STU000394",2016,"Female","Black",1,1,0,0,1,3.8166263196028,1,1,"Advanced",1,0,0,1,1,0.392857142857143,22928.9090909091,1,85901
"STU000395",2016,"Female","White",0,1,0,1,0,2.54392282563359,0,0,"Standard",0,0,0,0,1,0.857142857142857,11126.625,1,67613
"STU000396",2016,"Male","Other",1,0,0,0,0,3.09114474138586,0,0,"Standard",1,1,0,0,1,0.607142857142857,15705.5294117647,1,59096
"STU000397",2016,"Female","Hispanic",0,1,0,0,1,2.34287093830199,1,0,"Standard",0,0,0,0,0,0,NA,0,0
"STU000398",2016,"Male","White",0,0,1,0,0,2.09169090393932,0,0,"Standard",0,0,0,0,1,0.607142857142857,11493.4705882353,0,0
"STU000399",2016,"Female","Hispanic",0,1,0,0,0,2.47795680704562,0,0,"Standard",0,0,0,0,0,0,NA,0,0
"STU000400",2016,"Male","Hispanic",0,1,0,0,1,3.03554119441323,1,0,"Standard",0,0,0,0,1,0.5,10882.4285714286,0,42081
"STU000401",2016,"Female","White",0,0,0,0,0,2.98889203760995,0,0,"Standard",0,0,0,0,1,0.607142857142857,13820.7058823529,1,65256
"STU000402",2016,"Female","White",0,1,1,1,0,2.54371081723176,0,1,"Standard",0,0,0,0,1,0.428571428571429,8012.33333333333,0,0
"STU000403",2016,"Female","Hispanic",1,0,1,0,1,2.31552958918639,1,0,"Standard",0,0,0,0,1,0.5,9277.5,0,24232
"STU000404",2016,"Male","Black",0,1,0,0,1,2.73180156187796,1,0,"Standard",0,0,0,0,1,0.392857142857143,12624.3636363636,1,50435
"STU000405",2016,"Male","AmericanIndian",0,1,1,0,1,1.93810090430975,1,0,"Standard",0,0,0,0,1,0.642857142857143,13347.1111111111,0,55693
"STU000406",2016,"Female","AmericanIndian",0,1,0,0,1,2.69547247727032,1,0,"Standard",0,0,0,0,1,0.5,8557.35714285714,0,0
"STU000407",2016,"Female","White",0,0,0,1,0,2.29840219916347,0,0,"Standard",0,0,0,0,1,0.464285714285714,9983.30769230769,0,18483
"STU000408",2016,"Female","White",0,0,0,0,0,2.93716866133482,0,0,"Standard",1,0,0,1,1,0.25,30086.5714285714,0,0
"STU000409",2016,"Female","White",0,1,0,0,0,2.29471545011702,0,0,"Standard",0,0,0,0,1,0.607142857142857,10079.4117647059,1,46439
"STU000410",2016,"Female","AmericanIndian",0,1,0,0,0,3.49625976374539,0,0,"Standard",1,0,0,1,1,0.5,23387.5,0,0
"STU000411",2016,"Female","AmericanIndian",0,0,0,0,1,2.04789481095971,1,0,"Standard",0,0,0,0,1,0.142857142857143,9977.25,1,39909
"STU000412",2016,"Female","White",1,0,0,0,1,2.49829258024263,1,0,"Standard",0,0,0,0,1,0.642857142857143,10096.2777777778,0,42414
"STU000413",2016,"Female","Hispanic",0,1,0,0,1,2.29849147632372,1,1,"Standard",0,0,0,0,1,0.75,9484,0,24990
"STU000414",2016,"Male","Asian",0,0,0,0,1,2.45504366615866,1,0,"Standard",1,1,0,0,1,0.5,12334,1,55504
"STU000415",2016,"Female","White",1,0,0,0,0,4,0,1,"Advanced",1,0,1,0,1,0.678571428571429,15513.3157894737,0,45809
"STU000416",2016,"Female","AmericanIndian",0,0,0,0,1,2.8030567090598,1,0,"NonCompletion",0,0,0,0,1,0.857142857142857,13145.6666666667,1,62095
"STU000417",2016,"Male","White",1,1,1,0,0,1.96232090253614,0,0,"NonCompletion",1,0,1,0,1,0.75,14064.6666666667,0,48925
"STU000418",2016,"Female","Black",0,1,0,0,1,2.53179900804495,1,0,"Standard",0,0,0,0,1,0.571428571428571,10845.125,1,50140
"STU000419",2016,"Female","Hispanic",0,0,0,0,1,2.41648631247704,1,0,"Standard",1,0,1,0,1,0.5,10233.7857142857,0,43192
"STU000420",2016,"Female","White",0,0,1,0,0,3.17159769481289,0,0,"Standard",1,0,0,1,1,0.392857142857143,23147,1,100500
"STU000421",2016,"Male","MultiRacial",1,1,0,0,0,2.72807640147607,0,0,"Standard",0,0,0,0,0,0,NA,0,0
"STU000422",2016,"Female","AmericanIndian",0,1,0,0,1,2.17931553711819,1,0,"Standard",0,0,0,0,1,0.285714285714286,9588,0,0
"STU000423",2016,"Female","Hispanic",1,0,0,0,1,2.61209643111291,1,0,"Standard",1,1,1,0,1,0.678571428571429,15146,0,58396
"STU000424",2016,"Male","White",1,0,0,0,0,2.28569955994664,0,0,"Standard",0,0,0,0,1,0.25,13601.7142857143,0,18589
"STU000425",2016,"Male","Hispanic",0,0,0,0,0,3.38975003714089,0,0,"Standard",1,0,0,1,1,0.678571428571429,14762.3157894737,0,47892
"STU000426",2016,"Male","AmericanIndian",1,1,0,0,1,1.9841365650174,1,0,"NonCompletion",0,0,0,0,1,0.5,13747,0,42156
"STU000427",2016,"Male","White",0,1,1,0,0,3.05224835452612,0,1,"Standard",0,0,0,0,1,0.607142857142857,13657.6470588235,1,59284
"STU000428",2016,"Male","Hispanic",0,0,0,0,1,2.12855220775604,1,0,"Standard",0,0,0,0,1,0.75,12402.7142857143,1,52519
"STU000429",2016,"Male","White",1,0,1,0,1,2.46909078099834,1,1,"Standard",0,0,0,0,1,0.392857142857143,14699.9090909091,1,62293
"STU000430",2016,"Female","Black",0,0,0,1,0,3.08056142995713,0,0,"Standard",0,0,0,0,1,0.821428571428571,13769.2173913043,0,26983
"STU000431",2016,"Male","Black",0,1,0,0,1,1.98795543517635,1,0,"Standard",0,0,0,0,1,0.571428571428571,12078.875,0,37334
"STU000432",2016,"Female","Asian",0,0,0,0,0,4,0,1,"Advanced",1,0,0,1,0,0,NA,0,0
"STU000433",2016,"Male","White",1,1,1,0,0,2.99555300217755,0,1,"Standard",1,1,0,0,1,0.107142857142857,18409,0,55227
"STU000434",2016,"Female","White",0,1,0,0,0,2.61230195268813,0,0,"Standard",0,0,0,0,1,0.607142857142857,12265.2941176471,0,35036
"STU000435",2016,"Female","White",0,1,0,0,1,2.75921495529777,1,0,"Standard",1,0,0,1,1,0.357142857142857,7964.3,0,34065
"STU000436",2016,"Female","White",0,1,0,0,0,2.13243692805628,0,0,"Standard",0,0,0,0,1,0.607142857142857,11638.2941176471,1,57136
"STU000437",2016,"Male","Black",0,0,0,0,1,2.51768217448828,1,0,"Standard",0,0,0,0,1,0.428571428571429,11044.6666666667,0,0
"STU000438",2016,"Male","Hispanic",1,0,0,0,0,2.71479395538061,0,0,"Standard",0,0,0,0,1,0.678571428571429,10845.9473684211,0,32019
"STU000439",2016,"Female","White",0,1,0,0,0,2.95630706014073,0,0,"Standard",1,0,0,1,1,0.678571428571429,11978.6842105263,1,62168
"STU000440",2016,"Male","White",0,1,0,1,0,2.31975797393523,0,0,"Standard",0,0,0,0,1,0.642857142857143,12002.5,1,52264
"STU000441",2016,"Male","White",1,1,0,0,0,3.43398950259482,0,0,"Standard",1,1,1,0,1,0.5,16783.7857142857,1,69070
"STU000442",2016,"Female","Hispanic",0,1,0,0,1,2.98424294200894,1,0,"Standard",1,0,0,1,1,0.178571428571429,17676.2,1,75084
"STU000443",2016,"Female","Other",0,1,1,0,1,2.71188917658652,1,0,"Standard",0,0,0,0,1,0.392857142857143,15023.6363636364,0,9698
"STU000444",2016,"Female","White",0,0,0,0,0,2.96879013467483,0,0,"Standard",0,0,0,0,1,0.392857142857143,9911.81818181818,0,7405
"STU000445",2016,"Male","White",0,0,1,0,1,1.63078720019011,1,0,"Standard",0,0,0,0,1,0.714285714285714,10856.45,1,43139
"STU000446",2016,"Male","Hispanic",1,0,0,0,1,1.96760364278908,1,0,"Standard",0,0,0,0,1,0.5,14336.1428571429,0,51192
"STU000447",2016,"Female","White",0,1,0,0,0,2.54274166097991,0,1,"Standard",0,0,0,0,1,0.75,11504.7619047619,1,42833
"STU000448",2016,"Male","Hispanic",0,0,0,0,0,1.51661415213815,0,0,"NonCompletion",0,0,0,0,1,0.142857142857143,11811.75,1,47247
"STU000449",2016,"Female","White",0,1,0,0,0,3.16792719525835,0,0,"Standard",1,0,1,1,1,0.678571428571429,9799.31578947369,1,48771
"STU000450",2016,"Male","White",0,0,0,0,0,3.02190099100288,0,0,"Standard",0,0,0,0,1,0.5,8769.21428571429,0,0
"STU000451",2016,"Male","White",1,1,0,0,0,2.39165405718417,0,0,"Standard",0,0,0,0,1,0.464285714285714,6996.46153846154,0,0
"STU000452",2016,"Male","Hispanic",0,0,0,0,1,2.19363586715646,1,1,"Standard",0,0,0,0,1,0.607142857142857,7459.11764705882,0,12615
"STU000453",2016,"Female","Hispanic",0,0,0,0,1,3.02983745892755,1,0,"Standard",1,0,0,1,1,0.714285714285714,17844.9,0,64995
"STU000454",2016,"Female","White",1,0,0,0,0,3.59422665920428,0,0,"Advanced",0,0,0,0,1,0.857142857142857,17327.5833333333,1,89250
"STU000455",2016,"Male","White",0,0,0,0,0,3.128191346481,0,1,"Standard",0,0,0,0,1,0.0357142857142857,25205,0,25205
"STU000456",2016,"Male","White",0,0,0,0,0,2.41418438456948,0,0,"NonCompletion",0,0,0,0,0,0,NA,0,0
"STU000457",2016,"Female","Hispanic",0,0,0,0,0,2.92262835972371,0,0,"NonCompletion",0,0,0,0,1,0.678571428571429,12192.1052631579,0,29792
"STU000458",2016,"Male","White",0,0,0,0,0,3.33478109202736,0,0,"NonCompletion",0,0,0,0,1,0.714285714285714,11640.15,0,23510
"STU000459",2016,"Female","Hispanic",0,1,1,0,0,1.81125787811463,0,0,"Standard",0,0,0,0,1,0.571428571428571,10448.375,0,19763
"STU000460",2016,"Male","AmericanIndian",0,0,0,0,1,1.8460762727714,1,0,"Standard",0,0,0,0,1,0.464285714285714,11301.7692307692,0,25077
"STU000461",2016,"Male","White",1,1,0,0,1,3.07962689576333,1,0,"Standard",1,1,0,0,1,0.142857142857143,14328.5,1,57314
"STU000462",2016,"Female","White",0,1,0,0,0,3.07488525549114,0,0,"Standard",0,0,0,0,1,0.0714285714285714,14046,0,28092
"STU000463",2016,"Male","Hispanic",0,1,0,1,0,3.1704699421356,0,0,"Standard",0,0,0,0,1,0.464285714285714,11496.2307692308,0,29571
"STU000464",2016,"Female","MultiRacial",0,1,0,0,1,2.31294340570028,1,1,"Standard",0,0,0,0,1,0.5,12402.6428571429,0,45535
"STU000465",2016,"Female","White",0,0,0,0,0,3.02828377492639,0,0,"Standard",0,0,0,0,1,0.464285714285714,7731.53846153846,0,0
"STU000466",2016,"Male","Black",1,1,0,0,1,2.82863749496015,1,0,"Standard",0,0,0,0,1,0.607142857142857,9126,0,23242
"STU000467",2016,"Male","White",0,0,0,0,0,2.83432539228501,0,0,"Standard",1,0,0,1,1,0.357142857142857,7373,0,0
"STU000468",2016,"Male","Hispanic",0,0,0,0,1,2.70066859533062,1,0,"Standard",1,0,1,0,1,0.678571428571429,11826,1,58120
"STU000469",2016,"Female","Asian",0,1,0,1,1,2.92151054226704,1,0,"Standard",0,0,0,0,0,0,NA,0,0
"STU000470",2016,"NonBinary_Other","White",0,0,0,1,0,2.18472725733357,0,0,"Standard",0,0,0,0,1,0.392857142857143,10575.8181818182,0,26911
"STU000471",2016,"Male","White",0,1,0,1,1,2.64100426068921,1,0,"Standard",1,1,1,0,0,0,NA,0,0
"STU000472",2016,"Male","Asian",0,1,0,1,0,3.0121951189672,0,0,"Standard",0,0,0,0,1,0.535714285714286,12436.0666666667,0,25206
"STU000473",2016,"Male","Hispanic",1,0,0,0,1,2.1756941815396,1,0,"Standard",0,0,0,0,0,0,NA,0,0
"STU000474",2016,"Female","White",0,0,0,0,0,2.44882821174255,0,0,"Standard",0,0,0,0,1,0.5,11060.2142857143,1,75100
"STU000475",2016,"Female","White",0,0,0,0,0,1.9828534490139,0,1,"Standard",0,0,0,0,1,0.785714285714286,11153.8181818182,0,33584
"STU000476",2016,"Female","Black",1,0,0,0,1,2.15420841535434,1,1,"Standard",0,0,0,0,1,0.928571428571429,11765.6538461538,1,55912
"STU000477",2016,"Female","White",1,0,0,0,0,4,0,0,"Advanced",1,0,0,1,1,0.392857142857143,11641.8181818182,0,44499
"STU000478",2016,"Male","White",0,0,0,0,0,2.68401095423514,0,0,"Standard",0,0,0,0,1,0.75,10565.8571428571,0,0
"STU000479",2016,"Male","White",0,1,1,0,1,1.9629898262721,1,0,"NonCompletion",0,0,0,0,1,0.678571428571429,11571.9473684211,0,26286
"STU000480",2016,"Male","Hispanic",1,0,0,0,0,2.85113780584547,0,0,"Standard",1,1,1,0,1,0.25,24087.2857142857,1,85505
"STU000481",2016,"Female","White",1,0,0,0,0,1.24564033028274,0,0,"Standard",0,0,0,0,1,0.678571428571429,11268.8947368421,0,39171
"STU000482",2016,"NonBinary_Other","Hispanic",0,1,0,1,1,2.07461382219667,1,0,"Standard",1,0,1,0,1,0.285714285714286,16775.5,0,66495
"STU000483",2016,"Male","White",1,1,0,0,1,2.38454310718967,1,0,"NonCompletion",0,0,0,0,0,0,NA,0,0
"STU000484",2016,"Female","Hispanic",1,0,0,0,1,2.29927047708819,1,0,"NonCompletion",0,0,0,0,1,0.428571428571429,12920.75,0,18464
"STU000485",2016,"Male","White",0,0,0,0,1,2.30720136847489,1,0,"Standard",0,0,0,0,1,0.714285714285714,10332.7,1,57084
"STU000486",2016,"Male","White",0,1,1,0,1,2.4209351387588,1,1,"Standard",0,0,0,0,1,0.714285714285714,11303.75,1,40999
"STU000487",2016,"Female","White",0,0,0,0,0,2.42602634874722,0,0,"Standard",1,0,0,1,1,0.607142857142857,13583.3529411765,1,75719
"STU000488",2016,"Female","White",0,0,0,1,0,4,0,0,"Advanced",0,0,0,0,1,0.571428571428571,8425.25,1,44449
"STU000489",2016,"Female","White",0,1,0,1,1,NA,1,0,"NonCompletion",1,0,0,1,1,0.571428571428571,12788.6875,0,0
"STU000490",2016,"Female","White",0,0,1,0,0,3.23992414146966,0,0,"Standard",1,0,0,1,1,0.392857142857143,13770.6363636364,0,43978
"STU000491",2016,"Male","White",1,1,0,0,0,3.62588954286259,0,0,"Advanced",1,1,1,0,1,0.464285714285714,15325,0,42368
"STU000492",2016,"Male","Black",0,1,0,0,0,2.91982505262455,0,0,"Standard",1,0,0,1,1,0.285714285714286,14021,0,14249
"STU000493",2016,"Male","Asian",0,1,0,0,1,3.32323823254571,1,1,"Standard",1,0,1,0,0,0,NA,0,0
"STU000494",2016,"Female","White",0,0,0,0,0,3.10387448129194,0,1,"Standard",1,0,0,1,1,0.428571428571429,19735.5,0,50174
"STU000495",2016,"Female","Black",0,0,0,0,1,2.22624760404057,1,0,"Standard",0,0,0,0,1,0.714285714285714,14243.65,1,67116
"STU000496",2016,"Female","White",0,0,0,0,0,2.3757870070332,0,0,"Standard",0,0,0,0,1,0.714285714285714,8520.2,0,17565
"STU000497",2016,"Female","MultiRacial",0,1,0,0,0,2.43314505321818,0,0,"Standard",0,0,0,0,1,0.571428571428571,9931.5625,1,47088
"STU000498",2016,"Female","White",0,0,0,0,0,2.00028156920549,0,0,"Standard",1,0,0,1,1,0.0714285714285714,8391.5,0,16783
"STU000499",2016,"Female","White",1,1,0,0,0,3.29043022866979,0,0,"Standard",1,0,0,1,1,0.25,6733.57142857143,0,17809
"STU000500",2016,"Female","Other",0,0,0,0,0,3.49032729331807,0,0,"Standard",1,0,0,1,1,0.107142857142857,14603.6666666667,0,43811
"STU000501",2016,"Male","Hispanic",1,0,1,0,0,2.24208382761842,0,0,"Standard",0,0,0,0,1,0.464285714285714,10598.1538461538,0,22188
"STU000502",2016,"Female","Hispanic",0,1,0,0,0,2.12126681046867,0,0,"Standard",0,0,0,0,1,0.642857142857143,13939.0555555556,0,16815
"STU000503",2016,"Male","White",1,0,1,0,1,3.09353002039937,1,0,"NonCompletion",0,0,0,0,1,0.607142857142857,12536,0,9578
"STU000504",2016,"Male","Black",0,0,1,0,1,2.80961383064924,1,0,"Standard",0,0,0,0,1,0.178571428571429,15244.4,0,27696
"STU000505",2016,"Female","Hispanic",0,0,0,0,1,2.76451733805197,1,0,"Standard",0,0,0,0,1,0.5,12691.9285714286,0,33484
"STU000506",2016,"Female","Hispanic",0,1,0,0,1,3.31511801640583,1,1,"Standard",1,0,0,1,0,0,NA,0,0
"STU000507",2016,"Female","White",0,1,0,0,1,2.28323145953277,1,0,"Standard",0,0,0,0,1,0.25,13760,0,15351
"STU000508",2016,"Female","White",1,0,0,1,0,3.18545406773866,0,0,"Standard",1,0,0,1,1,0.321428571428571,11150.5555555556,0,42405
"STU000509",2016,"NonBinary_Other","White",1,1,0,0,1,3.31832403310119,1,0,"Standard",1,0,1,1,1,0.25,10616.4285714286,0,17303
"STU000510",2016,"Female","Black",0,1,0,0,0,2.48448889195278,0,1,"Standard",0,0,0,0,1,0.642857142857143,10252.7222222222,0,23336
"STU000511",2016,"Male","White",1,0,0,0,1,2.28010960606474,1,0,"Standard",0,0,0,0,1,0.678571428571429,10425.9473684211,0,29532
"STU000512",2016,"Female","Other",0,0,0,0,1,2.59370240763311,1,0,"Standard",0,0,0,0,1,0.714285714285714,11764.5,0,18879
"STU000513",2016,"Male","White",0,1,0,0,0,2.5303520211733,0,0,"Standard",1,0,0,1,0,0,NA,0,0
"STU000514",2016,"Female","White",0,1,0,0,1,2.06198752235876,1,0,"Standard",1,0,1,0,1,0.714285714285714,14460.65,1,73273
"STU000515",2016,"Female","White",1,0,1,0,0,2.59704784759097,0,0,"Standard",1,0,1,0,1,0.607142857142857,9407.76470588235,1,48991
"STU000516",2016,"Male","Black",0,0,0,0,1,2.91087496138657,1,0,"Standard",0,0,0,0,1,0.392857142857143,11489.4545454545,0,49958
"STU000517",2016,"Male","White",0,1,0,0,0,3.14555287077184,0,0,"Standard",1,1,0,0,1,0.821428571428571,19316.8695652174,1,77751
"STU000518",2016,"Male","Hispanic",0,0,0,0,0,3.088799581046,0,0,"Standard",0,0,0,0,1,0.428571428571429,8103.66666666667,0,21243
"STU000519",2016,"Male","MultiRacial",0,0,0,0,0,2.23065926256146,0,1,"Standard",0,0,0,0,1,0.642857142857143,9982.27777777778,1,58497
"STU000520",2016,"Female","White",1,1,0,0,1,2.4343645594786,1,0,"Standard",0,0,0,0,1,0.428571428571429,12773.9166666667,0,14310
"STU000521",2016,"Female","White",0,1,1,1,0,2.7308942080023,0,1,"Standard",0,0,0,0,1,0.714285714285714,12462.9,0,26810
"STU000522",2016,"Female","Hispanic",0,0,0,1,0,NA,0,0,"NonCompletion",1,1,1,0,1,0.357142857142857,18380.4,0,0
"STU000523",2016,"Female","Hispanic",0,1,0,0,0,2.83220430287714,0,0,"Standard",1,0,1,0,0,0,NA,0,0
"STU000524",2016,"Male","White",0,1,0,0,0,2.31449553033033,0,0,"Standard",0,0,0,0,1,0.214285714285714,8821.5,0,8861
"STU000525",2016,"Female","Black",0,1,0,0,0,2.61996620116755,0,0,"Standard",0,0,0,0,1,0.428571428571429,9958.66666666667,0,9873
"STU000526",2016,"Female","Hispanic",0,0,0,0,1,2.0921228522672,1,0,"Standard",0,0,0,0,0,0,NA,0,0
"STU000527",2016,"Male","Hispanic",0,0,0,0,1,1.60948794688367,1,0,"Standard",0,0,0,0,1,0.714285714285714,12635.9,0,25275
"STU000528",2016,"Female","Hispanic",1,0,0,0,1,2.42030947269665,1,0,"Standard",0,0,0,0,1,0.285714285714286,14620,0,0
"STU000529",2016,"Male","White",0,0,0,1,1,2.97988191961088,1,0,"Standard",1,0,0,1,0,0,NA,0,0
"STU000530",2016,"Female","Asian",0,0,0,1,1,NA,1,0,"NonCompletion",1,0,1,0,1,0.642857142857143,12038.7777777778,1,73237
"STU000531",2016,"Female","White",0,1,0,1,1,2.96737957443069,1,0,"Standard",0,0,0,0,1,0.535714285714286,15244.0666666667,0,11938
"STU000532",2016,"Male","Asian",0,1,0,0,1,3.44993977088923,1,1,"Standard",1,0,1,0,1,0.964285714285714,15613.3703703704,0,57223
"STU000533",2016,"Male","Black",0,0,0,0,0,3.86757346121296,0,0,"Advanced",1,0,0,1,1,0.428571428571429,13090.8333333333,0,48886
"STU000534",2016,"Male","Black",0,1,0,0,0,2.07896220183565,0,0,"Standard",0,0,0,0,1,0.535714285714286,9948.26666666667,0,29409
"STU000535",2016,"Male","Asian",0,0,0,1,0,3.51781803538248,0,0,"Advanced",1,0,0,1,1,0.607142857142857,15795,0,13420
"STU000536",2016,"Female","White",1,1,0,0,0,3.04930607607914,0,0,"Standard",0,0,0,0,1,0.785714285714286,8172.63636363636,1,44821
"STU000537",2016,"Female","Black",0,0,0,0,1,2.23647553041409,1,0,"Standard",1,0,1,1,0,0,NA,0,0
"STU000538",2016,"Male","MultiRacial",1,1,1,0,0,2.96985318401089,0,0,"Standard",1,0,0,1,1,0.0357142857142857,42900,0,0
"STU000539",2016,"Male","MultiRacial",0,1,0,0,1,2.80039711958204,1,0,"Standard",0,0,0,0,1,0.785714285714286,10564.3181818182,1,47298
"STU000540",2016,"Female","Hispanic",1,0,0,0,1,3.26968348520113,1,0,"Standard",1,0,0,1,1,0.464285714285714,15423.0769230769,0,27125
"STU000541",2016,"Female","White",1,0,0,0,0,3.92858962792534,0,0,"Advanced",1,0,0,1,1,0.642857142857143,17959.7777777778,1,85727
"STU000542",2016,"Male","Hispanic",0,1,0,0,1,2.2790765295409,1,0,"Standard",1,1,0,0,1,0.5,22713,0,88914
"STU000543",2016,"Female","MultiRacial",1,0,0,0,0,1.85171304905192,0,0,"Standard",1,0,1,1,1,0.321428571428571,18412.3333333333,0,62296
"STU000544",2016,"Male","Black",1,1,0,0,1,2.80629085568704,1,0,"Standard",0,0,0,0,1,0.321428571428571,10320.5555555556,0,42261
"STU000545",2016,"Female","Black",0,0,0,1,1,1.98989949449531,1,0,"Standard",1,0,0,1,1,0.464285714285714,13357.6923076923,0,26273
"STU000546",2016,"Female","Hispanic",0,0,0,0,1,3.48626651210233,1,1,"Standard",1,0,0,1,1,0.214285714285714,19968.6666666667,0,11933
"STU000547",2016,"Female","AmericanIndian",1,0,0,0,0,2.82927720803708,0,0,"Standard",0,0,0,0,1,0.75,10558.4285714286,0,31815
"STU000548",2016,"Male","Other",0,0,0,0,0,2.97891541726099,0,1,"Standard",1,0,0,1,1,0.535714285714286,13766.2666666667,0,66479
"STU000549",2016,"Female","Hispanic",0,1,0,0,1,2.40366370265627,1,0,"NonCompletion",0,0,0,0,1,0.5,12558.3571428571,0,44889
"STU000550",2016,"Female","White",1,1,0,0,0,2.21847315447149,0,0,"Standard",0,0,0,0,1,0.607142857142857,9834.47058823529,0,21756
"STU000551",2016,"Male","Hispanic",0,0,0,0,0,1.97960776145772,0,0,"NonCompletion",0,0,0,0,1,0.785714285714286,12879.8636363636,0,53706
"STU000552",2016,"Female","White",1,0,0,0,0,3.1328638468075,0,0,"Standard",0,0,0,0,1,0.785714285714286,11488.3181818182,0,30742
"STU000553",2016,"Female","Black",0,1,0,0,1,2.63962877786403,1,0,"NonCompletion",0,0,0,0,1,0.357142857142857,11488.2,0,45368
"STU000554",2016,"Female","Black",1,0,0,0,0,2.27246766611604,0,0,"Standard",0,0,0,0,1,0.607142857142857,9778.29411764706,1,47220
"STU000555",2016,"Female","Black",0,1,0,0,0,2.04198635204779,0,1,"NonCompletion",0,0,0,0,1,0.75,9044.14285714286,1,41517
"STU000556",2016,"Female","AmericanIndian",0,0,0,0,0,3.2356304539712,0,0,"Standard",0,0,0,0,1,0.535714285714286,12947,0,35560
"STU000557",2016,"Male","Hispanic",0,0,0,0,0,2.24225357691765,0,0,"Standard",0,0,0,0,1,0.714285714285714,9134.6,1,50210
"STU000558",2016,"Male","Hispanic",0,0,0,0,0,2.46185314349991,0,0,"Standard",0,0,0,0,1,0.392857142857143,9635.90909090909,0,0
"STU000559",2016,"Female","MultiRacial",0,0,0,0,0,2.48965120111688,0,0,"Standard",0,0,0,0,1,0.75,12394.1904761905,1,50445
"STU000560",2016,"Male","Hispanic",0,0,0,0,1,2.88406065875712,1,0,"Standard",1,0,1,1,1,0.428571428571429,14725.25,0,51895
"STU000561",2016,"Female","White",0,0,1,0,0,2.11886967604384,0,0,"Standard",0,0,0,0,1,0.928571428571429,11599.9615384615,1,55039
"STU000562",2016,"Male","White",1,1,1,0,1,2.62773820905533,1,0,"Standard",0,0,0,0,1,0.285714285714286,14350.75,0,0
"STU000563",2016,"Female","White",0,1,0,0,0,3.77378367763739,0,0,"Advanced",1,0,0,1,1,0.785714285714286,17378.3636363636,0,37654
"STU000564",2016,"Male","White",0,0,0,0,0,2.33595411363964,0,0,"Standard",0,0,0,0,1,0.571428571428571,7341.25,0,14770
"STU000565",2016,"Female","Black",0,1,0,0,0,3.34117847151006,0,0,"Standard",1,1,1,0,1,0.142857142857143,17349,0,52431
"STU000566",2016,"Female","White",0,1,1,0,0,2.73317158903246,0,1,"Standard",1,0,1,0,1,0.25,12067.4285714286,0,11902
"STU000567",2016,"Female","White",0,0,0,0,1,2.27371021816173,1,1,"Standard",0,0,0,0,1,0.464285714285714,10977.2307692308,1,49037
"STU000568",2016,"Male","Hispanic",0,1,0,0,1,2.43986333897261,1,0,"Standard",0,0,0,0,1,0.75,10217.7619047619,0,30628
"STU000569",2016,"Male","Asian",0,0,0,0,0,2.94091452269014,0,0,"Standard",0,0,0,0,1,0.892857142857143,12121.36,1,55270
"STU000570",2016,"Female","White",1,1,0,0,0,2.32231069799148,0,0,"NonCompletion",0,0,0,0,1,0.928571428571429,10371.7307692308,1,45363
"STU000571",2016,"NonBinary_Other","Asian",1,0,0,0,0,3.47653117866575,0,0,"Standard",1,0,0,1,1,0.5,16761.1428571429,1,68243
"STU000572",2016,"Male","White",0,0,0,0,0,2.41168357583878,0,0,"Standard",0,0,0,0,1,0.571428571428571,12376.5625,0,11743
"STU000573",2016,"Male","Hispanic",0,1,0,0,1,2.42965689032436,1,0,"Standard",1,0,0,1,1,0.535714285714286,10541.2,0,35392
"STU000574",2016,"Male","White",1,0,0,0,1,3.45796127225401,1,0,"Standard",0,0,0,0,1,0.107142857142857,11972.3333333333,0,12766
"STU000575",2016,"Female","White",0,1,0,0,0,2.74100169485393,0,1,"Standard",0,0,0,0,1,0.785714285714286,11594.8636363636,1,57213
"STU000576",2016,"Female","Asian",1,0,0,0,1,3.73298796317156,1,0,"Advanced",1,0,1,0,1,0.535714285714286,13495.4666666667,0,28648
"STU000577",2016,"Male","Asian",0,1,0,0,0,3.50168628901513,0,1,"Advanced",1,0,0,1,1,0.571428571428571,23871.4375,1,122292
"STU000578",2016,"Male","White",0,1,1,0,0,3.15385242462757,0,1,"Standard",1,0,0,1,1,0.25,5884.14285714286,0,10482
"STU000579",2016,"Female","White",1,1,0,0,1,2.34564095499019,1,0,"Standard",0,0,0,0,1,0.357142857142857,12117.7,0,24673
"STU000580",2016,"Male","AmericanIndian",1,0,0,1,1,1.58843723437153,1,0,"Standard",0,0,0,0,1,0.428571428571429,11561.8333333333,0,0
"STU000581",2016,"Male","White",0,1,0,0,1,2.32259611580449,1,0,"Standard",0,0,0,0,1,0.607142857142857,14139.2352941176,1,73751
"STU000582",2016,"Male","White",0,0,0,0,0,3.29892142202337,0,1,"Standard",0,0,0,0,1,0.428571428571429,7658.83333333333,0,22163
"STU000583",2016,"Male","MultiRacial",0,1,1,0,1,2.6416331970881,1,0,"Standard",1,0,0,1,1,0.428571428571429,8356.66666666667,0,12136
"STU000584",2016,"Female","White",0,0,1,1,0,2.97456031540697,0,1,"Standard",0,0,0,0,0,0,NA,0,0
"STU000585",2016,"Male","White",0,0,0,0,1,2.92696406035484,1,0,"Standard",0,0,0,0,1,0.535714285714286,12333.2666666667,1,56008
"STU000586",2016,"Female","White",0,1,0,0,0,2.23387711581986,0,1,"Standard",0,0,0,0,1,0.535714285714286,12527.9333333333,0,20999
"STU000587",2016,"Female","White",0,0,0,0,0,2.42597761263949,0,1,"Standard",0,0,0,0,1,0.464285714285714,11718.0769230769,0,12336
"STU000588",2016,"Female","White",0,0,0,0,1,3.96057318966211,1,1,"Advanced",1,0,0,1,1,0.535714285714286,17508.8666666667,0,0
"STU000589",2016,"Female","White",0,0,0,0,1,2.45447448861817,1,0,"Standard",0,0,0,0,1,0.392857142857143,11292.4545454545,0,0
"STU000590",2016,"Male","White",0,1,0,0,1,3.42298314505019,1,1,"Standard",0,0,0,0,1,0.607142857142857,12171.4117647059,1,69828
"STU000591",2016,"Male","White",1,0,0,0,1,2.36924786819121,1,0,"Standard",0,0,0,0,1,0.857142857142857,11758.9583333333,0,23855
"STU000592",2016,"Female","White",0,1,0,0,0,3.74683948336532,0,1,"Advanced",1,0,0,1,1,0.321428571428571,20824.6666666667,0,0
"STU000593",2016,"Female","White",0,0,0,0,1,3.55048311504946,1,0,"Advanced",1,0,0,1,1,0.607142857142857,14194.7058823529,0,36593
"STU000594",2016,"Female","White",0,1,0,0,0,3.30904142107468,0,1,"Standard",0,0,0,0,1,0.535714285714286,18576.1333333333,0,72145
"STU000595",2016,"Female","Asian",0,0,0,0,0,3.43609081866065,0,0,"Standard",1,0,0,1,0,0,NA,0,0
"STU000596",2016,"Male","White",0,0,0,0,1,2.24665539575121,1,0,"NonCompletion",0,0,0,0,1,0.785714285714286,11670.1363636364,0,14411
"STU000597",2016,"Male","MultiRacial",1,0,0,0,0,3.04469508601415,0,0,"Standard",1,1,0,0,0,0,NA,0,0
"STU000598",2016,"Male","White",1,1,1,0,0,2.68503726695833,0,0,"Standard",0,0,0,0,1,0.678571428571429,12038.9473684211,0,33066
"STU000599",2016,"Male","White",0,1,0,0,1,2.56492254989571,1,0,"Standard",0,0,0,0,1,0.642857142857143,7994.5,0,19062
"STU000600",2016,"Male","White",0,0,1,1,0,3.20475486080957,0,1,"Standard",1,0,1,0,1,0.678571428571429,17143.8421052632,0,52190
"STU000601",2016,"Female","Hispanic",0,0,0,0,1,2.97710708974718,1,1,"NonCompletion",0,0,0,0,1,0.571428571428571,11878.1875,0,0
"STU000602",2016,"Male","White",0,1,0,0,1,3.00866245581666,1,0,"Standard",0,0,0,0,1,0.285714285714286,8148.5,0,20977
"STU000603",2016,"Male","Hispanic",0,0,0,0,0,2.55000051767975,0,0,"Standard",0,0,0,0,1,0.535714285714286,10669.5333333333,1,52297
"STU000604",2016,"Male","White",1,1,0,0,0,3.24885016085655,0,0,"Standard",0,0,0,0,1,0.892857142857143,11576.72,0,44082
"STU000605",2016,"Male","White",1,0,0,1,0,2.19499484848431,0,0,"Standard",0,0,0,0,1,0.642857142857143,8212.38888888889,1,33057
"STU000606",2016,"NonBinary_Other","Black",0,0,0,0,1,3.60948238202022,1,1,"Advanced",1,0,1,0,1,0.428571428571429,19155.3333333333,1,87253
"STU000607",2016,"Male","Hispanic",1,0,0,0,1,2.81822049682602,1,0,"Standard",1,0,0,1,1,0.428571428571429,9303.25,0,0
"STU000608",2016,"Male","Black",0,0,0,0,1,3.37625420211209,1,0,"Standard",0,0,0,0,1,0.357142857142857,14305.7,0,33599
"STU000609",2016,"Female","Black",0,1,0,0,0,3.06419451817015,0,0,"Standard",0,0,0,0,1,0.0357142857142857,31860,0,31860
"STU000610",2016,"Female","Hispanic",1,1,1,0,1,3.39758652692479,1,0,"Standard",1,0,0,1,1,0.714285714285714,17130.9,1,80142
"STU000611",2016,"Male","Hispanic",1,1,0,0,0,3.2781177321211,0,1,"Standard",1,0,0,1,1,0.0714285714285714,23647.5,0,47295
"STU000612",2016,"Male","White",0,0,0,0,1,2.62897537766319,1,0,"Standard",1,0,1,0,1,0.321428571428571,12087.6666666667,0,40022
"STU000613",2016,"Male","Asian",0,0,0,0,0,2.47778165192325,0,0,"Standard",0,0,0,0,1,0.464285714285714,9002.23076923077,0,36753
"STU000614",2016,"Male","Asian",0,0,0,0,0,3.17750749869986,0,0,"Standard",1,0,0,1,1,0.464285714285714,21397.2307692308,0,63628
"STU000615",2016,"Male","White",1,0,0,0,0,2.2008360010571,0,0,"Standard",0,0,0,0,1,0.678571428571429,9928.78947368421,0,25962
"STU000616",2016,"Male","White",0,0,0,0,0,2.82353361422776,0,0,"Standard",1,1,0,0,1,0.857142857142857,12376.125,1,50423
"STU000617",2016,"Male","Hispanic",0,1,0,0,0,2.63658929662356,0,0,"Standard",0,0,0,0,1,0.607142857142857,9445.88235294118,0,25899
"STU000618",2016,"Male","Asian",0,0,0,0,0,3.25829439106906,0,0,"Standard",0,0,0,0,1,0.464285714285714,10700.0769230769,0,15734
"STU000619",2016,"Male","White",1,0,0,1,0,2.87393785425415,0,0,"Standard",0,0,0,0,1,0.642857142857143,9990.44444444445,0,44369
"STU000620",2016,"Female","White",0,0,0,0,1,2.40813664239321,1,0,"NonCompletion",0,0,0,0,1,0.607142857142857,10640.7058823529,0,20760
"STU000621",2016,"Male","MultiRacial",1,0,0,0,1,2.01006695561437,1,0,"Standard",0,0,0,0,1,0.642857142857143,13379.1111111111,1,50311
"STU000622",2016,"Male","Hispanic",0,1,0,0,0,2.26252176318099,0,0,"Standard",0,0,0,0,1,0.678571428571429,12350.9473684211,0,14668
"STU000623",2016,"NonBinary_Other","Hispanic",1,0,0,0,1,2.03705569386951,1,0,"Standard",0,0,0,0,1,0.428571428571429,8987.66666666667,0,0
"STU000624",2016,"Male","Hispanic",1,1,0,0,1,2.64902935297873,1,0,"Standard",0,0,0,0,1,0.357142857142857,13700.3,0,13668
"STU000625",2016,"Female","White",0,0,1,0,1,2.08471206786938,1,0,"Standard",0,0,0,0,1,0.642857142857143,9842.55555555555,0,33846
"STU000626",2016,"Female","Hispanic",0,1,0,0,1,2.47925767046943,1,0,"Standard",1,1,1,0,1,0.607142857142857,18230.8823529412,0,41282
"STU000627",2016,"Female","White",0,1,0,0,1,3.46434609588467,1,0,"Standard",0,0,0,0,1,0.535714285714286,10156.7333333333,0,41682
"STU000628",2016,"Female","White",0,0,0,0,1,3.17215533652432,1,0,"NonCompletion",0,0,0,0,1,0.642857142857143,11782.6111111111,0,37854
"STU000629",2016,"Male","Black",0,0,0,0,0,1.56365952222503,0,0,"Standard",0,0,0,0,1,0.785714285714286,10803.9545454545,1,45055
"STU000630",2016,"Female","White",1,0,1,0,0,2.96497533814986,0,0,"Standard",1,0,1,1,1,0.392857142857143,9924.54545454545,0,0
"STU000631",2016,"Female","White",0,1,0,0,0,3.31579623153027,0,1,"Standard",1,0,0,1,1,0.285714285714286,12437.875,0,43063
"STU000632",2016,"NonBinary_Other","White",1,0,1,0,1,2.75503657066974,1,0,"Standard",1,0,1,1,1,0.214285714285714,16488.8333333333,0,48315
"STU000633",2016,"Male","AmericanIndian",0,1,0,0,1,2.06308971734731,1,0,"Standard",0,0,0,0,1,0.321428571428571,13061.5555555556,0,27601
"STU000634",2016,"Female","MultiRacial",0,0,0,0,0,3.12426223924298,0,0,"Standard",1,0,0,1,0,0,NA,0,0
"STU000635",2016,"Male","White",1,0,0,0,0,2.41120784437514,0,0,"Standard",0,0,0,0,1,0.214285714285714,9686,0,10738
"STU000636",2016,"Female","Hispanic",1,0,0,0,1,3.3403663331818,1,0,"Standard",0,0,0,0,1,0.142857142857143,21528.75,0,59319
"STU000637",2016,"Female","Hispanic",0,0,0,0,1,3.39522584936477,1,0,"Standard",0,0,0,0,1,0.678571428571429,10254.5263157895,1,48944
"STU000638",2016,"Female","Black",0,1,0,0,1,2.06384962887825,1,0,"Standard",0,0,0,0,1,0.25,7563.14285714286,0,0
"STU000639",2016,"Male","Black",0,1,0,0,1,2.53257588059879,1,1,"Standard",0,0,0,0,1,0.75,11905.1428571429,1,52157
"STU000640",2016,"Male","Hispanic",0,0,0,0,1,1.87395155548389,1,0,"Standard",0,0,0,0,1,0.571428571428571,12776.5,1,58247
"STU000641",2016,"Female","White",0,0,1,0,0,NA,0,0,"Standard",1,1,1,0,1,0.607142857142857,13207.8823529412,0,59744
"STU000642",2016,"Male","Hispanic",1,0,0,0,1,2.37109480665423,1,0,"Standard",1,0,0,1,1,0.571428571428571,12908.0625,0,55847
"STU000643",2016,"Male","White",1,1,0,0,0,3.78436663927332,0,0,"Advanced",0,0,0,0,1,0.321428571428571,12061.7777777778,0,55982
"STU000644",2016,"Male","Hispanic",1,0,0,0,1,2.59260821987161,1,0,"Standard",0,0,0,0,1,0.678571428571429,10492.4210526316,0,34478
"STU000645",2016,"Female","Hispanic",1,1,0,0,0,1.15931868253259,0,0,"Standard",0,0,0,0,1,0.5,12135.1428571429,0,17415
"STU000646",2016,"Female","White",0,0,0,0,0,2.83317836344131,0,0,"Standard",0,0,0,0,1,0.321428571428571,12036.5555555556,0,35045
"STU000647",2016,"Male","AmericanIndian",0,0,0,0,0,2.35642187383194,0,0,"Standard",1,0,1,0,1,0.428571428571429,17006,0,63742
"STU000648",2016,"Female","MultiRacial",1,0,0,0,1,2.38512880388089,1,0,"Standard",0,0,0,0,1,0.714285714285714,13893.7,1,66170
"STU000649",2016,"Male","Hispanic",0,1,1,0,0,2.01583530007834,0,0,"Standard",0,0,0,0,1,0.464285714285714,10499.0769230769,0,0
"STU000650",2016,"Female","Black",0,0,0,0,0,2.45318459154369,0,0,"Standard",0,0,0,0,1,0.5,10679.7857142857,0,18771
"STU000651",2016,"Male","White",0,0,0,0,1,2.03945740142301,1,0,"Standard",0,0,0,0,1,0.678571428571429,8840.63157894737,0,26756
"STU000652",2016,"Female","MultiRacial",0,0,0,0,0,3.09349762840079,0,0,"Standard",1,0,1,0,1,0.392857142857143,14270.9090909091,0,0
"STU000653",2016,"NonBinary_Other","White",1,1,0,0,0,2.11441172399882,0,0,"Standard",0,0,0,0,1,0.75,11620.2380952381,0,0
"STU000654",2016,"Male","Hispanic",1,0,1,0,1,2.58630084327089,1,0,"Standard",0,0,0,0,1,0.75,9206.71428571429,1,44531
"STU000655",2016,"Female","White",1,1,0,0,0,NA,0,0,"NonCompletion",1,0,0,1,1,0.321428571428571,14489.6666666667,0,0
"STU000656",2016,"Male","Hispanic",0,0,0,0,1,2.35582148757653,1,0,"Standard",0,0,0,0,1,0.535714285714286,9781.6,1,52256
"STU000657",2016,"Male","White",0,1,0,0,1,2.49418823899662,1,0,"Standard",0,0,0,0,1,0.607142857142857,10208.5294117647,0,24445
"STU000658",2016,"Male","Asian",0,0,0,1,1,2.52052953751583,1,0,"Standard",0,0,0,0,1,0.571428571428571,11291.4375,1,48101
"STU000659",2016,"Female","White",0,0,1,0,0,2.11816214723196,0,0,"Standard",0,0,0,0,1,0.5,15623.8571428571,0,15441
"STU000660",2016,"Female","White",1,1,1,0,1,2.76310762160441,1,0,"Standard",1,0,1,0,1,0.535714285714286,10122.9333333333,0,27287
"STU000661",2016,"Male","Black",0,0,0,0,1,1.530824167286,1,0,"NonCompletion",0,0,0,0,1,0.607142857142857,7890.41176470588,0,25692
"STU000662",2016,"Male","White",0,0,0,0,1,2.12810084517636,1,0,"Standard",0,0,0,0,1,0.607142857142857,7904.64705882353,0,0
"STU000663",2016,"Male","Hispanic",0,0,1,0,1,2.2813513784278,1,0,"Standard",0,0,0,0,1,0.75,11057.619047619,0,33965
"STU000664",2016,"Female","White",0,1,0,0,0,3.22733712840354,0,1,"Standard",0,0,0,0,1,0.75,10395.8571428571,1,48308
"STU000665",2016,"Female","White",0,0,0,0,1,2.7141048086471,1,0,"Standard",1,0,1,0,0,0,NA,0,0
"STU000666",2016,"Male","White",1,0,1,0,0,2.23715002076232,0,0,"Standard",0,0,0,0,1,0.642857142857143,12600.6666666667,0,40787
"STU000667",2016,"Female","MultiRacial",0,0,0,0,0,NA,0,0,"NonCompletion",1,0,0,1,1,0.535714285714286,23531.5333333333,0,90243
"STU000668",2016,"Female","White",1,0,0,0,0,3.30054281845219,0,1,"Standard",1,0,0,1,1,0.321428571428571,7619.22222222222,0,40538
"STU000669",2016,"Female","White",1,0,0,0,1,2.1329822859265,1,0,"Standard",0,0,0,0,1,0.5,8444,0,26911
"STU000670",2016,"NonBinary_Other","AmericanIndian",1,0,0,0,1,2.75722516916527,1,0,"Standard",1,1,1,0,1,0.142857142857143,15415,1,61660
"STU000671",2016,"Female","Asian",0,1,0,0,0,3.63881581791409,0,0,"Advanced",1,0,0,1,1,0.5,20372.6428571429,1,104870
"STU000672",2016,"Female","Asian",1,1,0,0,0,2.53485927048563,0,0,"Standard",0,0,0,0,1,0.607142857142857,10675.3529411765,1,47425
"STU000673",2016,"Female","White",0,0,0,1,0,3.42425310347243,0,0,"Standard",1,0,0,1,1,0.535714285714286,11178.8,1,67222
"STU000674",2016,"Female","White",0,1,0,0,0,2.81259287896226,0,0,"Standard",0,0,0,0,1,0.464285714285714,7577.84615384615,0,9657
"STU000675",2016,"Male","Black",0,1,0,0,1,2.73323044872221,1,0,"Standard",1,1,1,0,1,0.0714285714285714,20996,0,41992
"STU000676",2016,"Male","Asian",0,0,1,1,0,2.06734012017225,0,0,"Standard",0,0,0,0,1,0.357142857142857,10259.5,0,0
"STU000677",2016,"Male","Black",0,0,0,0,0,3.11076907565729,0,0,"Standard",1,0,0,1,1,0.25,20335.8571428571,0,45297
"STU000678",2016,"Male","Hispanic",0,0,0,0,0,2.36881495498959,0,0,"Standard",0,0,0,0,1,0.285714285714286,10825.25,0,14793
"STU000679",2016,"Male","MultiRacial",1,0,1,0,0,2.19609386251685,0,0,"NonCompletion",0,0,0,0,1,0.464285714285714,12398.1538461538,0,42510
"STU000680",2016,"Female","Hispanic",0,1,0,0,1,3.09383364738596,1,0,"NonCompletion",0,0,0,0,1,0.75,8957.80952380952,0,18714
"STU000681",2016,"Male","White",1,0,0,0,0,2.49674548572023,0,0,"Standard",1,1,1,0,1,0.571428571428571,15190,0,0
"STU000682",2016,"Male","White",1,0,0,0,0,2.02349539165912,0,0,"Standard",0,0,0,0,1,0.535714285714286,10547.0666666667,0,17647
"STU000683",2016,"Male","MultiRacial",1,0,0,0,1,3.67057631324148,1,1,"Advanced",1,0,0,1,1,0.357142857142857,18588.8,0,60592
"STU000684",2016,"Female","Hispanic",0,0,0,0,1,3.26990258343204,1,1,"Standard",1,0,1,0,1,0.678571428571429,12765.5789473684,0,19207
"STU000685",2016,"Female","AmericanIndian",0,0,0,1,1,3.43584426800004,1,0,"Standard",1,0,0,1,0,0,NA,0,0
"STU000686",2016,"Female","Black",0,1,1,0,1,2.74076440021158,1,0,"Standard",0,0,0,0,1,0.678571428571429,11878.7894736842,1,64536
"STU000687",2016,"Female","White",0,1,0,0,0,2.7107446923161,0,0,"Standard",1,1,1,0,1,0.678571428571429,13717.3157894737,0,34890
"STU000688",2016,"Male","Hispanic",1,0,0,0,1,3.14093717681892,1,1,"Standard",1,0,1,0,1,0.107142857142857,14212.3333333333,0,12509
"STU000689",2016,"Male","White",0,1,0,0,1,2.25660259193007,1,0,"Standard",0,0,0,0,1,0.535714285714286,11062.3333333333,1,46852
"STU000690",2016,"Female","Hispanic",0,0,0,0,1,1.94125274475107,1,1,"Standard",1,0,1,0,1,0.785714285714286,18954.3181818182,1,73100
"STU000691",2016,"Female","White",0,1,0,0,0,3.62330617735894,0,0,"Advanced",1,0,1,0,1,0.642857142857143,8947.94444444445,1,49036
"STU000692",2016,"NonBinary_Other","Black",0,1,1,1,1,2.94718589757496,1,0,"Standard",0,0,0,0,1,0.607142857142857,14919.9411764706,0,71290
"STU000693",2016,"Female","White",1,1,0,0,1,3.11391956463802,1,0,"Standard",0,0,0,0,1,0.75,8784.09523809524,0,31786
"STU000694",2016,"Female","White",0,0,0,0,0,2.8301218882892,0,0,"Standard",1,0,0,1,1,0.607142857142857,10851.6470588235,0,41266
"STU000695",2016,"Male","Other",0,1,0,0,0,2.80986545954071,0,0,"Standard",0,0,0,0,1,0.571428571428571,10492.5625,1,49918
"STU000696",2016,"Male","White",0,0,0,0,1,2.73207029354222,1,0,"Standard",1,1,1,0,1,0.535714285714286,16423.3333333333,0,0
"STU000697",2016,"Male","Hispanic",0,1,0,0,0,1.91097354478522,0,0,"Standard",0,0,0,0,1,0.428571428571429,9424.75,0,0
"STU000698",2016,"Female","Hispanic",1,1,0,0,1,2.18811993079956,1,0,"Standard",0,0,0,0,1,0.642857142857143,10016.1666666667,0,15140
"STU000699",2016,"Female","Hispanic",0,0,0,0,1,2.8916420776343,1,0,"Standard",0,0,0,0,1,0.821428571428571,12919.1739130435,1,73682
"STU000700",2016,"Female","White",1,1,0,0,0,2.70749012031256,0,1,"NonCompletion",0,0,0,0,1,0.607142857142857,11440.3529411765,1,54093
"STU000701",2016,"Male","Asian",0,0,0,0,0,3.52984789248861,0,1,"Advanced",1,0,0,1,1,0.214285714285714,17875.3333333333,0,67413
"STU000702",2016,"Male","Hispanic",1,0,0,0,0,2.66334181003511,0,0,"Standard",0,0,0,0,1,0.571428571428571,9635.8125,1,42878
"STU000703",2016,"Male","Hispanic",1,1,0,0,0,1.56630620003921,0,0,"Standard",0,0,0,0,1,0.678571428571429,9501.52631578947,0,21026
"STU000704",2016,"Female","White",1,0,0,0,0,2.67801492803644,0,0,"NonCompletion",0,0,0,0,1,0.607142857142857,10587,1,47463
"STU000705",2016,"Male","MultiRacial",1,0,0,1,0,3.40117358386196,0,0,"Standard",1,0,0,1,1,0.357142857142857,8082,0,8073
"STU000706",2016,"Female","Hispanic",0,0,0,0,0,2.90827947388965,0,0,"Standard",0,0,0,0,1,0.5,11451.6428571429,0,0
"STU000707",2016,"Female","Hispanic",0,0,0,0,0,2.25064461367737,0,0,"Standard",0,0,0,0,1,0.75,11478.1428571429,1,60026
"STU000708",2016,"Male","Asian",0,1,0,0,0,2.83194308530935,0,0,"Standard",1,0,1,1,1,0.535714285714286,10159.7333333333,1,65934
"STU000709",2016,"Male","Hispanic",0,0,0,0,1,3.00473487448767,1,0,"Standard",0,0,0,0,1,0.464285714285714,10290.3076923077,0,27157
"STU000710",2016,"Male","White",1,0,0,0,0,3.49115518260189,0,1,"Standard",0,0,0,0,1,0.642857142857143,16703.8888888889,0,11151
"STU000711",2016,"Male","White",0,1,0,0,1,3.14765654472514,1,0,"Standard",1,0,0,1,1,0.178571428571429,12557.2,0,0
"STU000712",2016,"Female","White",0,0,1,0,0,2.24634846861024,0,0,"Standard",0,0,0,0,1,0.357142857142857,12510.4,0,13419
"STU000713",2016,"Female","White",0,0,0,0,0,3.82557880398095,0,0,"Advanced",1,0,0,1,1,0.142857142857143,25085.5,0,17139
"STU000714",2016,"NonBinary_Other","Hispanic",0,1,0,0,0,3.03005916767892,0,0,"Standard",1,0,0,1,0,0,NA,0,0
"STU000715",2016,"Male","Hispanic",0,0,0,1,1,2.62655033118913,1,0,"Standard",1,0,0,1,1,0.428571428571429,7291,0,37095
"STU000716",2016,"Female","MultiRacial",1,0,1,0,1,1.82355100303042,1,0,"Standard",0,0,0,0,1,0.857142857142857,9846.04166666667,1,34442
"STU000717",2016,"Male","White",0,1,0,0,0,2.35785926382672,0,0,"Standard",0,0,0,0,1,0.821428571428571,11267.5217391304,1,53326
"STU000718",2016,"Female","MultiRacial",1,0,0,0,0,2.51328345587847,0,0,"Standard",0,0,0,0,1,0.535714285714286,11320.8,0,15638
"STU000719",2016,"Male","White",0,0,0,0,0,3.56914093172383,0,0,"Advanced",1,0,0,1,0,0,NA,0,0
"STU000720",2016,"Male","Hispanic",1,1,0,0,1,2.0723759095265,1,0,"Standard",0,0,0,0,1,0.75,11901.8095238095,1,49412
"STU000721",2016,"Female","White",0,0,0,0,0,3.52660284295942,0,0,"Advanced",1,0,0,1,1,0.428571428571429,16144.5,0,62776
"STU000722",2016,"Female","Asian",0,0,1,0,0,1.96423643580876,0,0,"Standard",0,0,0,0,1,0.678571428571429,10635.8947368421,1,44712
"STU000723",2016,"Female","Other",0,0,1,0,1,2.43692479474321,1,0,"Standard",0,0,0,0,0,0,NA,0,0
"STU000724",2016,"Female","Hispanic",0,1,0,0,0,3.3874891148543,0,1,"Standard",1,0,0,1,1,0.107142857142857,27240,0,81720
"STU000725",2016,"Male","White",0,0,1,0,0,3.08880746994859,0,0,"Standard",0,0,0,0,1,0.535714285714286,11039.1333333333,0,10675
"STU000726",2016,"Male","MultiRacial",0,0,0,0,1,2.23165566381775,1,1,"Standard",0,0,0,0,1,0.821428571428571,9799.47826086957,1,35682
"STU000727",2016,"Male","White",0,1,1,0,0,2.95900245340753,0,1,"Standard",1,0,0,1,1,0.25,13853.2857142857,0,11859
"STU000728",2016,"Female","Hispanic",1,1,0,0,0,3.00913896212822,0,0,"Standard",1,0,0,1,1,0.75,10114.7142857143,0,49204
"STU000729",2016,"Female","Asian",0,1,0,0,0,3.04272484138075,0,1,"Standard",1,0,1,0,1,0.428571428571429,10884.9166666667,0,38968
"STU000730",2016,"Male","Asian",1,1,0,0,0,3.5985745651971,0,1,"Advanced",1,0,0,1,1,0.25,15266.5714285714,0,19154
"STU000731",2016,"Female","White",1,1,0,0,0,2.94771429940394,0,0,"Standard",0,0,0,0,1,0.75,9662.14285714286,0,33136
"STU000732",2016,"Male","Asian",0,1,0,0,1,3.44395198277442,1,0,"Standard",0,0,0,0,1,0.535714285714286,13079.0666666667,1,50126
"STU000733",2016,"Female","Asian",0,1,0,0,0,2.94427510553614,0,1,"Standard",1,0,0,1,0,0,NA,0,0
"STU000734",2016,"Male","AmericanIndian",0,1,0,0,1,1.80293731789895,1,1,"NonCompletion",0,0,0,0,1,0.607142857142857,9311.52941176471,0,0
"STU000735",2016,"Female","White",0,0,1,0,0,2.75551696171116,0,0,"Standard",0,0,0,0,1,0.642857142857143,15023.3888888889,0,65397
"STU000736",2016,"Male","Black",0,0,0,0,1,1.64630323966641,1,0,"Standard",0,0,0,0,1,0.642857142857143,10783.6111111111,0,33358
"STU000737",2016,"Male","White",1,0,0,0,1,2.08961871329323,1,0,"Standard",0,0,0,0,1,0.0714285714285714,12437.5,0,10532
"STU000738",2016,"Female","Other",1,1,1,0,0,3.1887795560841,0,0,"Standard",0,0,0,0,1,0.714285714285714,9871.7,1,53207
"STU000739",2016,"Male","Hispanic",1,1,0,0,0,2.83842471724388,0,0,"Standard",0,0,0,0,1,0.785714285714286,9769.90909090909,1,50732
"STU000740",2016,"Female","Asian",0,1,0,0,1,2.63422590189723,1,0,"Standard",0,0,0,0,1,0.357142857142857,9904.9,0,12887
"STU000741",2016,"Male","White",0,0,0,0,0,2.37517883780619,0,0,"Standard",0,0,0,0,1,0.642857142857143,9702.38888888889,0,23940
"STU000742",2016,"Male","Black",0,0,0,0,1,2.96360931011044,1,0,"Standard",1,0,0,1,1,0.357142857142857,11231.3,0,28157
"STU000743",2016,"Female","White",1,0,0,0,1,1.9818204513398,1,0,"Standard",0,0,0,0,1,0.535714285714286,9939.6,0,27433
"STU000744",2016,"Female","White",1,1,0,0,1,2.26728274412867,1,0,"Standard",0,0,0,0,1,0.678571428571429,11638.3157894737,1,52069
"STU000745",2016,"Male","White",0,0,0,1,1,2.82337847170966,1,1,"Standard",1,0,0,1,0,0,NA,0,0
"STU000746",2016,"Male","AmericanIndian",0,0,0,0,0,2.92419203232231,0,0,"Standard",0,0,0,0,1,0.428571428571429,14426,1,55149
"STU000747",2016,"NonBinary_Other","MultiRacial",0,0,0,0,1,2.14262655973849,1,0,"Standard",0,0,0,0,1,0.642857142857143,10175.8888888889,0,43471
"STU000748",2016,"Female","AmericanIndian",0,0,0,0,1,1.64384667569056,1,0,"NonCompletion",0,0,0,0,1,0.785714285714286,8242.59090909091,0,24218
"STU000749",2016,"Male","MultiRacial",1,1,1,0,0,2.24745161518904,0,0,"Standard",0,0,0,0,1,0.714285714285714,10235.75,1,53169
"STU000750",2016,"Female","White",0,1,0,0,1,3.35357605815484,1,0,"Standard",1,0,1,0,1,0.5,12117.5714285714,0,39382
"STU000751",2016,"Male","White",0,0,0,0,0,2.75749225026407,0,1,"Standard",0,0,0,0,1,0.0357142857142857,14493,0,14493
"STU000752",2016,"Female","Hispanic",0,1,0,1,0,3.44555681324806,0,0,"Standard",0,0,0,0,1,0.821428571428571,12581.3913043478,0,61163
"STU000753",2016,"Male","White",0,1,0,0,0,1.99235097114783,0,0,"Standard",1,0,1,0,1,0.25,16287.4285714286,0,36866
"STU000754",2016,"Female","Asian",1,0,1,0,0,3.81644507380534,0,0,"Advanced",1,0,1,0,1,0.642857142857143,11702.8333333333,0,42524
"STU000755",2016,"Male","Other",1,0,0,0,0,2.52209621550992,0,0,"Standard",0,0,0,0,0,0,NA,0,0
"STU000756",2016,"Male","White",0,0,0,0,0,2.34160853410933,0,0,"Standard",1,0,1,0,1,0.321428571428571,11528.3333333333,0,11953
"STU000757",2016,"Female","White",1,0,0,0,0,2.26722518998566,0,0,"Standard",0,0,0,0,1,0.678571428571429,9251.57894736842,0,0
"STU000758",2016,"Female","White",0,0,0,0,1,2.04210356781349,1,0,"Standard",0,0,0,0,1,0.392857142857143,10116.0909090909,0,9906
"STU000759",2016,"Male","White",0,1,0,0,0,2.57708112816238,0,0,"Standard",0,0,0,0,1,0.678571428571429,15145.8947368421,0,15621
"STU000760",2016,"Male","Hispanic",0,0,0,0,1,2.19922264766364,1,0,"Standard",0,0,0,0,1,0.714285714285714,10759.65,0,0
"STU000761",2016,"Female","MultiRacial",0,0,1,0,0,2.22766976167978,0,0,"NonCompletion",0,0,0,0,1,0.607142857142857,10360.5294117647,1,37180
"STU000762",2016,"Female","Black",0,1,0,0,0,2.88734349716057,0,1,"Standard",0,0,0,0,1,0.535714285714286,10327.4666666667,0,19323
"STU000763",2016,"Female","Asian",0,0,0,0,1,2.04311797984555,1,0,"Standard",0,0,0,0,1,0.464285714285714,8260.69230769231,0,12920
"STU000764",2016,"Male","Hispanic",0,1,0,0,0,3.14661570683854,0,0,"Standard",1,0,1,0,1,0.714285714285714,6932.65,0,10294
"STU000765",2016,"Female","Hispanic",0,0,0,0,1,2.67470080064471,1,0,"Standard",0,0,0,0,1,0.535714285714286,11772,0,27658
"STU000766",2016,"Female","MultiRacial",0,0,0,0,1,2.43648474289059,1,0,"Standard",0,0,0,0,1,0.75,7732.2380952381,1,44631
"STU000767",2016,"Female","White",0,1,0,0,0,2.42481208249174,0,0,"Standard",1,0,1,0,0,0,NA,0,0
"STU000768",2016,"Female","AmericanIndian",0,1,0,0,1,2.3456281087802,1,1,"Standard",0,0,0,0,1,0.678571428571429,11390.3684210526,1,52518
"STU000769",2016,"Male","Black",0,1,0,1,1,2.39344735393134,1,0,"NonCompletion",0,0,0,0,0,0,NA,0,0
"STU000770",2016,"Male","White",0,1,0,0,0,3.84209734242526,0,0,"Advanced",1,0,0,1,0,0,NA,0,0
"STU000771",2016,"Female","White",0,1,0,0,0,3.23902163680813,0,1,"Standard",0,0,0,0,1,0.321428571428571,16712.6666666667,0,46533
"STU000772",2016,"Female","White",1,1,1,0,0,2.71820167836407,0,0,"Standard",0,0,0,0,1,0.535714285714286,8706.26666666667,0,8710
"STU000773",2016,"Female","Hispanic",0,1,1,1,0,2.57019683557281,0,0,"Standard",0,0,0,0,1,0.678571428571429,11502.5263157895,0,9384
"STU000774",2016,"NonBinary_Other","White",0,1,0,0,1,2.54251661494919,1,0,"Standard",0,0,0,0,1,0.464285714285714,13231.3076923077,1,67230
"STU000775",2016,"Female","Black",1,0,1,0,1,1.53210511698189,1,0,"Standard",0,0,0,0,1,0.571428571428571,10532.625,0,21091
"STU000776",2016,"Female","White",0,0,0,0,0,3.51669279725952,0,0,"Advanced",1,0,0,1,1,0.214285714285714,22968.8333333333,0,0
"STU000777",2016,"Female","White",0,1,0,1,0,3.26429764999569,0,1,"Standard",0,0,0,0,0,0,NA,0,0
"STU000778",2016,"Male","White",0,1,0,0,0,1.93953825853424,0,1,"Standard",0,0,0,0,1,0.392857142857143,9385.81818181818,0,0
"STU000779",2016,"Male","White",0,0,1,0,0,2.79908784014568,0,0,"Standard",0,0,0,0,1,0.464285714285714,9280,0,31272
"STU000780",2016,"Male","Black",0,0,0,0,1,2.33075128041282,1,0,"Standard",1,1,1,0,1,0.321428571428571,14246.8888888889,0,44258
"STU000781",2016,"Male","White",0,1,0,0,0,3.92727755461234,0,0,"Advanced",1,0,0,1,1,0.535714285714286,15672.2666666667,1,68146
"STU000782",2016,"Male","Asian",1,0,0,0,1,2.35717290851082,1,1,"Standard",0,0,0,0,1,0.642857142857143,13310.7777777778,0,56883
"STU000783",2016,"Male","White",0,0,0,0,0,2.32673583943598,0,0,"Standard",0,0,0,0,1,0.678571428571429,10943.7894736842,0,12050
"STU000784",2016,"Male","Hispanic",0,1,0,0,1,2.54497854090194,1,0,"Standard",0,0,0,0,1,0.285714285714286,9039,1,44909
"STU000785",2016,"Male","Hispanic",0,1,0,0,1,2.25627944828112,1,0,"Standard",1,1,1,0,1,0.535714285714286,12985.8,0,48085
"STU000786",2016,"NonBinary_Other","White",1,0,0,1,0,1.87963984467771,0,0,"NonCompletion",0,0,0,0,1,0.642857142857143,9638.44444444445,0,36431
"STU000787",2016,"Male","MultiRacial",1,0,0,0,0,3.11673286735614,0,0,"Standard",1,1,0,0,1,1,14658.4285714286,1,62601
"STU000788",2016,"NonBinary_Other","White",0,0,0,0,1,3.0136755826279,1,0,"Standard",0,0,0,0,1,0.107142857142857,10711,0,32133
"STU000789",2016,"Female","White",0,0,1,0,0,2.96292398112058,0,1,"Standard",1,0,0,1,1,0.607142857142857,14342.8823529412,0,47067
"STU000790",2016,"Male","Hispanic",0,0,1,0,1,2.30154345603611,1,0,"Standard",0,0,0,0,1,0.714285714285714,7446.7,0,31692
"STU000791",2016,"Female","White",0,1,0,0,0,2.48133266319313,0,1,"Standard",0,0,0,0,1,0.821428571428571,9674.08695652174,0,34399
"STU000792",2016,"Male","Hispanic",1,0,1,0,1,2.42126032731056,1,0,"Standard",1,0,1,1,1,0.214285714285714,19405.8333333333,1,82447
"STU000793",2016,"Female","Black",1,1,1,0,0,2.29460526893508,0,0,"Standard",0,0,0,0,1,0.464285714285714,8825.46153846154,0,32908
"STU000794",2016,"Female","Black",0,1,0,1,0,2.10627852654902,0,0,"Standard",0,0,0,0,1,0.5,9235,1,38690
"STU000795",2016,"Female","Black",0,0,0,0,0,2.44107795479421,0,1,"Standard",0,0,0,0,1,0.464285714285714,11317.1538461538,0,21462
"STU000796",2016,"Female","Asian",0,0,0,0,0,2.62093748977181,0,0,"Standard",1,1,1,0,1,0.285714285714286,20933.875,0,0
"STU000797",2016,"Male","White",0,1,0,0,0,2.14448219873394,0,0,"Standard",0,0,0,0,1,0.464285714285714,9945.53846153846,0,6886
"STU000798",2016,"Female","White",0,1,0,0,0,2.74350005460658,0,0,"Standard",1,0,1,0,1,0.285714285714286,16916.375,1,93305
"STU000799",2016,"Male","White",0,0,0,0,1,3.17470276623983,1,0,"Standard",0,0,0,0,1,0.75,10422.8571428571,1,45698
"STU000800",2016,"Male","Asian",0,1,0,0,0,3.97974050201149,0,0,"Advanced",1,0,0,1,1,0.571428571428571,13623.5625,0,39774
"STU000801",2016,"Female","White",0,1,0,0,1,3.45824199041492,1,0,"Standard",1,0,0,1,1,0.642857142857143,13656.8333333333,1,74897
"STU000802",2016,"Female","Black",0,0,0,0,1,1.75693327388774,1,0,"Standard",0,0,0,0,1,0.821428571428571,11712.8695652174,1,47166
"STU000803",2016,"Male","White",1,1,0,0,0,2.0959370853395,0,1,"Standard",0,0,0,0,1,0.714285714285714,6869.3,1,33114
"STU000804",2016,"Female","Asian",0,1,0,0,0,4,0,1,"Advanced",1,0,0,1,1,0.0714285714285714,25996.5,0,51993
"STU000805",2016,"Male","Black",1,1,1,0,1,2.70441060534876,1,0,"Standard",0,0,0,0,1,0.642857142857143,9649.94444444445,0,9961
"STU000806",2016,"Female","AmericanIndian",0,0,0,0,1,2.54174625399686,1,1,"NonCompletion",0,0,0,0,1,0.607142857142857,8601.82352941176,0,9080
"STU000807",2016,"Female","White",1,0,0,0,0,2.32780453159907,0,0,"Standard",0,0,0,0,0,0,NA,0,0
"STU000808",2016,"Female","Asian",0,1,0,0,1,2.06888517012941,1,0,"Standard",0,0,0,0,1,0.607142857142857,8768.47058823529,0,0
"STU000809",2016,"Female","Hispanic",1,0,0,1,0,2.07679724395083,0,0,"Standard",0,0,0,0,1,0.464285714285714,10091.8461538462,0,18555
"STU000810",2016,"Female","Hispanic",0,0,0,0,1,1.93639365748181,1,0,"Standard",0,0,0,0,1,0.357142857142857,17868.4,0,25094
"STU000811",2016,"Female","Asian",0,0,0,0,0,3.85843885455318,0,1,"Advanced",1,0,0,1,1,0.464285714285714,20223.1538461538,0,64027
"STU000812",2016,"Female","White",0,0,0,0,0,3.91406002677965,0,0,"Advanced",1,0,0,1,1,0.571428571428571,10105.25,0,0
"STU000813",2016,"Male","White",0,0,0,0,0,3.59030891644534,0,1,"Advanced",0,0,0,0,1,0.678571428571429,16393.4210526316,1,78646
"STU000814",2016,"Male","Hispanic",1,0,0,0,1,2.72375038500372,1,0,"Standard",0,0,0,0,1,0.607142857142857,11437.2352941176,0,7803
"STU000815",2016,"Female","White",0,1,0,0,0,3.99717070009436,0,0,"Advanced",1,0,0,1,1,0.25,16785.7142857143,0,54291
"STU000816",2016,"Male","AmericanIndian",0,1,1,0,1,3.24425450439875,1,0,"Standard",1,0,0,1,1,0.321428571428571,8415,0,22171
"STU000817",2016,"Female","White",0,0,1,0,0,2.60190824922436,0,0,"Standard",0,0,0,0,1,0.714285714285714,9766.4,1,41113
"STU000818",2016,"Male","Black",0,0,0,0,1,2.97702404413877,1,0,"Standard",0,0,0,0,1,0.357142857142857,10305.5,0,12175
"STU000819",2016,"Female","White",0,0,1,0,0,3.05377657532754,0,0,"Standard",0,0,0,0,1,0.428571428571429,13391.0833333333,0,27919
"STU000820",2016,"Female","White",0,0,0,0,0,3.0956079866276,0,1,"Standard",0,0,0,0,1,0.535714285714286,11208.9333333333,0,15889
"STU000821",2016,"Female","Black",1,0,0,0,1,2.24745652015859,1,0,"Standard",1,0,1,0,1,0.5,12280,0,8753
"STU000822",2016,"Male","White",0,0,0,0,1,3.10875771718287,1,0,"Standard",1,0,0,1,1,0.178571428571429,22311.4,0,13812
"STU000823",2016,"Female","White",0,0,0,0,0,2.51021340509027,0,0,"Standard",0,0,0,0,1,0.0714285714285714,11930,0,0
"STU000824",2016,"Male","Hispanic",0,0,0,0,1,2.94250554481369,1,0,"Standard",1,0,1,0,1,0.785714285714286,12274.5909090909,1,46698
"STU000825",2016,"Female","Hispanic",0,1,0,0,0,2.21490167877874,0,0,"Standard",0,0,0,0,1,0.535714285714286,8195.26666666667,1,33243
"STU000826",2016,"Male","White",1,0,0,0,0,2.45020597296583,0,0,"Standard",0,0,0,0,1,0.428571428571429,11411.4166666667,0,0
"STU000827",2016,"Female","White",1,0,0,0,0,2.80250978524204,0,0,"Standard",1,1,0,0,1,0.571428571428571,14637.1875,0,0
"STU000828",2016,"Male","MultiRacial",1,0,0,0,1,2.03541386378518,1,0,"Standard",0,0,0,0,0,0,NA,0,0
"STU000829",2016,"Male","White",0,0,0,0,0,2.29883389532586,0,0,"Standard",1,0,1,0,1,0.392857142857143,12475.8181818182,0,47969
"STU000830",2016,"Male","Asian",0,0,1,0,1,2.54267317775878,1,0,"Standard",1,0,0,1,1,0.571428571428571,10775.8125,1,58134
"STU000831",2016,"Female","Hispanic",0,1,0,0,0,3.03451877761986,0,1,"Standard",0,0,0,0,1,0.607142857142857,12968.8235294118,0,18379
"STU000832",2016,"Male","White",0,1,1,0,0,3.51108248499808,0,0,"Advanced",1,0,0,1,0,0,NA,0,0
"STU000833",2016,"Female","White",0,0,0,0,1,2.33352782796595,1,0,"Standard",0,0,0,0,1,0.75,11669.0952380952,1,55173
"STU000834",2016,"Female","White",0,0,0,0,0,2.76211117814744,0,0,"Standard",0,0,0,0,1,0.75,12159.4761904762,0,26403
"STU000835",2016,"Male","White",0,1,0,0,0,3.3873023096945,0,0,"Standard",1,0,0,1,1,0.607142857142857,10448.8235294118,0,41153
"STU000836",2016,"Female","White",0,1,0,1,0,3.05540600272518,0,1,"Standard",1,0,0,1,1,0.321428571428571,9301.22222222222,0,25713
"STU000837",2016,"Female","Hispanic",1,0,0,0,1,2.46063611238314,1,0,"Standard",0,0,0,0,0,0,NA,0,0
"STU000838",2016,"Female","White",0,0,1,0,0,1.99994227976952,0,0,"NonCompletion",0,0,0,0,1,0.75,13976.380952381,0,58159
"STU000839",2016,"Male","Hispanic",0,0,0,0,0,2.88463529263228,0,0,"Standard",0,0,0,0,1,0.678571428571429,12467.4736842105,0,43228
"STU000840",2016,"Male","White",0,0,0,0,1,3.02210064350033,1,1,"Standard",1,0,0,1,1,0.857142857142857,12586.1666666667,1,68205
"STU000841",2016,"Male","MultiRacial",0,0,0,0,1,3.05506699295334,1,1,"Standard",1,0,0,1,1,0.571428571428571,8482.1875,0,14967
"STU000842",2016,"Male","White",0,1,0,0,1,2.37082235813197,1,1,"Standard",0,0,0,0,0,0,NA,0,0
"STU000843",2016,"Male","Black",1,1,1,0,0,2.37841223631095,0,0,"Standard",1,1,1,0,1,0.571428571428571,11936.5625,0,30790
"STU000844",2016,"Male","Black",0,0,0,1,0,2.6703756047594,0,0,"Standard",0,0,0,0,1,0.678571428571429,11156.5789473684,1,62644
"STU000845",2016,"Female","White",0,0,0,0,1,2.12963301805579,1,0,"Standard",0,0,0,0,1,0.428571428571429,10761,0,40112
"STU000846",2016,"Male","White",0,0,0,0,0,2.94247455933818,0,0,"Standard",1,0,1,0,1,0.214285714285714,13693.8333333333,0,37046
"STU000847",2016,"Male","Other",1,0,0,0,0,2.92093878340489,0,0,"NonCompletion",0,0,0,0,1,0.392857142857143,12936.4545454545,0,17015
"STU000848",2016,"Female","White",1,1,0,0,1,NA,1,1,"Standard",0,0,0,0,1,0.214285714285714,14310,0,0
"STU000849",2016,"Female","Asian",0,1,0,0,0,2.16815794841172,0,0,"Standard",1,0,1,0,1,0.428571428571429,14040.5,0,12436
"STU000850",2016,"Female","Hispanic",0,0,0,0,0,3.59904577186445,0,0,"Advanced",1,0,0,1,1,0.321428571428571,15850.8888888889,0,19159
"STU000851",2016,"Female","White",0,0,0,0,1,1.97873599445097,1,0,"NonCompletion",0,0,0,0,1,0.5,12950.5714285714,0,46427
"STU000852",2016,"Female","White",0,0,1,0,0,3.19209612791731,0,0,"Standard",1,0,0,1,1,0.464285714285714,13430.0769230769,0,17079
"STU000853",2016,"Female","MultiRacial",0,1,0,0,1,3.28632498775106,1,0,"Standard",0,0,0,0,1,0.392857142857143,17986.3636363636,0,41899
"STU000854",2016,"Male","White",0,0,1,0,0,1.91335194031133,0,0,"Standard",0,0,0,0,1,0.642857142857143,12197,1,56146
"STU000855",2016,"Male","White",1,1,1,0,1,2.06583509356149,1,0,"NonCompletion",0,0,0,0,1,0.464285714285714,10424.9230769231,0,0
"STU000856",2016,"Female","Hispanic",0,1,1,0,0,1.87133869473205,0,1,"Standard",0,0,0,0,1,0.892857142857143,10386.04,0,23921
"STU000857",2016,"Male","AmericanIndian",0,0,0,0,1,1.8673561629406,1,0,"NonCompletion",0,0,0,0,1,0.642857142857143,8660.05555555555,1,47506
"STU000858",2016,"Male","White",1,0,0,1,0,2.36499522571368,0,0,"Standard",0,0,0,0,1,0.357142857142857,6544.1,0,0
"STU000859",2016,"Male","White",0,0,0,0,0,3.14676884586067,0,0,"Standard",1,0,0,1,1,0.142857142857143,8459.5,0,15355
"STU000860",2016,"Female","White",1,1,0,0,1,2.0763508412447,1,0,"Standard",0,0,0,0,0,0,NA,0,0
"STU000861",2016,"Male","Hispanic",0,1,1,0,1,3.14621425863411,1,0,"Standard",1,1,1,0,1,0.214285714285714,15630.6666666667,1,68466
"STU000862",2016,"Female","White",0,1,0,0,1,2.30759743326574,1,1,"Standard",0,0,0,0,1,0.571428571428571,9690.875,0,35645
"STU000863",2016,"Male","White",1,0,1,0,0,2.28439019643191,0,0,"Standard",0,0,0,0,1,0.321428571428571,9868.22222222222,0,10160
"STU000864",2016,"Female","Hispanic",0,0,0,0,0,2.48460629316226,0,0,"Standard",0,0,0,0,1,0.321428571428571,6132.66666666667,0,10175
"STU000865",2016,"Female","White",1,1,0,0,0,2.83923066695132,0,0,"Standard",0,0,0,0,1,0.357142857142857,9641.1,1,39808
"STU000866",2016,"Female","Black",0,1,0,0,1,2.2050845795412,1,0,"Standard",0,0,0,0,1,0.5,10568.2142857143,0,19703
"STU000867",2016,"Male","White",1,0,0,0,0,2.23120692503164,0,0,"Standard",0,0,0,0,1,0.535714285714286,12607.4,0,31811
"STU000868",2016,"Female","White",0,1,0,0,0,2.1718925618111,0,0,"Standard",0,0,0,0,1,0.607142857142857,9074.58823529412,0,16080
"STU000869",2016,"NonBinary_Other","Hispanic",0,1,0,0,0,1.99818147446179,0,0,"Standard",1,0,1,0,0,0,NA,0,0
"STU000870",2016,"Female","White",0,1,0,0,1,2.58154195525772,1,0,"Standard",0,0,0,0,1,0.392857142857143,10957.3636363636,0,18159
"STU000871",2016,"Female","White",0,0,0,0,1,1.8287362215382,1,0,"Standard",0,0,0,0,1,0.75,8986.09523809524,0,21892
"STU000872",2016,"Male","White",0,0,1,1,0,1.43273488280508,0,0,"Standard",0,0,0,0,1,0.607142857142857,9095.23529411765,0,28451
"STU000873",2016,"Male","Hispanic",0,0,0,0,0,2.11373381300583,0,0,"Standard",0,0,0,0,1,0.607142857142857,10776.2941176471,0,37174
"STU000874",2016,"Female","White",0,1,0,1,0,2.09959003937986,0,0,"Standard",0,0,0,0,1,0.714285714285714,8812.1,0,20599
"STU000875",2016,"Male","Hispanic",0,1,0,0,0,2.81357461987983,0,0,"Standard",0,0,0,0,1,0.678571428571429,7889.63157894737,0,29230
"STU000876",2016,"Male","Hispanic",1,1,0,0,0,2.29941135216477,0,0,"Standard",0,0,0,0,1,0.642857142857143,7778.61111111111,0,0
"STU000877",2016,"Male","Hispanic",0,1,0,0,0,2.50178851997409,0,0,"Standard",0,0,0,0,1,0.392857142857143,10833.9090909091,0,0
"STU000878",2016,"Female","Hispanic",0,1,0,0,0,3.15278752816378,0,0,"Standard",0,0,0,0,1,0.535714285714286,9690.86666666667,0,36998
"STU000879",2016,"Male","MultiRacial",1,0,0,0,1,2.69540405423829,1,0,"Standard",0,0,0,0,1,0.428571428571429,10354.4166666667,0,25813
"STU000880",2016,"Male","Hispanic",0,1,0,0,1,2.49912416790022,1,0,"Standard",0,0,0,0,1,0.821428571428571,9976.5652173913,1,47685
"STU000881",2016,"Male","White",0,0,0,0,0,2.75423589847195,0,1,"Standard",0,0,0,0,1,0.821428571428571,12809.9565217391,0,42240
"STU000882",2016,"Male","White",0,0,1,1,1,1.95216277794983,1,0,"Standard",0,0,0,0,1,0.571428571428571,11576.3125,0,34101
"STU000883",2016,"Female","White",0,0,0,1,0,3.30829194979182,0,1,"Standard",0,0,0,0,1,0.571428571428571,11637.6875,0,39789
"STU000884",2016,"Female","White",0,0,0,1,0,2.73514203004813,0,0,"Standard",0,0,0,0,1,0.535714285714286,9696.86666666667,1,44813
"STU000885",2016,"Male","Hispanic",1,0,0,0,1,1.78061216879739,1,1,"NonCompletion",0,0,0,0,1,0.607142857142857,13134.8823529412,0,42303
"STU000886",2016,"Female","White",1,0,1,0,1,2.25201344767521,1,0,"Standard",0,0,0,0,1,0.0714285714285714,11809,0,23618
"STU000887",2016,"Female","White",0,1,1,0,0,3.02460797102618,0,1,"Standard",1,0,1,1,1,0.642857142857143,12413.3333333333,1,56273
"STU000888",2016,"Male","White",1,1,0,0,1,2.53419276496267,1,0,"Standard",0,0,0,0,1,0.571428571428571,11037.8125,0,39436
"STU000889",2016,"Female","Hispanic",0,0,0,0,1,2.39453661609601,1,0,"Standard",1,1,1,0,1,0.535714285714286,12808.3333333333,0,46706
"STU000890",2016,"Female","Hispanic",0,1,0,0,1,2.7362187972624,1,0,"Standard",0,0,0,0,1,0.464285714285714,13023.6153846154,1,56497
"STU000891",2016,"Male","White",0,1,0,0,1,2.58647026106263,1,1,"Standard",0,0,0,0,1,0.571428571428571,10190.6875,1,43052
"STU000892",2016,"Female","White",1,1,0,0,1,2.16690490414064,1,0,"Standard",0,0,0,0,1,0.5,13741.5,1,61803
"STU000893",2016,"Female","White",0,1,0,0,0,2.39368053519488,0,1,"NonCompletion",0,0,0,0,1,0.571428571428571,9991.75,0,19634
"STU000894",2016,"Female","White",0,1,0,0,1,2.56076163797337,1,1,"Standard",1,1,0,0,1,0.607142857142857,19585.6470588235,0,63263
"STU000895",2016,"Male","AmericanIndian",1,1,0,0,0,2.39564357374484,0,0,"Standard",1,0,1,0,1,0.535714285714286,14245.7333333333,0,12015
"STU000896",2016,"Male","White",0,1,0,0,0,3.10150768059859,0,0,"Standard",0,0,0,0,1,0.392857142857143,9536.09090909091,0,10003
"STU000897",2016,"Male","White",0,0,0,0,0,2.88183450584292,0,1,"Standard",1,0,1,1,1,0.5,11369.5,1,71093
"STU000898",2016,"Female","Hispanic",1,1,0,0,0,2.48082967256108,0,0,"Standard",0,0,0,0,1,0.464285714285714,13393.2307692308,0,33572
"STU000899",2016,"Female","AmericanIndian",1,1,0,0,1,2.10179480343709,1,0,"Standard",0,0,0,0,1,0.642857142857143,12469.6666666667,0,39366
"STU000900",2016,"Female","MultiRacial",0,0,0,0,1,3.66869132348785,1,0,"Advanced",1,0,0,1,1,0.214285714285714,22564.6666666667,1,73789
"STU000901",2016,"Male","Hispanic",0,0,0,0,1,NA,1,0,"Standard",0,0,0,0,1,0.464285714285714,8776.84615384615,0,23656
"STU000902",2016,"Female","White",1,1,0,0,0,3.74064736379446,0,1,"Advanced",1,0,0,1,1,0.178571428571429,25680.4,0,74347
"STU000903",2016,"Female","White",0,1,0,0,0,2.88727070019243,0,1,"Standard",0,0,0,0,1,0.535714285714286,11612.4666666667,0,13307
"STU000904",2016,"Female","White",0,1,0,0,0,3.6780847885353,0,0,"Advanced",1,0,0,1,0,0,NA,0,0
"STU000905",2016,"Female","Asian",0,1,0,0,1,2.95095657471822,1,0,"Standard",1,0,1,1,1,0.178571428571429,9246.8,0,27348
"STU000906",2016,"Female","White",1,0,0,0,0,2.27779297040352,0,0,"Standard",0,0,0,0,0,0,NA,0,0
"STU000907",2016,"Female","White",0,0,0,0,0,3.23897928912175,0,0,"Standard",0,0,0,0,1,0.571428571428571,11871.875,0,38600
"STU000908",2016,"Female","White",0,0,0,1,0,2.66835996207612,0,0,"Standard",1,0,0,1,1,0.607142857142857,7101.17647058824,0,8194
"STU000909",2016,"Female","White",0,0,0,0,0,2.44073284301423,0,1,"Standard",0,0,0,0,1,0.464285714285714,12777.2307692308,0,36842
"STU000910",2016,"Male","Hispanic",0,0,0,0,0,3.36716076039946,0,0,"Standard",0,0,0,0,1,0.392857142857143,14914.2727272727,0,0
"STU000911",2016,"Female","Asian",0,0,0,1,0,2.53318778456516,0,0,"Standard",0,0,0,0,1,0.285714285714286,14114.375,0,25687
"STU000912",2016,"Male","White",0,0,0,0,0,2.83814603578006,0,0,"Standard",0,0,0,0,1,0.357142857142857,11200,0,0
"STU000913",2016,"Male","White",0,0,0,1,0,3.25617874702991,0,1,"Standard",1,0,1,0,1,0.5,11508.5714285714,1,51543
"STU000914",2016,"Female","Asian",0,0,0,0,0,3.7052883814065,0,0,"Advanced",1,0,0,1,1,0.285714285714286,14318.875,0,41678
"STU000915",2016,"Male","Hispanic",0,0,0,0,1,1.67833432226472,1,0,"Standard",0,0,0,0,1,0.678571428571429,10056.3684210526,0,29117
"STU000916",2016,"Male","Hispanic",0,0,0,1,1,2.45100983745521,1,0,"NonCompletion",0,0,0,0,1,0.607142857142857,10687.2941176471,0,0
"STU000917",2016,"Female","White",0,0,0,0,0,NA,0,0,"Standard",0,0,0,0,1,0.0357142857142857,8328,0,8328
"STU000918",2016,"Male","White",0,0,0,0,0,3.3003161504463,0,1,"Standard",1,0,0,1,1,0.571428571428571,15387.4375,0,30766
"STU000919",2016,"Male","White",0,1,0,1,1,2.29538997109561,1,0,"Standard",0,0,0,0,1,0.392857142857143,13275.2727272727,0,0
"STU000920",2016,"Male","Hispanic",1,1,0,0,1,2.24927161314159,1,0,"Standard",1,0,1,0,1,0.0357142857142857,13939,0,0
"STU000921",2016,"Female","White",0,0,0,0,1,2.70644954476977,1,1,"Standard",1,1,1,0,1,0.642857142857143,20309.7777777778,0,35450
"STU000922",2016,"Male","Hispanic",0,1,0,0,1,2.84521629688471,1,0,"Standard",0,0,0,0,1,0.5,11177.2142857143,0,48611
"STU000923",2016,"Female","Asian",0,0,0,0,1,2.47050090151119,1,0,"Standard",0,0,0,0,1,0.75,9358.2380952381,0,20989
"STU000924",2016,"Male","MultiRacial",0,0,0,0,0,2.75685775478066,0,0,"Standard",0,0,0,0,1,0.607142857142857,8503.82352941176,0,7179
"STU000925",2016,"Female","White",0,0,0,0,0,3.49721357764618,0,0,"Standard",1,0,0,1,0,0,NA,0,0
"STU000926",2016,"Male","White",1,0,0,0,0,3.1365733245307,0,1,"Standard",1,0,1,0,1,0.642857142857143,11634.6111111111,0,49169
"STU000927",2016,"Male","Asian",0,0,0,0,0,2.92594130109344,0,0,"Standard",1,1,0,0,1,0.0357142857142857,14276,0,0
"STU000928",2016,"Female","MultiRacial",1,0,0,0,0,2.21596585185516,0,0,"Standard",0,0,0,0,1,0.464285714285714,9927.30769230769,0,31769
"STU000929",2016,"Male","White",0,0,0,0,0,2.94387182084186,0,1,"Standard",1,0,1,0,1,0.321428571428571,18762,0,17194
"STU000930",2016,"Male","Hispanic",0,1,0,0,0,3.0305642742949,0,0,"Standard",0,0,0,0,1,0.285714285714286,10443.875,0,23091
"STU000931",2016,"Male","Black",0,0,0,0,1,2.15553678184683,1,0,"Standard",0,0,0,0,1,0.642857142857143,10441.7222222222,0,33448
"STU000932",2016,"Female","White",0,1,0,0,0,3.28382531582551,0,0,"Standard",1,0,0,1,1,0.357142857142857,8448.2,0,0
"STU000933",2016,"Male","Hispanic",1,0,0,0,1,2.13356168610196,1,0,"Standard",0,0,0,0,1,0.25,7650.85714285714,0,10039
"STU000934",2016,"Male","White",0,0,0,0,1,2.72189764836502,1,0,"Standard",0,0,0,0,1,0.607142857142857,14137.2941176471,1,61397
"STU000935",2016,"Female","White",0,1,1,0,1,1.95477705462196,1,0,"NonCompletion",0,0,0,0,1,0.25,10435.8571428571,0,22435
"STU000936",2016,"Male","White",0,0,0,0,1,1.86648488241467,1,0,"NonCompletion",0,0,0,0,1,0.642857142857143,11487.6666666667,1,50876
"STU000937",2016,"Male","Asian",0,0,0,0,0,2.87902736073507,0,0,"Standard",1,0,0,1,0,0,NA,0,0
"STU000938",2016,"Female","White",0,1,0,0,0,2.88057378399929,0,0,"Standard",1,0,1,0,1,0.535714285714286,13298.4666666667,0,24366
"STU000939",2016,"Male","White",1,0,0,0,0,2.65551703240703,0,0,"Standard",1,0,1,1,1,0.464285714285714,9478.30769230769,0,0
"STU000940",2016,"Male","White",0,1,0,0,0,3.56789931926487,0,1,"Advanced",1,0,0,1,1,0.642857142857143,11644.6111111111,0,0
"STU000941",2016,"Male","Hispanic",0,1,1,0,1,2.67186426822686,1,0,"Standard",1,0,0,1,1,0.428571428571429,12512.3333333333,0,39454
"STU000942",2016,"Male","White",0,1,0,0,1,2.95180436584423,1,0,"Standard",0,0,0,0,1,0.642857142857143,8728,0,24469
"STU000943",2016,"Female","Hispanic",1,0,0,0,0,3.58402272074518,0,0,"Advanced",1,0,0,1,1,0.142857142857143,11197.5,0,38487
"STU000944",2016,"Male","White",0,0,0,0,0,2.37648328628142,0,0,"Standard",0,0,0,0,1,0.642857142857143,11011.4444444444,1,47681
"STU000945",2016,"Female","White",0,0,1,0,0,3.48448186438391,0,1,"Standard",1,0,0,1,0,0,NA,0,0
"STU000946",2016,"Female","MultiRacial",0,0,0,0,1,3.46485193831437,1,0,"Standard",1,1,1,0,1,0.428571428571429,10803.1666666667,0,0
"STU000947",2016,"Female","Hispanic",0,0,0,0,0,3.49818918321722,0,1,"Standard",1,0,0,1,1,0.535714285714286,14171.6,0,60532
"STU000948",2016,"Female","White",0,1,0,0,1,2.50181408205425,1,0,"Standard",0,0,0,0,1,0.678571428571429,9137.52631578947,1,44461
"STU000949",2016,"Female","White",1,0,0,1,1,2.66417821826234,1,1,"Standard",0,0,0,0,1,0.678571428571429,12886.7368421053,0,0
"STU000950",2016,"Male","Hispanic",0,0,0,0,0,3.19304861478211,0,0,"Standard",1,0,0,1,1,0.178571428571429,16691.8,1,70482
"STU000951",2016,"Male","White",0,1,0,1,1,2.51799524962869,1,1,"Standard",0,0,0,0,1,0.714285714285714,9669.85,0,8991
"STU000952",2016,"Male","Asian",0,0,1,1,1,2.49425634194203,1,0,"Standard",1,0,1,0,1,0.571428571428571,8542.8125,0,0
"STU000953",2016,"Female","Hispanic",0,0,0,0,1,2.04403130646792,1,0,"Standard",0,0,0,0,1,0.178571428571429,7874.8,0,14489
"STU000954",2016,"Male","Hispanic",1,0,0,0,1,3.24569668891801,1,0,"Standard",1,0,0,1,1,0.5,21994.6428571429,0,104060
"STU000955",2016,"Male","Hispanic",0,0,0,0,1,1.99863296187301,1,0,"NonCompletion",0,0,0,0,1,0.285714285714286,10873.125,0,0
"STU000956",2016,"Male","Other",1,1,0,0,1,2.9524954251909,1,1,"Standard",0,0,0,0,1,0.642857142857143,11764.8888888889,1,49817
"STU000957",2016,"Male","Hispanic",1,1,1,1,1,2.04469694333612,1,0,"Standard",0,0,0,0,1,0.5,10600.6428571429,1,41970
"STU000958",2016,"Female","Hispanic",0,1,0,0,1,2.49357947249378,1,0,"Standard",0,0,0,0,1,0.392857142857143,13076.0909090909,0,32994
"STU000959",2016,"Female","MultiRacial",0,1,1,0,1,3.78515213423249,1,0,"Advanced",1,0,0,1,1,0.642857142857143,17536.8888888889,1,97817
"STU000960",2016,"Female","White",1,0,0,0,1,2.01120560888906,1,0,"Standard",0,0,0,0,1,0.25,14761.2857142857,0,40208
"STU000961",2016,"Female","Asian",1,1,1,1,0,2.52171183026358,0,0,"Standard",1,0,0,1,1,0.607142857142857,12747.5882352941,1,71722
"STU000962",2016,"Male","Asian",0,0,0,0,1,2.76471764031513,1,0,"Standard",1,0,1,0,1,0.678571428571429,10285.5263157895,1,70958
"STU000963",2016,"Female","White",0,0,0,0,1,2.22561340067065,1,0,"Standard",0,0,0,0,1,0.821428571428571,8597.26086956522,1,37333
"STU000964",2016,"Male","White",0,1,0,0,0,2.73529571179463,0,0,"Standard",1,0,0,1,1,0.107142857142857,13189.3333333333,0,39568
"STU000965",2016,"Male","White",0,0,1,1,1,2.40587620510545,1,1,"Standard",1,0,1,0,1,0.571428571428571,13962.8125,0,26371
"STU000966",2016,"Female","White",0,1,0,0,0,2.42086821724339,0,0,"Standard",0,0,0,0,1,0.5,15168.0714285714,1,71534
"STU000967",2016,"Male","Hispanic",0,1,1,0,1,2.84068749626401,1,0,"Standard",1,0,0,1,0,0,NA,0,0
"STU000968",2016,"Female","Asian",0,0,0,0,0,3.62850906479218,0,0,"Advanced",1,0,0,1,1,0.285714285714286,12693.5,0,18071
"STU000969",2016,"Female","Black",1,1,0,1,1,2.56331586651707,1,0,"Standard",0,0,0,0,1,0.357142857142857,11726.1,0,42059
"STU000970",2016,"Female","White",0,0,0,0,0,3.3143253439808,0,0,"Standard",1,1,1,0,1,0.0714285714285714,13875,0,27750
"STU000971",2016,"Female","Black",1,1,0,0,0,3.04727162563375,0,1,"Standard",1,0,0,1,1,0.428571428571429,17822.3333333333,0,0
"STU000972",2016,"Female","White",1,0,0,0,1,3.41749436870155,1,1,"Standard",0,0,0,0,1,0.607142857142857,14786.1176470588,1,58369
"STU000973",2016,"Female","Hispanic",0,0,1,0,1,1.95003801793932,1,0,"Standard",0,0,0,0,0,0,NA,0,0
"STU000974",2016,"Female","Black",0,1,0,0,1,2.26282381730092,1,0,"Standard",0,0,0,0,1,0.392857142857143,14254.2727272727,1,72454
"STU000975",2016,"Male","White",0,1,0,0,0,3.089782038212,0,0,"Standard",0,0,0,0,1,0.107142857142857,29621.3333333333,0,63215
"STU000976",2016,"Female","Black",0,0,0,0,0,1.99524187401249,0,0,"NonCompletion",0,0,0,0,1,0.642857142857143,9149.88888888889,0,35879
"STU000977",2016,"Female","Other",0,0,0,0,1,2.61856440497166,1,0,"Standard",0,0,0,0,1,0.5,7894.57142857143,0,9290
"STU000978",2016,"Female","Asian",0,0,0,0,0,2.58482469427535,0,0,"Standard",1,0,1,1,1,0.0357142857142857,9603,0,9603
"STU000979",2016,"Male","Hispanic",0,1,0,0,0,3.57073563687352,0,0,"Advanced",0,0,0,0,1,0.357142857142857,15190.3,0,35084
"STU000980",2016,"NonBinary_Other","Asian",0,0,0,0,1,3.46373434332531,1,0,"Standard",1,0,0,1,1,0.785714285714286,20395.8636363636,1,97758
"STU000981",2016,"Male","White",0,0,0,0,1,2.90050394667356,1,0,"Standard",0,0,0,0,1,0.642857142857143,11757.1666666667,0,40502
"STU000982",2016,"Male","Asian",1,1,0,0,1,3.52708262360631,1,0,"Advanced",0,0,0,0,1,0.357142857142857,14643.7,0,0
"STU000983",2016,"Male","MultiRacial",1,1,0,1,0,3.05981604806115,0,0,"Standard",1,0,0,1,1,0.571428571428571,7272.5,0,5720
"STU000984",2016,"Female","Hispanic",1,0,0,0,1,3.33065932699805,1,1,"Standard",0,0,0,0,1,0.714285714285714,11565.6,0,15809
"STU000985",2016,"Male","White",1,0,1,0,0,2.77210704191626,0,0,"Standard",1,0,1,0,1,0.0357142857142857,10991,0,10991
"STU000986",2016,"Female","White",1,1,1,0,1,2.06292185121323,1,1,"Standard",0,0,0,0,1,0.857142857142857,10585.625,1,43711
"STU000987",2016,"Male","White",0,1,0,0,0,3.62993689171025,0,0,"Advanced",0,0,0,0,1,0.0714285714285714,30085.5,0,60171
"STU000988",2016,"Female","Black",1,0,0,1,1,2.29950806331629,1,0,"Standard",1,0,1,1,1,0.571428571428571,11008.75,0,0
"STU000989",2016,"Female","Hispanic",0,0,0,0,1,2.77788928037492,1,0,"Standard",0,0,0,0,1,0.214285714285714,12111.6666666667,0,10452
"STU000990",2016,"Male","MultiRacial",1,0,0,1,0,2.94219148128778,0,0,"Standard",1,1,0,0,1,0.75,18084.2857142857,1,74813
"STU000991",2016,"NonBinary_Other","White",0,0,0,0,0,2.76547154821491,0,0,"Standard",1,0,0,1,1,0.892857142857143,12635.52,1,77075
"STU000992",2016,"Male","White",0,1,0,0,0,2.42507751263812,0,0,"Standard",0,0,0,0,1,0.75,9605.28571428571,0,9615
"STU000993",2016,"Female","White",1,0,0,0,0,3.64822348595292,0,0,"Advanced",1,0,0,1,1,0.821428571428571,15336.3043478261,0,42074
"STU000994",2016,"Female","White",0,0,1,0,0,3.16435025985822,0,0,"Standard",0,0,0,0,1,0.535714285714286,14487,0,57625
"STU000995",2016,"Female","White",0,0,0,0,0,3.35627169543131,0,1,"Standard",0,0,0,0,1,0.285714285714286,14196.125,0,19854
"STU000996",2016,"Male","White",0,0,0,0,0,2.86889076077652,0,1,"Standard",1,1,1,0,1,0.0357142857142857,16255,0,16255
"STU000997",2016,"Male","White",0,0,0,0,0,3.69811705459375,0,1,"Advanced",1,0,0,1,1,0.535714285714286,13548.6,0,32257
"STU000998",2016,"Male","Hispanic",0,1,1,0,1,2.93490444492441,1,0,"Standard",1,0,0,1,1,0.321428571428571,11468.8888888889,1,56943
"STU000999",2016,"Male","Hispanic",0,0,0,0,0,3.09902557849909,0,0,"Standard",1,0,0,1,1,0.0357142857142857,3316,0,3316
"STU001000",2016,"Male","White",1,0,0,0,0,1.98509496418185,0,0,"Standard",0,0,0,0,1,0.357142857142857,11727.6,0,25502
"STU001001",2016,"Male","MultiRacial",1,0,0,0,0,2.8663791794164,0,0,"Standard",1,0,0,1,0,0,NA,0,0
"STU001002",2016,"Male","White",0,0,0,0,0,1.99846154868311,0,0,"Standard",0,0,0,0,1,0.25,9505.28571428571,0,0
"STU001003",2016,"Male","Asian",0,0,0,0,1,1.81856306362777,1,0,"Standard",0,0,0,0,1,0.642857142857143,11064.5555555556,0,40512
"STU001004",2016,"Female","White",1,0,0,1,1,2.65005494711304,1,0,"Standard",0,0,0,0,1,0.678571428571429,9187.36842105263,0,22155
"STU001005",2016,"Female","White",0,1,0,0,0,2.13611414599779,0,0,"NonCompletion",0,0,0,0,1,0.5,10585,0,0
"STU001006",2016,"NonBinary_Other","White",0,0,0,0,0,3.24270258854534,0,1,"Standard",1,0,1,0,1,0.642857142857143,12625.5555555556,0,32678
"STU001007",2016,"Female","Hispanic",0,0,0,0,0,3.12178317586259,0,1,"Standard",0,0,0,0,1,0.642857142857143,15207.2777777778,0,31672
"STU001008",2016,"Female","Asian",0,0,0,0,1,2.12153294154915,1,0,"Standard",0,0,0,0,1,0.571428571428571,10579.9375,0,20026
"STU001009",2016,"Female","White",0,0,0,0,0,2.9314557202573,0,0,"Standard",1,0,0,1,1,0.25,15610.2857142857,0,47240
"STU001010",2016,"Female","White",1,1,1,1,1,2.02593695383322,1,0,"Standard",1,1,0,0,1,0.5,17851.3571428571,1,74074
"STU001011",2016,"Female","Hispanic",0,1,0,0,1,3.31262024861686,1,0,"Standard",1,0,0,1,1,0.428571428571429,19876.9166666667,0,55593
"STU001012",2016,"Male","Black",1,0,1,0,0,2.28465334479186,0,0,"Standard",0,0,0,0,0,0,NA,0,0
"STU001013",2016,"Male","White",0,0,0,1,1,2.16373524025929,1,1,"NonCompletion",0,0,0,0,1,0.392857142857143,11855.1818181818,0,11749
"STU001014",2016,"Male","Asian",1,0,0,0,0,NA,0,1,"NonCompletion",1,0,0,1,0,0,NA,0,0
"STU001015",2016,"Male","Hispanic",0,0,0,0,1,2.80297183809138,1,0,"Standard",0,0,0,0,1,0.607142857142857,10422.2352941176,1,53146
"STU001016",2016,"Female","Hispanic",0,1,1,0,0,2.48812182376219,0,0,"Standard",0,0,0,0,1,0.428571428571429,13128.1666666667,0,15480
"STU001017",2016,"Male","AmericanIndian",0,0,0,0,1,2.31610053433786,1,0,"Standard",1,1,0,0,1,0.464285714285714,20054.7692307692,0,70449
"STU001018",2016,"Male","Hispanic",1,0,0,1,1,2.25446688249376,1,0,"Standard",1,0,0,1,1,0.678571428571429,10629.3684210526,1,65659
"STU001019",2016,"Female","MultiRacial",0,0,0,0,1,2.35793455497105,1,1,"NonCompletion",0,0,0,0,1,0.607142857142857,10126.3529411765,1,44705
"STU001020",2016,"Female","White",0,0,0,1,1,3.08034718684053,1,1,"Standard",1,0,1,1,1,0.75,10623.4761904762,0,33972
"STU001021",2016,"Female","White",0,0,1,0,1,1.81576490232904,1,0,"Standard",0,0,0,0,1,0.714285714285714,10655.6,1,45773
"STU001022",2016,"Female","White",1,1,0,0,0,2.80733959115427,0,0,"Standard",0,0,0,0,1,0.464285714285714,12870.4615384615,0,51488
"STU001023",2016,"Male","Hispanic",1,1,0,0,0,2.43578344110796,0,0,"Standard",0,0,0,0,1,0.571428571428571,7816.875,0,0
"STU001024",2016,"Male","White",0,0,0,0,0,3.33752067806406,0,0,"Standard",0,0,0,0,0,0,NA,0,0
"STU001025",2016,"Male","Asian",0,1,0,0,1,2.71427508148372,1,0,"Standard",0,0,0,0,0,0,NA,0,0
"STU001026",2016,"Female","White",0,0,0,0,0,3.54769877972985,0,0,"Advanced",1,0,0,1,1,0.571428571428571,9466.125,1,52562
"STU001027",2016,"Male","MultiRacial",1,1,0,0,0,2.55039264056077,0,0,"Standard",0,0,0,0,1,0.571428571428571,11905.5,0,47701
"STU001028",2016,"Female","MultiRacial",0,1,0,1,1,3.34023340587304,1,1,"Standard",1,0,1,0,1,0.785714285714286,12811.5454545455,0,41625
"STU001029",2016,"Male","White",0,0,0,0,0,2.94816635613623,0,1,"Standard",1,0,0,1,1,0.178571428571429,16929.4,0,0
"STU001030",2016,"Male","White",0,1,1,0,1,2.24042094066689,1,1,"Standard",1,0,1,0,1,0.821428571428571,11488.1304347826,0,47530
"STU001031",2016,"Female","Hispanic",1,0,0,0,1,2.65295920072189,1,0,"Standard",1,0,0,1,1,0.642857142857143,10521.7777777778,0,49443
"STU001032",2016,"Male","Hispanic",0,1,0,1,0,2.06468804713242,0,0,"Standard",0,0,0,0,1,0.392857142857143,9820.81818181818,0,20467
"STU001033",2016,"Female","AmericanIndian",0,0,0,0,1,1.53275405498792,1,0,"NonCompletion",0,0,0,0,1,0.714285714285714,12406.6,0,11989
"STU001034",2016,"Male","White",1,0,0,0,1,3.21886040740364,1,0,"Standard",1,0,1,1,1,0.571428571428571,11794.25,0,0
"STU001035",2016,"Female","White",1,0,0,0,0,2.85356176449955,0,0,"NonCompletion",0,0,0,0,1,0.428571428571429,10896.25,0,17826
"STU001036",2016,"Male","White",1,1,0,1,0,3.30994275718313,0,0,"Standard",1,0,0,1,1,0.642857142857143,13904.1666666667,0,56199
"STU001037",2016,"Female","Black",0,1,0,0,0,3.20303043941665,0,0,"Standard",0,0,0,0,1,0.392857142857143,12675.7272727273,0,14640
"STU001038",2016,"Male","White",1,1,0,0,1,2.44692919765412,1,0,"Standard",0,0,0,0,1,0.428571428571429,10216.1666666667,0,24149
"STU001039",2016,"Female","White",1,0,0,0,0,2.50086390085538,0,0,"Standard",0,0,0,0,1,0.0357142857142857,22531,0,0
"STU001040",2016,"Male","White",1,1,0,0,1,2.08814184161433,1,0,"Standard",0,0,0,0,1,0.5,14456.5714285714,0,14109
"STU001041",2016,"Female","Black",0,0,0,0,0,3.27860285340378,0,0,"Standard",1,0,0,1,1,0.5,10450.5,0,33915
"STU001042",2016,"Female","Hispanic",0,0,0,0,1,2.52593994068678,1,0,"Standard",0,0,0,0,1,0.0357142857142857,17122,0,0
"STU001043",2016,"Male","White",0,0,1,0,1,2.95215860280356,1,0,"Standard",0,0,0,0,1,0.785714285714286,7416.59090909091,0,20883
"STU001044",2016,"Male","White",0,0,0,0,0,2.36016635048636,0,0,"Standard",0,0,0,0,1,0.785714285714286,10825.0909090909,0,39303
"STU001045",2016,"Male","White",1,1,0,0,0,2.27935272775372,0,0,"Standard",0,0,0,0,1,0.535714285714286,8495.4,0,9613
"STU001046",2016,"Female","White",0,1,0,0,0,2.87402982645275,0,0,"Standard",0,0,0,0,1,0.75,16656.8095238095,1,78648
"STU001047",2016,"Female","White",1,1,0,0,1,2.55749587725635,1,0,"Standard",0,0,0,0,1,0.428571428571429,12879.9166666667,0,0
"STU001048",2016,"Female","White",0,0,0,0,0,3.21293409504716,0,0,"Standard",0,0,0,0,1,0.821428571428571,9232.34782608696,1,44895
"STU001049",2016,"Female","White",0,0,0,0,0,2.71473132697345,0,0,"Standard",1,0,0,1,1,0.714285714285714,12361.15,0,0
"STU001050",2016,"Male","Hispanic",0,0,0,0,1,2.53343173229958,1,0,"Standard",0,0,0,0,0,0,NA,0,0
"STU001051",2016,"Male","White",1,0,0,0,0,3.34880837008191,0,0,"Standard",1,0,0,1,1,0.571428571428571,18834,0,0
"STU001052",2016,"Female","Black",0,1,0,0,0,2.93920575473074,0,0,"Standard",1,0,0,1,1,0.642857142857143,12468.4444444444,0,39305
"STU001053",2016,"Female","White",0,0,0,0,0,3.14126611213554,0,0,"Standard",0,0,0,0,1,0.428571428571429,11993.25,0,18439
"STU001054",2016,"Female","White",1,0,0,0,0,2.41774353183502,0,0,"Standard",0,0,0,0,1,0.785714285714286,8219.27272727273,0,29042
"STU001055",2016,"Male","White",1,0,0,0,0,3.44461734056867,0,1,"Standard",1,0,1,0,0,0,NA,0,0
"STU001056",2016,"Female","White",1,0,1,0,0,2.92256054928143,0,0,"Standard",1,0,1,1,1,0.5,13725.0714285714,0,14748
"STU001057",2016,"Female","White",0,1,0,0,1,2.40831659622069,1,0,"Standard",0,0,0,0,1,0.892857142857143,11146.64,0,35585
"STU001058",2016,"Female","MultiRacial",0,1,0,0,0,1.97505463064985,0,0,"Standard",0,0,0,0,1,0.607142857142857,9394.41176470588,0,30333
"STU001059",2016,"Male","White",1,1,0,0,0,2.13086104165088,0,0,"Standard",0,0,0,0,1,0.392857142857143,11612.6363636364,0,11535
"STU001060",2016,"Male","White",0,1,0,0,0,NA,0,0,"NonCompletion",1,0,1,0,1,0.0357142857142857,11584,0,11584
"STU001061",2016,"Male","MultiRacial",0,1,0,0,0,3.02409919352196,0,1,"Standard",0,0,0,0,1,0.0714285714285714,12415.5,0,24831
"STU001062",2016,"Female","Hispanic",0,0,0,0,0,2.92311092598987,0,0,"Standard",0,0,0,0,1,0.464285714285714,12917.5384615385,1,60548
"STU001063",2016,"Female","Black",0,0,0,0,1,2.5306766497171,1,1,"Standard",0,0,0,0,1,0.892857142857143,8439.52,1,54060
"STU001064",2016,"Male","MultiRacial",0,1,0,0,0,2.71643669970371,0,0,"Standard",0,0,0,0,1,0.642857142857143,10084.1111111111,0,23933
"STU001065",2016,"Female","White",1,0,1,0,0,1.8234773996375,0,0,"Standard",0,0,0,0,1,0.571428571428571,12263.75,1,49998
"STU001066",2016,"Female","White",0,0,0,1,0,2.84672275894675,0,0,"Standard",1,0,1,0,1,0.785714285714286,12149.5,0,48329
"STU001067",2016,"Male","White",0,1,0,1,1,2.16055851433796,1,0,"Standard",0,0,0,0,1,0.714285714285714,8651.8,0,31106
"STU001068",2016,"Male","Asian",0,1,0,0,1,3.21556631268066,1,0,"Standard",0,0,0,0,1,0.535714285714286,11684.3333333333,0,43705
"STU001069",2016,"Male","White",0,1,0,0,0,3.70384196594201,0,1,"Advanced",1,0,0,1,1,0.142857142857143,26817,0,19975
"STU001070",2016,"Male","White",0,0,0,1,1,1.87119308552954,1,0,"Standard",0,0,0,0,1,0.392857142857143,10347.7272727273,0,9020
"STU001071",2016,"Male","White",0,1,0,0,1,2.57384050536377,1,0,"Standard",0,0,0,0,1,0.714285714285714,9158.95,1,46714
"STU001072",2016,"Female","White",0,0,0,0,0,2.04314463147728,0,1,"Standard",0,0,0,0,1,0.642857142857143,9966.55555555555,1,42301
"STU001073",2016,"Male","White",0,0,0,0,0,1.8187003716289,0,0,"NonCompletion",0,0,0,0,1,0.571428571428571,10666.25,1,37947
"STU001074",2016,"Female","White",1,0,0,0,1,2.29171574256221,1,0,"Standard",0,0,0,0,1,0.642857142857143,9850.66666666667,0,21521
"STU001075",2016,"Male","White",1,1,0,1,0,2.80998513365535,0,0,"Standard",1,0,0,1,1,0.321428571428571,17982.5555555556,0,52048
"STU001076",2016,"NonBinary_Other","Black",0,1,0,0,0,4,0,1,"Advanced",1,0,0,1,1,0.25,20716.8571428571,0,73080
"STU001077",2016,"Male","White",0,1,0,0,1,2.63726848505815,1,0,"Standard",0,0,0,0,1,0.642857142857143,12216.7222222222,0,10463
"STU001078",2016,"Male","MultiRacial",0,1,1,1,1,3.28943121147953,1,0,"Standard",1,0,0,1,1,0.321428571428571,15350.5555555556,0,43799
"STU001079",2016,"Female","White",0,1,0,0,1,2.45238034854454,1,0,"Standard",0,0,0,0,1,0.642857142857143,9834,0,14773
"STU001080",2016,"Female","White",0,0,0,0,0,2.62159340301884,0,0,"NonCompletion",0,0,0,0,1,0.75,10759.8571428571,0,37609
"STU001081",2016,"NonBinary_Other","Hispanic",0,1,0,0,0,2.70871776705762,0,0,"Standard",1,1,0,0,1,0.142857142857143,18713.75,1,74855
"STU001082",2016,"Female","White",1,1,0,0,0,3.52156650945637,0,0,"Advanced",1,0,0,1,1,0.464285714285714,10964.6923076923,0,28532
"STU001083",2016,"Female","MultiRacial",0,0,0,1,1,2.35455326573871,1,0,"Standard",0,0,0,0,1,0.321428571428571,13840.3333333333,0,45104
"STU001084",2016,"Female","White",0,0,0,0,1,2.38866240215574,1,0,"Standard",0,0,0,0,1,0.678571428571429,13092.3157894737,1,74065
"STU001085",2016,"Female","White",1,0,0,0,0,2.19235744278211,0,0,"Standard",0,0,0,0,1,0.571428571428571,16134.5,0,0
"STU001086",2016,"Male","White",0,0,0,1,0,3.846012134523,0,0,"Advanced",0,0,0,0,1,0.642857142857143,13088.3333333333,1,49170
"STU001087",2016,"Male","White",0,0,0,0,0,2.22705454320593,0,0,"Standard",0,0,0,0,1,0.535714285714286,8615.53333333333,0,27261
"STU001088",2016,"Female","Black",0,0,0,0,1,2.84648365495516,1,0,"Standard",1,0,0,1,1,0.607142857142857,13683.7058823529,0,63492
"STU001089",2016,"Female","White",0,1,0,0,0,1.73912246810266,0,0,"Standard",0,0,0,0,1,0.25,8749.28571428571,0,32288
"STU001090",2016,"Male","Other",0,0,0,1,1,2.5061206371577,1,0,"Standard",0,0,0,0,1,0.678571428571429,14848.4210526316,1,53831
"STU001091",2016,"Male","White",0,0,0,0,1,2.97948707751926,1,0,"Standard",1,0,0,1,1,0.321428571428571,13941.1111111111,0,29002
"STU001092",2016,"Female","White",0,1,0,0,0,3.84273226567177,0,0,"Advanced",1,0,0,1,1,0.321428571428571,18041.3333333333,0,0
"STU001093",2016,"Male","Hispanic",0,0,0,0,1,2.4269063534833,1,0,"Standard",0,0,0,0,1,0.678571428571429,10868.7894736842,0,27416
"STU001094",2016,"Female","Asian",0,0,0,0,0,2.81966772045932,0,0,"Standard",1,1,0,0,1,0.464285714285714,12882.8461538462,0,46841
"STU001095",2016,"Female","White",0,0,0,0,1,2.68538901468977,1,0,"Standard",0,0,0,0,1,0.571428571428571,12165.6875,0,24450
"STU001096",2016,"Male","Hispanic",0,0,0,0,1,2.27539717334584,1,1,"Standard",0,0,0,0,1,0.607142857142857,9927.94117647059,0,32892
"STU001097",2016,"Female","White",0,0,0,0,0,2.42872176307845,0,0,"Standard",0,0,0,0,1,0.571428571428571,11545.3125,1,53556
"STU001098",2016,"Male","Hispanic",1,0,0,0,1,2.15041098961052,1,0,"Standard",0,0,0,0,1,0.571428571428571,11273.75,0,27244
"STU001099",2016,"Female","White",1,0,0,0,1,3.5511187517652,1,0,"Advanced",0,0,0,0,1,0.5,10312.0714285714,0,11018
"STU001100",2016,"Male","White",1,0,0,0,0,3.42017680387164,0,1,"Standard",0,0,0,0,1,0.5,15489.4285714286,0,47549
"STU001101",2016,"Male","White",1,0,0,1,0,2.29411339961105,0,0,"Standard",0,0,0,0,1,0.785714285714286,16097.9090909091,1,86215
"STU001102",2016,"Male","Hispanic",0,0,0,0,1,2.48898468323169,1,0,"Standard",0,0,0,0,1,0.321428571428571,14274.6666666667,1,70607
"STU001103",2016,"Male","White",0,0,1,0,1,2.59563381780291,1,0,"Standard",0,0,0,0,1,0.642857142857143,11488.7222222222,1,49750
"STU001104",2016,"Female","Hispanic",0,1,0,0,1,2.43033787102322,1,0,"NonCompletion",0,0,0,0,1,0.357142857142857,12722.7,0,0
"STU001105",2016,"Female","Black",0,0,0,0,1,NA,1,0,"NonCompletion",1,0,1,0,1,0.75,10760.380952381,1,61819
"STU001106",2016,"Male","Black",0,0,0,0,0,2.1728461394087,0,0,"Standard",0,0,0,0,1,0.714285714285714,10224.35,1,54187
"STU001107",2016,"Female","AmericanIndian",0,0,1,0,0,3.11497650829623,0,1,"Standard",1,0,1,1,1,0.392857142857143,13888.8181818182,0,13299
"STU001108",2016,"Male","Hispanic",0,0,0,0,1,2.5233619148112,1,0,"Standard",0,0,0,0,1,0.5,13454.9285714286,0,21915
"STU001109",2016,"Male","Hispanic",0,1,0,0,1,2.71122799574464,1,0,"Standard",0,0,0,0,1,0.714285714285714,10602.6,0,31111
"STU001110",2016,"Male","Other",1,0,0,0,1,2.84131308064115,1,0,"Standard",0,0,0,0,1,0.785714285714286,9867.86363636364,1,63066
"STU001111",2016,"Male","White",0,0,1,0,0,2.25349592494007,0,0,"Standard",0,0,0,0,1,0.642857142857143,8103.27777777778,0,31810
"STU001112",2016,"Male","White",1,0,0,0,1,2.47660735922295,1,0,"Standard",0,0,0,0,1,0.5,12680,1,54073
"STU001113",2016,"Female","White",0,0,0,0,0,2.26667036777263,0,0,"Standard",0,0,0,0,1,0.928571428571429,13415.2692307692,1,66370
"STU001114",2016,"Male","White",0,1,0,0,0,3.70756421162692,0,0,"Advanced",0,0,0,0,1,0.428571428571429,13838,0,41958
"STU001115",2016,"Male","Black",0,0,0,1,1,2.95895149276566,1,1,"Standard",1,0,0,1,1,0.321428571428571,15189.4444444444,0,61256
"STU001116",2016,"Female","White",0,0,0,0,0,2.14905321523377,0,0,"Standard",0,0,0,0,1,0.607142857142857,10545.1764705882,0,17872
"STU001117",2016,"NonBinary_Other","White",1,0,0,1,0,3.57381957501642,0,0,"Advanced",1,0,1,0,1,0.857142857142857,11409.5,0,43739
"STU001118",2016,"Female","White",1,0,0,0,1,2.60484652874383,1,0,"Standard",0,0,0,0,1,0.392857142857143,10502.4545454545,0,30756
"STU001119",2016,"Male","White",0,0,0,0,0,2.81278176105667,0,0,"Standard",1,0,0,1,1,0.357142857142857,14679.9,1,73873
"STU001120",2016,"Male","Hispanic",1,1,0,0,0,2.47251241890302,0,0,"Standard",0,0,0,0,1,0.392857142857143,12543.6363636364,1,56098
"STU001121",2016,"Male","Hispanic",0,1,0,1,0,2.57931911722883,0,1,"Standard",0,0,0,0,0,0,NA,0,0
"STU001122",2016,"Male","Hispanic",0,0,0,1,1,2.23641020604737,1,0,"Standard",0,0,0,0,1,0.214285714285714,8824,0,25381
"STU001123",2016,"Female","White",0,1,0,0,0,3.39283194267386,0,0,"Standard",1,0,0,1,1,0.785714285714286,7986.18181818182,1,33557
"STU001124",2016,"Male","White",1,0,0,1,0,3.44148298969216,0,0,"Standard",1,0,0,1,0,0,NA,0,0
"STU001125",2016,"Male","White",1,1,0,0,0,2.68896542803492,0,1,"Standard",1,0,1,0,1,0.285714285714286,12569.125,0,0
"STU001126",2016,"Male","White",0,0,0,0,0,2.9615069212674,0,0,"Standard",1,1,0,0,1,0.607142857142857,13959.8823529412,0,32142
"STU001127",2016,"Female","Hispanic",0,0,0,0,1,1.98653039729451,1,0,"NonCompletion",0,0,0,0,1,0.642857142857143,13082.0555555556,0,15618
"STU001128",2016,"Male","Hispanic",1,0,0,0,1,2.53850800536164,1,0,"Standard",0,0,0,0,1,0.5,10776.3571428571,0,0
"STU001129",2016,"Female","Asian",1,0,0,0,0,3.60156598830635,0,0,"Advanced",0,0,0,0,0,0,NA,0,0
"STU001130",2016,"Female","White",0,1,0,0,0,3.45871549799672,0,1,"Standard",1,0,0,1,1,0.5,9654.07142857143,0,27536
"STU001131",2016,"Female","White",1,0,0,0,0,3.57287236302493,0,0,"Advanced",1,0,0,1,1,0.642857142857143,15400.8888888889,0,74639
"STU001132",2016,"Female","Black",0,0,0,0,1,2.1165058343948,1,0,"Standard",0,0,0,0,1,0.678571428571429,11156.8421052632,1,50797
"STU001133",2016,"Female","Asian",1,1,0,0,1,2.94229280276588,1,0,"NonCompletion",0,0,0,0,1,0.642857142857143,8010.11111111111,1,34031
"STU001134",2016,"Female","White",0,1,1,0,0,3.01651460192692,0,1,"Standard",1,0,0,1,1,0.142857142857143,20368,0,56646
"STU001135",2016,"Male","AmericanIndian",0,1,0,0,1,2.48341066887929,1,0,"Standard",0,0,0,0,1,0.535714285714286,12467.0666666667,0,33495
"STU001136",2016,"Male","MultiRacial",1,0,0,0,1,3.58177106817602,1,0,"Advanced",1,0,1,0,1,0.321428571428571,11653.6666666667,0,43721
"STU001137",2016,"Female","Black",0,0,1,0,1,2.09577940071881,1,0,"Standard",0,0,0,0,1,0.5,13346.2857142857,0,52103
"STU001138",2016,"Female","White",0,0,1,1,0,2.23919784805026,0,0,"Standard",0,0,0,0,1,0.678571428571429,12420.3157894737,0,31605
"STU001139",2016,"Female","White",0,0,0,0,0,2.66533687635283,0,1,"Standard",0,0,0,0,0,0,NA,0,0
"STU001140",2016,"Male","Asian",0,1,0,1,0,2.21687158029058,0,0,"Standard",0,0,0,0,1,0.571428571428571,12453.5,0,42994
"STU001141",2016,"Female","White",1,0,0,0,0,2.30982443983161,0,0,"Standard",1,1,0,0,0,0,NA,0,0
"STU001142",2016,"Male","White",1,1,1,0,0,2.77159234621881,0,1,"Standard",1,1,1,0,1,0.571428571428571,16105.25,0,25093
"STU001143",2016,"Female","White",0,0,1,0,0,1.85782768334168,0,0,"Standard",0,0,0,0,1,0.392857142857143,9593.18181818182,0,12594
"STU001144",2016,"Female","White",0,1,0,1,0,3.53525657028075,0,0,"Advanced",0,0,0,0,1,0.642857142857143,10384.8333333333,0,36077
"STU001145",2016,"Male","AmericanIndian",0,0,0,0,1,NA,1,0,"Standard",0,0,0,0,1,0.642857142857143,9549.5,0,29004
"STU001146",2016,"Male","White",0,1,0,0,1,2.62522861486531,1,1,"Standard",0,0,0,0,0,0,NA,0,0
"STU001147",2016,"Male","White",0,1,0,0,0,2.1705548644667,0,0,"NonCompletion",0,0,0,0,0,0,NA,0,0
"STU001148",2016,"Male","Other",1,0,0,0,1,3.13612624199414,1,0,"Standard",0,0,0,0,1,0.607142857142857,8234.23529411765,0,41803
"STU001149",2016,"Female","White",0,0,0,0,0,3.31228638515028,0,0,"Standard",0,0,0,0,1,0.535714285714286,10473.2,0,24413
"STU001150",2016,"Female","Black",0,1,0,1,1,2.3163996057195,1,0,"Standard",0,0,0,0,1,0.464285714285714,16302.5384615385,1,83391
"STU001151",2016,"Female","White",0,0,1,0,0,3.59415058713861,0,1,"Advanced",1,0,0,1,1,0.25,13118.4285714286,0,0
"STU001152",2016,"Female","Black",1,0,0,0,1,2.86033109313191,1,0,"Standard",0,0,0,0,1,0.0357142857142857,6281,0,0
"STU001153",2016,"Male","Black",1,1,0,0,0,2.88116760595174,0,0,"Standard",0,0,0,0,1,0.5,8495,1,49856
"STU001154",2016,"Male","White",1,0,0,0,1,3.03072496961249,1,0,"Standard",1,0,0,1,1,0.357142857142857,10422.1,0,0
"STU001155",2016,"Male","Hispanic",0,0,0,0,1,2.37231211761794,1,0,"Standard",0,0,0,0,1,0.75,8243.2380952381,0,38704
"STU001156",2016,"Female","Asian",1,0,0,0,0,2.04484524959771,0,1,"Standard",0,0,0,0,1,0.321428571428571,12884,0,9195
"STU001157",2016,"Male","White",0,0,0,0,0,3.99551367537842,0,0,"Advanced",1,0,0,1,1,0.392857142857143,20539.8181818182,0,34136
"STU001158",2016,"Male","White",0,1,0,0,0,2.33334286920744,0,0,"Standard",0,0,0,0,1,0.928571428571429,9743.19230769231,1,41867
"STU001159",2016,"Male","White",0,0,0,0,0,2.70842061643044,0,0,"Standard",1,0,0,1,1,0.857142857142857,15318.25,1,85033
"STU001160",2016,"NonBinary_Other","White",1,0,0,1,0,3.8960284538282,0,1,"Advanced",1,0,0,1,1,0.392857142857143,18468.2727272727,1,68820
"STU001161",2016,"Male","White",0,0,0,0,1,2.13546270015331,1,0,"Standard",0,0,0,0,1,0.5,10492.6428571429,0,0
"STU001162",2016,"Male","Hispanic",0,0,0,0,0,2.94962791078038,0,1,"Standard",1,0,1,1,1,0.678571428571429,10271.7894736842,1,72465
"STU001163",2016,"Female","White",0,1,0,0,0,2.2521649607172,0,0,"Standard",1,0,1,0,0,0,NA,0,0
"STU001164",2016,"Female","Hispanic",1,1,0,0,1,2.53047211684629,1,0,"Standard",0,0,0,0,1,0.25,10464.5714285714,0,30916
"STU001165",2016,"Female","Hispanic",1,1,0,1,1,2.52574913025303,1,0,"Standard",1,0,0,1,1,0.642857142857143,7851.44444444444,1,48528
"STU001166",2016,"Female","White",0,1,0,0,0,2.2577626627312,0,1,"Standard",0,0,0,0,1,0.571428571428571,11354.6875,0,15273
"STU001167",2016,"Female","White",0,1,0,0,0,1.91248541682038,0,0,"NonCompletion",0,0,0,0,1,0.464285714285714,13945.0769230769,0,30349
"STU001168",2016,"Female","Hispanic",0,0,1,0,0,1.86994858841862,0,0,"NonCompletion",0,0,0,0,1,0.571428571428571,10625,0,11783
"STU001169",2016,"Male","White",0,0,0,0,0,2.84321760593797,0,0,"Standard",0,0,0,0,1,0.714285714285714,12278.95,1,60991
"STU001170",2016,"Male","Hispanic",0,0,0,0,0,3.04914358961451,0,0,"Standard",0,0,0,0,1,0.75,11699,0,42084
"STU001171",2016,"Female","White",0,1,0,0,1,2.90891407718416,1,0,"Standard",1,0,0,1,1,0.142857142857143,13005.5,0,39409
"STU001172",2016,"Female","Hispanic",0,1,1,0,1,2.64464002649523,1,1,"Standard",1,0,0,1,1,0.5,10600.3571428571,0,16391
"STU001173",2016,"Male","Hispanic",0,0,0,0,1,2.76668650415131,1,0,"Standard",0,0,0,0,1,0.428571428571429,8402.08333333333,0,19709
"STU001174",2016,"Male","Hispanic",0,0,1,0,1,2.05682212107147,1,0,"Standard",0,0,0,0,1,0.321428571428571,13046,0,45775
"STU001175",2016,"Female","Asian",1,0,0,0,0,4,0,1,"Advanced",1,0,0,1,1,0.178571428571429,23806.2,0,53460
"STU001176",2016,"Male","Other",0,0,0,0,0,2.80694761761032,0,0,"Standard",1,1,0,0,1,0.5,12717.2857142857,0,30202
"STU001177",2016,"Male","White",0,1,0,0,0,3.02561020380236,0,1,"Standard",1,0,0,1,0,0,NA,0,0
"STU001178",2016,"Female","White",0,0,0,0,0,1.67871027899439,0,0,"Standard",0,0,0,0,1,0.607142857142857,12356.4705882353,0,33711
"STU001179",2016,"Female","White",0,1,0,0,0,3.48807912004916,0,0,"Standard",1,0,0,1,1,0.535714285714286,20420.8,1,93882
"STU001180",2016,"Male","Other",1,1,0,0,0,2.29623956704089,0,0,"Standard",0,0,0,0,1,0.642857142857143,11246.5,0,23358
"STU001181",2016,"Male","Hispanic",0,0,0,0,1,2.93880769163387,1,1,"Standard",1,0,1,0,0,0,NA,0,0
"STU001182",2016,"Female","White",0,0,0,0,0,3.51919019794761,0,1,"Advanced",1,0,0,1,1,0.714285714285714,13047.75,1,62345
"STU001183",2016,"Female","White",0,1,0,0,1,3.15568085514595,1,0,"Standard",0,0,0,0,1,0.321428571428571,9317.44444444445,0,17101
"STU001184",2016,"Female","White",1,0,0,0,1,3.54716590987197,1,0,"Advanced",1,0,0,1,1,0.535714285714286,12014.4666666667,0,34598
"STU001185",2016,"Female","AmericanIndian",0,0,1,0,0,2.65578335643643,0,0,"Standard",0,0,0,0,1,0.535714285714286,6748.33333333333,0,0
"STU001186",2016,"Male","White",0,1,0,0,1,2.90459428875771,1,0,"Standard",1,0,1,0,1,0.678571428571429,13500.3684210526,1,51929
"STU001187",2016,"Female","MultiRacial",0,1,0,0,0,3.45258510022347,0,1,"Standard",1,0,1,0,1,0.142857142857143,19625.75,0,0
"STU001188",2016,"Male","Hispanic",1,1,1,0,1,1.85415593277366,1,0,"Standard",0,0,0,0,1,0.714285714285714,8290.3,0,10105
"STU001189",2016,"Female","AmericanIndian",0,1,1,0,1,1.77248807637123,1,1,"NonCompletion",0,0,0,0,1,0.357142857142857,11184,0,42648
"STU001190",2016,"Female","White",1,0,0,1,0,2.87786785024486,0,0,"Standard",0,0,0,0,0,0,NA,0,0
"STU001191",2016,"Female","Asian",1,1,0,0,1,NA,1,1,"Standard",0,0,0,0,1,0.642857142857143,11009.3333333333,0,14040
"STU001192",2016,"Female","White",0,1,0,0,1,2.96843345272935,1,1,"Standard",0,0,0,0,1,0.75,15086.3333333333,0,15971
"STU001193",2016,"Male","White",0,1,0,0,0,1.84154679490911,0,0,"Standard",0,0,0,0,1,0.75,11893.5714285714,0,48806
"STU001194",2016,"Male","White",0,1,0,0,1,2.75093323721653,1,0,"NonCompletion",0,0,0,0,0,0,NA,0,0
"STU001195",2016,"Male","Hispanic",1,1,0,0,0,NA,0,0,"Standard",0,0,0,0,1,0.464285714285714,10893.3076923077,0,6707
"STU001196",2016,"Male","Hispanic",1,0,0,0,1,2.91164940291459,1,0,"Standard",1,0,0,1,0,0,NA,0,0
"STU001197",2016,"Male","White",0,0,1,0,0,3.28154817130557,0,1,"Standard",0,0,0,0,1,0.535714285714286,7451.93333333333,0,9718
"STU001198",2016,"Male","White",1,0,0,0,1,2.98585778328371,1,0,"Standard",0,0,0,0,1,0.5,16655.3571428571,0,34098
"STU001199",2016,"Male","White",0,1,0,0,0,2.48346863821394,0,0,"Standard",0,0,0,0,1,0.214285714285714,10148.3333333333,0,0
"STU001200",2016,"Female","White",0,1,0,0,0,2.21290110961165,0,0,"NonCompletion",0,0,0,0,1,0.357142857142857,14181.9,0,13440
"STU001201",2016,"Male","Asian",0,0,0,0,0,3.85362909279089,0,0,"Advanced",1,1,0,0,1,0.678571428571429,18547.7894736842,1,85764
"STU001202",2016,"Male","White",0,1,0,0,1,2.16173142597485,1,1,"NonCompletion",0,0,0,0,1,0.535714285714286,9873.33333333333,0,13913
"STU001203",2016,"Female","AmericanIndian",1,1,1,1,1,2.26075307941443,1,1,"Standard",0,0,0,0,1,0.785714285714286,13188.1818181818,0,41201
"STU001204",2016,"Female","White",0,1,0,0,0,2.77334384036576,0,0,"Standard",1,1,0,0,1,0.75,14193.9047619048,0,48395
"STU001205",2016,"Male","White",0,0,0,0,1,1.90754132270327,1,0,"NonCompletion",0,0,0,0,1,0.535714285714286,16113.5333333333,1,68867
"STU001206",2016,"Male","Hispanic",0,0,0,1,0,3.20089389287281,0,0,"Standard",1,0,0,1,1,0.285714285714286,25059.875,1,109114
"STU001207",2016,"Female","Other",0,0,0,0,1,3.14172465785299,1,0,"Standard",0,0,0,0,0,0,NA,0,0
"STU001208",2016,"Male","White",0,1,0,1,0,3.60916397176235,0,1,"Advanced",1,0,0,1,1,0.5,20884.9285714286,0,24965
"STU001209",2016,"Female","Black",1,0,0,0,1,3.75297322206984,1,0,"Advanced",1,0,0,1,1,0.357142857142857,6980.6,0,32953
"STU001210",2016,"Male","Hispanic",0,1,1,0,1,1.96424127100573,1,0,"Standard",0,0,0,0,1,0.678571428571429,10068.7368421053,0,14813
"STU001211",2016,"Female","White",0,1,1,0,0,3.02278175557984,0,0,"Standard",1,0,1,0,1,0.392857142857143,11360.9090909091,0,28373
"STU001212",2016,"Female","White",1,0,0,0,0,3.12094750897979,0,0,"Standard",0,0,0,0,1,0.571428571428571,11027.8125,1,53617
"STU001213",2016,"Female","White",0,0,0,0,0,3.45985352766028,0,0,"Standard",0,0,0,0,1,0.642857142857143,8140.05555555556,1,36593
"STU001214",2016,"Female","Asian",0,0,1,0,1,2.50363673479763,1,1,"Standard",1,0,0,1,1,0.821428571428571,28342.9565217391,1,143362
"STU001215",2016,"Male","White",0,0,0,0,1,2.93308940019931,1,0,"Standard",1,0,1,0,1,0.357142857142857,8110.7,0,0
"STU001216",2016,"Female","White",0,0,0,0,0,4,0,0,"Advanced",1,0,0,1,1,0.178571428571429,20984.4,0,70302
"STU001217",2016,"Female","AmericanIndian",0,1,0,0,1,2.23774651748382,1,0,"Standard",0,0,0,0,1,0.642857142857143,12348.8888888889,0,41136
"STU001218",2016,"Female","Asian",0,0,0,0,0,2.34454857426671,0,0,"Standard",0,0,0,0,1,0.607142857142857,9638.88235294118,0,20046
"STU001219",2016,"Female","Black",0,1,0,0,1,2.83613673553026,1,0,"Standard",1,0,0,1,1,0.535714285714286,9991.06666666667,1,55232
"STU001220",2016,"Male","White",0,0,0,0,1,2.2302004488938,1,0,"Standard",0,0,0,0,1,0.571428571428571,12714.3125,0,38447
"STU001221",2016,"Female","Hispanic",0,1,0,0,0,2.40061388734583,0,0,"Standard",0,0,0,0,1,0.571428571428571,9840.25,0,22931
"STU001222",2016,"Female","White",0,1,0,1,0,3.19127245554659,0,1,"Standard",1,0,0,1,1,0.0714285714285714,17244.5,0,34489
"STU001223",2016,"Female","Hispanic",1,0,1,0,0,2.25024255808128,0,0,"Standard",0,0,0,0,1,0.642857142857143,11955.1666666667,0,37244
"STU001224",2016,"Male","Hispanic",0,0,0,0,1,1.94621878055538,1,0,"NonCompletion",0,0,0,0,1,0.678571428571429,10316.1578947368,0,0
"STU001225",2016,"Female","Black",1,0,0,0,1,1.94540972788509,1,0,"Standard",0,0,0,0,1,0.571428571428571,9735.375,0,0
"STU001226",2016,"Male","White",0,1,0,0,0,2.82692314304533,0,1,"Standard",1,0,1,0,1,0.428571428571429,12645.75,1,41293
"STU001227",2016,"Female","White",0,1,0,0,1,2.41582413630221,1,0,"Standard",0,0,0,0,1,0.392857142857143,11454.0909090909,0,24864
"STU001228",2016,"Female","White",0,0,0,0,0,3.53964262217102,0,1,"Advanced",1,0,0,1,1,0.214285714285714,11562.5,0,0
"STU001229",2016,"Male","White",1,0,0,0,0,3.42974541917125,0,0,"Standard",0,0,0,0,1,0.285714285714286,17414.25,0,38672
"STU001230",2016,"Female","Hispanic",0,0,0,0,1,1.98695190469784,1,0,"Standard",0,0,0,0,1,0.5,9372.42857142857,1,45532
"STU001231",2016,"Female","Hispanic",1,1,0,0,1,2.20708913287997,1,1,"Standard",0,0,0,0,1,0.392857142857143,9654.72727272727,0,0
"STU001232",2016,"Female","MultiRacial",0,1,0,0,0,NA,0,0,"Standard",1,0,0,1,1,0.607142857142857,9345.58823529412,0,15691
"STU001233",2016,"Male","Black",0,0,1,0,1,NA,1,1,"Standard",0,0,0,0,1,0.678571428571429,11111.7894736842,1,49806
"STU001234",2016,"Male","Hispanic",0,1,0,0,1,1.39481185850684,1,0,"Standard",0,0,0,0,1,0.678571428571429,8728.47368421053,0,23719
"STU001235",2016,"Male","White",0,1,0,0,0,3.19423107084039,0,0,"Standard",0,0,0,0,0,0,NA,0,0
"STU001236",2016,"Female","White",0,1,0,0,0,3.50015886528177,0,0,"Advanced",0,0,0,0,1,0.571428571428571,13911.75,0,18889
"STU001237",2016,"Female","Hispanic",1,0,0,0,0,2.84444389705691,0,0,"Standard",1,0,0,1,1,0.107142857142857,18516.6666666667,0,55550
"STU001238",2016,"Male","Other",0,0,0,1,0,NA,0,1,"Standard",1,0,0,1,0,0,NA,0,0
"STU001239",2016,"Female","MultiRacial",0,0,0,0,1,2.6297526732875,1,0,"NonCompletion",0,0,0,0,1,0.678571428571429,11287.6315789474,1,50277
"STU001240",2016,"Female","Asian",0,0,0,0,0,3.01017106495524,0,0,"Standard",1,0,0,1,1,0.535714285714286,7026.4,0,22013
"STU001241",2016,"Female","White",0,1,0,1,1,2.52007515799103,1,0,"Standard",1,1,0,0,1,0.357142857142857,15554.2,1,66616
"STU001242",2016,"Male","Hispanic",0,0,1,0,0,3.12203699116888,0,0,"Standard",1,1,0,0,1,0.5,12560.7142857143,0,24328
"STU001243",2016,"Male","White",0,1,0,0,0,3.38274743772023,0,0,"Standard",0,0,0,0,1,0.607142857142857,15219.7647058824,0,39437
"STU001244",2016,"Male","MultiRacial",1,1,0,0,0,2.75483163345437,0,0,"Standard",0,0,0,0,1,0.5,11502.7857142857,0,0
"STU001245",2016,"Male","White",0,1,0,0,1,2.14516507742348,1,0,"Standard",0,0,0,0,1,0.642857142857143,12118.2222222222,1,58154
"STU001246",2016,"Female","White",0,1,0,0,0,2.73286470224419,0,1,"Standard",0,0,0,0,1,0.75,13849.4761904762,0,52055
"STU001247",2016,"Female","Hispanic",0,0,0,0,1,2.07916084299877,1,0,"Standard",0,0,0,0,1,0.607142857142857,10171.3529411765,0,34767
"STU001248",2016,"Female","White",0,0,0,0,0,3.23574951992549,0,0,"Standard",1,1,1,0,1,0.428571428571429,12907.75,0,17442
"STU001249",2016,"Male","Hispanic",1,1,0,0,1,1.54507398238575,1,1,"NonCompletion",0,0,0,0,1,0.607142857142857,8115.64705882353,1,35317
"STU001250",2016,"Male","Asian",0,0,0,0,1,3.05692396419582,1,0,"Standard",1,0,1,0,1,0.857142857142857,15740,0,29455
"STU001251",2016,"Male","White",1,0,0,0,1,2.70471722680801,1,1,"Standard",0,0,0,0,1,0.571428571428571,7874,0,27949
"STU001252",2016,"Female","White",0,0,0,0,1,3.43164939274961,1,0,"Standard",0,0,0,0,1,0.392857142857143,12222.0909090909,1,64280
"STU001253",2016,"Male","White",0,0,0,1,0,3.86798041246855,0,0,"Advanced",1,0,0,1,1,0.607142857142857,12874.6470588235,1,67586
"STU001254",2016,"Male","Asian",0,1,0,0,0,3.4757602515805,0,1,"Standard",0,0,0,0,1,0.571428571428571,13598.3125,1,66712
"STU001255",2016,"Female","MultiRacial",0,0,0,0,1,2.79463538977656,1,0,"Standard",0,0,0,0,1,0.107142857142857,13578.3333333333,0,28434
"STU001256",2016,"Male","Hispanic",0,0,1,0,1,2.21136320063899,1,0,"Standard",0,0,0,0,1,0.678571428571429,9901.84210526316,0,22219
"STU001257",2016,"Male","White",0,0,0,0,1,2.8810960859459,1,0,"Standard",0,0,0,0,1,0.892857142857143,7347.36,1,32820
"STU001258",2016,"Female","Hispanic",0,0,0,0,0,3.15556619530574,0,0,"Standard",0,0,0,0,1,0.964285714285714,11468.962962963,1,60034
"STU001259",2016,"Female","AmericanIndian",0,0,0,1,0,1.88878681890475,0,0,"Standard",1,0,1,1,1,0.678571428571429,11543.5263157895,0,23616
"STU001260",2016,"Male","Black",0,0,1,0,1,2.80000994853284,1,0,"Standard",0,0,0,0,1,0.321428571428571,11120.2222222222,1,48647
"STU001261",2016,"Female","White",1,0,0,0,1,2.99884343207694,1,1,"Standard",1,0,1,0,1,0.0357142857142857,22588,0,22588
"STU001262",2016,"Male","White",0,1,0,0,0,2.31903510665843,0,1,"Standard",0,0,0,0,1,0.392857142857143,9206.27272727273,0,27428
"STU001263",2016,"Male","White",0,1,0,0,0,2.84472498831725,0,0,"Standard",0,0,0,0,1,0.714285714285714,10530.85,0,34274
"STU001264",2016,"Female","Black",0,1,0,0,1,3.16673839137434,1,0,"Standard",0,0,0,0,1,0.75,10479.0476190476,1,48415
"STU001265",2016,"Female","White",0,1,0,0,0,2.64848249832792,0,0,"Standard",0,0,0,0,1,0.607142857142857,9011.76470588235,1,38544
"STU001266",2016,"Female","White",0,1,0,0,0,2.55814818584787,0,1,"NonCompletion",0,0,0,0,1,0.857142857142857,10470.2083333333,0,32885
"STU001267",2016,"Female","Black",0,0,0,0,0,2.39330071158338,0,0,"Standard",0,0,0,0,1,0.5,14223.7142857143,1,54379
"STU001268",2016,"Female","Hispanic",0,0,1,0,1,2.63598606572766,1,0,"Standard",1,0,0,1,1,0.178571428571429,9642.8,0,0
"STU001269",2016,"Female","White",1,0,0,0,0,2.79348290553892,0,0,"Standard",1,0,0,1,0,0,NA,0,0
"STU001270",2016,"Female","White",1,1,0,0,0,2.21505231893303,0,0,"Standard",0,0,0,0,1,0.0714285714285714,15082.5,0,30165
"STU001271",2016,"Female","Black",0,1,1,0,1,2.23482082712176,1,1,"Standard",0,0,0,0,0,0,NA,0,0
"STU001272",2016,"Male","Hispanic",0,1,0,0,0,1.97751241236038,0,0,"Standard",0,0,0,0,1,0.214285714285714,11438.3333333333,1,50032
"STU001273",2016,"Male","Black",1,1,0,0,0,3.60067938075384,0,1,"Advanced",1,0,0,1,1,0.428571428571429,15596.0833333333,0,51813
"STU001274",2016,"Female","Hispanic",0,0,0,0,1,2.69016923216062,1,1,"Standard",0,0,0,0,0,0,NA,0,0
"STU001275",2016,"Male","White",1,0,0,0,0,3.0765186935749,0,0,"Standard",0,0,0,0,1,0.571428571428571,10727.4375,0,39019
"STU001276",2016,"Female","White",1,0,0,0,0,3.43505967206368,0,0,"Standard",1,0,0,1,1,0.678571428571429,7564.47368421053,1,37310
"STU001277",2016,"Female","White",0,0,0,0,0,2.65860783113258,0,0,"Standard",0,0,0,0,1,0.5,8698.85714285714,0,24101
"STU001278",2016,"Male","White",0,1,0,0,0,2.59591683704466,0,0,"Standard",0,0,0,0,1,0.607142857142857,9828.05882352941,1,46454
"STU001279",2016,"Female","Hispanic",1,1,0,1,0,2.79386003116371,0,0,"Standard",0,0,0,0,1,0.428571428571429,10028.75,0,8573
"STU001280",2016,"Female","White",1,0,0,0,0,2.0459501889571,0,0,"Standard",1,1,0,0,1,0.142857142857143,19428,1,77712
"STU001281",2016,"Male","White",0,0,0,0,0,4,0,1,"Advanced",1,0,0,1,1,0.357142857142857,19217.6,0,51449
"STU001282",2016,"Male","Black",0,0,1,0,1,1.88954842795247,1,0,"Standard",0,0,0,0,1,0.357142857142857,8792.3,0,23455
"STU001283",2016,"Female","White",1,0,0,0,0,3.19041589050664,0,0,"Standard",1,0,0,1,1,0.607142857142857,18930.2352941176,0,58406
"STU001284",2016,"Female","White",0,0,0,0,0,2.33954667607054,0,0,"Standard",0,0,0,0,1,0.785714285714286,10901.1818181818,1,59449
"STU001285",2016,"Female","White",1,0,0,0,1,2.34420173528021,1,0,"Standard",0,0,0,0,1,0.5,10995.3571428571,1,43959
"STU001286",2016,"Male","White",0,1,0,0,0,2.82045573036059,0,0,"Standard",0,0,0,0,1,0.535714285714286,10945.8,0,35259
"STU001287",2016,"Male","White",1,0,0,0,0,3.27612326383998,0,0,"Standard",1,0,1,0,1,0.642857142857143,11325,1,40905
"STU001288",2016,"Female","White",0,0,0,0,0,3.44807645772257,0,0,"Standard",0,0,0,0,1,0.428571428571429,12507.5833333333,0,33147
"STU001289",2016,"Female","Black",0,1,0,1,0,2.33881128745897,0,0,"Standard",1,1,1,0,1,0.464285714285714,14808.5384615385,0,32742
"STU001290",2016,"Female","White",0,1,0,0,0,2.57002417613888,0,0,"Standard",0,0,0,0,1,0.357142857142857,13220.1,1,57718
"STU001291",2016,"Male","Asian",0,1,0,0,0,3.80058017630828,0,1,"Advanced",1,0,0,1,1,0.321428571428571,23001.4444444444,0,61116
"STU001292",2016,"Female","White",0,0,0,0,0,3.31981222132125,0,0,"Standard",1,1,0,0,1,0.464285714285714,16832,0,46854
"STU001293",2016,"Male","White",1,1,0,0,1,1.32122384800758,1,0,"Standard",0,0,0,0,1,0.5,11023.2857142857,0,7705
"STU001294",2016,"Male","White",0,0,1,0,1,2.23175820704057,1,0,"Standard",0,0,0,0,0,0,NA,0,0
"STU001295",2016,"Male","White",1,1,0,0,1,2.48691801369938,1,0,"Standard",0,0,0,0,1,0.428571428571429,13610.1666666667,0,41580
"STU001296",2016,"Female","White",0,0,0,0,0,3.03770993360687,0,0,"Standard",0,0,0,0,1,0.571428571428571,6759.5,0,24244
"STU001297",2016,"Male","Black",0,1,0,0,1,2.25832056899291,1,0,"Standard",0,0,0,0,1,0.357142857142857,10217.7,0,25706
"STU001298",2016,"Male","AmericanIndian",0,0,0,0,0,2.80089636665156,0,0,"Standard",0,0,0,0,1,0.392857142857143,11169.7272727273,0,46893
"STU001299",2016,"Female","White",0,1,0,0,0,2.4587628007623,0,0,"Standard",0,0,0,0,1,0.785714285714286,10153.4545454545,0,35686
"STU001300",2016,"Female","White",0,0,0,0,1,3.83942949976961,1,1,"Advanced",0,0,0,0,1,0.178571428571429,18294.4,0,47544
"STU001301",2016,"Male","White",0,0,0,0,0,2.94971153433046,0,0,"Standard",1,0,1,1,0,0,NA,0,0
"STU001302",2016,"Male","Black",0,1,0,0,1,2.32362459532622,1,0,"Standard",0,0,0,0,1,0.785714285714286,9036.77272727273,1,39619
"STU001303",2016,"NonBinary_Other","MultiRacial",0,1,1,0,0,3.21192738897948,0,1,"Standard",1,0,0,1,1,0.678571428571429,18523.5789473684,0,55946
"STU001304",2016,"Male","White",0,1,0,1,1,3.53248857213046,1,1,"Advanced",0,0,0,0,0,0,NA,0,0
"STU001305",2016,"Male","Black",0,1,0,0,1,3.15539306112951,1,1,"Standard",0,0,0,0,1,0.392857142857143,10252.9090909091,0,27856
"STU001306",2016,"Female","Hispanic",1,0,1,0,1,1.97836615161456,1,0,"NonCompletion",0,0,0,0,1,0.714285714285714,11060.55,0,36233
"STU001307",2016,"Male","White",0,0,0,0,0,3.43691098870677,0,0,"Standard",0,0,0,0,1,0.392857142857143,9407,0,10513
"STU001308",2016,"Female","Black",0,0,1,0,0,3.03700712979953,0,0,"Standard",0,0,0,0,1,0.571428571428571,8591.6875,1,36816
"STU001309",2016,"Female","AmericanIndian",0,0,0,1,1,2.16146647832279,1,0,"Standard",0,0,0,0,1,0.857142857142857,11612.9583333333,0,50875
"STU001310",2016,"Male","Hispanic",1,0,0,0,1,2.20529921632891,1,0,"Standard",0,0,0,0,1,0.75,12089.7142857143,0,42192
"STU001311",2016,"Male","White",0,0,1,0,0,2.2440310876655,0,0,"Standard",0,0,0,0,1,0.5,12199.3571428571,0,40286
"STU001312",2016,"Female","White",1,0,0,0,0,3.60269030996695,0,1,"Advanced",1,0,0,1,1,0.25,26871,0,0
"STU001313",2016,"Male","White",0,0,1,0,0,2.15281841655579,0,0,"Standard",0,0,0,0,1,0.428571428571429,9665.91666666667,1,42564
"STU001314",2016,"Male","Black",0,0,1,0,1,2.67444919797967,1,0,"Standard",1,0,0,1,1,0.785714285714286,14396.7272727273,1,94820
"STU001315",2016,"Male","Asian",0,1,0,0,0,3.78043434046641,0,1,"Advanced",1,0,0,1,1,0.678571428571429,20061.7368421053,1,78619
"STU001316",2016,"Female","White",0,0,0,0,1,2.48754308135677,1,1,"Standard",0,0,0,0,1,0.642857142857143,11873.0555555556,0,41691
"STU001317",2016,"Female","White",0,1,0,0,0,2.62821595136259,0,0,"Standard",0,0,0,0,1,0.821428571428571,9388.17391304348,1,50937
"STU001318",2016,"Female","White",1,0,0,0,1,2.3455333669395,1,0,"Standard",0,0,0,0,1,0.535714285714286,10962.1333333333,1,58638
"STU001319",2016,"Male","White",0,1,0,0,1,2.36687152841575,1,0,"Standard",0,0,0,0,1,0.464285714285714,10381.7692307692,0,18635
"STU001320",2016,"Female","Hispanic",0,0,0,0,1,2.94325571091633,1,0,"Standard",1,0,0,1,1,0.571428571428571,6621.375,0,12563
"STU001321",2016,"Female","White",1,0,0,0,1,2.06783623882315,1,0,"Standard",1,0,1,0,1,0.642857142857143,14772.6666666667,0,24418
"STU001322",2016,"Male","White",0,1,0,0,0,3.45029304955198,0,1,"Standard",1,0,0,1,1,0.571428571428571,19935.25,0,83133
"STU001323",2016,"Male","AmericanIndian",0,0,0,0,0,2.24336764005288,0,0,"Standard",1,0,1,0,1,0.428571428571429,10983.25,0,35695
"STU001324",2016,"Female","White",0,0,0,0,0,2.91162175669026,0,0,"Standard",0,0,0,0,1,0.714285714285714,11545.9,0,37842
"STU001325",2016,"Female","Hispanic",1,1,0,0,1,2.70139582256104,1,0,"Standard",0,0,0,0,0,0,NA,0,0
"STU001326",2016,"Female","Asian",1,0,0,1,1,2.89834346203138,1,0,"NonCompletion",0,0,0,0,1,0.642857142857143,10404.6666666667,0,22912
"STU001327",2016,"Female","Asian",1,0,0,0,1,3.55969591953879,1,1,"Advanced",1,0,1,0,0,0,NA,0,0
"STU001328",2016,"Male","White",0,0,0,0,0,3.12227242026736,0,0,"Standard",1,1,1,0,1,0.642857142857143,15688.9444444444,0,31022
"STU001329",2016,"Female","White",0,1,1,1,0,3.35297155195325,0,1,"Standard",1,0,0,1,1,0.107142857142857,9880,0,0
"STU001330",2016,"Female","Hispanic",0,1,0,0,1,2.60027289189821,1,0,"Standard",0,0,0,0,1,0.357142857142857,10420.6,0,36514
"STU001331",2016,"Male","Asian",0,0,1,0,1,2.44849772594704,1,0,"Standard",0,0,0,0,1,0.535714285714286,9315.53333333333,0,43755
"STU001332",2016,"Female","White",1,0,0,0,0,2.05905311231768,0,0,"NonCompletion",0,0,0,0,1,0.607142857142857,11335.7058823529,0,20458
"STU001333",2016,"Female","White",0,0,0,1,0,3.18773755436246,0,0,"Standard",1,0,1,0,1,0.678571428571429,11645.9473684211,0,12868
"STU001334",2016,"Male","White",0,1,1,0,0,3.08890498561962,0,0,"Standard",1,0,0,1,1,0.714285714285714,14868.1,0,64966
"STU001335",2016,"NonBinary_Other","White",0,1,0,1,0,2.31556157078247,0,0,"Standard",0,0,0,0,1,0.535714285714286,11662.2,1,50798
"STU001336",2016,"Male","MultiRacial",0,0,1,0,0,2.60738742934935,0,1,"Standard",1,0,1,0,1,0.5,16080.8571428571,0,48832
"STU001337",2016,"Male","White",1,0,0,1,0,2.30576171428266,0,0,"Standard",0,0,0,0,1,0.714285714285714,11270.25,0,16017
"STU001338",2016,"Female","Hispanic",0,0,1,0,1,1.56346121160427,1,0,"Standard",0,0,0,0,0,0,NA,0,0
"STU001339",2016,"Female","White",0,0,0,0,1,3.53877957499843,1,0,"Advanced",1,1,1,0,1,0.678571428571429,13518.1052631579,1,65603
"STU001340",2016,"Female","Hispanic",0,1,0,0,1,2.72090569418984,1,0,"Standard",1,0,0,1,1,0.392857142857143,19135.0909090909,0,51807
"STU001341",2016,"NonBinary_Other","Asian",1,0,1,0,0,2.91943159318613,0,1,"Standard",1,0,0,1,1,0.321428571428571,19848.4444444444,0,30675
"STU001342",2016,"Female","Black",0,1,0,0,0,2.26953401687752,0,0,"Standard",0,0,0,0,1,0.607142857142857,12234.8235294118,0,0
"STU001343",2016,"Male","White",0,1,0,1,0,2.94575353460701,0,0,"Standard",0,0,0,0,0,0,NA,0,0
"STU001344",2016,"Male","White",1,1,0,0,0,2.55663485435764,0,0,"Standard",0,0,0,0,1,0.535714285714286,10567.8666666667,0,15677
"STU001345",2016,"Male","White",1,0,0,0,0,2.1800633223252,0,0,"Standard",0,0,0,0,1,0.642857142857143,10637.8333333333,1,54010
"STU001346",2016,"Female","White",0,0,0,0,1,2.89761285288891,1,0,"Standard",1,0,1,1,1,0.571428571428571,8759.5,0,11613
"STU001347",2016,"Female","Hispanic",0,0,0,0,1,2.93335603964296,1,1,"Standard",1,0,0,1,1,0.464285714285714,5776.23076923077,1,22611
"STU001348",2016,"Male","White",1,1,0,0,0,2.31632287222923,0,0,"NonCompletion",0,0,0,0,1,0.714285714285714,12280.7,1,49814
"STU001349",2016,"Female","White",0,0,0,0,0,3.50257644539857,0,0,"Advanced",1,0,0,1,1,0.0714285714285714,10682.5,0,21365
"STU001350",2016,"Male","AmericanIndian",0,0,0,0,1,2.3080520722574,1,0,"Standard",0,0,0,0,1,0.5,10318.3571428571,0,0
"STU001351",2016,"NonBinary_Other","White",0,1,0,0,0,3.04106485546386,0,1,"Standard",1,0,1,0,1,0.535714285714286,13039.4,1,55809
"STU001352",2016,"Male","White",1,1,0,0,1,2.86726038078386,1,0,"Standard",0,0,0,0,1,0.535714285714286,10845.4,0,25120
"STU001353",2016,"Female","White",0,0,0,0,0,3.31660749381428,0,0,"Standard",0,0,0,0,1,0.607142857142857,9237.05882352941,0,24477
"STU001354",2016,"Female","White",0,0,0,0,0,2.87730568909324,0,0,"Standard",1,0,1,0,1,0.75,15522.0952380952,0,75561
"STU001355",2016,"Female","White",1,1,0,0,0,2.15359946620973,0,0,"NonCompletion",0,0,0,0,1,0.428571428571429,9531.66666666667,0,8834
"STU001356",2016,"NonBinary_Other","Hispanic",0,1,0,0,0,2.65373665659299,0,0,"Standard",1,0,1,0,1,0.571428571428571,9639.75,1,44061
"STU001357",2016,"Male","Black",0,0,0,0,0,1.53711124511334,0,1,"Standard",0,0,0,0,1,0.714285714285714,10784.9,0,45216
"STU001358",2016,"Female","MultiRacial",0,1,1,1,0,3.33236180960752,0,1,"Standard",1,0,0,1,1,0.464285714285714,20418.0769230769,1,87128
"STU001359",2016,"Female","AmericanIndian",0,0,0,0,1,1.36524819967025,1,0,"NonCompletion",0,0,0,0,1,0.464285714285714,12503.8461538462,1,44368
"STU001360",2016,"Female","White",0,0,0,0,0,3.57084870164869,0,1,"Advanced",1,1,0,0,1,0.821428571428571,16673.3913043478,0,36743
"STU001361",2016,"Female","Asian",0,0,0,0,1,3.84674567843487,1,1,"Advanced",0,0,0,0,1,0.642857142857143,13664,0,0
"STU001362",2016,"Male","White",0,1,0,1,0,2.15153443723131,0,1,"Standard",0,0,0,0,1,0.785714285714286,8813,0,18455
"STU001363",2016,"Male","MultiRacial",1,0,0,1,0,2.17791358417834,0,0,"Standard",0,0,0,0,0,0,NA,0,0
"STU001364",2016,"Female","Hispanic",0,0,0,0,1,2.64143846388564,1,0,"Standard",0,0,0,0,1,0.5,12229.7142857143,0,0
"STU001365",2016,"Male","White",0,1,0,0,0,2.96955351049679,0,0,"Standard",1,0,0,1,1,0.535714285714286,7759.6,0,14443
"STU001366",2016,"Male","White",0,0,1,0,0,2.37320965084149,0,0,"Standard",0,0,0,0,1,0.857142857142857,10729.125,0,18083
"STU001367",2016,"Female","AmericanIndian",1,0,0,0,0,3.09084559392707,0,0,"Standard",0,0,0,0,1,0.5,11080.2142857143,0,33182
"STU001368",2016,"Female","White",0,1,0,0,1,2.2875742715255,1,0,"Standard",1,0,1,0,1,0.5,11826.1428571429,0,38526
"STU001369",2016,"Male","Hispanic",0,1,0,0,0,2.91046631703497,0,0,"Standard",0,0,0,0,1,0.0714285714285714,12441,0,24882
"STU001370",2016,"Female","White",1,0,1,0,0,2.51528005355709,0,0,"Standard",1,0,1,0,1,0.392857142857143,11855.2727272727,1,44083
"STU001371",2016,"Female","Hispanic",1,1,0,0,1,2.63491590843971,1,0,"Standard",0,0,0,0,1,0.321428571428571,8786.11111111111,0,24924
"STU001372",2016,"Male","MultiRacial",0,0,0,0,0,2.85154460874996,0,0,"Standard",1,1,0,0,1,0.357142857142857,17869.2,0,43674
"STU001373",2016,"Male","White",1,0,0,0,1,2.24820525887194,1,0,"Standard",0,0,0,0,1,0.642857142857143,11915.2222222222,1,45204
"STU001374",2016,"Female","Hispanic",0,0,0,0,1,2.59428244049106,1,1,"Standard",1,1,1,0,1,0.857142857142857,15243.4166666667,0,50909
"STU001375",2016,"Female","Hispanic",0,0,0,1,1,2.71196441427895,1,0,"Standard",0,0,0,0,1,0.535714285714286,10233.1333333333,0,30622
"STU001376",2016,"Female","White",0,1,1,0,0,1.786366241943,0,0,"Standard",0,0,0,0,1,0.75,10436.5714285714,1,57481
"STU001377",2016,"Male","White",1,1,0,0,1,2.5059051714287,1,0,"Standard",0,0,0,0,1,0.428571428571429,9426.33333333333,0,17410
"STU001378",2016,"NonBinary_Other","Hispanic",0,0,0,0,1,2.21178914087234,1,0,"Standard",0,0,0,0,1,0.428571428571429,10934,1,50839
"STU001379",2016,"Male","White",1,0,0,0,0,3.50667689225426,0,0,"Advanced",1,0,1,0,1,0.357142857142857,18448,0,36416
"STU001380",2016,"Male","Hispanic",0,0,0,0,1,2.41302398785262,1,0,"Standard",0,0,0,0,1,0.607142857142857,12159.5882352941,0,23883
"STU001381",2016,"Female","MultiRacial",0,1,1,0,0,1.98513185288577,0,1,"Standard",0,0,0,0,1,0.785714285714286,11690.4545454545,0,41155
"STU001382",2016,"Female","Asian",0,1,0,0,1,2.87488108503884,1,0,"Standard",0,0,0,0,1,0.5,11129.6428571429,1,58109
"STU001383",2016,"Male","MultiRacial",1,0,1,0,0,2.15005696679565,0,0,"Standard",0,0,0,0,1,0.107142857142857,9544,0,19727
"STU001384",2016,"Female","White",1,0,0,0,0,3.64264238516599,0,1,"Advanced",1,1,0,0,1,0.607142857142857,13893.7647058824,0,14921
"STU001385",2016,"Male","Black",1,1,1,1,0,2.94410375332465,0,0,"Standard",0,0,0,0,1,0.321428571428571,5990.88888888889,0,0
"STU001386",2016,"Female","White",1,1,0,0,0,2.68190313619927,0,0,"Standard",0,0,0,0,1,0.571428571428571,10613.4375,0,6507
"STU001387",2016,"Male","White",0,0,0,0,1,2.70050380069386,1,0,"Standard",1,0,1,0,1,0.392857142857143,12933.3636363636,0,32446
"STU001388",2016,"Female","Hispanic",0,0,1,1,0,2.53205389490974,0,0,"Standard",0,0,0,0,1,0.464285714285714,12471.0769230769,0,15867
"STU001389",2016,"Male","Hispanic",0,0,0,0,0,NA,0,1,"Standard",0,0,0,0,1,0.642857142857143,11712.3333333333,0,0
"STU001390",2016,"Female","Hispanic",0,0,0,0,1,2.82543771363659,1,0,"Standard",0,0,0,0,1,0.821428571428571,10618.8695652174,0,44525
"STU001391",2016,"Female","White",0,1,0,0,0,2.67083511851999,0,1,"Standard",0,0,0,0,1,0.214285714285714,13609.8333333333,0,42349
"STU001392",2016,"NonBinary_Other","Hispanic",0,0,0,0,1,2.48505825817472,1,0,"Standard",0,0,0,0,0,0,NA,0,0
"STU001393",2016,"Female","Other",0,0,0,0,1,2.79054617576871,1,0,"Standard",1,1,0,0,1,0.464285714285714,14723.3846153846,0,44141
"STU001394",2016,"Female","Other",0,1,0,0,0,3.16628060020902,0,0,"Standard",1,0,0,1,1,0.285714285714286,6441.5,0,0
"STU001395",2016,"Female","White",0,0,0,0,1,3.36074922541262,1,0,"Standard",0,0,0,0,1,0.75,8544.28571428571,1,41156
"STU001396",2016,"Female","MultiRacial",0,0,0,0,0,3.41704259112214,0,1,"Standard",1,0,1,0,1,0.142857142857143,18787,0,33606
"STU001397",2016,"Male","White",0,1,1,0,0,2.15439798223134,0,0,"Standard",1,0,1,0,1,0.392857142857143,15795.8181818182,0,36507
"STU001398",2016,"Male","White",0,0,1,1,0,2.24871666655567,0,0,"Standard",0,0,0,0,1,0.5,9197.57142857143,0,30977
"STU001399",2016,"Male","White",1,1,0,0,1,2.59991806303711,1,0,"Standard",0,0,0,0,1,0.5,14078.0714285714,0,46009
"STU001400",2016,"Female","MultiRacial",0,0,0,0,0,3.50656282017017,0,0,"Advanced",0,0,0,0,1,0.357142857142857,10384.7,0,0
"STU001401",2016,"Male","White",1,1,0,0,0,3.26008111068194,0,0,"Standard",0,0,0,0,1,0.571428571428571,8274.75,0,9259
"STU001402",2016,"Male","Black",0,0,0,0,1,2.29799662428557,1,0,"Standard",0,0,0,0,1,0.392857142857143,12397.6363636364,0,14540
"STU001403",2016,"Male","Hispanic",0,0,0,0,1,2.26473003816583,1,0,"Standard",1,0,1,0,1,0.535714285714286,13273.4666666667,0,42721
"STU001404",2016,"Male","Asian",0,1,0,0,0,2.976187750794,0,0,"Standard",1,1,1,0,1,0.5,14942.2857142857,0,42747
"STU001405",2016,"Female","Hispanic",0,1,0,0,1,1.84391408734503,1,0,"NonCompletion",1,0,1,0,1,0.607142857142857,10734.5294117647,0,27825
"STU001406",2016,"Male","White",0,1,1,0,0,3.28231380050757,0,1,"Standard",0,0,0,0,1,0.464285714285714,7541.76923076923,0,20208
"STU001407",2016,"Male","White",1,0,0,0,0,2.56832200607637,0,0,"NonCompletion",0,0,0,0,1,0.607142857142857,12702.0588235294,1,61459
"STU001408",2016,"Male","MultiRacial",0,0,0,0,0,3.25145213121959,0,1,"Standard",1,0,1,0,0,0,NA,0,0
"STU001409",2016,"Male","Hispanic",0,1,0,0,0,2.62453795617686,0,0,"Standard",0,0,0,0,1,0.392857142857143,10179.6363636364,1,48907
"STU001410",2016,"Female","White",0,1,0,1,0,2.41017564904019,0,0,"Standard",0,0,0,0,1,0.535714285714286,15200.1333333333,1,78042
"STU001411",2016,"NonBinary_Other","White",1,0,1,0,0,2.21345831808975,0,0,"Standard",0,0,0,0,1,0.75,11585.1904761905,1,49551
"STU001412",2016,"Male","Hispanic",0,0,1,1,0,NA,0,0,"NonCompletion",0,0,0,0,0,0,NA,0,0
"STU001413",2016,"Male","Black",0,0,0,0,1,2.46155281166955,1,1,"Standard",0,0,0,0,1,0.535714285714286,12517.2,0,0
"STU001414",2016,"Male","MultiRacial",0,0,0,1,1,3.01753999931881,1,0,"Standard",1,0,1,0,1,0.464285714285714,9460.76923076923,0,9852
"STU001415",2016,"Male","White",1,0,0,1,1,2.14529373937016,1,1,"Standard",1,1,0,0,1,0.5,12671.7142857143,0,12880
"STU001416",2016,"Female","Hispanic",1,0,0,0,1,2.48022337505271,1,1,"Standard",0,0,0,0,1,0.642857142857143,9495.88888888889,0,28465
"STU001417",2016,"Female","White",0,0,0,0,0,2.92746055148585,0,0,"Standard",1,0,0,1,1,0.678571428571429,7608.73684210526,0,12273
"STU001418",2016,"Female","Hispanic",0,1,0,0,0,2.07022908406383,0,0,"Standard",0,0,0,0,1,0.642857142857143,11898.6666666667,0,40596
"STU001419",2016,"Female","Hispanic",1,0,0,0,1,3.0383980585211,1,0,"Standard",0,0,0,0,1,0.642857142857143,10615.4444444444,1,54512
"STU001420",2016,"Male","MultiRacial",0,0,0,0,0,3.46949767837079,0,0,"Standard",1,0,0,1,1,0.5,16235.0714285714,0,55414
"STU001421",2016,"Male","Black",0,0,0,0,1,2.70209679407637,1,0,"Standard",0,0,0,0,1,0.357142857142857,10341.3,0,19700
"STU001422",2016,"Male","White",0,1,0,0,0,2.78333415305561,0,1,"Standard",0,0,0,0,1,0.464285714285714,8865.30769230769,0,0
"STU001423",2016,"Female","Black",0,0,0,0,0,2.66506636575053,0,0,"Standard",1,1,0,0,1,0.25,14308.2857142857,0,16673
"STU001424",2016,"Male","White",1,0,0,0,1,2.43324047022245,1,0,"Standard",1,1,0,0,1,0.392857142857143,14377.8181818182,0,15337
"STU001425",2016,"Male","White",0,0,0,1,1,2.02167725151361,1,1,"Standard",0,0,0,0,1,0.428571428571429,8387.58333333333,0,26194
"STU001426",2016,"Female","Hispanic",0,1,0,0,0,2.30559047991572,0,0,"Standard",0,0,0,0,1,0.714285714285714,10587.8,1,50951
"STU001427",2016,"Female","White",0,0,0,0,0,1.80098137837548,0,0,"NonCompletion",0,0,0,0,1,0.571428571428571,10925.625,0,0
"STU001428",2016,"Male","Hispanic",0,1,0,1,1,3.11146503491005,1,0,"Standard",0,0,0,0,1,0.392857142857143,12192.0909090909,0,25472
"STU001429",2016,"Male","Asian",1,0,0,0,0,2.48690072488764,0,0,"Standard",0,0,0,0,1,0.464285714285714,5502.92307692308,0,0
"STU001430",2016,"Male","White",0,1,0,1,0,2.79874918586393,0,0,"Standard",0,0,0,0,1,0.928571428571429,15447.4615384615,0,52323
"STU001431",2016,"Male","White",0,0,0,0,0,2.31487844556713,0,0,"Standard",0,0,0,0,1,0.5,13431.7857142857,0,31441
"STU001432",2016,"Female","Black",1,0,0,0,0,2.62162685768961,0,0,"Standard",1,1,0,0,1,0.0714285714285714,22495.5,0,44991
"STU001433",2016,"Female","Hispanic",0,1,0,0,1,1.77487033490459,1,0,"Standard",0,0,0,0,1,0.642857142857143,10558.2777777778,1,57582
"STU001434",2016,"Female","White",0,0,0,0,0,3.23832877770133,0,0,"Standard",0,0,0,0,1,0.571428571428571,9461,0,37126
"STU001435",2016,"Female","White",0,1,0,0,0,2.62934486745252,0,0,"Standard",0,0,0,0,1,0.642857142857143,11052.8333333333,1,48376
"STU001436",2016,"Male","White",1,1,0,0,0,2.89580233456513,0,0,"Standard",1,0,0,1,1,0.464285714285714,9801.15384615385,0,44819
"STU001437",2016,"Female","White",0,0,0,0,1,2.13427755459288,1,0,"Standard",0,0,0,0,1,0.75,13521.8095238095,1,60241
"STU001438",2016,"Female","Hispanic",0,1,1,0,0,3.33266558318739,0,1,"Standard",1,0,0,1,1,0.428571428571429,15923.5,0,0
"STU001439",2016,"Female","Black",0,1,0,0,0,2.87981973929414,0,0,"Standard",0,0,0,0,1,0.75,9766.85714285714,0,28944
"STU001440",2016,"Female","MultiRacial",0,0,0,0,0,3.50563589929797,0,0,"Advanced",1,0,0,1,1,0.785714285714286,18272.0454545455,0,97904
"STU001441",2016,"Male","Hispanic",0,1,1,0,1,2.52135765433849,1,0,"NonCompletion",0,0,0,0,1,0.607142857142857,10978.2941176471,1,50417
"STU001442",2016,"Male","MultiRacial",1,1,0,0,1,2.00867429010402,1,0,"Standard",1,0,1,0,0,0,NA,0,0
"STU001443",2016,"Female","Black",0,0,0,0,0,3.1564495580822,0,0,"NonCompletion",0,0,0,0,1,0.535714285714286,16495.8666666667,0,46125
"STU001444",2016,"Female","White",1,0,0,0,1,3.2039077774147,1,0,"Standard",0,0,0,0,1,0.428571428571429,8240.58333333333,0,23114
"STU001445",2016,"Female","Black",0,0,0,0,1,2.87073189970695,1,1,"Standard",0,0,0,0,1,0.321428571428571,15099.1111111111,0,0
"STU001446",2016,"Male","AmericanIndian",1,0,0,0,1,2.65084591265132,1,0,"Standard",0,0,0,0,1,0.75,8666.09523809524,0,0
"STU001447",2016,"Female","Hispanic",1,0,0,0,0,2.36333660514205,0,0,"Standard",0,0,0,0,1,0.535714285714286,11629.4666666667,0,0
"STU001448",2016,"Female","Hispanic",0,0,0,0,0,2.53034899140335,0,1,"Standard",1,0,1,0,1,0.392857142857143,13328.5454545455,0,30917
"STU001449",2016,"Female","White",0,1,0,0,0,2.51464539874458,0,0,"Standard",0,0,0,0,1,0.5,13490.5,1,49276
"STU001450",2016,"Male","Black",0,0,1,0,1,2.12300581061319,1,0,"Standard",0,0,0,0,1,0.428571428571429,11097.1666666667,0,19529
"STU001451",2016,"Male","White",1,0,0,0,0,2.09107855810721,0,0,"Standard",0,0,0,0,1,0.571428571428571,9133.625,0,31362
"STU001452",2016,"Male","Hispanic",0,0,1,0,1,3.02138893418239,1,0,"Standard",1,1,1,0,1,0.607142857142857,14539.2941176471,1,77776
"STU001453",2016,"Female","White",0,1,0,0,1,1.94238192746508,1,1,"Standard",1,0,1,0,1,0.714285714285714,8970.2,0,26619
"STU001454",2016,"Female","White",1,0,0,0,0,2.96666586647287,0,1,"Standard",1,0,0,1,1,0.642857142857143,7547.33333333333,1,45706
"STU001455",2016,"Female","Hispanic",1,0,0,0,1,2.22704578366313,1,0,"Standard",0,0,0,0,1,0.321428571428571,10656.1111111111,1,53234
"STU001456",2016,"Female","White",1,0,0,0,1,2.4283964473134,1,0,"Standard",0,0,0,0,1,0.607142857142857,11695.9411764706,0,48247
"STU001457",2016,"Female","White",0,0,1,0,0,3.64694652308798,0,0,"Advanced",0,0,0,0,1,0.0357142857142857,19136,0,19136
"STU001458",2016,"Male","White",0,0,0,0,0,2.88700688801483,0,0,"Standard",1,0,0,1,1,0.428571428571429,17225.6666666667,0,52830
"STU001459",2016,"Female","MultiRacial",0,0,0,0,1,3.17943156707263,1,1,"Standard",1,0,1,0,1,0.142857142857143,11908.75,0,22192
"STU001460",2016,"Female","Hispanic",0,0,0,0,0,2.75755509802738,0,0,"Standard",1,0,1,0,1,0.714285714285714,12222.75,0,63322
"STU001461",2016,"Male","Other",0,1,1,0,0,3.57425591355794,0,0,"Advanced",1,0,0,1,1,0.535714285714286,23628.3333333333,1,105203
"STU001462",2016,"Male","White",0,0,0,1,0,3.49343956023976,0,0,"Standard",1,0,0,1,0,0,NA,0,0
"STU001463",2016,"Female","MultiRacial",0,1,0,0,0,3.07639494135834,0,0,"Standard",1,0,1,0,1,0.642857142857143,9657.27777777778,1,44086
"STU001464",2016,"Female","Hispanic",0,0,0,0,0,3.50806576262875,0,0,"Advanced",1,0,0,1,1,0.714285714285714,20024.8,1,101172
"STU001465",2016,"Female","Other",0,0,0,0,0,4,0,1,"Advanced",1,0,0,1,1,0.75,20752.5238095238,0,64214
"STU001466",2016,"Female","Hispanic",0,0,0,0,1,2.64743267362008,1,0,"Standard",0,0,0,0,1,0.607142857142857,11944.5294117647,0,32872
"STU001467",2016,"Female","Other",1,0,0,0,1,1.92072107244443,1,0,"Standard",0,0,0,0,1,0.785714285714286,11989.0909090909,1,39329
"STU001468",2016,"Male","White",0,1,1,0,1,2.47307779131685,1,1,"NonCompletion",0,0,0,0,0,0,NA,0,0
"STU001469",2016,"Male","MultiRacial",0,0,0,0,1,3.42393073002402,1,1,"Standard",1,0,0,1,1,0.428571428571429,14741.5,0,15019
"STU001470",2016,"Female","White",1,1,0,0,1,2.62967748711859,1,0,"Standard",0,0,0,0,1,0.642857142857143,14761.6111111111,1,62930
"STU001471",2016,"Female","Black",0,0,0,0,1,2.12630562867462,1,0,"Standard",0,0,0,0,1,0.75,12623.7142857143,0,25679
"STU001472",2016,"Female","MultiRacial",0,1,0,0,0,2.1917073427653,0,0,"Standard",0,0,0,0,1,0.285714285714286,10080.375,0,12899
"STU001473",2016,"Female","MultiRacial",1,0,0,0,1,2.81463324739548,1,0,"Standard",0,0,0,0,1,0.642857142857143,13103.5,0,0
"STU001474",2016,"Male","White",0,1,0,0,1,2.39559510305474,1,1,"Standard",1,1,0,0,1,0.642857142857143,15890.9444444444,0,29774
"STU001475",2016,"Male","White",0,1,1,0,0,3.24456603289802,0,0,"Standard",1,0,0,1,1,0.428571428571429,10949.0833333333,0,19171
"STU001476",2016,"Female","Hispanic",1,1,1,0,0,2.16427685417362,0,0,"NonCompletion",0,0,0,0,1,0.464285714285714,12808.6923076923,0,30982
"STU001477",2016,"Male","White",0,1,0,0,0,2.58870752670297,0,0,"Standard",0,0,0,0,1,0.5,10405.3571428571,0,0
"STU001478",2016,"Female","White",0,0,0,0,1,2.77500197369385,1,1,"Standard",0,0,0,0,1,0.571428571428571,12283.3125,0,30302
"STU001479",2016,"Female","White",0,0,0,0,0,2.84762140421076,0,0,"Standard",0,0,0,0,1,0.535714285714286,10889,0,22041
"STU001480",2016,"Male","White",0,0,0,1,0,2.90700580853689,0,0,"Standard",0,0,0,0,1,0.535714285714286,7064.93333333333,0,3654
"STU001481",2016,"Male","Black",1,1,0,0,0,2.07924584972317,0,0,"NonCompletion",0,0,0,0,1,0.642857142857143,10225.7777777778,1,49471
"STU001482",2016,"Male","White",0,0,1,1,0,2.65962789574029,0,0,"Standard",0,0,0,0,1,0.321428571428571,7331.77777777778,0,0
"STU001483",2016,"Male","White",0,0,0,0,0,2.10901589470168,0,0,"Standard",0,0,0,0,1,0.535714285714286,10002.0666666667,0,28103
"STU001484",2016,"Male","Asian",0,1,0,0,0,2.39282056115438,0,0,"Standard",0,0,0,0,1,0.5,14046.1428571429,0,0
"STU001485",2016,"Female","White",0,0,0,0,0,2.80746116379693,0,0,"Standard",0,0,0,0,1,0.214285714285714,19508.5,0,23145
"STU001486",2016,"Male","Black",1,0,0,0,1,2.00285075291566,1,0,"NonCompletion",0,0,0,0,1,0.714285714285714,9570.3,0,26888
"STU001487",2016,"Female","White",0,0,1,0,0,3.36486772403576,0,0,"Standard",0,0,0,0,1,0.571428571428571,13967.1875,0,0
"STU001488",2016,"Female","AmericanIndian",0,0,0,0,1,1.47823682887723,1,0,"NonCompletion",0,0,0,0,1,0.464285714285714,8739.07692307692,0,6897
"STU001489",2016,"Female","White",0,0,0,0,0,3.01808623008014,0,1,"Standard",0,0,0,0,1,0.5,12707.8571428571,1,68378
"STU001490",2016,"Female","Hispanic",0,0,0,1,1,2.577128372857,1,0,"Standard",0,0,0,0,1,0.607142857142857,10980.1176470588,0,35560
"STU001491",2016,"Female","Black",0,0,1,0,1,2.00155525348447,1,0,"NonCompletion",0,0,0,0,1,0.214285714285714,8971.83333333333,0,0
"STU001492",2016,"Male","White",0,0,0,0,0,3.23117597610204,0,0,"Standard",0,0,0,0,1,0.5,7656.35714285714,1,38893
"STU001493",2016,"Female","Black",0,0,0,0,1,2.57149391252396,1,0,"Standard",1,0,0,1,1,0.107142857142857,17191.6666666667,0,51575
"STU001494",2016,"Female","Hispanic",0,0,0,0,1,2.81230854731057,1,0,"Standard",1,0,0,1,1,0.25,11605.8571428571,0,0
"STU001495",2016,"Female","Hispanic",0,1,0,0,1,2.39106414290484,1,0,"Standard",0,0,0,0,1,0.678571428571429,10489.4736842105,0,41079
"STU001496",2016,"Female","Black",0,1,0,0,0,2.90622886569301,0,1,"Standard",0,0,0,0,1,0.535714285714286,10370.9333333333,0,0
"STU001497",2016,"Male","White",0,1,0,0,0,2.58445682405339,0,0,"Standard",0,0,0,0,1,0.785714285714286,14734.8181818182,0,12146
"STU001498",2016,"Female","White",0,0,0,0,0,2.47542154692471,0,1,"Standard",0,0,0,0,1,0.428571428571429,12445.75,0,0
"STU001499",2016,"Male","Asian",1,0,0,0,1,2.38798799988816,1,1,"Standard",1,0,1,0,1,0.785714285714286,12471.1818181818,1,59175
"STU001500",2016,"Female","Black",1,0,0,0,1,NA,1,0,"NonCompletion",0,0,0,0,1,0.678571428571429,10895.4210526316,0,40086
"STU001501",2016,"Male","Asian",1,1,0,0,0,2.58771584383094,0,0,"Standard",0,0,0,0,1,0.535714285714286,9042.2,0,12478
"STU001502",2016,"Female","Other",0,0,0,0,0,2.07423677619048,0,0,"Standard",0,0,0,0,1,0.678571428571429,15342.5263157895,0,23600
"STU001503",2016,"Female","White",0,1,0,0,0,2.63774390777667,0,0,"Standard",0,0,0,0,1,0.464285714285714,10400.9230769231,0,23067
"STU001504",2016,"Female","Hispanic",0,1,0,0,0,2.50112416272479,0,0,"Standard",0,0,0,0,1,0.464285714285714,9036.38461538462,1,46496
"STU001505",2016,"Female","White",1,0,0,0,0,2.16070597636007,0,1,"Standard",1,0,1,0,1,0.642857142857143,10727.5,0,20447
"STU001506",2016,"Female","White",0,1,0,0,0,2.80591009068778,0,0,"Standard",1,0,0,1,1,0.214285714285714,7991.5,0,22448
"STU001507",2016,"Male","White",0,1,0,0,0,3.22929767288101,0,1,"Standard",1,0,1,0,1,0.75,13971.5238095238,1,50363
"STU001508",2016,"Female","White",0,0,0,0,0,2.22956663738628,0,0,"Standard",0,0,0,0,1,0.678571428571429,9958.15789473684,0,39129
"STU001509",2016,"Female","White",0,0,0,0,0,2.31287577794792,0,0,"Standard",0,0,0,0,1,0.75,10944.1904761905,0,19727
"STU001510",2016,"Male","White",0,1,0,1,0,2.27037503099921,0,0,"Standard",0,0,0,0,1,0.607142857142857,13420.8823529412,0,34119
"STU001511",2016,"Female","White",0,1,0,0,1,2.47060793578394,1,0,"Standard",0,0,0,0,1,0.321428571428571,10615.3333333333,0,15921
"STU001512",2016,"Male","Asian",1,0,1,0,0,2.48381156438841,0,0,"Standard",0,0,0,0,1,0.535714285714286,9951.2,1,46060
"STU001513",2016,"Male","Asian",0,0,1,0,0,3.70519867979523,0,0,"Advanced",1,0,0,1,1,0.821428571428571,20825.347826087,1,132636
"STU001514",2016,"Male","Asian",1,0,1,0,0,2.71680157282602,0,0,"Standard",1,0,1,1,1,0.214285714285714,16272,0,32855
"STU001515",2016,"Male","Hispanic",0,1,1,0,1,1.15242426077832,1,0,"NonCompletion",0,0,0,0,1,0.642857142857143,11801.5555555556,0,0
"STU001516",2016,"Female","White",0,0,0,0,0,3.18716350474936,0,0,"Standard",0,0,0,0,0,0,NA,0,0
"STU001517",2016,"Female","White",1,0,0,0,0,3.33517180138498,0,1,"Standard",1,0,0,1,1,0.392857142857143,12697,0,17825
"STU001518",2016,"Male","White",1,1,0,0,0,2.38926312083298,0,0,"Standard",0,0,0,0,1,0.571428571428571,14925.9375,1,66953
"STU001519",2016,"Female","Black",0,0,0,0,1,3.27072545233358,1,0,"Standard",1,0,0,1,1,0.321428571428571,5606.11111111111,0,9332
"STU001520",2016,"Male","Black",1,0,1,0,1,2.68835568705755,1,0,"Standard",1,0,0,1,0,0,NA,0,0
"STU001521",2016,"Male","White",1,0,0,0,0,2.47265121684635,0,1,"NonCompletion",0,0,0,0,1,0.428571428571429,14963.1666666667,0,39076
"STU001522",2016,"Female","Hispanic",1,1,0,1,1,1.90726616436114,1,0,"NonCompletion",0,0,0,0,1,0.714285714285714,10650.85,0,38842
"STU001523",2016,"Male","White",0,0,0,0,0,2.24902065656884,0,0,"Standard",0,0,0,0,1,0.25,17596,0,58066
"STU001524",2016,"Male","Hispanic",0,0,0,0,1,2.26449999665402,1,0,"Standard",0,0,0,0,1,0.75,13557.3333333333,0,30606
"STU001525",2016,"Male","Asian",0,0,0,0,0,2.4306837585497,0,0,"Standard",0,0,0,0,1,0.464285714285714,9721.15384615385,0,43357
"STU001526",2016,"Male","Black",1,0,1,0,1,2.00211563836033,1,0,"Standard",0,0,0,0,1,0.464285714285714,9014.15384615385,0,30178
"STU001527",2016,"Male","Hispanic",0,1,0,0,1,3.08164078471356,1,0,"Standard",1,0,0,1,1,0.25,12220.2857142857,0,36374
"STU001528",2016,"Female","White",0,0,1,0,0,2.63645190859872,0,0,"Standard",0,0,0,0,1,0.535714285714286,14826.7333333333,0,29677
"STU001529",2016,"Female","White",0,0,0,0,1,2.75225498961254,1,0,"Standard",0,0,0,0,1,0.464285714285714,11691.3846153846,0,0
"STU001530",2016,"Male","Hispanic",0,0,0,0,1,NA,1,0,"NonCompletion",0,0,0,0,1,0.642857142857143,10238.5,1,45479
"STU001531",2016,"Female","White",0,1,0,0,1,2.6712927605107,1,0,"Standard",1,0,0,1,1,0.321428571428571,10417.8888888889,0,31984
"STU001532",2016,"Male","Black",1,0,0,0,1,1.99574914011527,1,0,"Standard",0,0,0,0,1,0.392857142857143,10183,0,27177
"STU001533",2016,"Female","White",0,0,1,0,1,2.44193602591873,1,0,"Standard",0,0,0,0,0,0,NA,0,0
"STU001534",2016,"Male","Black",0,1,0,0,1,2.22059151738074,1,0,"Standard",0,0,0,0,1,0.392857142857143,8766.63636363636,0,0
"STU001535",2016,"Male","Asian",1,0,0,0,0,3.97341005957769,0,1,"Advanced",1,0,0,1,1,0.107142857142857,17994,0,53982
"STU001536",2016,"Female","Asian",1,0,0,0,1,2.22882074278421,1,0,"Standard",0,0,0,0,1,0.321428571428571,14254.4444444444,1,59842
"STU001537",2016,"Female","White",0,0,0,0,1,2.07710846516023,1,1,"Standard",0,0,0,0,1,0.821428571428571,10512.9565217391,1,41186
"STU001538",2016,"Male","White",0,0,1,0,1,3.18903888382498,1,0,"Standard",1,0,0,1,1,0.607142857142857,14362.5294117647,0,0
"STU001539",2016,"Male","MultiRacial",0,0,0,0,1,1.91033290653153,1,1,"Standard",0,0,0,0,1,0.392857142857143,11526.0909090909,1,49037
"STU001540",2016,"Female","Hispanic",0,0,0,0,1,1.75782320076767,1,0,"NonCompletion",0,0,0,0,1,0.5,8540.42857142857,1,34664
"STU001541",2016,"Female","Black",1,1,1,0,1,1.58126994400432,1,0,"Standard",0,0,0,0,1,0.607142857142857,12015.1764705882,1,45557
"STU001542",2016,"Female","White",0,1,0,1,0,3.54030040529816,0,0,"Advanced",1,0,0,1,1,0.357142857142857,19136.3,0,69013
"STU001543",2016,"Male","White",0,0,0,0,0,2.52822714736155,0,0,"Standard",1,0,0,1,1,0.25,18666.4285714286,0,0
"STU001544",2016,"Female","White",1,1,0,0,0,NA,0,0,"Standard",1,0,1,0,1,0.107142857142857,15261.3333333333,0,45784
"STU001545",2016,"Female","White",0,1,1,0,1,2.07135154153402,1,1,"Standard",1,1,0,0,1,0.678571428571429,15465.5263157895,0,37077
"STU001546",2016,"Male","White",0,1,0,0,0,2.62416356323867,0,0,"Standard",0,0,0,0,1,0.821428571428571,10783.9565217391,1,41734
"STU001547",2016,"Female","White",0,0,0,0,1,2.93431289728287,1,0,"Standard",1,0,0,1,1,0.392857142857143,11884.3636363636,1,44633
"STU001548",2016,"Female","White",0,1,0,0,1,3.27338233176458,1,0,"Standard",0,0,0,0,1,0.285714285714286,8345.375,0,11042
"STU001549",2016,"Female","White",1,1,1,0,1,2.31696464808374,1,0,"Standard",0,0,0,0,1,0.535714285714286,13485.5333333333,1,57939
"STU001550",2016,"Female","Hispanic",1,1,0,0,1,1.72256607784615,1,0,"Standard",0,0,0,0,0,0,NA,0,0
"STU001551",2016,"Female","White",0,1,1,0,1,2.38420335371864,1,1,"Standard",1,1,0,0,1,0.714285714285714,16246.75,0,68839
"STU001552",2016,"Female","White",1,0,0,0,0,2.62553768058425,0,0,"Standard",1,1,0,0,1,0.892857142857143,19117.16,0,67448
"STU001553",2016,"Female","Other",1,0,0,0,1,2.20572155354912,1,1,"Standard",0,0,0,0,1,0.571428571428571,9721.25,0,8747
"STU001554",2016,"Male","MultiRacial",0,1,0,0,1,2.13282952480901,1,0,"NonCompletion",0,0,0,0,1,0.392857142857143,11455.7272727273,0,40860
"STU001555",2016,"Male","MultiRacial",0,1,0,0,0,3.0623173773977,0,0,"Standard",1,0,0,1,1,0.392857142857143,12771.5454545455,0,36822
"STU001556",2016,"Male","White",1,0,0,1,0,2.32866596032841,0,0,"Standard",0,0,0,0,1,0.607142857142857,11732.4705882353,1,51150
"STU001557",2016,"Male","White",0,0,0,0,0,2.68616568235566,0,0,"Standard",0,0,0,0,1,0.321428571428571,8964.66666666667,0,25405
"STU001558",2016,"Female","Hispanic",0,0,0,0,0,2.5266628184587,0,0,"Standard",0,0,0,0,1,0.821428571428571,11800.652173913,0,54796
"STU001559",2016,"Female","Hispanic",0,0,0,0,0,3.91379536830291,0,0,"Advanced",0,0,0,0,1,0.428571428571429,20425.4166666667,1,89334
"STU001560",2016,"Female","Hispanic",0,0,0,0,1,2.65940230845862,1,0,"Standard",0,0,0,0,1,0.678571428571429,10879.8947368421,0,16099
"STU001561",2016,"Female","AmericanIndian",1,0,0,0,0,2.51110666202132,0,0,"Standard",1,0,0,1,1,0.5,10056.7142857143,0,15552
"STU001562",2016,"Female","White",1,0,1,0,0,2.44627522629474,0,0,"Standard",0,0,0,0,1,0.607142857142857,8290.76470588235,0,31424
"STU001563",2016,"Female","White",0,0,0,0,0,3.26031051798228,0,0,"Standard",1,0,0,1,1,0.0714285714285714,23975,0,47950
"STU001564",2016,"Male","White",0,0,0,0,1,2.76721122787837,1,0,"Standard",0,0,0,0,1,0.607142857142857,13355.1176470588,0,0
"STU001565",2016,"Male","Hispanic",1,0,0,0,1,3.11065934979263,1,0,"Standard",0,0,0,0,1,0.357142857142857,6204.8,0,13065
"STU001566",2016,"Female","Hispanic",0,1,0,0,0,2.7751138716284,0,0,"Standard",1,1,0,0,1,0.535714285714286,15648.2,1,59235
"STU001567",2016,"Female","White",1,0,0,0,1,3.15187083107803,1,0,"Standard",0,0,0,0,1,0.392857142857143,11439.1818181818,1,44004
"STU001568",2016,"Female","White",1,0,0,0,0,3.04150122821441,0,0,"Standard",0,0,0,0,1,0.571428571428571,9281.0625,1,45490
"STU001569",2016,"Male","White",0,0,1,0,1,2.06175609488616,1,1,"Standard",0,0,0,0,1,0.642857142857143,9398.88888888889,0,35353
"STU001570",2016,"Female","White",0,0,0,0,0,2.41338112832986,0,1,"NonCompletion",0,0,0,0,1,0.142857142857143,7008.75,0,0
"STU001571",2016,"Male","White",0,0,0,0,0,2.84766252835893,0,0,"Standard",1,1,1,0,0,0,NA,0,0
"STU001572",2016,"Female","MultiRacial",1,0,1,0,0,2.6850288246829,0,1,"Standard",0,0,0,0,1,0.571428571428571,10195.8125,1,48908
"STU001573",2016,"Male","Asian",0,1,0,0,0,3.76259876487371,0,0,"Advanced",0,0,0,0,1,0.392857142857143,16859.8181818182,0,64374
"STU001574",2016,"Male","Other",0,1,0,0,0,3.16942069028842,0,0,"Standard",0,0,0,0,1,0.464285714285714,7045,0,7360
"STU001575",2016,"Female","White",0,1,0,0,0,2.51178105263796,0,1,"Standard",0,0,0,0,1,0.0714285714285714,11287,0,0
"STU001576",2016,"Female","White",1,0,0,0,1,3.0196189757497,1,0,"Standard",1,0,0,1,1,0.607142857142857,12748.9411764706,0,0
"STU001577",2016,"Male","MultiRacial",0,0,0,0,0,2.72459139698309,0,0,"Standard",0,0,0,0,0,0,NA,0,0
"STU001578",2016,"Male","White",0,1,0,0,1,3.56346253035109,1,1,"Advanced",0,0,0,0,1,0.285714285714286,12613.875,1,52706
"STU001579",2016,"Male","White",1,0,0,1,1,2.21363647693889,1,0,"Standard",0,0,0,0,1,0.571428571428571,9820.4375,1,37501
"STU001580",2016,"Male","Asian",0,0,0,0,0,3.09967005542354,0,0,"Standard",1,0,0,1,0,0,NA,0,0
"STU001581",2016,"Female","White",0,0,0,0,0,3.16809665616936,0,0,"Standard",0,0,0,0,1,0.571428571428571,7941.125,1,41667
"STU001582",2016,"Male","White",0,0,0,0,0,2.77135671103271,0,0,"Standard",0,0,0,0,1,0.464285714285714,11436.8461538462,0,0
"STU001583",2016,"Female","Hispanic",0,0,0,0,1,2.12581605279554,1,0,"Standard",1,1,0,0,1,0.5,17457.8571428571,1,81521
"STU001584",2016,"Female","Black",1,1,0,0,0,2.65682998789162,0,1,"Standard",0,0,0,0,1,0.571428571428571,10825.625,1,48575
"STU001585",2016,"NonBinary_Other","White",0,0,1,0,0,2.79728824139998,0,0,"Standard",0,0,0,0,1,0.0714285714285714,14585,0,19060
"STU001586",2016,"Female","Hispanic",0,0,0,0,1,2.30128634056126,1,0,"Standard",1,0,0,1,1,0.464285714285714,8398.30769230769,0,0
"STU001587",2016,"Female","Black",0,0,0,0,1,2.9070866502583,1,0,"Standard",1,0,1,0,1,0.392857142857143,14968.1818181818,0,41153
"STU001588",2016,"Male","MultiRacial",0,0,0,1,1,2.21959907948412,1,0,"Standard",0,0,0,0,1,0.464285714285714,9879.84615384615,0,11301
"STU001589",2016,"Female","White",0,1,0,0,0,3.27850211569496,0,1,"Standard",1,0,1,0,1,0.714285714285714,14459.85,1,66355
"STU001590",2016,"Male","White",0,1,0,0,1,2.67652991296187,1,1,"Standard",1,0,0,1,1,0.678571428571429,9577.84210526316,1,45248
"STU001591",2016,"Male","White",1,0,0,0,0,1.77580834127702,0,0,"Standard",0,0,0,0,1,0.75,12840.7619047619,1,43034
"STU001592",2016,"Female","White",0,0,1,0,0,2.47823465736111,0,0,"Standard",0,0,0,0,1,0.464285714285714,7926.30769230769,0,23821
"STU001593",2016,"Male","Asian",1,1,1,0,1,2.69243325550856,1,0,"Standard",1,0,1,1,1,0.464285714285714,9776.23076923077,0,0
"STU001594",2016,"Male","White",0,0,0,0,1,2.8411229857598,1,0,"Standard",1,0,1,0,1,0.607142857142857,9139,0,38838
"STU001595",2016,"Female","Black",0,1,0,0,1,2.18883868493506,1,1,"Standard",0,0,0,0,1,0.428571428571429,8661.66666666667,0,0
"STU001596",2016,"Male","White",0,1,1,0,0,2.76580287445994,0,0,"Standard",1,0,1,0,1,0.535714285714286,8150.26666666667,0,0
"STU001597",2016,"Female","White",0,1,0,0,0,3.14637012147583,0,0,"Standard",1,0,0,1,1,0.0357142857142857,32853,0,32853
"STU001598",2016,"Male","MultiRacial",0,1,0,0,0,4,0,1,"Advanced",0,0,0,0,1,0.642857142857143,14969.8888888889,0,44240
"STU001599",2016,"Female","White",1,0,0,0,0,2.9552121410407,0,1,"Standard",0,0,0,0,1,0.607142857142857,14414.4117647059,0,53349
"STU001600",2016,"Male","MultiRacial",1,0,0,0,0,2.32404509582283,0,1,"NonCompletion",0,0,0,0,1,0.642857142857143,9060.22222222222,1,41318
"STU001601",2016,"Male","White",0,0,0,0,1,2.65639433696679,1,1,"Standard",0,0,0,0,1,0.607142857142857,11467.5294117647,0,25049
"STU001602",2016,"Male","White",0,0,0,0,0,3.60287667423399,0,0,"Advanced",1,0,0,1,0,0,NA,0,0
"STU001603",2016,"Male","White",0,1,1,0,1,3.1798828073936,1,1,"Standard",1,0,0,1,1,0.428571428571429,12184.3333333333,0,0
"STU001604",2016,"Female","White",1,0,0,0,1,2.72610932325452,1,0,"Standard",0,0,0,0,1,0.714285714285714,13048.9,0,15836
"STU001605",2016,"Female","AmericanIndian",1,0,0,0,0,2.77060196182139,0,0,"Standard",0,0,0,0,1,0.678571428571429,10299,1,49876
"STU001606",2016,"Female","White",0,1,0,0,0,2.409708064034,0,0,"Standard",1,0,1,0,1,0.464285714285714,12138,0,52741
"STU001607",2016,"Female","White",1,1,0,1,0,3.0296820914995,0,0,"Standard",0,0,0,0,0,0,NA,0,0
"STU001608",2016,"Male","White",0,0,0,1,0,2.8690113487409,0,0,"Standard",0,0,0,0,1,0.714285714285714,12244,0,51669
"STU001609",2016,"Female","White",0,0,0,0,0,2.84475176776982,0,0,"Standard",0,0,0,0,1,0.714285714285714,13880.8,0,43062
"STU001610",2016,"Female","Black",0,0,1,0,1,2.75871927850536,1,0,"Standard",0,0,0,0,1,0.428571428571429,11202,0,35720
"STU001611",2016,"Female","Black",0,1,1,0,1,2.27691328993756,1,0,"Standard",0,0,0,0,1,0.785714285714286,9584.40909090909,1,43824
"STU001612",2016,"Female","Black",0,0,0,0,0,2.94501594765899,0,0,"Standard",0,0,0,0,0,0,NA,0,0
"STU001613",2016,"Male","White",0,1,1,0,0,1.62419360208099,0,0,"Standard",0,0,0,0,0,0,NA,0,0
"STU001614",2016,"Male","White",0,1,0,1,0,3.02234030328252,0,0,"Standard",0,0,0,0,1,0.0714285714285714,14899,0,29798
"STU001615",2016,"Female","Hispanic",0,1,0,1,1,2.67334705831545,1,1,"Standard",1,0,1,0,1,0.321428571428571,13250.4444444444,0,52921
"STU001616",2016,"Male","White",0,0,0,0,0,2.69823496432268,0,0,"Standard",0,0,0,0,1,0.428571428571429,10634.5,0,0
"STU001617",2016,"Female","Hispanic",0,0,0,0,0,2.54767472286833,0,0,"Standard",1,0,1,0,1,0.464285714285714,8738.07692307692,0,36171
"STU001618",2016,"Female","Hispanic",0,1,0,0,1,2.97057220697898,1,0,"Standard",1,0,0,1,1,0.642857142857143,8112.22222222222,0,21543
"STU001619",2016,"Female","White",0,1,0,0,0,2.68532272444271,0,0,"NonCompletion",0,0,0,0,1,0.5,11078.6428571429,1,41269
"STU001620",2016,"Male","Hispanic",1,0,0,0,1,2.14580780594272,1,0,"NonCompletion",0,0,0,0,1,0.25,15148.4285714286,0,65338
"STU001621",2016,"Female","White",0,0,0,0,0,3.96670605429975,0,1,"Advanced",1,0,0,1,1,0.607142857142857,18660.4705882353,1,108833
"STU001622",2016,"Male","Hispanic",1,1,0,0,0,2.80935064287673,0,0,"Standard",1,1,0,0,1,0.321428571428571,18007.8888888889,0,42900
"STU001623",2016,"Female","Hispanic",0,0,0,0,0,1.96387576077731,0,0,"NonCompletion",0,0,0,0,1,0.5,11957.1428571429,0,12571
"STU001624",2016,"Male","Asian",0,1,0,0,1,2.51692168767928,1,0,"Standard",0,0,0,0,1,0.428571428571429,8304.58333333333,0,0
"STU001625",2016,"Female","White",1,1,0,0,0,2.48761156700318,0,0,"Standard",1,0,1,1,1,0.678571428571429,11721.2105263158,1,70483
"STU001626",2016,"Male","Hispanic",1,0,0,0,1,2.76256935290398,1,0,"Standard",1,1,0,0,1,0.321428571428571,18492.1111111111,0,47765
"STU001627",2016,"Female","AmericanIndian",0,1,0,0,1,2.13714005700474,1,0,"Standard",0,0,0,0,0,0,NA,0,0
"STU001628",2016,"Male","White",1,1,0,0,1,2.66215446618089,1,0,"Standard",0,0,0,0,1,0.678571428571429,9027.31578947369,0,32917
"STU001629",2016,"Male","Hispanic",0,1,0,0,0,1.92196598631045,0,0,"Standard",0,0,0,0,1,0.714285714285714,15704.1,1,70127
"STU001630",2016,"Female","MultiRacial",1,1,0,0,0,2.06904613121831,0,0,"NonCompletion",0,0,0,0,1,0.642857142857143,9099.33333333333,0,24291
"STU001631",2016,"Female","AmericanIndian",0,1,0,0,0,3.39669239458759,0,1,"Standard",1,0,0,1,1,0.678571428571429,11502.9473684211,0,0
"STU001632",2016,"Male","White",0,0,0,0,0,2.59504766185502,0,1,"Standard",0,0,0,0,1,0.464285714285714,7455.76923076923,0,18220
"STU001633",2016,"Female","Black",0,0,0,1,0,3.34756752067003,0,0,"Standard",0,0,0,0,1,0.678571428571429,12071.4736842105,0,45606
"STU001634",2016,"Female","Hispanic",1,0,0,0,1,2.90800869684626,1,0,"Standard",1,0,0,1,1,0.357142857142857,11240.6,0,0
"STU001635",2016,"Female","White",1,1,0,0,1,2.19277101118806,1,0,"Standard",0,0,0,0,1,0.642857142857143,10745.1111111111,1,44849
"STU001636",2016,"Female","Asian",1,0,0,0,1,2.52372108746612,1,0,"Standard",0,0,0,0,1,0.821428571428571,17926.5652173913,1,89281
"STU001637",2016,"Female","MultiRacial",0,1,0,0,0,2.3813976053065,0,0,"Standard",0,0,0,0,1,0.785714285714286,9290.18181818182,1,42914
"STU001638",2016,"Male","Asian",0,1,0,0,1,2.51718019149765,1,0,"Standard",0,0,0,0,1,0.107142857142857,12114.3333333333,0,36343
"STU001639",2016,"Female","White",0,1,0,0,1,1.99515134684726,1,0,"NonCompletion",0,0,0,0,1,0.607142857142857,10013.5294117647,0,33932
"STU001640",2016,"Female","White",0,0,0,0,0,2.48934033627075,0,0,"Standard",1,0,1,0,1,0.214285714285714,17791.1666666667,1,71175
"STU001641",2016,"Female","Hispanic",0,1,0,1,0,3.54701608272621,0,0,"Advanced",1,0,0,1,1,0.571428571428571,14848.75,0,68657
"STU001642",2016,"Female","Hispanic",1,0,0,0,1,3.01498146607042,1,0,"Standard",1,0,0,1,0,0,NA,0,0
"STU001643",2016,"Female","Other",1,1,1,0,1,2.2782674561168,1,0,"Standard",0,0,0,0,1,0.571428571428571,12770.375,0,33703
"STU001644",2016,"Male","Black",0,0,0,0,0,3.69308392740048,0,1,"Advanced",1,0,0,1,1,0.5,18000.5714285714,0,0
"STU001645",2016,"Female","White",1,1,0,0,0,2.89500982983717,0,0,"Standard",0,0,0,0,1,0.642857142857143,12355.3888888889,1,67351
"STU001646",2016,"Female","White",0,1,1,0,0,2.49020989985246,0,1,"Standard",0,0,0,0,1,0.642857142857143,10143,0,25058
"STU001647",2016,"Male","White",1,1,0,0,0,3.17103719750934,0,0,"Standard",1,0,0,1,1,0.25,9312.57142857143,0,0
"STU001648",2016,"Male","Hispanic",0,0,0,0,0,2.68343504922437,0,0,"Standard",0,0,0,0,1,0.25,12733,0,44965
"STU001649",2016,"Female","Other",0,0,0,0,1,2.56565615238007,1,0,"Standard",0,0,0,0,1,0.642857142857143,9873.05555555555,1,46382
"STU001650",2016,"Female","Black",0,0,1,0,1,1.76029380114118,1,0,"Standard",0,0,0,0,1,0.464285714285714,11337.8461538462,0,38618
"STU001651",2016,"NonBinary_Other","Black",0,0,1,0,1,2.05942947327903,1,0,"Standard",0,0,0,0,1,0.714285714285714,12872.9,0,24984
"STU001652",2016,"Male","White",0,0,0,0,1,2.83951603809296,1,1,"Standard",1,0,1,1,1,0.714285714285714,12039.7,1,71035
"STU001653",2016,"Male","White",0,0,0,0,1,2.91866044025972,1,1,"Standard",0,0,0,0,1,0.642857142857143,11802,1,63478
"STU001654",2016,"Female","Hispanic",0,1,0,0,0,2.58333648291433,0,0,"Standard",1,0,1,0,1,0.392857142857143,15038.6363636364,0,37186
"STU001655",2016,"Male","AmericanIndian",0,1,1,0,1,1.8638384584102,1,1,"NonCompletion",0,0,0,0,1,0.5,13592.0714285714,1,72574
"STU001656",2016,"Female","White",0,0,0,0,0,3.16235355301758,0,0,"Standard",0,0,0,0,1,0.607142857142857,8824.23529411765,0,18582
"STU001657",2016,"Female","White",0,1,0,0,0,2.08260656592491,0,0,"Standard",0,0,0,0,1,0.357142857142857,11400.5,0,25812
"STU001658",2016,"Male","White",1,0,0,0,0,2.83625158080285,0,0,"Standard",1,1,0,0,1,0.321428571428571,15170.2222222222,1,53557
"STU001659",2016,"Male","Hispanic",0,0,0,0,1,2.05914364015529,1,1,"Standard",0,0,0,0,1,0.642857142857143,11878.2777777778,1,53132
"STU001660",2016,"Male","White",0,1,0,1,1,1.96521736723078,1,0,"Standard",0,0,0,0,1,0.714285714285714,12053.1,0,23889
"STU001661",2016,"Male","White",0,1,0,1,0,NA,0,0,"Standard",1,0,0,1,1,0.571428571428571,10177.25,0,19671
"STU001662",2016,"Male","White",0,1,0,0,0,3.26967514092227,0,1,"Standard",1,0,1,0,1,0.25,12712.4285714286,0,11560
"STU001663",2016,"Male","Asian",1,0,0,0,0,2.78475139050589,0,0,"Standard",0,0,0,0,1,0.0357142857142857,11199,0,11199
"STU001664",2016,"Female","White",0,1,0,0,0,2.70096792448401,0,0,"Standard",1,1,1,0,1,0.5,12736.7857142857,0,12678
"STU001665",2016,"Male","Hispanic",1,0,0,0,1,1.92313410554786,1,0,"Standard",0,0,0,0,1,0.75,9272.09523809524,1,53461
"STU001666",2016,"Male","Black",0,1,0,0,1,2.80699124282744,1,0,"Standard",0,0,0,0,1,0.285714285714286,12562.625,0,0
"STU001667",2016,"Female","White",0,0,0,0,0,3.47581124964255,0,0,"Standard",1,1,0,0,1,0.107142857142857,22424,0,43589
"STU001668",2016,"Female","Hispanic",0,1,0,0,1,2.78106876514368,1,0,"Standard",0,0,0,0,0,0,NA,0,0
"STU001669",2016,"Male","White",1,1,0,0,0,2.69190924034924,0,0,"Standard",1,0,0,1,0,0,NA,0,0
"STU001670",2016,"Female","Hispanic",0,0,0,0,1,2.2289398515819,1,0,"Standard",0,0,0,0,0,0,NA,0,0
"STU001671",2016,"Female","Black",0,0,0,0,0,2.89716762042026,0,0,"NonCompletion",0,0,0,0,1,0.678571428571429,10624.8421052632,0,0
"STU001672",2016,"Male","White",0,0,0,0,0,2.32868449273248,0,0,"NonCompletion",0,0,0,0,1,0.5,13887.4285714286,0,21951
"STU001673",2016,"Male","White",1,1,0,0,0,1.94589871900354,0,0,"NonCompletion",0,0,0,0,1,0.714285714285714,13852.65,0,18976
"STU001674",2016,"Female","Asian",0,0,0,0,1,2.59699155148649,1,0,"Standard",0,0,0,0,1,0.607142857142857,10228.1176470588,1,49691
"STU001675",2016,"Female","Hispanic",0,1,1,0,0,3.12305490829759,0,1,"Standard",1,0,0,1,1,0.5,11837.7857142857,0,0
"STU001676",2016,"Male","Asian",0,1,0,0,0,3.36739120736855,0,0,"Standard",0,0,0,0,0,0,NA,0,0
"STU001677",2016,"Male","Asian",0,0,0,0,1,2.34054438256514,1,0,"Standard",0,0,0,0,1,0.571428571428571,11783.1875,0,34242
"STU001678",2016,"Female","White",0,1,0,0,0,2.87594366206333,0,0,"Standard",0,0,0,0,1,0.428571428571429,13147.5833333333,0,51051
"STU001679",2016,"Female","White",0,1,0,0,0,2.54925178582878,0,1,"Standard",0,0,0,0,1,0.785714285714286,9985.54545454545,0,32223
"STU001680",2016,"Male","White",1,1,0,1,0,3.32642074634549,0,0,"Standard",1,0,0,1,1,0.392857142857143,6239.81818181818,0,0
"STU001681",2016,"Female","White",1,0,0,0,1,1.84010845264986,1,0,"Standard",0,0,0,0,1,0.714285714285714,12037.35,0,40211
"STU001682",2016,"Female","Asian",1,1,0,0,1,2.40728447996815,1,0,"Standard",1,0,1,0,1,0.107142857142857,20651,0,61953
"STU001683",2016,"Male","White",0,1,0,0,1,2.61518227592973,1,0,"NonCompletion",0,0,0,0,0,0,NA,0,0
"STU001684",2016,"Female","White",0,0,0,0,1,2.24958410506728,1,0,"Standard",0,0,0,0,1,0.428571428571429,8497.33333333333,0,9656
"STU001685",2016,"Male","MultiRacial",1,0,0,0,1,3.18205940596924,1,0,"Standard",0,0,0,0,1,0.464285714285714,12241.6153846154,0,13271
"STU001686",2016,"Male","White",0,0,0,0,0,3.51416807033875,0,0,"Advanced",1,0,0,1,1,0.142857142857143,20243.75,0,29013
"STU001687",2016,"Male","White",0,1,0,0,0,4,0,0,"Advanced",1,0,0,1,1,0.642857142857143,17433.1111111111,0,0
"STU001688",2016,"Male","Hispanic",1,1,0,0,0,2.17169683929802,0,0,"Standard",0,0,0,0,1,0.642857142857143,10805.5555555556,1,52042
"STU001689",2016,"Female","Black",0,1,1,0,1,2.7106470578974,1,0,"Standard",1,0,1,0,1,0.714285714285714,12897.85,0,52855
"STU001690",2016,"Female","White",1,1,0,0,0,2.50078740624504,0,0,"Standard",0,0,0,0,1,0.642857142857143,13366.0555555556,1,53763
"STU001691",2016,"Female","Asian",0,1,0,0,0,2.7791791507109,0,0,"Standard",0,0,0,0,1,0.571428571428571,7679.25,0,24146
"STU001692",2016,"Male","Asian",0,0,0,0,1,2.64448424801328,1,0,"Standard",0,0,0,0,1,0.607142857142857,10546.8823529412,0,0
"STU001693",2016,"Male","MultiRacial",0,0,0,0,0,3.48183636853944,0,0,"Standard",0,0,0,0,1,0.857142857142857,16508.2916666667,0,40522
"STU001694",2016,"Male","Black",0,1,0,0,0,3.57280416342184,0,1,"Advanced",1,0,0,1,1,0.428571428571429,24830.0833333333,1,96985
"STU001695",2016,"Female","White",0,1,0,0,0,2.40190587617512,0,0,"Standard",0,0,0,0,1,0.107142857142857,11291,0,0
"STU001696",2016,"Female","Hispanic",0,0,1,0,1,2.01452564268386,1,0,"NonCompletion",0,0,0,0,1,0.714285714285714,16895.75,1,70795
"STU001697",2016,"Male","Black",0,1,0,0,1,2.32381086069003,1,0,"Standard",0,0,0,0,1,0.464285714285714,12482.6153846154,1,48548
"STU001698",2016,"Male","MultiRacial",1,0,1,0,0,3.28536512376008,0,1,"Standard",1,0,0,1,1,0.75,13041.0952380952,0,33860
"STU001699",2016,"Female","White",0,0,0,0,0,3.13064546610609,0,0,"Standard",0,0,0,0,1,0.357142857142857,13550.6,0,22012
"STU001700",2016,"Male","Hispanic",0,0,0,0,1,2.93743399616549,1,0,"Standard",1,0,1,1,1,0.142857142857143,16826.5,0,0
"STU001701",2016,"Female","Asian",0,1,0,0,0,1.89555179642358,0,0,"Standard",0,0,0,0,1,0.607142857142857,12055.8235294118,1,45984
"STU001702",2016,"Male","White",1,1,0,0,1,2.01690683309327,1,0,"Standard",0,0,0,0,1,0.714285714285714,8807.55,1,40194
"STU001703",2016,"Female","Hispanic",1,0,0,0,1,2.92916378657875,1,0,"Standard",0,0,0,0,1,0.428571428571429,12869.4166666667,0,38732
"STU001704",2016,"Female","White",0,1,1,0,1,2.48540528027603,1,1,"Standard",0,0,0,0,1,0.678571428571429,10006.3157894737,1,36967
"STU001705",2016,"Female","White",1,0,0,0,1,4,1,1,"Advanced",1,0,0,1,1,0.0714285714285714,21139,0,42278
"STU001706",2016,"Female","White",0,0,0,0,0,2.2915454751759,0,0,"Standard",0,0,0,0,1,0.535714285714286,14138.2,0,0
"STU001707",2016,"Female","Other",0,1,0,0,0,2.21234488791857,0,0,"Standard",0,0,0,0,0,0,NA,0,0
"STU001708",2016,"Male","Hispanic",0,0,0,0,0,2.43029813960879,0,0,"Standard",0,0,0,0,1,0.678571428571429,8968,0,23037
"STU001709",2016,"Female","Black",0,1,1,0,1,1.83407271958425,1,0,"NonCompletion",0,0,0,0,1,0.357142857142857,10925.3,1,52530
"STU001710",2016,"Female","White",0,0,0,0,1,2.03794976831761,1,0,"Standard",0,0,0,0,0,0,NA,0,0
"STU001711",2016,"Female","MultiRacial",1,1,1,0,1,2.83269050525888,1,0,"Standard",0,0,0,0,0,0,NA,0,0
"STU001712",2016,"Male","White",0,1,1,0,1,2.35498685267697,1,0,"Standard",0,0,0,0,1,0.857142857142857,12767.125,1,56684
"STU001713",2016,"Male","Hispanic",0,0,0,0,1,3.16736643675693,1,0,"Standard",0,0,0,0,1,0.75,11350.9047619048,1,58248
"STU001714",2016,"Female","Black",1,0,1,0,0,2.63048731976185,0,0,"NonCompletion",0,0,0,0,1,0.571428571428571,13591.4375,1,49647
"STU001715",2016,"Female","Hispanic",0,0,0,0,1,2.28894781034521,1,0,"Standard",0,0,0,0,1,0.642857142857143,11382.2222222222,1,51480
"STU001716",2016,"Female","White",0,1,0,0,0,2.69967859020989,0,0,"Standard",0,0,0,0,0,0,NA,0,0
"STU001717",2016,"Male","White",0,1,0,0,1,1.94704690617188,1,0,"NonCompletion",0,0,0,0,1,0.428571428571429,9327.91666666667,0,12855
"STU001718",2016,"Female","Hispanic",0,0,0,0,1,1.868231708509,1,0,"NonCompletion",0,0,0,0,1,0.5,10240.8571428571,1,40013
"STU001719",2016,"Male","Asian",0,0,0,0,1,2.34828781818014,1,0,"Standard",1,0,1,0,1,0.321428571428571,15457.2222222222,1,60185
"STU001720",2016,"Female","Hispanic",1,0,0,0,1,2.5453055748855,1,0,"Standard",0,0,0,0,1,0.714285714285714,10623.45,0,12550
"STU001721",2016,"Female","Black",0,1,0,0,0,3.8286042385001,0,1,"Advanced",0,0,0,0,1,0.928571428571429,11397.5769230769,1,46144
"STU001722",2016,"Male","White",0,1,0,0,0,4,0,0,"Advanced",1,0,0,1,1,0.5,11984,0,0
"STU001723",2016,"Female","Hispanic",0,1,0,0,1,2.03511200344172,1,0,"Standard",0,0,0,0,0,0,NA,0,0
"STU001724",2016,"Male","White",1,1,0,0,1,3.52060753488059,1,1,"Advanced",1,0,0,1,1,0.214285714285714,12680.6666666667,0,19113
"STU001725",2016,"Male","Hispanic",0,0,0,1,1,2.51697817053431,1,0,"Standard",0,0,0,0,1,0.642857142857143,12112.3888888889,0,0
"STU001726",2016,"Female","White",0,0,0,0,1,2.92740012658666,1,0,"Standard",1,0,0,1,1,0.714285714285714,12035.45,1,91186
"STU001727",2016,"Female","White",0,1,0,0,1,1.92944847576021,1,0,"Standard",0,0,0,0,1,0.464285714285714,11786.1538461538,0,26380
"STU001728",2016,"Female","Black",0,0,0,0,1,3.24301245050891,1,1,"Standard",1,0,0,1,1,0.535714285714286,16279.4666666667,0,46571
"STU001729",2016,"Male","MultiRacial",0,1,0,0,1,NA,1,0,"Standard",0,0,0,0,1,0.607142857142857,10529.5882352941,0,9645
"STU001730",2016,"Male","Asian",1,0,1,0,0,2.2876300052059,0,1,"Standard",0,0,0,0,1,0.5,11786.3571428571,0,46379
"STU001731",2016,"Female","Hispanic",0,1,0,0,1,2.59312056896443,1,1,"Standard",1,0,1,0,1,0.464285714285714,9213.15384615385,0,12605
"STU001732",2016,"Female","White",0,0,0,0,1,2.50500908430931,1,0,"Standard",0,0,0,0,1,0.535714285714286,11441.6666666667,0,37361
"STU001733",2016,"Female","White",1,0,0,0,1,3.22584940465274,1,0,"Standard",1,0,0,1,0,0,NA,0,0
"STU001734",2016,"Male","Black",0,1,0,0,0,1.98592494645857,0,1,"Standard",0,0,0,0,1,0.75,13131.619047619,1,50667
"STU001735",2016,"Male","Hispanic",1,1,0,0,1,1.33074864358916,1,1,"Standard",0,0,0,0,1,0.5,9399.85714285714,0,7987
"STU001736",2016,"Female","Hispanic",0,0,0,0,0,2.17270927130453,0,0,"Standard",0,0,0,0,0,0,NA,0,0
"STU001737",2016,"Male","Other",0,0,0,0,1,2.82932906418054,1,0,"Standard",0,0,0,0,1,0.535714285714286,8450.13333333333,1,39668
"STU001738",2016,"Male","White",1,0,0,0,0,3.51337823314958,0,1,"Advanced",1,0,0,1,1,0.5,9512.21428571429,0,28009
"STU001739",2016,"Female","White",0,0,0,0,1,2.47462492827068,1,0,"Standard",1,0,1,0,1,0.785714285714286,13771.4090909091,1,82778
"STU001740",2016,"Female","White",1,0,0,0,0,2.79313086366687,0,0,"Standard",0,0,0,0,1,0.535714285714286,9449.06666666667,0,37898
"STU001741",2016,"Male","Black",0,0,1,0,1,2.7263984600462,1,0,"Standard",0,0,0,0,1,0.535714285714286,11110.6666666667,0,0
"STU001742",2016,"Female","Other",0,0,0,0,0,3.13607858338066,0,1,"Standard",1,0,0,1,1,0.678571428571429,9626,0,24859
"STU001743",2016,"Female","White",0,1,0,0,0,2.79763855922243,0,0,"Standard",1,1,1,0,1,0.464285714285714,12583.9230769231,0,35659
"STU001744",2016,"Male","Hispanic",0,0,0,0,0,2.72804186591556,0,0,"Standard",0,0,0,0,1,0.642857142857143,12649.3888888889,0,27120
"STU001745",2016,"Male","White",1,1,0,0,0,1.67678873898412,0,0,"Standard",0,0,0,0,1,0.785714285714286,11524.6363636364,1,47349
"STU001746",2016,"Female","Hispanic",0,1,0,0,1,3.0911642740192,1,0,"Standard",0,0,0,0,1,0.464285714285714,7408.38461538462,0,13617
"STU001747",2016,"Male","MultiRacial",0,0,0,1,1,3.07362388425366,1,0,"NonCompletion",0,0,0,0,1,0.428571428571429,10584,1,44801
"STU001748",2016,"Female","Hispanic",0,1,0,0,1,3.5915274175889,1,0,"Advanced",1,0,0,1,1,0.642857142857143,14614.8888888889,1,91509
"STU001749",2016,"Female","Asian",0,0,0,0,1,3.63657106961826,1,1,"Advanced",1,0,0,1,1,0.642857142857143,24722.3333333333,1,105407
"STU001750",2016,"Female","Hispanic",0,0,0,0,0,2.70573365199973,0,0,"Standard",1,0,1,0,1,0.107142857142857,19260.6666666667,0,40603
"STU001751",2016,"Female","Black",1,0,0,0,0,2.23334648464257,0,1,"Standard",0,0,0,0,1,0.678571428571429,10082.5263157895,1,43255
"STU001752",2016,"Male","White",0,1,1,0,1,2.1472728030483,1,0,"Standard",0,0,0,0,1,0.535714285714286,12283.9333333333,0,52096
"STU001753",2016,"Female","Hispanic",0,0,0,0,0,2.81305582488855,0,0,"Standard",0,0,0,0,1,0.357142857142857,9665.9,0,0
"STU001754",2016,"Male","White",1,0,1,1,0,3.17258684185898,0,1,"Standard",0,0,0,0,1,0.535714285714286,10527.9333333333,0,35062
"STU001755",2016,"Male","Other",0,0,0,0,1,2.59818129811558,1,0,"Standard",1,0,1,0,1,0.464285714285714,12792.3846153846,0,53687
"STU001756",2016,"Male","White",1,0,1,0,0,2.09208385993779,0,0,"Standard",0,0,0,0,1,0.321428571428571,9040,0,25216
"STU001757",2016,"Male","MultiRacial",0,1,0,0,0,3.76381137043707,0,1,"Advanced",1,0,0,1,1,0.535714285714286,14028.6666666667,0,32468
"STU001758",2016,"Female","White",1,0,0,1,0,3.17104991862504,0,1,"Standard",1,0,0,1,1,0.428571428571429,20569.5,0,40138
"STU001759",2016,"Female","Black",0,0,0,0,0,3.43159639812406,0,0,"Standard",0,0,0,0,1,0.428571428571429,16109.1666666667,0,22566
"STU001760",2016,"Male","White",0,1,0,0,0,3.59664158334258,0,1,"Advanced",1,0,0,1,1,0.285714285714286,12899.125,1,54818
"STU001761",2016,"Male","Hispanic",0,0,0,0,1,2.39961484311987,1,0,"Standard",0,0,0,0,1,0.714285714285714,12227.95,1,56464
"STU001762",2016,"Female","White",0,0,0,0,1,2.45453543002829,1,0,"Standard",0,0,0,0,1,0.464285714285714,11284.9230769231,0,16557
"STU001763",2016,"Female","Hispanic",0,0,0,0,0,2.43391309836552,0,0,"NonCompletion",0,0,0,0,1,0.571428571428571,10521.5,0,21235
"STU001764",2016,"Male","Asian",0,1,0,0,0,3.09340931032235,0,0,"Standard",1,0,0,1,1,0.321428571428571,21402.2222222222,0,75830
"STU001765",2016,"Female","Hispanic",0,0,0,0,0,2.64122098084441,0,0,"Standard",1,0,1,0,1,0.642857142857143,12193.1666666667,0,41757
"STU001766",2016,"Female","Hispanic",0,1,0,0,1,2.18104773131852,1,0,"Standard",0,0,0,0,0,0,NA,0,0
"STU001767",2016,"Female","White",0,0,0,0,0,2.13192659580159,0,0,"Standard",0,0,0,0,0,0,NA,0,0
"STU001768",2016,"Male","Black",0,0,1,0,1,2.1526024292292,1,0,"NonCompletion",0,0,0,0,1,0.607142857142857,8976,0,20067
"STU001769",2016,"Female","White",0,0,0,0,0,2.59159142321007,0,0,"Standard",0,0,0,0,1,0.464285714285714,10488,0,0
"STU001770",2016,"Male","Black",0,1,0,0,0,3.59659792808793,0,1,"Advanced",1,0,0,1,1,0.285714285714286,18428.75,0,42409
"STU001771",2016,"Female","White",1,1,0,0,1,2.49532148854916,1,0,"Standard",0,0,0,0,1,0.75,9651.95238095238,0,36981
"STU001772",2016,"Male","MultiRacial",0,0,0,0,0,2.41235687410702,0,0,"Standard",0,0,0,0,1,0.607142857142857,12416.3529411765,1,46114
"STU001773",2016,"Male","Hispanic",0,0,0,0,0,2.07072537771235,0,0,"Standard",0,0,0,0,0,0,NA,0,0
"STU001774",2016,"Female","Hispanic",1,1,0,0,0,2.68592611751724,0,0,"Standard",0,0,0,0,1,0.642857142857143,9215.38888888889,1,41949
"STU001775",2016,"Male","MultiRacial",0,0,0,0,0,2.76384473688697,0,0,"Standard",0,0,0,0,1,0.75,9618.90476190476,1,44905
"STU001776",2016,"NonBinary_Other","Hispanic",0,0,1,0,1,3.63282765106999,1,0,"Advanced",1,0,0,1,1,0.357142857142857,14006.7,0,0
"STU001777",2016,"Female","White",0,0,0,0,0,2.69609558575876,0,0,"Standard",0,0,0,0,1,0.535714285714286,9791.26666666667,0,30055
"STU001778",2016,"Male","MultiRacial",0,1,0,0,1,2.80464622597504,1,0,"Standard",0,0,0,0,1,0.857142857142857,9958.75,0,36281
"STU001779",2016,"Female","White",0,0,0,0,1,2.30811898106016,1,0,"NonCompletion",0,0,0,0,1,0.642857142857143,12825.0555555556,0,40645
"STU001780",2016,"Female","White",0,0,0,0,0,2.75645758853635,0,0,"Standard",0,0,0,0,1,0.5,13031.2857142857,0,41247
"STU001781",2016,"Female","Hispanic",0,0,0,0,1,1.86270563323423,1,0,"NonCompletion",0,0,0,0,1,0.785714285714286,11020.5454545455,1,62598
"STU001782",2016,"Female","White",0,0,0,0,0,2.37221896892463,0,0,"Standard",0,0,0,0,1,0.714285714285714,11651.2,0,30241
"STU001783",2016,"Male","White",0,1,1,0,0,2.69205610340478,0,0,"Standard",0,0,0,0,1,0.607142857142857,8682.23529411765,0,34506
"STU001784",2016,"Male","MultiRacial",0,0,0,0,0,3.12332134310439,0,0,"Standard",0,0,0,0,1,0.571428571428571,9397.1875,0,19419
"STU001785",2016,"Female","AmericanIndian",1,1,0,0,0,2.41932323701865,0,0,"Standard",0,0,0,0,0,0,NA,0,0
"STU001786",2016,"Female","White",0,1,0,0,0,3.696909086693,0,0,"Advanced",1,0,0,1,0,0,NA,0,0
"STU001787",2016,"Female","White",1,1,0,0,1,2.06915081719122,1,0,"Standard",0,0,0,0,1,0.607142857142857,11634.5882352941,0,36353
"STU001788",2016,"Male","White",0,0,0,0,0,3.36948539651163,0,0,"Standard",1,0,0,1,1,0.464285714285714,8137.76923076923,0,18419
"STU001789",2016,"Male","Black",0,1,1,0,1,NA,1,0,"NonCompletion",0,0,0,0,1,0.714285714285714,14183.1,0,28384
"STU001790",2016,"Female","Hispanic",0,0,1,0,0,2.5976984425381,0,0,"Standard",1,0,0,1,1,0.678571428571429,11013.7368421053,1,60345
"STU001791",2016,"Female","White",0,1,0,1,0,1.82226795185763,0,1,"Standard",0,0,0,0,1,0.5,14093.1428571429,0,14542
"STU001792",2016,"Male","White",0,0,0,0,0,3.12837567191783,0,1,"Standard",0,0,0,0,1,0.535714285714286,13118.8,0,0
"STU001793",2016,"Female","White",1,0,0,0,1,2.57468058532449,1,0,"Standard",0,0,0,0,1,0.714285714285714,10060.1,0,26127
"STU001794",2016,"Female","Hispanic",1,0,0,0,1,2.53018892526165,1,0,"Standard",1,0,1,0,1,0.678571428571429,13601.2631578947,1,86685
"STU001795",2016,"Male","Black",0,1,0,1,1,2.43910125593833,1,0,"Standard",1,1,0,0,1,0.5,17947.5714285714,1,75235
"STU001796",2016,"Female","Hispanic",0,1,0,0,1,1.49950158710707,1,0,"Standard",0,0,0,0,0,0,NA,0,0
"STU001797",2016,"Female","White",0,1,0,0,0,3.47053334601897,0,0,"Standard",1,0,0,1,1,0.642857142857143,8136.83333333333,0,0
"STU001798",2016,"Female","White",0,0,0,0,0,1.98634218889343,0,0,"NonCompletion",0,0,0,0,1,0.5,9167.85714285714,0,0
"STU001799",2016,"Female","Hispanic",0,1,0,0,1,2.27463226565609,1,0,"Standard",0,0,0,0,1,0.571428571428571,11091.4375,0,10094
"STU001800",2016,"Male","Black",0,0,0,0,1,1.7321575524542,1,0,"Standard",0,0,0,0,1,0.392857142857143,10999.7272727273,1,50595
"STU001801",2016,"Male","Hispanic",0,1,0,0,0,2.67008263657968,0,0,"Standard",0,0,0,0,1,0.535714285714286,7623.26666666667,1,40273
"STU001802",2016,"Female","Hispanic",0,0,0,0,0,2.30528595034761,0,0,"Standard",1,0,1,0,0,0,NA,0,0
"STU001803",2016,"Female","Hispanic",1,0,0,0,1,2.59843604281958,1,0,"Standard",0,0,0,0,1,0.642857142857143,7830.27777777778,0,20761
"STU001804",2016,"Female","White",0,1,0,0,0,3.6189874289571,0,0,"Advanced",1,0,0,1,1,0.178571428571429,10095,0,32974
"STU001805",2016,"Male","Hispanic",0,1,0,0,1,3.1590872186084,1,0,"Standard",1,0,1,1,1,0.571428571428571,13034.1875,0,58711
"STU001806",2016,"Female","White",0,1,0,0,0,3.34628026608785,0,0,"Standard",1,0,1,0,1,0.5,12620.7142857143,0,38087
"STU001807",2016,"Female","White",0,0,0,0,0,2.84860250739523,0,0,"Standard",1,1,0,0,1,0.535714285714286,12971.6,0,0
"STU001808",2016,"Male","Black",1,1,1,0,1,2.2068279027133,1,0,"Standard",0,0,0,0,1,0.25,9515.71428571429,0,17098
"STU001809",2016,"Male","White",0,0,0,0,0,2.28464201852393,0,0,"NonCompletion",0,0,0,0,1,0.714285714285714,12164.65,0,18701
"STU001810",2016,"Female","White",0,1,1,0,0,4,0,1,"Advanced",0,0,0,0,1,0.785714285714286,15342.7272727273,1,70374
"STU001811",2016,"Male","White",0,0,0,0,0,2.78782783299756,0,0,"Standard",0,0,0,0,0,0,NA,0,0
"STU001812",2016,"Male","White",1,1,0,0,0,2.5772418924561,0,0,"Standard",0,0,0,0,1,0.535714285714286,10436.4666666667,0,32374
"STU001813",2016,"NonBinary_Other","White",0,0,0,1,0,2.85191902025004,0,0,"Standard",1,1,0,0,1,0.535714285714286,18274.4,0,73360
"STU001814",2016,"Female","Black",1,0,0,0,1,2.47869582210503,1,0,"Standard",0,0,0,0,1,0.642857142857143,9952.05555555555,1,50227
"STU001815",2016,"Female","Hispanic",0,0,0,0,0,2.27646992548048,0,0,"Standard",0,0,0,0,1,0.785714285714286,13044.3636363636,1,54715
"STU001816",2016,"Female","White",0,0,0,0,1,3.02224816304184,1,0,"Standard",1,0,0,1,1,0.178571428571429,12782.8,0,18823
"STU001817",2016,"Male","Hispanic",1,1,0,0,1,1.90913116961121,1,0,"NonCompletion",0,0,0,0,1,0.464285714285714,12015.9230769231,0,0
"STU001818",2016,"Male","Asian",0,1,0,0,0,3.04788212857848,0,1,"Standard",0,0,0,0,1,0.5,10287.2857142857,0,49903
"STU001819",2016,"Male","White",0,0,0,0,0,3.51491295379275,0,0,"Advanced",1,0,0,1,1,0.392857142857143,27650.1818181818,1,127934
"STU001820",2016,"Female","MultiRacial",0,0,1,0,0,2.15209443745031,0,0,"Standard",1,1,1,0,1,0.535714285714286,13146.6,0,17919
"STU001821",2016,"Male","Hispanic",0,0,1,0,0,1.75296686247855,0,0,"NonCompletion",0,0,0,0,1,0.5,15001.3571428571,0,21497
"STU001822",2016,"Male","MultiRacial",0,1,1,0,0,2.56427241475397,0,0,"Standard",0,0,0,0,1,0.571428571428571,10064.0625,0,8910
"STU001823",2016,"Male","Hispanic",0,1,1,0,1,1.66623537546929,1,0,"NonCompletion",0,0,0,0,1,0.857142857142857,13138.7083333333,1,63562
"STU001824",2016,"Male","Asian",0,0,0,0,0,2.43779828236009,0,1,"Standard",1,1,0,0,1,0.928571428571429,17155.8076923077,0,39924
"STU001825",2016,"Male","White",0,0,0,0,0,2.9042634766027,0,0,"Standard",0,0,0,0,1,0.821428571428571,18877.4782608696,0,66553
"STU001826",2016,"Female","White",0,0,0,0,0,2.54089480982676,0,1,"Standard",0,0,0,0,1,0.357142857142857,10128,0,12502
"STU001827",2016,"Male","White",0,1,0,0,0,2.22768287707624,0,1,"Standard",0,0,0,0,1,0.357142857142857,13211.4,0,0
"STU001828",2016,"Male","Black",0,1,0,0,1,2.60133337633638,1,0,"Standard",1,0,1,0,1,0.642857142857143,9632.05555555555,1,66684
"STU001829",2016,"Female","Asian",0,1,1,0,0,2.96711557719123,0,1,"Standard",1,0,0,1,1,0.285714285714286,15851.25,0,32130
"STU001830",2016,"Female","Asian",1,0,0,0,1,NA,1,0,"Standard",0,0,0,0,1,0.285714285714286,8791,0,28265
"STU001831",2016,"Male","Hispanic",0,0,0,0,0,2.66976381882454,0,0,"Standard",0,0,0,0,1,0.392857142857143,13842.2727272727,0,12344
"STU001832",2016,"Male","Black",0,1,0,0,1,2.37346156992246,1,0,"Standard",0,0,0,0,1,0.571428571428571,8530.4375,0,23554
"STU001833",2016,"Male","White",1,1,0,0,0,2.52587476017982,0,1,"Standard",0,0,0,0,1,0.607142857142857,15598.5882352941,0,17736
"STU001834",2016,"Female","Hispanic",0,1,0,0,0,2.48170385239452,0,0,"Standard",0,0,0,0,1,0.607142857142857,13864.9411764706,1,46419
"STU001835",2016,"Male","AmericanIndian",0,0,0,0,0,1.91578556178163,0,1,"Standard",0,0,0,0,0,0,NA,0,0
"STU001836",2016,"Male","White",1,0,0,0,0,2.38458153499847,0,0,"Standard",0,0,0,0,1,0.392857142857143,11877.5454545455,0,28309
"STU001837",2016,"Male","Other",0,0,0,0,1,2.68524480248121,1,0,"Standard",0,0,0,0,1,0.714285714285714,13448.2,1,70771
"STU001838",2016,"Male","White",0,0,0,0,1,1.86548116289906,1,0,"Standard",0,0,0,0,0,0,NA,0,0
"STU001839",2016,"Male","Asian",1,0,0,0,0,3.1811154552833,0,0,"Standard",1,0,0,1,0,0,NA,0,0
"STU001840",2016,"Female","MultiRacial",0,1,0,0,0,2.96531118317409,0,0,"Standard",0,0,0,0,1,0.428571428571429,15481.8333333333,0,0
"STU001841",2016,"Male","White",1,1,0,0,1,2.23538822513993,1,0,"Standard",0,0,0,0,1,0.642857142857143,16508.0555555556,1,73971
"STU001842",2016,"Female","White",0,0,0,0,0,3.61492789369386,0,0,"Advanced",1,0,0,1,0,0,NA,0,0
"STU001843",2016,"Male","White",1,0,0,1,0,1.91894288762183,0,0,"Standard",0,0,0,0,1,0.607142857142857,8902.64705882353,0,9324
"STU001844",2016,"NonBinary_Other","Black",1,0,0,0,1,2.11810370643738,1,0,"Standard",1,1,0,0,1,0.25,14309.7142857143,1,58132
"STU001845",2016,"Male","Hispanic",1,0,0,0,1,2.85181034668482,1,0,"Standard",0,0,0,0,1,0.571428571428571,13639,0,28457
"STU001846",2016,"Male","Black",0,1,0,1,0,NA,0,0,"NonCompletion",1,0,1,0,1,0.392857142857143,12819.4545454545,0,11575
"STU001847",2016,"Female","Hispanic",0,1,0,0,1,1.72628880052426,1,0,"NonCompletion",0,0,0,0,1,0.571428571428571,13860.375,0,17979
"STU001848",2016,"Male","White",0,0,0,0,0,2.28296458751544,0,0,"Standard",0,0,0,0,1,0.607142857142857,12233.9411764706,0,33794
"STU001849",2016,"Male","White",0,1,1,0,1,2.80366191314222,1,0,"Standard",0,0,0,0,1,0.607142857142857,7638.58823529412,1,35446
"STU001850",2016,"Male","Hispanic",0,1,0,0,0,3.30396808708836,0,1,"Standard",0,0,0,0,1,0.428571428571429,14796.25,0,54067
"STU001851",2016,"Female","Asian",1,0,0,0,1,3.15352184504775,1,1,"Standard",1,0,0,1,1,0.535714285714286,11789.0666666667,1,67197
"STU001852",2016,"Female","White",0,0,1,0,0,1.91197352136158,0,0,"NonCompletion",0,0,0,0,1,0.5,9746.5,0,17606
"STU001853",2016,"Female","Hispanic",0,0,0,0,1,2.70623483486581,1,0,"Standard",1,0,0,1,1,0.5,16457,0,50226
"STU001854",2016,"Female","White",0,0,0,0,1,2.35694773379704,1,0,"Standard",0,0,0,0,1,0.571428571428571,8539.6875,1,47213
"STU001855",2016,"Male","White",0,1,1,0,0,2.21285468892736,0,0,"Standard",0,0,0,0,1,0.821428571428571,9887.65217391304,0,40492
"STU001856",2016,"Female","White",0,1,0,0,1,2.22726847809594,1,0,"Standard",1,1,0,0,1,0.678571428571429,15249.1578947368,0,57714
"STU001857",2016,"Male","White",0,0,0,0,0,3.19120263305057,0,0,"Standard",1,0,1,0,1,0.178571428571429,14216.4,0,41263
"STU001858",2016,"Female","Asian",0,1,0,1,0,2.97235848898528,0,0,"NonCompletion",0,0,0,0,1,0.357142857142857,13224.4,0,0
"STU001859",2016,"Female","MultiRacial",1,0,1,0,1,2.17589871395882,1,0,"Standard",0,0,0,0,1,0.392857142857143,8030,0,20144
"STU001860",2016,"Female","MultiRacial",0,1,0,0,0,2.56009100594023,0,0,"Standard",0,0,0,0,1,0.714285714285714,10538.8,0,35545
"STU001861",2016,"Male","White",1,0,0,0,0,3.34852607334642,0,1,"Standard",0,0,0,0,1,0.214285714285714,13149,0,0
"STU001862",2016,"Male","Asian",0,0,0,0,1,3.83851316621187,1,0,"Advanced",1,0,1,0,1,0.714285714285714,13050.8,0,23091
"STU001863",2016,"Female","White",0,0,0,1,0,2.3185775255481,0,0,"Standard",0,0,0,0,1,0.75,9718.14285714286,1,49095
"STU001864",2016,"Male","Black",0,0,0,0,1,2.12943724027333,1,0,"Standard",0,0,0,0,1,0.5,12635,0,11678
"STU001865",2016,"Male","Black",1,0,0,0,1,2.91066018856005,1,0,"Standard",0,0,0,0,1,0.392857142857143,10013.9090909091,0,0
"STU001866",2016,"Male","White",0,1,0,0,0,2.49507778193647,0,0,"Standard",0,0,0,0,1,0.642857142857143,8700.83333333333,1,36013
"STU001867",2016,"Male","White",1,1,0,0,0,3.16384612860337,0,0,"Standard",0,0,0,0,1,0.535714285714286,10610.2,0,22586
"STU001868",2016,"Male","Hispanic",0,1,0,0,1,2.45809983806167,1,0,"Standard",1,1,0,0,1,0.321428571428571,15910.3333333333,0,29261
"STU001869",2016,"Male","White",0,0,0,0,1,1.60444114223001,1,0,"NonCompletion",0,0,0,0,1,0.642857142857143,9333.66666666667,0,11836
"STU001870",2016,"Male","Hispanic",1,1,1,0,1,2.30302372373792,1,0,"Standard",1,0,0,1,1,0.535714285714286,7618.86666666667,0,37848
"STU001871",2016,"Male","White",1,1,1,0,0,1.73703747171035,0,0,"Standard",0,0,0,0,1,0.357142857142857,10886.2,0,0
"STU001872",2016,"Male","Black",0,1,1,0,1,2.76505410177914,1,0,"Standard",1,1,0,0,1,0.821428571428571,16178.9130434783,1,71059
"STU001873",2016,"Male","White",0,1,1,0,1,2.16586824254811,1,0,"Standard",0,0,0,0,1,0.392857142857143,11466,0,13680
"STU001874",2016,"Female","Hispanic",1,0,0,0,1,2.8540947023117,1,0,"Standard",0,0,0,0,1,0.5,10060.7857142857,1,54749
"STU001875",2016,"Female","White",0,1,0,0,0,3.60085590936264,0,1,"Advanced",0,0,0,0,1,0.178571428571429,15279.8,0,0
"STU001876",2016,"Male","White",0,1,0,0,0,3.42012107806252,0,0,"Standard",1,0,1,0,1,0.357142857142857,15393,0,35696
"STU001877",2016,"Male","White",0,0,0,0,0,3.96883175129545,0,0,"Advanced",1,0,0,1,1,0.357142857142857,23522.8,0,36857
"STU001878",2016,"Male","Black",0,0,0,0,0,1.91462094715527,0,0,"NonCompletion",0,0,0,0,1,0.714285714285714,9050,1,44891
"STU001879",2016,"Male","MultiRacial",0,1,0,0,1,3.69027672844966,1,1,"Advanced",1,0,0,1,1,0.321428571428571,20512.6666666667,0,50265
"STU001880",2016,"Female","Hispanic",0,1,0,0,1,2.38218325880138,1,0,"Standard",0,0,0,0,1,0.642857142857143,9361.33333333333,0,11785
"STU001881",2016,"Male","Hispanic",0,0,0,0,1,2.20248591314881,1,0,"Standard",0,0,0,0,1,0.571428571428571,10219.5625,0,0
"STU001882",2016,"Male","White",0,0,0,0,1,2.50747092452611,1,0,"Standard",0,0,0,0,1,0.607142857142857,10011,0,30409
"STU001883",2016,"Female","Other",0,1,0,0,0,2.89824281100526,0,0,"Standard",1,0,0,1,1,0.714285714285714,6990.1,1,37180
"STU001884",2016,"Female","White",0,1,1,0,0,3.49680115880547,0,0,"Standard",1,0,0,1,1,0.678571428571429,8254.52631578947,1,49179
"STU001885",2016,"Female","White",1,0,1,0,1,1.98774251703435,1,0,"Standard",0,0,0,0,1,0.428571428571429,11294.75,1,50074
"STU001886",2016,"Male","AmericanIndian",0,0,0,1,0,2.01281817311202,0,0,"Standard",0,0,0,0,1,0.392857142857143,13869.9090909091,0,31166
"STU001887",2016,"Female","Hispanic",0,1,0,1,1,2.66545300774641,1,1,"Standard",0,0,0,0,0,0,NA,0,0
"STU001888",2016,"Female","Hispanic",1,1,0,0,1,2.55276870097878,1,1,"Standard",0,0,0,0,0,0,NA,0,0
"STU001889",2016,"Male","Black",0,0,0,1,0,2.83301052190989,0,1,"Standard",0,0,0,0,1,0.607142857142857,11717.1764705882,0,0
"STU001890",2016,"Male","White",0,1,0,0,1,3.18184081696691,1,0,"Standard",0,0,0,0,1,0.607142857142857,9733.76470588235,1,44782
"STU001891",2016,"Female","White",0,1,0,0,1,2.39943734610443,1,0,"Standard",1,1,0,0,1,0.607142857142857,17689.7647058824,0,56776
"STU001892",2016,"Male","Hispanic",1,1,0,0,1,3.33467096983634,1,1,"Standard",1,0,1,1,1,0.428571428571429,12208.8333333333,1,62592
"STU001893",2016,"Male","White",0,0,0,0,1,2.10225997987628,1,0,"Standard",0,0,0,0,1,0.607142857142857,13089.6470588235,0,39846
"STU001894",2016,"Female","Asian",1,0,0,0,0,3.43259673039775,0,0,"Standard",1,0,0,1,0,0,NA,0,0
"STU001895",2016,"Male","White",0,0,0,0,1,2.56425002716889,1,0,"Standard",0,0,0,0,1,0.464285714285714,13491.3076923077,0,27540
"STU001896",2016,"Female","White",0,1,0,0,1,3.37035048816581,1,0,"Standard",1,0,0,1,1,0.321428571428571,9926.22222222222,0,10895
"STU001897",2016,"NonBinary_Other","Asian",0,0,0,0,0,3.05123031173419,0,0,"Standard",0,0,0,0,1,0.607142857142857,7893.70588235294,0,18432
"STU001898",2016,"Female","Black",1,0,0,0,1,3.09837415715615,1,1,"Standard",1,0,1,1,1,0.428571428571429,8912.41666666667,0,0
"STU001899",2016,"Female","Hispanic",0,0,0,0,0,2.34624908914619,0,1,"NonCompletion",0,0,0,0,1,0.571428571428571,10987.5,0,0
"STU001900",2016,"Male","Hispanic",0,1,0,0,0,2.60007872112459,0,0,"Standard",0,0,0,0,1,0.678571428571429,9713.94736842105,0,34359
"STU001901",2016,"Female","Black",0,0,0,0,1,1.91366522924063,1,1,"Standard",0,0,0,0,1,0.285714285714286,9566.375,0,20959
"STU001902",2016,"Female","White",0,1,0,0,0,2.95926632842518,0,0,"Standard",0,0,0,0,1,0.535714285714286,10047.4,1,41310
"STU001903",2016,"Female","White",0,0,0,0,0,2.54696285859841,0,0,"Standard",0,0,0,0,0,0,NA,0,0
"STU001904",2016,"Female","Other",0,0,0,0,1,3.8419771585931,1,1,"Advanced",1,0,0,1,1,0.714285714285714,18523.95,0,14087
"STU001905",2016,"Female","White",0,0,0,1,1,2.49826672240681,1,1,"Standard",1,0,1,1,1,0.142857142857143,17117.25,0,53961
"STU001906",2016,"Male","White",1,1,0,0,0,2.43323593545956,0,0,"Standard",0,0,0,0,0,0,NA,0,0
"STU001907",2016,"Female","White",1,0,0,0,0,2.35262606731915,0,0,"Standard",0,0,0,0,1,0.464285714285714,9204.76923076923,1,43836
"STU001908",2016,"Female","White",0,0,1,0,0,2.46312748228669,0,0,"Standard",0,0,0,0,1,0.321428571428571,8249.33333333333,0,9646
"STU001909",2016,"Male","Black",1,1,0,1,1,1.94689294024284,1,0,"Standard",0,0,0,0,1,0.678571428571429,12783.7894736842,0,29055
"STU001910",2016,"NonBinary_Other","Black",0,0,0,0,1,1.95710158029986,1,0,"NonCompletion",0,0,0,0,1,0.464285714285714,10661.9230769231,0,0
"STU001911",2016,"Female","Black",0,1,0,0,1,2.63604254539645,1,0,"Standard",0,0,0,0,1,0.821428571428571,13793.1304347826,1,58683
"STU001912",2016,"Male","Black",0,0,0,0,1,2.50262335871828,1,0,"Standard",0,0,0,0,1,0.392857142857143,6101.18181818182,0,21127
"STU001913",2016,"Male","Hispanic",1,0,1,0,0,NA,0,0,"Standard",1,0,0,1,1,0.857142857142857,17703.875,1,88561
"STU001914",2016,"Female","Black",0,0,0,0,1,2.09453216938627,1,0,"Standard",1,0,1,1,1,0.285714285714286,17541.375,0,15971
"STU001915",2016,"Female","Black",0,1,1,1,1,3.31621195255245,1,0,"Standard",1,0,0,1,1,0.428571428571429,16298.9166666667,0,42698
"STU001916",2016,"Male","White",1,1,1,0,0,2.83652641499388,0,0,"Standard",0,0,0,0,1,0.571428571428571,8955.5625,0,10807
"STU001917",2016,"Male","White",0,1,0,0,0,2.80102913402854,0,0,"Standard",0,0,0,0,1,0.464285714285714,13278.8461538462,0,13186
"STU001918",2016,"Female","Hispanic",0,1,0,0,1,2.48269332170217,1,0,"Standard",0,0,0,0,1,0.607142857142857,10643.0588235294,1,55271
"STU001919",2016,"Female","White",1,0,0,0,0,2.72089359428522,0,0,"Standard",1,0,0,1,1,0.571428571428571,16404.5,0,89071
"STU001920",2016,"Female","MultiRacial",0,1,0,0,0,2.50568355505869,0,1,"Standard",0,0,0,0,1,0.678571428571429,8915.15789473684,0,25202
"STU001921",2016,"Female","White",1,0,0,0,0,2.33080388298302,0,0,"Standard",0,0,0,0,1,0.178571428571429,9811.2,0,22315
"STU001922",2016,"Female","White",0,0,0,0,1,2.19869898797386,1,0,"Standard",0,0,0,0,1,0.464285714285714,11255,0,22427
"STU001923",2016,"Male","White",0,0,0,0,0,3.07593521918908,0,1,"Standard",1,0,1,0,1,0.25,16774.5714285714,0,39750
"STU001924",2016,"Female","White",0,0,0,0,0,2.96169860924161,0,0,"Standard",0,0,0,0,1,0.357142857142857,12865,1,53642
"STU001925",2016,"Female","White",1,0,0,0,0,2.5649163629943,0,0,"Standard",0,0,0,0,1,0.535714285714286,11817.7333333333,0,0
"STU001926",2016,"Male","White",0,0,0,1,0,3.47037013284611,0,1,"Standard",1,0,1,0,1,0.321428571428571,16434.8888888889,0,75408
"STU001927",2016,"Male","Hispanic",0,0,1,0,0,2.45308743436576,0,0,"Standard",0,0,0,0,1,0.321428571428571,8884.55555555555,0,0
"STU001928",2016,"Female","Asian",1,1,0,0,1,2.51871542472439,1,0,"Standard",0,0,0,0,1,0.714285714285714,6902.05,1,20544
"STU001929",2016,"Female","Hispanic",1,0,0,0,1,3.08500506789272,1,0,"Standard",0,0,0,0,1,0.5,11264.3571428571,0,0
"STU001930",2016,"Male","Hispanic",0,1,0,0,1,2.34184268531186,1,0,"Standard",0,0,0,0,1,0.464285714285714,11606.7692307692,0,10288
"STU001931",2016,"Male","White",0,1,1,0,1,3.53329889742247,1,1,"Advanced",1,0,0,1,1,0.142857142857143,23973,0,30655
"STU001932",2016,"Male","White",0,0,0,0,0,2.15333872996837,0,0,"Standard",0,0,0,0,1,0.535714285714286,7837.6,0,0
"STU001933",2016,"Male","White",0,1,0,0,0,2.82144580999144,0,0,"Standard",0,0,0,0,1,0.428571428571429,12578.0833333333,1,50613
"STU001934",2016,"Female","White",1,0,0,0,1,3.27693082737476,1,1,"Standard",0,0,0,0,1,0.321428571428571,6967,0,28444
"STU001935",2016,"Male","Asian",0,0,0,0,0,3.22721491966958,0,0,"Standard",1,0,0,1,1,0.25,11416.7142857143,0,33509
"STU001936",2016,"Female","White",0,0,1,0,1,2.43935404347055,1,0,"Standard",0,0,0,0,1,0.571428571428571,11609,1,56677
"STU001937",2016,"Female","AmericanIndian",0,0,0,0,1,2.14565578917044,1,0,"Standard",0,0,0,0,1,0.678571428571429,10337.8421052632,0,42471
"STU001938",2016,"Male","White",0,1,1,0,0,3.29320821869251,0,0,"Standard",1,0,0,1,1,0.428571428571429,16922.5,0,42849
"STU001939",2016,"Male","White",0,1,0,0,0,2.50663108421036,0,0,"Standard",0,0,0,0,1,0.714285714285714,10244.9,1,60460
"STU001940",2016,"Male","White",0,0,0,0,0,NA,0,0,"NonCompletion",0,0,0,0,1,0.571428571428571,10779.3125,0,34619
"STU001941",2016,"Male","Hispanic",0,0,1,0,1,2.36747641619067,1,0,"Standard",1,1,0,0,1,0.0357142857142857,18850,0,18850
"STU001942",2016,"Female","Black",0,1,0,0,0,2.40932804370173,0,0,"NonCompletion",0,0,0,0,1,0.785714285714286,11842.5454545455,1,51155
"STU001943",2016,"Female","Asian",0,0,0,0,1,3.12144507207609,1,1,"Standard",1,0,0,1,1,0.107142857142857,18858.6666666667,0,41868
"STU001944",2016,"Male","Other",0,1,1,0,1,2.45458253943917,1,0,"Standard",0,0,0,0,1,0.642857142857143,12886,0,51014
"STU001945",2016,"Female","White",1,1,0,0,0,3.61866283520723,0,0,"Advanced",1,0,0,1,1,0.5,20026.2142857143,0,27768
"STU001946",2016,"Female","White",1,0,0,0,0,2.6008441858046,0,0,"Standard",0,0,0,0,1,0.714285714285714,8806,0,21597
"STU001947",2016,"Male","MultiRacial",1,1,0,0,0,2.78031339853961,0,0,"NonCompletion",0,0,0,0,1,0.642857142857143,14481.7222222222,1,67218
"STU001948",2016,"Male","White",1,0,0,0,0,1.8640540483975,0,0,"Standard",0,0,0,0,1,0.607142857142857,9601.11764705882,0,19670
"STU001949",2016,"Male","Other",0,0,0,1,0,2.53642882454553,0,1,"Standard",0,0,0,0,1,0.571428571428571,9693.75,1,44643
"STU001950",2016,"Female","MultiRacial",0,0,0,0,1,1.71195587389485,1,1,"Standard",0,0,0,0,1,0.785714285714286,9605.63636363636,0,37817
"STU001951",2016,"Female","MultiRacial",1,0,0,0,0,2.62096411794802,0,0,"Standard",0,0,0,0,1,0.75,9006.7619047619,0,20825
"STU001952",2016,"Male","Black",0,1,0,1,1,2.58559444287697,1,0,"Standard",0,0,0,0,1,0.0714285714285714,12875.5,0,25751
"STU001953",2016,"Female","Black",1,1,0,0,0,2.28105599399641,0,0,"Standard",0,0,0,0,1,0.25,11850.8571428571,0,27191
"STU001954",2016,"Male","White",0,0,0,0,1,2.21810899782044,1,0,"NonCompletion",0,0,0,0,1,0.535714285714286,7276.13333333333,0,22550
"STU001955",2016,"Male","White",0,0,0,0,0,3.71472596521954,0,0,"Advanced",0,0,0,0,1,0.392857142857143,13939,0,37572
"STU001956",2016,"Female","Hispanic",0,0,0,0,1,1.75791318055945,1,0,"NonCompletion",1,0,1,1,1,0.678571428571429,14538.6842105263,0,71262
"STU001957",2016,"Male","AmericanIndian",0,0,0,0,0,2.52786863398512,0,0,"Standard",1,0,1,1,1,0.464285714285714,16267.1538461538,0,72259
"STU001958",2016,"Male","White",0,1,0,0,0,3.65007631000509,0,0,"Advanced",1,0,0,1,1,0.5,12263.7857142857,1,55659
"STU001959",2016,"Female","Hispanic",1,1,0,0,0,2.66887186413356,0,1,"Standard",0,0,0,0,1,0.607142857142857,9226.52941176471,0,36858
"STU001960",2016,"Male","Asian",0,1,0,0,0,2.73377954815464,0,0,"Standard",0,0,0,0,1,0.678571428571429,10406.8421052632,0,15701
"STU001961",2016,"Female","White",0,1,0,0,0,1.9182251785035,0,0,"Standard",0,0,0,0,1,0.714285714285714,14100.35,0,16041
"STU001962",2016,"Female","Black",1,0,0,0,1,2.41343959318034,1,0,"Standard",0,0,0,0,1,0.678571428571429,11414.9473684211,0,26817
"STU001963",2016,"Male","MultiRacial",0,0,0,0,0,3.26466776821895,0,1,"Standard",1,0,1,0,1,0.714285714285714,16653.2,1,75720
"STU001964",2016,"Male","Black",0,0,0,0,1,3.47680816324264,1,0,"Standard",1,0,1,0,1,0.571428571428571,15575.3125,0,49509
"STU001965",2016,"Female","Hispanic",0,1,0,0,1,1.8474209364893,1,0,"Standard",0,0,0,0,1,0.714285714285714,13304.25,0,40474
"STU001966",2016,"Female","Hispanic",0,0,0,0,0,2.18252572090763,0,0,"Standard",0,0,0,0,1,0.107142857142857,11453.3333333333,0,34360
"STU001967",2016,"Female","Hispanic",0,0,1,0,1,1.96304954295117,1,0,"Standard",0,0,0,0,0,0,NA,0,0
"STU001968",2016,"Female","White",0,1,0,0,0,2.01098699410938,0,0,"NonCompletion",0,0,0,0,1,0.642857142857143,11862.1666666667,1,55715
"STU001969",2016,"Male","AmericanIndian",1,0,0,0,1,2.26483119103811,1,1,"Standard",0,0,0,0,1,0.678571428571429,11337.9473684211,0,35503
"STU001970",2016,"Male","White",0,0,0,0,1,2.92842912048067,1,0,"Standard",0,0,0,0,1,0.535714285714286,9941.2,0,11546
"STU001971",2016,"Female","White",0,0,1,0,0,3.46222848168467,0,0,"Standard",1,0,0,1,1,0.392857142857143,18093.1818181818,0,36309
"STU001972",2016,"Female","Asian",0,0,0,1,0,2.971864771704,0,0,"Standard",1,0,1,1,1,0.0357142857142857,24751,0,0
"STU001973",2016,"Female","Black",0,1,0,0,1,2.77064221793796,1,0,"Standard",1,1,0,0,1,0.785714285714286,17468.0454545455,0,54663
"STU001974",2016,"NonBinary_Other","Hispanic",1,1,0,0,1,3.03232513294382,1,0,"Standard",1,0,0,1,1,0.821428571428571,7951.30434782609,1,50411
"STU001975",2016,"Male","White",1,1,0,0,0,3.63114233794188,0,0,"Advanced",0,0,0,0,1,0.607142857142857,14898.4117647059,1,86306
"STU001976",2016,"Female","Other",0,0,0,0,0,3.13287303897318,0,0,"Standard",1,0,0,1,1,0.178571428571429,19125.2,0,15772
"STU001977",2016,"Female","White",0,0,0,0,0,1.93112912582438,0,0,"NonCompletion",0,0,0,0,1,0.678571428571429,8532.73684210526,0,0
"STU001978",2016,"Male","MultiRacial",0,1,0,0,1,3.14053901591283,1,0,"Standard",0,0,0,0,1,0.607142857142857,11211.8823529412,0,10264
"STU001979",2016,"Female","Hispanic",1,0,0,0,0,2.85798676566458,0,0,"Standard",1,0,0,1,1,0.5,7361.85714285714,0,0
"STU001980",2016,"Male","Hispanic",0,1,0,0,0,2.64231890955853,0,0,"Standard",0,0,0,0,1,0.857142857142857,10056.2916666667,1,41248
"STU001981",2016,"Female","Other",0,0,1,1,0,1.94252124092526,0,0,"NonCompletion",0,0,0,0,1,0.642857142857143,10183.2222222222,0,22595
"STU001982",2016,"Male","AmericanIndian",0,0,0,0,0,NA,0,0,"Standard",0,0,0,0,1,0.392857142857143,10353.6363636364,1,54964
"STU001983",2016,"Female","Hispanic",0,0,1,1,1,3.56903964475144,1,0,"Advanced",0,0,0,0,1,0.0357142857142857,10691,0,10691
"STU001984",2016,"Male","White",0,0,1,0,0,2.49696668663918,0,0,"Standard",0,0,0,0,1,0.5,9816.85714285714,0,14995
"STU001985",2016,"Male","Other",0,0,0,0,1,3.76582021521661,1,0,"Advanced",1,0,1,0,1,0.678571428571429,19682,1,94595
"STU001986",2016,"Female","Hispanic",0,1,0,0,1,3.18247272255856,1,1,"NonCompletion",0,0,0,0,0,0,NA,0,0
"STU001987",2016,"Female","White",1,0,1,0,1,2.15947068318432,1,0,"Standard",0,0,0,0,1,0.357142857142857,14735.8,0,22689
"STU001988",2016,"Female","White",0,1,0,0,0,2.20789226567824,0,0,"Standard",0,0,0,0,1,0.642857142857143,9283.72222222222,1,35581
"STU001989",2016,"Male","White",0,1,0,0,0,3.60862032864147,0,0,"Advanced",1,0,1,0,1,0.535714285714286,12928,0,35131
"STU001990",2016,"Male","Asian",0,0,0,0,0,2.7249229215419,0,1,"Standard",1,0,1,1,1,0.821428571428571,12430.5652173913,1,79567
"STU001991",2016,"Male","White",0,1,0,0,1,3.02150169708446,1,1,"Standard",1,0,1,1,1,0.107142857142857,15481.6666666667,0,29602
"STU001992",2016,"Female","White",0,0,0,0,0,2.01254881505511,0,0,"NonCompletion",0,0,0,0,1,0.5,8503.64285714286,0,12059
"STU001993",2016,"Female","Black",1,0,0,0,1,2.96103573657088,1,0,"Standard",0,0,0,0,1,0.571428571428571,13821,1,69299
"STU001994",2016,"Female","Hispanic",0,0,0,0,1,2.50854712198166,1,0,"Standard",0,0,0,0,1,0.678571428571429,10354.0526315789,1,47899
"STU001995",2016,"Female","Hispanic",0,0,0,0,1,2.08833171072244,1,0,"Standard",0,0,0,0,1,0.571428571428571,6990.5,0,33318
"STU001996",2016,"Female","Hispanic",0,0,0,0,1,2.53567914544496,1,0,"NonCompletion",0,0,0,0,1,0.571428571428571,10674.4375,1,47985
"STU001997",2016,"Female","White",1,1,0,0,0,2.65536629709182,0,0,"Standard",0,0,0,0,1,0.464285714285714,10608.3846153846,0,0
"STU001998",2016,"Male","Black",1,0,0,1,0,2.77442600982913,0,0,"Standard",0,0,0,0,1,0.607142857142857,10244.8823529412,0,21349
"STU001999",2016,"Male","Asian",0,1,0,0,0,2.82146414228339,0,0,"Standard",1,0,1,0,1,0.75,8386.42857142857,0,23750
"STU002000",2016,"Male","White",1,1,0,1,1,2.41264533088263,1,0,"Standard",0,0,0,0,1,0.178571428571429,12597.2,0,42951
"STU002001",2016,"Female","White",0,1,0,0,0,2.54361041704337,0,1,"Standard",1,0,0,1,1,0.321428571428571,15191.3333333333,0,16749
"STU002002",2016,"Male","White",1,1,0,0,0,3.54240338652508,0,1,"Advanced",1,0,0,1,1,0.0714285714285714,19283.5,0,0
"STU002003",2016,"Female","White",1,1,0,0,0,3.48749196959383,0,1,"Standard",1,0,1,0,1,0.571428571428571,14105.25,0,30471
"STU002004",2016,"Female","White",1,1,0,0,0,3.59149610837929,0,0,"Advanced",1,0,0,1,1,0.464285714285714,23859.2307692308,0,80072
"STU002005",2016,"Male","Asian",0,0,0,0,0,3.27462764669999,0,1,"Standard",0,0,0,0,1,0.0714285714285714,21446.5,0,21926
"STU002006",2016,"Male","White",0,1,0,0,0,2.96497002140266,0,0,"Standard",1,0,0,1,1,0.607142857142857,9713.64705882353,1,59785
"STU002007",2016,"NonBinary_Other","AmericanIndian",1,1,0,0,1,2.15612900553236,1,0,"Standard",0,0,0,0,1,0.357142857142857,10758.5,0,14158
"STU002008",2016,"Male","White",0,0,0,1,0,2.6053443660176,0,0,"Standard",1,0,1,0,1,0.321428571428571,8133.66666666667,0,0
"STU002009",2016,"Female","Hispanic",0,0,0,0,1,2.31604452093903,1,0,"Standard",0,0,0,0,1,0.785714285714286,7793.86363636364,1,33709
"STU002010",2016,"Male","White",1,1,0,0,0,2.88929356310459,0,1,"Standard",1,0,1,0,1,0.107142857142857,18200.6666666667,0,54602
"STU002011",2016,"Male","Hispanic",0,0,0,0,0,2.25532861726922,0,0,"Standard",1,1,1,0,1,0.535714285714286,11449.0666666667,0,0
"STU002012",2016,"NonBinary_Other","White",0,0,0,0,1,2.95573846596745,1,0,"Standard",0,0,0,0,1,0.464285714285714,10013.3076923077,0,8907
"STU002013",2016,"Male","Asian",0,0,0,1,0,3.17262641120398,0,0,"Standard",0,0,0,0,1,0.535714285714286,8791.8,0,17413
"STU002014",2016,"Male","Asian",1,0,0,0,0,2.69755921617699,0,0,"Standard",0,0,0,0,1,0.714285714285714,20148.3,1,75950
"STU002015",2016,"Male","Black",0,0,0,1,1,2.42296331472772,1,0,"Standard",0,0,0,0,1,0.678571428571429,8577.1052631579,0,31335
"STU002016",2016,"Female","Hispanic",0,0,0,0,0,2.73459081376177,0,0,"Standard",0,0,0,0,1,0.321428571428571,11436.4444444444,0,23087
"STU002017",2016,"Male","MultiRacial",0,0,1,0,1,3.0757658956998,1,0,"Standard",1,0,0,1,1,0.5,14537.7857142857,0,59134
"STU002018",2016,"Female","White",0,1,0,0,1,1.8604028244762,1,1,"Standard",0,0,0,0,1,0.571428571428571,9205.625,0,28400
"STU002019",2016,"Female","White",0,0,0,0,0,2.40180410410648,0,1,"Standard",0,0,0,0,1,0.678571428571429,14298.3684210526,0,42995
"STU002020",2016,"Female","Hispanic",0,1,0,0,0,2.34592058593074,0,0,"Standard",0,0,0,0,1,0.892857142857143,8480.4,1,38930
"STU002021",2016,"Female","White",1,0,0,0,0,2.72739454143045,0,0,"NonCompletion",0,0,0,0,1,0.5,12809.2857142857,0,9144
"STU002022",2016,"Female","MultiRacial",1,1,0,1,1,2.19041449569123,1,1,"Standard",0,0,0,0,1,0.642857142857143,11946.2222222222,1,60019
"STU002023",2016,"Male","Hispanic",0,0,0,0,0,2.92704950856288,0,1,"Standard",0,0,0,0,1,0.571428571428571,9643.0625,1,51031
"STU002024",2016,"Female","White",0,1,0,0,0,2.56212598840638,0,0,"Standard",0,0,0,0,1,0.642857142857143,12231.1666666667,0,0
"STU002025",2016,"Male","White",1,1,0,0,1,2.80262447453811,1,0,"Standard",0,0,0,0,1,0.285714285714286,20266.875,0,22823
"STU002026",2016,"Female","White",0,0,0,1,1,2.55661956472132,1,0,"Standard",0,0,0,0,1,0.607142857142857,15711,1,75914
"STU002027",2016,"Female","Asian",0,0,0,0,0,3.11835439371149,0,0,"Standard",0,0,0,0,1,0.714285714285714,21835.35,0,57982
"STU002028",2016,"NonBinary_Other","White",0,1,0,0,0,2.82989953519468,0,0,"Standard",0,0,0,0,1,0.678571428571429,10510.8947368421,0,19457
"STU002029",2016,"Female","Asian",0,0,0,0,1,2.45255598722609,1,0,"Standard",0,0,0,0,1,0.785714285714286,9605.40909090909,1,51001
"STU002030",2016,"Male","White",0,0,0,0,1,2.54908449383425,1,0,"Standard",0,0,0,0,1,0.357142857142857,12683.7,0,29567
"STU002031",2016,"NonBinary_Other","White",0,0,0,1,0,2.97280356912233,0,1,"Standard",0,0,0,0,1,0.142857142857143,12747.25,0,0
"STU002032",2016,"Female","White",1,0,0,0,0,3.33205217310969,0,1,"Standard",1,0,1,1,1,0.0357142857142857,19215,0,0
"STU002033",2016,"Male","Hispanic",1,1,0,0,1,2.03078811925792,1,0,"Standard",0,0,0,0,1,0.5,11020.6428571429,0,0
"STU002034",2016,"Female","Hispanic",1,0,0,0,1,2.19363733682018,1,0,"Standard",0,0,0,0,1,0.285714285714286,12955.875,1,56452
"STU002035",2016,"Female","AmericanIndian",0,0,0,0,1,2.84157189303429,1,0,"Standard",1,0,0,1,1,0.642857142857143,14700.6111111111,0,15728
"STU002036",2016,"Male","Hispanic",0,1,0,0,1,1.1123076041708,1,0,"NonCompletion",0,0,0,0,1,0.678571428571429,11221.8947368421,0,40776
"STU002037",2016,"Male","Hispanic",0,1,1,1,0,2.62843849771471,0,0,"Standard",1,0,1,0,1,0.428571428571429,12328.9166666667,0,34956
"STU002038",2016,"Female","White",0,0,0,0,0,2.05433394235584,0,0,"Standard",0,0,0,0,1,0.785714285714286,14111.9545454545,1,52729
"STU002039",2016,"Male","Black",1,0,0,0,1,2.04786966677796,1,0,"Standard",0,0,0,0,1,0.678571428571429,16818.6842105263,0,22962
"STU002040",2016,"Male","Asian",0,1,0,0,0,3.75891094072559,0,1,"Advanced",1,0,0,1,1,0.357142857142857,17731.7,1,79132
"STU002041",2016,"Female","Black",0,0,0,1,1,2.61963153379369,1,1,"Standard",0,0,0,0,1,0.678571428571429,12995.6842105263,0,0
"STU002042",2016,"Male","Asian",1,0,0,0,1,3.08993632610426,1,0,"Standard",0,0,0,0,1,0.285714285714286,9186,0,21883
"STU002043",2016,"Male","White",0,0,1,0,1,3.00318352183044,1,0,"Standard",0,0,0,0,1,0.5,9181.92857142857,1,39867
"STU002044",2016,"Male","Asian",1,0,0,0,0,2.46699274753382,0,0,"Standard",0,0,0,0,1,0.5,9987,0,30128
"STU002045",2016,"Female","MultiRacial",0,0,1,0,1,2.67876082627079,1,1,"Standard",1,0,1,0,1,0.142857142857143,12076,1,48304
"STU002046",2016,"Female","White",1,0,0,0,0,2.71265642352833,0,0,"Standard",0,0,0,0,1,0.464285714285714,11315.9230769231,1,51440
"STU002047",2016,"Female","Hispanic",1,1,0,0,0,2.96700784497338,0,0,"Standard",1,0,1,0,1,0.357142857142857,9641.4,0,30790
"STU002048",2016,"Female","White",0,0,0,0,0,3.27634734278249,0,0,"Standard",1,0,0,1,1,0.642857142857143,11947.6111111111,1,76988
"STU002049",2016,"Female","White",0,1,0,0,1,2.95024090540792,1,0,"Standard",1,1,1,0,0,0,NA,0,0
"STU002050",2016,"Male","White",0,0,0,0,0,NA,0,0,"Standard",1,1,0,0,1,0.571428571428571,16759.75,0,19624
"STU002051",2016,"Male","Hispanic",0,0,0,0,1,3.00598420801686,1,0,"Standard",1,1,0,0,1,0.571428571428571,13863.125,0,45179
"STU002052",2016,"Male","White",0,0,0,0,0,3.93670386964849,0,0,"Advanced",1,0,1,0,1,0.714285714285714,9300.1,1,49407
"STU002053",2016,"Female","White",1,1,0,0,1,3.0483507814122,1,0,"Standard",0,0,0,0,1,0.75,12406.0476190476,0,17437
"STU002054",2016,"Female","Other",0,0,0,0,1,2.25475011273206,1,0,"NonCompletion",0,0,0,0,1,0.357142857142857,12422.9,0,41750
"STU002055",2016,"Female","Asian",0,0,0,0,0,2.32255873502483,0,0,"Standard",0,0,0,0,0,0,NA,0,0
"STU002056",2016,"Male","White",0,0,0,1,0,3.12145857152919,0,0,"Standard",1,1,0,0,1,0.0714285714285714,14839,0,18391
"STU002057",2016,"Female","AmericanIndian",0,1,0,1,1,1.74646347764032,1,0,"Standard",0,0,0,0,1,0.678571428571429,11018.8421052632,0,19749
"STU002058",2016,"Male","White",0,1,1,0,1,2.18922795817931,1,0,"Standard",0,0,0,0,1,0.607142857142857,12556.5882352941,0,35568
"STU002059",2016,"Male","Hispanic",1,1,0,0,1,2.83280011894563,1,0,"Standard",0,0,0,0,0,0,NA,0,0
"STU002060",2016,"Male","Hispanic",1,1,0,0,1,3.115653045934,1,0,"Standard",1,0,0,1,1,0.25,17137.7142857143,1,80738
"STU002061",2016,"Male","Hispanic",0,0,0,0,1,1.791932134563,1,0,"Standard",0,0,0,0,1,0.75,11442.4285714286,0,32983
"STU002062",2016,"Female","AmericanIndian",0,1,0,0,1,2.59337151458152,1,0,"Standard",1,0,1,0,1,0.535714285714286,11724.5333333333,1,64597
"STU002063",2016,"Female","White",0,1,0,0,1,2.19779050183322,1,0,"Standard",0,0,0,0,1,0.714285714285714,13526.8,0,47706
"STU002064",2016,"Female","Other",0,0,0,0,0,2.67005509808898,0,0,"Standard",1,0,0,1,0,0,NA,0,0
"STU002065",2016,"Male","Hispanic",1,0,0,0,1,2.3611866062187,1,0,"Standard",0,0,0,0,1,0.714285714285714,6984,1,33356
"STU002066",2016,"Female","White",0,1,0,0,0,4,0,1,"Advanced",0,0,0,0,1,0.964285714285714,15546.8888888889,1,75291
"STU002067",2016,"Female","Hispanic",0,0,0,0,1,2.41608946559396,1,0,"Standard",0,0,0,0,1,0.464285714285714,12779.8461538462,0,33897
"STU002068",2016,"Male","White",0,0,0,0,0,3.12425052704038,0,0,"Standard",1,0,0,1,1,0.75,10279.3333333333,1,74524
"STU002069",2016,"Male","Asian",0,1,1,1,1,2.78483029879866,1,1,"Standard",0,0,0,0,1,0.892857142857143,8521.6,0,34091
"STU002070",2016,"Female","White",1,1,1,0,1,3.33647245954287,1,0,"Standard",1,0,0,1,1,0.571428571428571,18480.4375,0,74653
"STU002071",2016,"NonBinary_Other","White",0,0,1,0,0,2.24776141401004,0,0,"Standard",0,0,0,0,1,0.464285714285714,14539.4615384615,0,50271
"STU002072",2016,"Female","White",1,0,0,0,0,2.35152544366925,0,0,"Standard",0,0,0,0,1,0.642857142857143,14468.1111111111,0,12893
"STU002073",2016,"Male","MultiRacial",1,0,0,0,0,2.78590873423864,0,0,"Standard",1,1,0,0,1,0.321428571428571,21081.1111111111,0,75479
"STU002074",2016,"Female","White",0,1,0,0,0,3.20059443905219,0,0,"Standard",1,0,0,1,1,0.321428571428571,9633.66666666667,0,13588
"STU002075",2016,"Male","White",0,0,0,0,0,NA,0,0,"NonCompletion",0,0,0,0,1,0.5,14000.7142857143,1,65356
"STU002076",2016,"Male","White",1,0,0,0,0,4,0,0,"Advanced",0,0,0,0,1,0.535714285714286,14683.8666666667,0,0
"STU002077",2016,"Female","White",0,0,0,0,0,3.10591810059589,0,0,"Standard",1,0,1,1,1,0.642857142857143,11847.8333333333,0,32179
"STU002078",2016,"Male","White",0,1,0,0,0,3.08321101750695,0,1,"Standard",1,0,0,1,1,0.535714285714286,9747.53333333333,1,61247
"STU002079",2016,"Male","White",0,1,1,0,1,2.84776432543429,1,0,"Standard",1,0,1,1,1,0.642857142857143,10561,0,54052
"STU002080",2016,"Male","White",0,0,0,0,0,2.28574358181108,0,0,"Standard",0,0,0,0,1,0.464285714285714,9657.61538461538,0,21277
"STU002081",2016,"Male","Hispanic",0,0,0,0,1,2.82189710786362,1,0,"Standard",1,0,0,1,1,0.25,12367,1,62486
"STU002082",2016,"Female","White",0,1,1,0,0,2.1984685931174,0,0,"Standard",0,0,0,0,1,0.571428571428571,12029.375,1,49833
"STU002083",2016,"Female","White",0,1,0,0,1,2.24638528596702,1,0,"Standard",1,0,1,0,1,0.5,17892.7857142857,1,66495
"STU002084",2016,"NonBinary_Other","White",0,1,0,0,0,2.61630081346491,0,0,"NonCompletion",0,0,0,0,1,0.642857142857143,9256.72222222222,0,30557
"STU002085",2016,"Female","MultiRacial",0,0,0,1,0,2.52900326055009,0,1,"Standard",0,0,0,0,1,0.785714285714286,15300.6818181818,1,51038
"STU002086",2016,"Female","Hispanic",1,0,0,1,0,3.65195861619391,0,0,"Advanced",1,0,0,1,1,0.178571428571429,15775.8,0,33640
"STU002087",2016,"Male","Hispanic",0,0,1,0,0,2.50134036607208,0,1,"Standard",0,0,0,0,0,0,NA,0,0
"STU002088",2016,"Male","Black",0,1,0,0,1,2.39272106034016,1,0,"Standard",0,0,0,0,0,0,NA,0,0
"STU002089",2016,"Male","Black",1,1,0,0,1,2.04085345396754,1,0,"NonCompletion",0,0,0,0,1,0.678571428571429,15921.7368421053,1,71625
"STU002090",2016,"Male","White",0,1,0,0,0,2.61288480033366,0,1,"Standard",1,0,1,1,1,0.5,7856.64285714286,0,10127
"STU002091",2016,"Female","AmericanIndian",0,0,0,0,0,2.22238973754393,0,1,"Standard",0,0,0,0,1,0.321428571428571,9485,0,10466
"STU002092",2016,"Male","Asian",1,1,1,0,0,3.15317214473474,0,0,"Standard",0,0,0,0,1,0.5,12851.3571428571,0,40239
"STU002093",2016,"Female","White",0,0,0,0,0,2.93964308938615,0,0,"Standard",0,0,0,0,1,0.5,8884.21428571429,0,34586
"STU002094",2016,"Female","Hispanic",0,1,0,1,0,4,0,1,"Advanced",1,0,0,1,1,0.607142857142857,15610.6470588235,0,74304
"STU002095",2016,"Male","White",0,0,0,0,0,3.23271137044954,0,1,"Standard",0,0,0,0,1,0.464285714285714,8329.53846153846,1,34425
"STU002096",2016,"Female","Black",0,1,0,0,1,2.70493673737743,1,0,"Standard",0,0,0,0,1,0.678571428571429,9161.1052631579,1,50130
"STU002097",2016,"Female","White",0,0,0,0,0,2.00485404130577,0,0,"Standard",0,0,0,0,1,0.678571428571429,11810.2631578947,0,0
"STU002098",2016,"Female","Black",0,0,0,0,1,3.25508874508731,1,0,"Standard",1,0,0,1,1,0.678571428571429,18182.8421052632,0,66823
"STU002099",2016,"Male","White",0,0,0,1,0,2.00065330187164,0,1,"Standard",0,0,0,0,1,0.714285714285714,11943.2,0,21058
"STU002100",2016,"Male","White",0,0,1,0,1,2.91485253355118,1,0,"Standard",0,0,0,0,1,0.642857142857143,9765.55555555555,1,49902
"STU002101",2016,"Female","White",0,1,0,0,0,3.39333030766642,0,1,"Standard",1,0,0,1,1,0.607142857142857,14200.2352941176,0,22175
"STU002102",2016,"Female","White",0,0,0,0,0,3.10341331811365,0,0,"Standard",1,1,0,0,1,0.535714285714286,24186.6,1,133578
"STU002103",2016,"Female","Hispanic",0,1,0,1,1,1.83158049411546,1,0,"Standard",0,0,0,0,1,0.428571428571429,8181.58333333333,0,0
"STU002104",2016,"Female","Black",0,1,0,1,1,2.81936091877654,1,0,"Standard",0,0,0,0,1,0.392857142857143,13801.6363636364,0,41659
"STU002105",2016,"Female","AmericanIndian",0,1,0,0,0,2.90680809572186,0,1,"Standard",1,0,0,1,1,0.607142857142857,11233.2352941176,1,60208
"STU002106",2016,"Male","White",0,0,0,0,1,2.05785600631342,1,0,"Standard",0,0,0,0,1,0.642857142857143,11408.4444444444,1,46881
"STU002107",2016,"Male","White",1,1,0,0,1,1.9419145449649,1,1,"Standard",0,0,0,0,1,0.642857142857143,10973.4444444444,0,17655
"STU002108",2016,"Male","Asian",0,0,0,0,1,3.72995591389612,1,1,"Advanced",1,0,0,1,1,0.464285714285714,23566.6153846154,0,0
"STU002109",2016,"Male","White",1,0,0,0,1,2.2796393959157,1,0,"Standard",0,0,0,0,1,0.535714285714286,13695.2666666667,0,38890
"STU002110",2016,"Male","White",1,0,0,0,0,2.43140446700875,0,0,"NonCompletion",0,0,0,0,1,0.571428571428571,9176.375,0,15887
"STU002111",2016,"NonBinary_Other","Other",0,0,0,0,0,2.8111364281892,0,0,"Standard",0,0,0,0,1,0.428571428571429,10617.0833333333,1,36295
"STU002112",2016,"Male","White",0,0,0,0,0,2.6484652289165,0,0,"Standard",0,0,0,0,1,0.392857142857143,11613.0909090909,0,40630
"STU002113",2016,"Female","Black",1,0,1,0,1,2.42525808889519,1,0,"Standard",0,0,0,0,1,0.571428571428571,8852.8125,0,22516
"STU002114",2016,"Female","Hispanic",0,1,0,0,0,3.34633945675669,0,0,"Standard",1,0,0,1,1,0.571428571428571,12185.4375,0,12772
"STU002115",2016,"Female","White",0,0,0,0,1,2.21654427471703,1,0,"Standard",0,0,0,0,1,0.892857142857143,18213.88,1,81989
"STU002116",2016,"Female","Hispanic",0,1,0,0,1,2.507877477466,1,0,"Standard",1,0,1,1,1,0.428571428571429,12177.25,1,72112
"STU002117",2016,"Female","White",0,1,0,0,0,2.54920752430874,0,0,"Standard",0,0,0,0,1,0.5,9277.64285714286,0,23091
"STU002118",2016,"Female","White",0,0,0,0,0,2.05489916084074,0,0,"Standard",0,0,0,0,1,0.714285714285714,10623.65,0,9961
"STU002119",2016,"Female","Hispanic",0,0,1,1,0,1.7018764899635,0,0,"NonCompletion",1,0,1,0,1,0.857142857142857,8934.875,1,66228
"STU002120",2016,"Female","Hispanic",1,1,0,0,1,2.27947771352135,1,1,"Standard",0,0,0,0,1,0.678571428571429,11122.6842105263,1,48525
"STU002121",2016,"Male","White",0,0,0,0,0,2.25090143603488,0,1,"Standard",0,0,0,0,1,0.285714285714286,7835.625,0,0
"STU002122",2016,"Male","Hispanic",1,0,1,0,0,2.57885156816054,0,0,"Standard",0,0,0,0,1,0.607142857142857,12993.2941176471,0,43444
"STU002123",2016,"Female","MultiRacial",0,0,0,0,0,2.18863282353431,0,0,"NonCompletion",0,0,0,0,1,0.857142857142857,9743.33333333333,0,22839
"STU002124",2016,"Female","White",0,0,0,0,1,2.18642636691271,1,0,"Standard",0,0,0,0,1,0.285714285714286,11794.125,1,54458
"STU002125",2016,"Male","White",0,1,0,0,1,2.3147533786525,1,0,"Standard",0,0,0,0,1,0.892857142857143,13414.88,0,57444
"STU002126",2016,"Female","White",1,0,0,0,1,3.30330353645464,1,0,"Standard",1,0,1,0,1,0.107142857142857,18595.6666666667,0,0
"STU002127",2016,"Female","White",1,0,0,0,0,2.19862565501085,0,0,"Standard",0,0,0,0,1,0.857142857142857,11515.9583333333,1,42324
"STU002128",2016,"Female","Hispanic",1,1,0,1,1,2.69633720181528,1,0,"NonCompletion",0,0,0,0,1,0.821428571428571,11110.7391304348,1,56033
"STU002129",2016,"Female","MultiRacial",0,1,0,0,1,2.2023337497208,1,0,"NonCompletion",0,0,0,0,1,0.678571428571429,12284.6315789474,1,47484
"STU002130",2016,"Male","White",0,1,0,1,1,2.70047308318354,1,0,"Standard",1,1,0,0,1,0.142857142857143,22283.5,0,65122
"STU002131",2016,"Male","White",0,1,0,0,0,2.14481188621847,0,0,"NonCompletion",0,0,0,0,1,0.821428571428571,9013.21739130435,1,41746
"STU002132",2016,"Male","White",1,0,0,0,1,2.42067939518316,1,0,"Standard",0,0,0,0,1,0.678571428571429,11659.2631578947,1,53599
"STU002133",2016,"Female","White",1,1,0,0,0,2.05139522551324,0,0,"Standard",0,0,0,0,1,0.642857142857143,10952.8888888889,1,52274
"STU002134",2016,"Male","White",1,0,0,0,0,2.51264547240865,0,0,"Standard",0,0,0,0,1,0.714285714285714,12606.6,1,61344
"STU002135",2016,"Male","MultiRacial",0,1,1,0,0,3.83830064114701,0,0,"Advanced",1,0,0,1,1,0.107142857142857,25824.6666666667,0,53868
"STU002136",2016,"Male","White",0,0,0,0,0,2.7658892985198,0,0,"Standard",0,0,0,0,1,0.642857142857143,14728.3333333333,0,23588
"STU002137",2016,"Female","White",0,0,0,1,0,2.75598746254841,0,0,"NonCompletion",0,0,0,0,1,0.607142857142857,9027.70588235294,0,0
"STU002138",2016,"Male","Other",1,0,0,0,0,2.91452293778718,0,0,"Standard",1,1,0,0,1,0.107142857142857,18208,0,54624
"STU002139",2016,"Female","Hispanic",1,1,0,0,0,3.86032105285636,0,0,"Advanced",1,0,0,1,1,0.321428571428571,17475.2222222222,0,0
"STU002140",2016,"Male","White",1,1,0,0,1,2.79169738138027,1,0,"Standard",0,0,0,0,0,0,NA,0,0
"STU002141",2016,"Male","Hispanic",0,0,0,0,0,3.06818546138635,0,0,"Standard",1,0,0,1,1,0.75,10014.9523809524,1,48173
"STU002142",2016,"Female","White",1,0,0,0,0,2.88085925907849,0,1,"Standard",1,0,1,0,1,0.607142857142857,10661.6470588235,0,42092
"STU002143",2016,"Male","Other",0,0,1,0,0,3.94128889428844,0,1,"Advanced",1,0,0,1,1,0.178571428571429,20578.6,0,59040
"STU002144",2016,"Male","White",1,0,0,0,0,3.21125141234675,0,0,"Standard",1,0,1,0,1,0.571428571428571,8962.5,0,13612
"STU002145",2016,"Male","White",0,0,0,0,1,NA,1,0,"Standard",0,0,0,0,1,0.535714285714286,9985.6,0,21782
"STU002146",2016,"Male","Asian",0,0,0,0,0,3.72988152702827,0,0,"Advanced",1,0,1,0,1,0.75,14404.7142857143,0,60646
"STU002147",2016,"Male","AmericanIndian",0,0,0,0,0,2.78510957892051,0,0,"Standard",1,1,1,0,1,0.607142857142857,14364.7647058824,1,66112
"STU002148",2016,"Female","Hispanic",1,0,0,0,1,1.92359285007751,1,0,"Standard",0,0,0,0,1,0.392857142857143,10105.2727272727,0,27316
"STU002149",2016,"Female","Hispanic",1,1,0,0,1,2.12330026468156,1,0,"Standard",1,1,1,0,1,0.535714285714286,16715.7333333333,1,69597
"STU002150",2016,"Female","MultiRacial",0,0,0,1,0,2.45738387141367,0,0,"Standard",0,0,0,0,1,0.392857142857143,13928.1818181818,1,67379
"STU002151",2016,"Female","Asian",0,1,0,0,1,2.4945652019299,1,0,"Standard",0,0,0,0,1,0.75,12972.5714285714,1,64803
"STU002152",2016,"Male","Hispanic",0,0,0,0,1,2.45250367833257,1,0,"Standard",1,1,0,0,1,0.5,15426.4285714286,0,32433
"STU002153",2016,"Male","MultiRacial",0,1,1,0,0,2.88020592823005,0,0,"Standard",0,0,0,0,1,0.571428571428571,11190,0,45999
"STU002154",2016,"Male","White",0,0,0,1,0,2.61053460561547,0,0,"Standard",0,0,0,0,1,0.392857142857143,12004,0,18360
"STU002155",2016,"Male","Black",1,1,1,1,1,2.58640918229395,1,0,"Standard",1,0,0,1,1,0.571428571428571,12338.5,0,0
"STU002156",2016,"Male","White",1,1,0,0,0,3.09372485912845,0,0,"Standard",0,0,0,0,1,0.571428571428571,6369.25,0,17422
"STU002157",2016,"Male","Asian",0,0,0,0,0,3.25681846350467,0,0,"Standard",0,0,0,0,1,0.5,9486,1,43506
"STU002158",2016,"Male","White",0,0,0,1,1,3.00509910534972,1,0,"Standard",1,0,1,0,1,0.535714285714286,11792.6666666667,0,27785
"STU002159",2016,"Male","White",1,0,0,0,0,2.11422839086663,0,0,"NonCompletion",0,0,0,0,1,0.785714285714286,9881.45454545455,0,33174
"STU002160",2016,"Female","White",0,0,0,0,0,2.71117134118128,0,0,"Standard",0,0,0,0,0,0,NA,0,0
"STU002161",2016,"Male","Hispanic",1,0,0,0,0,2.60349152176597,0,0,"Standard",0,0,0,0,1,0.571428571428571,8696.25,1,30630
"STU002162",2016,"Female","Hispanic",1,0,0,1,0,2.18531316123817,0,1,"Standard",0,0,0,0,1,0.678571428571429,10131.2105263158,0,12362
"STU002163",2016,"Male","White",0,1,0,0,0,1.66259024799066,0,0,"NonCompletion",0,0,0,0,1,0.607142857142857,11107.7058823529,0,11384
"STU002164",2016,"Female","White",0,0,1,0,0,2.41608314492243,0,0,"Standard",0,0,0,0,1,0.678571428571429,6703.15789473684,0,16554
"STU002165",2016,"Female","White",1,0,0,0,0,2.83805013294216,0,0,"Standard",1,1,0,0,1,0.392857142857143,15463.9090909091,0,0
"STU002166",2016,"Female","Asian",0,1,0,1,0,3.04268134050298,0,0,"Standard",0,0,0,0,1,0.714285714285714,9862.95,0,39919
"STU002167",2016,"Female","White",1,0,1,0,0,2.97927263261774,0,1,"Standard",1,0,0,1,1,0.392857142857143,21978,1,98623
"STU002168",2016,"Female","White",0,0,0,0,0,2.87479740667089,0,0,"Standard",0,0,0,0,1,0.821428571428571,13124.2173913043,0,43388
"STU002169",2016,"Female","MultiRacial",0,0,0,0,1,1.98060394001039,1,0,"Standard",0,0,0,0,1,0.5,9838.21428571429,0,11577
"STU002170",2016,"Female","White",0,1,0,0,0,3.99327805348513,0,1,"Advanced",1,0,1,0,1,0.642857142857143,14964.1666666667,1,60365
"STU002171",2016,"Female","White",1,1,0,1,0,2.39482199543302,0,0,"Standard",0,0,0,0,1,0.642857142857143,13474.6111111111,0,28997
"STU002172",2016,"Male","Hispanic",1,1,0,0,0,3.16556733231552,0,0,"Standard",0,0,0,0,1,0.821428571428571,9687.34782608696,0,25718
"STU002173",2016,"Female","AmericanIndian",1,0,0,0,1,2.88949794240774,1,1,"Standard",0,0,0,0,1,0.714285714285714,7524.5,0,20506
"STU002174",2016,"Female","MultiRacial",0,0,0,0,1,2.72734618080479,1,0,"Standard",0,0,0,0,1,0.357142857142857,11861,0,24046
"STU002175",2016,"Female","Hispanic",0,1,0,1,1,1.70097737402383,1,0,"Standard",0,0,0,0,1,0.785714285714286,15806.3636363636,1,69634
"STU002176",2016,"Male","White",1,1,0,0,0,2.48219870819998,0,0,"Standard",0,0,0,0,1,0.535714285714286,9899.53333333333,0,0
"STU002177",2016,"Female","Asian",0,0,1,1,0,3.31776697220987,0,1,"Standard",1,0,1,1,1,0.642857142857143,10869.6666666667,0,51950
"STU002178",2016,"Female","White",0,0,1,0,0,2.87685364379549,0,0,"Standard",0,0,0,0,1,0.357142857142857,13775.9,0,28313
"STU002179",2016,"Male","White",1,1,0,0,1,2.79191745932866,1,0,"NonCompletion",0,0,0,0,1,0.428571428571429,10631.5,0,0
"STU002180",2016,"Female","White",1,1,0,0,0,2.24705899600354,0,0,"Standard",0,0,0,0,1,0.714285714285714,9116.75,0,30099
"STU002181",2016,"Female","MultiRacial",1,0,0,0,1,2.41004166400606,1,0,"Standard",0,0,0,0,1,0.642857142857143,15231.8333333333,0,0
"STU002182",2016,"Male","Hispanic",0,0,0,0,0,2.29474893125322,0,0,"Standard",0,0,0,0,1,0.75,10127.6666666667,1,40304
"STU002183",2016,"Male","White",1,0,0,1,1,3.30609154773381,1,1,"Standard",1,0,1,1,1,0.107142857142857,28995,0,86985
"STU002184",2016,"Male","White",0,1,0,0,0,3.56814049322936,0,0,"Advanced",0,0,0,0,1,0.0357142857142857,6543,0,6543
"STU002185",2016,"Male","White",1,0,0,0,0,2.62736136146847,0,0,"Standard",0,0,0,0,1,0.571428571428571,7702.375,0,6940
"STU002186",2016,"Female","White",0,0,0,0,0,3.39120748869094,0,1,"Standard",1,0,0,1,1,0.142857142857143,22876.5,0,41500
"STU002187",2016,"Male","MultiRacial",0,0,0,0,1,2.76525886919489,1,0,"Standard",0,0,0,0,1,0.464285714285714,12142.6923076923,0,33166
"STU002188",2016,"Male","White",0,1,0,0,0,2.91167683600145,0,0,"Standard",1,1,1,0,1,0.214285714285714,13087.8333333333,0,13429
"STU002189",2016,"Male","White",0,1,0,0,0,2.69533293893687,0,0,"Standard",1,0,0,1,1,0.464285714285714,9771,1,57803
"STU002190",2016,"Male","Black",1,1,0,0,1,2.59440751891591,1,0,"NonCompletion",0,0,0,0,1,0.607142857142857,10309.7058823529,1,43292
"STU002191",2016,"Male","MultiRacial",0,0,0,0,0,4,0,0,"Advanced",1,0,0,1,1,0.535714285714286,14135.6,0,45146
"STU002192",2016,"Male","White",0,1,0,0,0,2.40014804298721,0,0,"Standard",0,0,0,0,1,0.321428571428571,13360.1111111111,0,47101
"STU002193",2016,"Male","White",0,1,0,0,0,2.65940756475173,0,0,"NonCompletion",0,0,0,0,1,0.857142857142857,8787.25,1,32321
"STU002194",2016,"Female","White",0,1,0,0,0,2.27555999677906,0,0,"Standard",0,0,0,0,1,0.5,10301,0,23426
"STU002195",2016,"Female","Black",0,1,0,0,1,3.24134698436555,1,0,"Standard",1,0,1,0,1,0.607142857142857,10530.7058823529,0,10744
"STU002196",2016,"Male","White",0,0,1,0,0,4,0,1,"Advanced",1,0,0,1,1,0.428571428571429,20543.6666666667,1,85259
"STU002197",2016,"Male","White",1,1,0,0,0,2.35570591178343,0,0,"Standard",0,0,0,0,1,0.785714285714286,9502.40909090909,0,14948
"STU002198",2016,"Male","AmericanIndian",0,1,0,0,1,2.96951757022318,1,1,"Standard",1,1,0,0,0,0,NA,0,0
"STU002199",2016,"Male","White",0,0,0,0,1,3.05812350329055,1,0,"Standard",1,0,1,0,1,0.678571428571429,14946,1,54211
"STU002200",2016,"Male","Hispanic",0,0,1,0,1,2.45667805703421,1,0,"Standard",1,1,1,0,1,0.5,10090.2142857143,0,0
"STU002201",2016,"Male","White",1,1,0,0,1,2.36061969058821,1,0,"Standard",0,0,0,0,1,0.678571428571429,10304.8421052632,1,48572
"STU002202",2016,"Female","Hispanic",1,0,0,1,1,NA,1,1,"Standard",1,0,0,1,1,0.214285714285714,20922.1666666667,0,49929
"STU002203",2016,"Male","Asian",1,0,1,0,0,1.91108902725489,0,0,"NonCompletion",1,0,1,0,0,0,NA,0,0
"STU002204",2016,"Female","White",0,0,1,0,0,4,0,0,"Advanced",1,0,0,1,1,0.107142857142857,22323,0,0
"STU002205",2016,"Female","White",0,0,0,0,0,2.96038375178042,0,0,"Standard",0,0,0,0,1,0.607142857142857,9598.94117647059,0,19049
"STU002206",2016,"Male","White",0,0,0,0,0,2.38749890244711,0,0,"NonCompletion",0,0,0,0,1,0.75,12091.9047619048,1,48809
"STU002207",2016,"Male","White",1,0,0,0,0,3.55170829566212,0,1,"Advanced",1,0,1,0,1,0.0714285714285714,27660.5,0,20559
"STU002208",2016,"Female","Other",0,1,0,1,0,2.8337089649609,0,0,"Standard",1,0,1,0,1,0.571428571428571,9720.125,1,38840
"STU002209",2016,"Male","Hispanic",0,0,0,0,1,2.74570147226899,1,1,"Standard",0,0,0,0,0,0,NA,0,0
"STU002210",2016,"Male","Hispanic",0,1,0,0,1,2.35809743319967,1,0,"Standard",0,0,0,0,1,0.285714285714286,16840.625,1,61811
"STU002211",2016,"Male","Hispanic",0,0,0,1,1,2.37029204561776,1,0,"Standard",0,0,0,0,1,0.642857142857143,15627.5,0,28573
"STU002212",2016,"Male","White",1,1,0,0,0,3.87757771703837,0,1,"Advanced",1,0,1,1,1,0.607142857142857,8829.52941176471,1,48097
"STU002213",2016,"Female","Other",0,0,0,0,0,2.94299361962302,0,0,"Standard",0,0,0,0,1,0.535714285714286,9688.8,1,45857
"STU002214",2016,"Male","White",0,0,0,0,1,2.67868203779202,1,0,"Standard",1,0,0,1,1,0.607142857142857,10780.6470588235,0,43822
"STU002215",2016,"Female","Black",0,0,1,0,0,2.57943493593636,0,0,"Standard",0,0,0,0,1,0.642857142857143,7893.5,0,28945
"STU002216",2016,"Female","White",1,0,0,1,0,3.57302703414865,0,1,"Advanced",1,0,1,0,1,0.571428571428571,12359.25,0,21690
"STU002217",2016,"Female","White",0,1,0,0,0,3.00788270229683,0,0,"Standard",1,0,1,0,1,0.535714285714286,15142.1333333333,1,81207
"STU002218",2016,"Male","Asian",1,1,0,0,0,3.27740832495248,0,0,"Standard",0,0,0,0,1,0.678571428571429,13454,1,53451
"STU002219",2016,"Male","White",1,1,0,0,0,3.12250417068311,0,1,"Standard",0,0,0,0,1,0.642857142857143,12132.8888888889,0,39318
"STU002220",2016,"Female","White",1,0,0,0,0,3.15310736224478,0,0,"Standard",1,0,0,1,1,0.678571428571429,7735.1052631579,1,42094
"STU002221",2016,"Female","AmericanIndian",1,1,1,0,0,2.7463565284564,0,0,"Standard",0,0,0,0,1,0.714285714285714,12354.55,1,44981
"STU002222",2016,"Female","Hispanic",0,0,0,0,0,3.35886462869784,0,0,"Standard",1,0,0,1,1,0.571428571428571,25334.0625,1,149181
"STU002223",2016,"Female","Other",1,0,0,0,1,3.4698865068137,1,0,"Standard",1,0,0,1,1,0.821428571428571,19526.6956521739,1,115475
"STU002224",2016,"Female","White",0,1,0,0,0,2.98794495110388,0,0,"Standard",0,0,0,0,1,0.357142857142857,9868.2,0,32946
"STU002225",2016,"Female","Hispanic",0,1,0,0,1,2.75392979610182,1,0,"Standard",1,0,0,1,1,0.678571428571429,9488.05263157895,0,38456
"STU002226",2016,"Male","White",0,0,0,0,0,2.71990293831339,0,1,"Standard",0,0,0,0,1,0.678571428571429,11221.4736842105,1,52767
"STU002227",2016,"Female","White",0,1,0,0,0,3.10399243043995,0,1,"Standard",1,0,0,1,1,0.321428571428571,20241.1111111111,1,96379
"STU002228",2016,"Female","White",0,0,0,0,0,2.88107554675769,0,0,"Standard",0,0,0,0,1,0.714285714285714,8627.3,1,37077
"STU002229",2016,"Male","White",0,0,0,0,0,2.98496329604733,0,0,"Standard",0,0,0,0,1,0.535714285714286,8579.06666666667,0,23480
"STU002230",2016,"Female","White",0,0,0,0,0,2.85364169800119,0,0,"Standard",0,0,0,0,1,0.428571428571429,7796.83333333333,0,12640
"STU002231",2016,"Male","Asian",0,1,0,1,1,2.86575370665106,1,1,"Standard",0,0,0,0,1,0.714285714285714,9057.7,1,38404
"STU002232",2016,"Female","White",0,0,0,0,0,3.34316463176418,0,1,"Standard",1,0,0,1,1,0.392857142857143,19862.3636363636,0,0
"STU002233",2016,"Male","White",0,0,0,0,0,1.99358824793332,0,0,"NonCompletion",0,0,0,0,1,0.642857142857143,10194.2777777778,1,41376
"STU002234",2016,"Male","White",0,0,0,0,1,1.63293206541468,1,0,"NonCompletion",0,0,0,0,1,0.785714285714286,9038.45454545455,1,47984
"STU002235",2016,"Female","Black",1,1,0,0,1,3.4740751025446,1,1,"Standard",1,0,0,1,1,0.714285714285714,18306.7,1,68804
"STU002236",2016,"Male","AmericanIndian",1,1,0,0,1,2.07599574559277,1,0,"Standard",0,0,0,0,1,0.785714285714286,9277.09090909091,0,34068
"STU002237",2016,"Female","White",0,0,0,0,1,2.39489488016401,1,0,"Standard",0,0,0,0,1,0.571428571428571,14893.0625,0,17024
"STU002238",2016,"NonBinary_Other","MultiRacial",1,0,1,0,0,2.38681507243388,0,0,"Standard",0,0,0,0,1,0.678571428571429,12385.8947368421,0,0
"STU002239",2016,"Male","Asian",0,0,0,0,0,3.05251468668716,0,0,"Standard",0,0,0,0,1,0.464285714285714,8925.53846153846,0,32285
"STU002240",2016,"NonBinary_Other","Black",1,0,0,0,1,2.43827871269111,1,0,"Standard",0,0,0,0,1,0.464285714285714,8807.61538461538,0,34553
"STU002241",2016,"Female","White",0,0,0,0,1,2.8369351998816,1,0,"Standard",1,1,0,0,1,0.428571428571429,14413.3333333333,0,44829
"STU002242",2016,"Male","White",1,0,0,0,1,1.56233385742816,1,0,"NonCompletion",0,0,0,0,1,0.678571428571429,9386.52631578947,0,23660
"STU002243",2016,"Male","Hispanic",0,0,0,0,1,3.23940848289834,1,0,"Standard",0,0,0,0,1,0.678571428571429,10883.7368421053,0,28945
"STU002244",2016,"Male","White",1,1,0,0,0,2.45801051237165,0,0,"Standard",0,0,0,0,1,0.5,14014.3571428571,1,71467
"STU002245",2016,"Male","White",0,0,0,0,0,2.38602238116776,0,1,"NonCompletion",0,0,0,0,1,0.607142857142857,11905.6470588235,0,21882
"STU002246",2016,"Male","White",1,0,0,0,1,2.4886956779584,1,0,"Standard",0,0,0,0,1,0.607142857142857,11257.1764705882,0,38363
"STU002247",2016,"Male","Black",0,0,0,0,1,2.41312986930879,1,1,"NonCompletion",0,0,0,0,1,0.785714285714286,10371.2272727273,0,33880
"STU002248",2016,"Male","Hispanic",1,0,1,0,1,2.89521181774397,1,0,"Standard",1,0,0,1,1,0.25,19614.7142857143,1,78967
"STU002249",2016,"Female","Asian",1,1,0,0,0,2.31774662570046,0,0,"NonCompletion",0,0,0,0,1,0.571428571428571,10000.5625,1,50271
"STU002250",2016,"Male","White",0,1,0,0,0,2.71673478698427,0,0,"Standard",0,0,0,0,1,0.464285714285714,8523.07692307692,0,10605
"STU002251",2016,"Male","Black",0,1,0,0,1,2.66275733915889,1,0,"Standard",0,0,0,0,1,0.178571428571429,11671.8,1,53416
"STU002252",2016,"Female","White",0,0,0,0,0,3.46086030899949,0,0,"Standard",1,0,0,1,1,0.321428571428571,9689.88888888889,0,33651
"STU002253",2016,"Female","White",0,1,0,0,0,3.04533862858269,0,0,"Standard",1,0,1,0,0,0,NA,0,0
"STU002254",2016,"Male","White",1,1,0,0,0,1.87079875664438,0,0,"Standard",0,0,0,0,1,0.464285714285714,15310.8461538462,0,23185
"STU002255",2016,"Female","White",0,0,0,0,0,2.4346489596775,0,0,"NonCompletion",0,0,0,0,1,0.535714285714286,10945.2,0,13434
"STU002256",2016,"Female","Hispanic",0,0,0,0,0,2.69323927956887,0,0,"Standard",1,1,1,0,1,0.428571428571429,17069.5,1,73696
"STU002257",2016,"Female","Hispanic",0,1,0,1,1,1.62863360031054,1,0,"Standard",0,0,0,0,1,0.285714285714286,12483.75,0,12243
"STU002258",2016,"Female","White",1,0,0,0,1,2.9233077498277,1,0,"Standard",0,0,0,0,1,0.607142857142857,7353.41176470588,1,45584
"STU002259",2016,"Male","White",0,0,0,0,0,3.20824559513372,0,0,"Standard",0,0,0,0,1,0.285714285714286,13652.25,0,13756
"STU002260",2016,"Male","Hispanic",0,0,0,0,0,2.36884992112923,0,0,"Standard",0,0,0,0,1,0.607142857142857,8763.35294117647,0,26789
"STU002261",2016,"Female","Hispanic",0,0,0,0,0,3.24023911755887,0,0,"Standard",0,0,0,0,0,0,NA,0,0
"STU002262",2016,"Male","Hispanic",0,0,1,0,0,2.0020220544877,0,0,"Standard",0,0,0,0,1,0.571428571428571,14694.25,0,17609
"STU002263",2016,"Female","Black",0,0,0,0,0,2.51048409582843,0,0,"NonCompletion",0,0,0,0,1,0.678571428571429,12846.2105263158,1,53501
"STU002264",2016,"Female","White",0,0,1,0,0,3.14825129101236,0,1,"Standard",0,0,0,0,1,0.607142857142857,17431.5294117647,0,29912
"STU002265",2016,"Female","Asian",1,0,0,0,0,3.16822075285387,0,0,"Standard",1,0,0,1,1,0.821428571428571,9208.4347826087,1,65787
"STU002266",2016,"NonBinary_Other","MultiRacial",1,0,0,0,0,3.27846872807123,0,0,"Standard",1,0,1,0,1,0.642857142857143,11593.2777777778,0,52220
"STU002267",2016,"Male","White",0,1,0,0,1,2.61242281887562,1,0,"Standard",0,0,0,0,1,0.642857142857143,9215.27777777778,0,30811
"STU002268",2016,"Female","White",1,0,0,0,0,3.35262879897344,0,0,"Standard",1,0,0,1,0,0,NA,0,0
"STU002269",2016,"Male","Other",1,0,0,1,0,2.68045093267582,0,0,"Standard",0,0,0,0,1,0.535714285714286,8501.33333333333,1,46132
"STU002270",2016,"Female","MultiRacial",0,0,1,0,0,2.71029022275331,0,0,"Standard",0,0,0,0,1,0.535714285714286,10044.1333333333,0,38776
"STU002271",2016,"Male","White",0,0,1,0,1,2.57453890336802,1,0,"Standard",0,0,0,0,1,0.785714285714286,8621.77272727273,0,16799
"STU002272",2016,"Female","Black",0,1,1,0,1,2.57965608022039,1,0,"Standard",1,0,1,0,1,0.75,11013.4285714286,1,51830
"STU002273",2016,"Male","White",0,0,0,0,1,2.96770312032803,1,0,"Standard",1,0,0,1,1,0.571428571428571,13341.0625,0,0
"STU002274",2016,"Male","MultiRacial",0,0,0,0,1,2.35916573269414,1,1,"Standard",0,0,0,0,1,0.5,9345.85714285714,0,34735
"STU002275",2016,"Female","Hispanic",1,0,0,0,1,1.61139303853245,1,1,"Standard",0,0,0,0,1,0.714285714285714,8765.8,1,36480
"STU002276",2016,"Male","White",0,1,0,0,0,2.53673891802896,0,0,"Standard",0,0,0,0,1,0.464285714285714,11363.5384615385,0,28503
"STU002277",2016,"Male","Hispanic",1,0,0,1,0,3.04472976652589,0,0,"Standard",1,1,0,0,1,0.25,16218.2857142857,1,71833
"STU002278",2016,"Male","MultiRacial",0,0,0,0,0,2.54063418378142,0,0,"Standard",0,0,0,0,1,0.357142857142857,10112.3,0,26384
"STU002279",2016,"Male","Hispanic",0,0,0,0,0,2.60234721477781,0,0,"Standard",0,0,0,0,1,0.142857142857143,16694.5,0,51318
"STU002280",2016,"Female","White",1,0,0,0,0,3.27150208708232,0,0,"Standard",1,0,0,1,1,0.392857142857143,9726.81818181818,0,0
"STU002281",2016,"Male","Black",0,1,0,0,1,2.63267366213272,1,0,"Standard",0,0,0,0,1,0.714285714285714,9165.3,0,32596
"STU002282",2016,"Female","White",1,0,0,0,0,2.44204261339529,0,0,"Standard",0,0,0,0,0,0,NA,0,0
"STU002283",2016,"Female","White",0,0,0,0,0,3.0054370695391,0,1,"Standard",1,0,0,1,1,0.0714285714285714,20875,0,41750
"STU002284",2016,"Female","White",0,1,0,0,0,2.45110376220322,0,0,"Standard",0,0,0,0,1,0.607142857142857,10607,0,43343
"STU002285",2016,"Male","Hispanic",0,1,0,0,0,3.18008389514306,0,1,"Standard",1,0,0,1,1,0.607142857142857,12680.9411764706,1,85390
"STU002286",2016,"Female","Black",1,0,0,0,1,2.54213291632136,1,0,"Standard",1,1,0,0,1,0.607142857142857,16688.6470588235,1,68789
"STU002287",2016,"Female","Black",0,1,0,0,0,3.07699420838255,0,1,"Standard",1,0,1,0,1,0.285714285714286,22860.25,0,78921
"STU002288",2016,"Male","Asian",0,1,1,0,1,3.80474751867736,1,0,"Advanced",1,0,0,1,1,0.428571428571429,17057.1666666667,0,67474
"STU002289",2016,"Female","White",0,0,0,0,1,3.23664838500461,1,1,"Standard",0,0,0,0,1,0.785714285714286,7979.27272727273,1,28904
"STU002290",2016,"Female","White",0,1,0,0,0,2.73818704553253,0,0,"Standard",0,0,0,0,1,0.714285714285714,10815.35,0,36873
"STU002291",2016,"Female","White",0,1,0,0,0,3.05043206270609,0,0,"Standard",0,0,0,0,1,0.607142857142857,9683,0,11269
"STU002292",2016,"Female","White",0,0,0,0,1,2.24180410204239,1,0,"Standard",0,0,0,0,1,0.607142857142857,14155.9411764706,1,80887
"STU002293",2016,"Female","Other",0,0,0,0,1,3.15957012743723,1,0,"Standard",1,0,1,0,1,0.25,13415,0,28870
"STU002294",2016,"Male","White",0,0,1,0,1,2.29375746283838,1,1,"Standard",0,0,0,0,1,0.607142857142857,11878.8823529412,1,43684
"STU002295",2016,"Male","Hispanic",1,1,1,0,1,1.65042371260059,1,0,"Standard",0,0,0,0,1,0.714285714285714,10982.6,0,51589
"STU002296",2016,"Female","MultiRacial",0,1,1,0,0,2.0014851180767,0,0,"Standard",0,0,0,0,1,0.607142857142857,11925,1,47726
"STU002297",2016,"Male","Hispanic",1,1,0,0,1,2.20256182778871,1,0,"Standard",0,0,0,0,1,0.464285714285714,8535.53846153846,0,7914
"STU002298",2016,"Male","Black",1,0,0,0,1,2.14618781555417,1,0,"Standard",0,0,0,0,1,0.5,12257.9285714286,0,17285
"STU002299",2016,"Female","Hispanic",0,1,0,0,1,3.02241251747126,1,0,"Standard",1,0,0,1,0,0,NA,0,0
"STU002300",2016,"Male","White",0,1,0,0,0,2.058723953819,0,0,"Standard",0,0,0,0,1,0.571428571428571,13870,1,78710
"STU002301",2016,"Male","Black",0,1,0,1,0,2.04158047724659,0,1,"Standard",1,0,1,0,1,0.571428571428571,10311.5,0,36787
"STU002302",2016,"Male","Hispanic",1,1,1,0,1,1.61874644609129,1,0,"NonCompletion",0,0,0,0,1,0.571428571428571,9799.25,0,0
"STU002303",2016,"Female","White",1,1,0,0,0,2.69777528168467,0,1,"Standard",0,0,0,0,0,0,NA,0,0
"STU002304",2016,"Female","Hispanic",0,0,0,0,1,2.35869788230032,1,0,"Standard",1,0,1,1,1,0.714285714285714,11978.35,0,28454
"STU002305",2016,"Female","Hispanic",0,0,0,0,1,2.7419722424774,1,1,"Standard",1,0,1,1,1,0.357142857142857,12472,0,43173
"STU002306",2016,"Male","White",0,0,0,0,1,3.3282308680396,1,0,"Standard",1,0,0,1,1,0.25,14833.5714285714,0,0
"STU002307",2016,"Female","Hispanic",0,0,1,0,1,2.06870895491331,1,1,"Standard",0,0,0,0,1,0.571428571428571,11778.4375,0,0
"STU002308",2016,"Female","Hispanic",1,0,0,0,0,1.87340523843455,0,0,"Standard",0,0,0,0,1,0.535714285714286,10853.0666666667,0,41186
"STU002309",2016,"Male","White",1,0,0,0,0,2.50094507770776,0,1,"Standard",0,0,0,0,1,0.642857142857143,11484.7777777778,0,45170
"STU002310",2016,"Male","MultiRacial",0,0,0,1,0,2.92716185975781,0,1,"Standard",1,0,0,1,1,0.428571428571429,20105.5833333333,0,15882
"STU002311",2016,"Female","Hispanic",0,1,0,0,1,2.0598119672255,1,0,"Standard",0,0,0,0,1,0.535714285714286,13024.5333333333,0,0
"STU002312",2016,"Female","Black",1,0,1,0,1,2.26844232781481,1,1,"Standard",1,1,1,0,1,0.571428571428571,13506.875,1,59753
"STU002313",2016,"Male","Hispanic",1,0,0,0,1,2.74575770279772,1,0,"Standard",0,0,0,0,1,0.714285714285714,12181.9,1,42475
"STU002314",2016,"Female","White",0,0,0,0,0,2.87638829204247,0,0,"Standard",0,0,0,0,1,0.5,10844.0714285714,0,11787
"STU002315",2016,"Male","White",0,1,0,0,0,4,0,0,"Advanced",1,0,0,1,1,0.857142857142857,13234.0833333333,1,73214
"STU002316",2016,"Female","White",0,0,0,0,0,2.97272428149683,0,0,"Standard",0,0,0,0,1,0.607142857142857,8147.88235294118,0,0
"STU002317",2016,"Male","Hispanic",0,0,0,0,1,3.03316458826706,1,1,"Standard",1,0,0,1,1,0.607142857142857,18142.1764705882,1,71209
"STU002318",2016,"Female","White",0,0,0,0,1,2.0413437580661,1,1,"Standard",0,0,0,0,1,0.607142857142857,12814.8235294118,1,54875
"STU002319",2016,"Female","White",0,0,0,1,0,3.38261775190682,0,0,"Standard",1,0,0,1,1,0.535714285714286,8796.93333333333,0,14331
"STU002320",2016,"Male","Black",1,0,0,0,1,2.66662107415606,1,0,"Standard",1,1,0,0,1,0.428571428571429,15020.5,0,27279
"STU002321",2016,"Male","White",0,1,0,0,0,2.55757380114271,0,0,"NonCompletion",0,0,0,0,1,0.75,11301.4761904762,1,43828
"STU002322",2016,"Female","Black",0,1,0,0,0,2.35821460624226,0,1,"Standard",0,0,0,0,1,0.607142857142857,10630.9411764706,1,40951
"STU002323",2016,"Male","White",0,0,0,0,0,3.53969175185147,0,0,"Advanced",1,0,0,1,1,0.142857142857143,19075,1,76300
"STU002324",2016,"Female","Hispanic",0,0,0,0,1,3.1434739051853,1,1,"Standard",1,0,1,0,1,0.75,17323.0952380952,0,46061
"STU002325",2016,"Female","MultiRacial",0,1,0,0,1,2.26815274479717,1,0,"Standard",0,0,0,0,1,0.535714285714286,9044.93333333333,0,22872
"STU002326",2016,"Male","Hispanic",0,1,0,1,0,2.51145116187269,0,1,"Standard",1,0,0,1,1,0.142857142857143,8569.25,0,27993
"STU002327",2016,"Female","Hispanic",0,0,0,0,1,2.13900152033403,1,1,"NonCompletion",0,0,0,0,1,0.535714285714286,10194.4,0,27548
"STU002328",2016,"Male","White",0,0,0,1,0,NA,0,0,"Standard",0,0,0,0,1,0.571428571428571,9479.5625,0,20845
"STU002329",2016,"Male","Hispanic",0,0,0,0,1,2.16541355085152,1,0,"Standard",0,0,0,0,1,0.785714285714286,7811.77272727273,0,6431
"STU002330",2016,"Female","Hispanic",0,1,0,1,0,2.87338215009481,0,0,"Standard",1,0,1,0,1,0.142857142857143,15655.5,0,0
"STU002331",2016,"Male","White",1,1,0,0,0,2.53463155644635,0,0,"Standard",0,0,0,0,1,0.392857142857143,13849.7272727273,0,24048
"STU002332",2016,"Female","Hispanic",1,0,0,0,1,2.0469559569169,1,0,"Standard",0,0,0,0,1,0.75,9763.38095238095,0,32373
"STU002333",2016,"Male","White",1,0,0,0,0,3.07540416196223,0,1,"Standard",1,0,1,1,1,0.107142857142857,16077.6666666667,0,35832
"STU002334",2016,"Male","White",0,1,0,0,0,2.442549064551,0,1,"Standard",1,0,1,1,1,0.321428571428571,12714.1111111111,0,0
"STU002335",2016,"Female","MultiRacial",0,1,0,0,0,2.69810005996263,0,0,"Standard",0,0,0,0,1,0.321428571428571,16979.6666666667,0,0
"STU002336",2016,"Female","Hispanic",0,0,0,0,0,2.94817129618593,0,0,"Standard",0,0,0,0,1,0.285714285714286,7894.375,0,9799
"STU002337",2016,"Female","White",0,1,0,0,1,2.90743999351101,1,0,"Standard",1,1,1,0,1,0.392857142857143,15183.8181818182,0,43755
"STU002338",2016,"Male","White",0,0,0,0,0,3.23852316832733,0,0,"Standard",1,0,0,1,1,0.571428571428571,12586.75,1,83849
"STU002339",2016,"Female","White",0,1,1,0,0,2.78321425853398,0,0,"Standard",0,0,0,0,1,0.428571428571429,12144.6666666667,0,47018
"STU002340",2016,"Male","White",0,0,0,0,0,2.92811561836014,0,0,"Standard",0,0,0,0,1,0.571428571428571,13834.5625,0,29950
"STU002341",2016,"Female","Other",0,1,0,0,1,2.53555994433467,1,1,"Standard",1,0,1,0,1,0.464285714285714,16557.6153846154,1,70674
"STU002342",2016,"Female","Hispanic",0,0,0,0,0,2.41543261551509,0,0,"Standard",0,0,0,0,1,0.607142857142857,9785.23529411765,1,39491
"STU002343",2016,"Female","White",1,0,0,0,0,2.72204856778856,0,1,"Standard",1,0,1,0,1,0.642857142857143,10956.6111111111,0,22347
"STU002344",2016,"Female","White",0,0,0,1,0,2.80080653701359,0,1,"Standard",1,0,1,0,1,0.357142857142857,17435.9,1,63920
"STU002345",2016,"Male","White",0,0,0,1,0,1.73267903737883,0,0,"NonCompletion",0,0,0,0,1,0.607142857142857,14773.4705882353,0,45128
"STU002346",2016,"Female","Black",0,0,0,0,1,2.33546224037169,1,0,"Standard",0,0,0,0,1,0.642857142857143,12138,1,61006
"STU002347",2016,"Male","Asian",0,1,0,0,1,2.66601468346915,1,0,"Standard",0,0,0,0,1,0.464285714285714,15953.8461538462,0,48109
"STU002348",2016,"Male","White",1,0,0,0,1,2.81304923071764,1,0,"Standard",0,0,0,0,1,0.75,10602.7142857143,1,50699
"STU002349",2016,"Male","Hispanic",0,0,1,0,1,2.67807681433417,1,1,"Standard",1,0,1,0,1,0.607142857142857,12911.0588235294,0,43661
"STU002350",2016,"Female","Hispanic",0,1,0,0,0,NA,0,0,"NonCompletion",0,0,0,0,1,0.75,14554.2380952381,0,49840
"STU002351",2016,"Male","Hispanic",0,0,0,0,1,2.08936700156339,1,0,"Standard",0,0,0,0,1,0.535714285714286,9101.53333333333,0,12208
"STU002352",2016,"Male","White",0,0,0,1,0,1.60713560678062,0,0,"NonCompletion",0,0,0,0,1,0.178571428571429,9944,0,30688
"STU002353",2016,"NonBinary_Other","White",0,0,1,0,1,2.27051371065211,1,0,"NonCompletion",0,0,0,0,1,0.535714285714286,13901.2666666667,0,12354
"STU002354",2016,"Female","White",0,0,0,0,1,2.83716670158683,1,0,"Standard",1,0,0,1,1,0.714285714285714,9375.05,0,29003
"STU002355",2016,"Male","White",0,1,0,0,0,2.89314172775357,0,1,"Standard",1,0,1,0,1,0.5,8621.35714285714,0,14023
"STU002356",2016,"Female","White",0,1,0,0,0,1.92361191067186,0,0,"Standard",0,0,0,0,1,0.607142857142857,12172.4117647059,0,22929
"STU002357",2016,"Female","White",0,0,0,0,0,2.50202948106302,0,0,"Standard",0,0,0,0,0,0,NA,0,0
"STU002358",2016,"Male","White",0,0,0,0,0,2.76061256258078,0,0,"Standard",0,0,0,0,1,0.107142857142857,4439.33333333333,0,2847
"STU002359",2016,"Female","MultiRacial",1,0,0,0,0,3.66769505381717,0,0,"Advanced",1,0,0,1,1,0.714285714285714,17254.35,0,69991
"STU002360",2016,"Male","White",1,0,0,0,1,2.85139684535974,1,0,"Standard",0,0,0,0,1,0.607142857142857,15176.5882352941,0,0
"STU002361",2016,"Female","Black",0,0,0,0,1,2.36860889736808,1,0,"Standard",0,0,0,0,1,0.892857142857143,12643.92,1,47491
"STU002362",2016,"Female","Hispanic",0,1,0,0,1,1.83132558813016,1,0,"Standard",0,0,0,0,1,0.428571428571429,10446.0833333333,0,0
"STU002363",2016,"Male","White",0,0,1,0,0,2.26004550563584,0,0,"Standard",0,0,0,0,1,0.571428571428571,11878.9375,0,10666
"STU002364",2016,"Male","Hispanic",0,0,1,0,0,2.87146959388621,0,1,"Standard",1,0,1,1,1,0.107142857142857,13389,0,40167
"STU002365",2016,"Female","White",0,0,0,0,1,2.19006033742805,1,0,"Standard",0,0,0,0,1,0.464285714285714,11429.8461538462,1,48914
"STU002366",2016,"Female","White",0,0,0,0,1,1.37365794892835,1,0,"Standard",0,0,0,0,1,0.571428571428571,7859.9375,1,38974
"STU002367",2016,"Female","White",1,0,0,0,0,2.23131615268577,0,0,"Standard",1,1,0,0,1,0.357142857142857,18571.9,1,96060
"STU002368",2016,"Male","Hispanic",0,0,0,0,0,3.09606512326052,0,0,"Standard",1,0,0,1,1,0.285714285714286,13894.75,0,0
"STU002369",2016,"Male","White",0,0,0,0,0,2.02857641582304,0,0,"Standard",0,0,0,0,1,0.5,10212.5,0,25278
"STU002370",2016,"Female","White",0,0,0,0,0,2.81637742647523,0,0,"Standard",0,0,0,0,1,0.321428571428571,17271.6666666667,0,21041
"STU002371",2016,"Female","Asian",1,0,0,0,0,2.36633017540367,0,0,"Standard",0,0,0,0,1,0.642857142857143,10451.9444444444,0,41796
"STU002372",2016,"Female","Asian",0,0,1,0,0,2.25984960006993,0,0,"Standard",0,0,0,0,1,0.214285714285714,10890.6666666667,0,19212
"STU002373",2016,"Male","MultiRacial",0,0,1,1,1,2.17237245167137,1,0,"Standard",0,0,0,0,1,0.892857142857143,14892.72,1,76623
"STU002374",2016,"Male","White",0,1,0,0,0,2.41507607750441,0,0,"Standard",0,0,0,0,1,0.25,12674.5714285714,0,24668
"STU002375",2016,"Female","Hispanic",1,1,0,0,1,1.87652626596138,1,0,"NonCompletion",0,0,0,0,1,0.571428571428571,12958.875,1,59046
"STU002376",2016,"Female","Asian",0,0,0,0,0,2.36285656396969,0,0,"Standard",1,0,1,1,1,0.357142857142857,15561.1,0,56791
"STU002377",2016,"Male","Black",0,0,0,0,1,3.23233532850916,1,0,"Standard",0,0,0,0,1,0.285714285714286,9687.75,0,20655
"STU002378",2016,"Male","Other",0,0,0,0,0,3.62508569648429,0,1,"Advanced",1,0,0,1,1,0.571428571428571,18567.25,0,0
"STU002379",2016,"Female","White",0,0,0,1,0,2.96067715825762,0,1,"Standard",1,1,1,0,1,0.821428571428571,15449.3913043478,0,47621
"STU002380",2016,"Female","AmericanIndian",0,1,0,0,0,3.01856553088658,0,0,"Standard",0,0,0,0,1,0.25,14948.5714285714,0,54264
"STU002381",2016,"Male","White",1,0,0,0,0,2.38911929315354,0,0,"NonCompletion",0,0,0,0,1,0.5,10178.5714285714,1,41135
"STU002382",2016,"Male","White",1,1,0,0,1,1.98664095835452,1,1,"Standard",0,0,0,0,1,0.642857142857143,8636.94444444445,0,9978
"STU002383",2016,"Female","White",1,1,0,0,0,2.2880780178437,0,0,"Standard",0,0,0,0,1,0.607142857142857,11798.8823529412,0,22083
"STU002384",2016,"Male","White",0,0,0,0,0,3.01162551985997,0,0,"Standard",0,0,0,0,1,0.285714285714286,9777.75,0,17530
"STU002385",2016,"Male","Black",0,1,0,0,1,2.51939970098077,1,1,"Standard",0,0,0,0,1,0.642857142857143,11381.9444444444,0,32443
"STU002386",2016,"Male","White",0,0,0,0,1,2.3362170704584,1,0,"Standard",0,0,0,0,1,0.678571428571429,8126.73684210526,0,38227
"STU002387",2016,"Male","Hispanic",1,0,0,0,0,2.06903231204012,0,1,"Standard",1,0,0,1,1,0.607142857142857,14644.3529411765,0,72326
"STU002388",2016,"Male","White",0,0,1,1,0,2.09950889771419,0,1,"Standard",0,0,0,0,1,0.75,8042.85714285714,0,35401
"STU002389",2016,"Female","White",0,1,0,0,0,2.09008839258386,0,1,"Standard",0,0,0,0,0,0,NA,0,0
"STU002390",2016,"Female","White",1,1,0,0,0,2.57873656258924,0,0,"Standard",0,0,0,0,1,0.464285714285714,10391.8461538462,0,17344
"STU002391",2016,"Female","Hispanic",0,0,0,0,1,1.71709241865208,1,0,"NonCompletion",0,0,0,0,1,0.464285714285714,8775,0,29449
"STU002392",2016,"Female","White",0,0,0,0,1,2.04296394667953,1,0,"Standard",0,0,0,0,1,0.785714285714286,10846.8181818182,1,47735
"STU002393",2016,"Female","White",0,0,0,0,1,3.71261934107306,1,0,"Advanced",1,0,0,1,0,0,NA,0,0
"STU002394",2016,"Male","White",0,0,0,1,0,2.31776935120339,0,1,"Standard",0,0,0,0,1,0.535714285714286,9821.86666666667,0,26852
"STU002395",2016,"NonBinary_Other","White",0,0,0,0,1,1.73699539405115,1,0,"NonCompletion",0,0,0,0,1,0.607142857142857,9776.23529411765,1,37985
"STU002396",2016,"Female","White",0,1,0,0,0,3.33824759102462,0,0,"Standard",0,0,0,0,1,0.107142857142857,21240,0,63720
"STU002397",2016,"Male","White",0,0,0,0,0,2.22302227171639,0,1,"NonCompletion",0,0,0,0,1,0.642857142857143,14170.6666666667,0,17052
"STU002398",2016,"Female","AmericanIndian",1,1,0,0,1,2.48155838448756,1,0,"Standard",0,0,0,0,1,0.642857142857143,10020.3888888889,1,42135
"STU002399",2016,"Male","Other",0,1,1,0,1,2.63049653794707,1,0,"Standard",0,0,0,0,1,0.678571428571429,10301.2105263158,1,45994
"STU002400",2016,"Male","White",0,0,0,0,0,2.59738913997665,0,0,"Standard",0,0,0,0,0,0,NA,0,0
"STU002401",2016,"Male","White",0,0,0,0,0,2.39165301725357,0,0,"Standard",0,0,0,0,1,0.642857142857143,13395.4444444444,1,70209
"STU002402",2016,"Male","White",0,0,0,0,0,NA,0,0,"Standard",0,0,0,0,1,0.607142857142857,9359.58823529412,0,36251
"STU002403",2016,"Female","Hispanic",0,0,1,0,1,1.73137848451145,1,0,"NonCompletion",0,0,0,0,1,0.642857142857143,9689.38888888889,0,36929
"STU002404",2016,"Female","White",1,1,0,1,1,2.28520740569185,1,0,"Standard",0,0,0,0,1,0.535714285714286,10425.0666666667,1,47767
"STU002405",2016,"Male","White",1,0,0,0,0,3.44069566941378,0,0,"Standard",0,0,0,0,1,0.464285714285714,14364.8461538462,1,66854
"STU002406",2016,"Male","AmericanIndian",1,0,0,0,0,2.88961368257207,0,0,"Standard",0,0,0,0,1,0.571428571428571,7525,0,20831
"STU002407",2016,"Female","Hispanic",0,1,0,0,1,2.21317892632544,1,0,"Standard",0,0,0,0,1,0.571428571428571,9220.4375,0,10935
"STU002408",2016,"Male","Asian",0,0,0,0,1,2.36239528168369,1,0,"Standard",0,0,0,0,1,0.678571428571429,9339.94736842105,1,40622
"STU002409",2016,"Female","Hispanic",0,0,0,0,0,4,0,0,"Advanced",1,0,0,1,1,0.607142857142857,17736.9411764706,1,85804
"STU002410",2016,"Male","Black",1,1,0,0,1,2.18382467910557,1,0,"Standard",0,0,0,0,1,0.214285714285714,12489.6666666667,0,26641
"STU002411",2016,"Male","Asian",0,0,0,0,0,2.30962540114253,0,0,"Standard",0,0,0,0,1,0.785714285714286,11370.6363636364,0,34138
"STU002412",2016,"Female","Hispanic",0,0,0,0,1,2.08466244843695,1,0,"Standard",0,0,0,0,0,0,NA,0,0
"STU002413",2016,"Female","Hispanic",0,0,0,0,0,3.36313143022407,0,0,"Standard",1,0,0,1,1,0.714285714285714,14316.05,1,74508
"STU002414",2016,"Female","Black",0,0,0,0,0,3.29159282569183,0,0,"Standard",1,0,0,1,1,0.642857142857143,16288.0555555556,1,83250
"STU002415",2016,"Male","Black",0,0,1,0,1,1.93251824074746,1,0,"Standard",0,0,0,0,1,0.5,8812.07142857143,0,23653
"STU002416",2016,"Male","Black",0,0,0,0,1,1.53599510438857,1,1,"Standard",0,0,0,0,1,0.571428571428571,10955.125,0,43232
"STU002417",2016,"Male","MultiRacial",1,1,0,0,0,2.7016214555346,0,1,"Standard",0,0,0,0,1,0.0714285714285714,14550,0,29100
"STU002418",2016,"Female","MultiRacial",0,1,0,0,1,3.10002966792471,1,0,"Standard",1,0,1,1,1,0.678571428571429,15018.3157894737,0,68785
"STU002419",2016,"Male","Hispanic",0,0,0,1,1,2.27744747069927,1,0,"Standard",0,0,0,0,1,0.535714285714286,12210.5333333333,0,40647
"STU002420",2016,"Male","Hispanic",1,1,0,0,1,2.46598565174536,1,0,"Standard",0,0,0,0,1,0.678571428571429,10837.9473684211,0,20650
"STU002421",2016,"Female","Hispanic",0,0,1,0,1,2.05005259056657,1,0,"NonCompletion",0,0,0,0,0,0,NA,0,0
"STU002422",2016,"Female","White",1,1,0,0,0,2.14657767600099,0,0,"Standard",0,0,0,0,0,0,NA,0,0
"STU002423",2016,"Male","Hispanic",0,0,0,0,1,2.59366299983907,1,0,"Standard",0,0,0,0,1,0.464285714285714,19456,0,31948
"STU002424",2016,"Female","White",0,0,0,0,1,2.54326148981533,1,0,"Standard",1,0,1,0,1,0.285714285714286,11726.75,0,0
"STU002425",2016,"Female","White",0,0,0,0,0,3.2409020306625,0,0,"Standard",1,0,0,1,1,0.214285714285714,18163.1666666667,0,26915
"STU002426",2016,"Female","Other",0,1,0,0,1,1.87507252976309,1,0,"NonCompletion",0,0,0,0,1,0.357142857142857,14853.3,0,33553
"STU002427",2016,"Male","White",0,0,0,0,1,2.52495629977742,1,0,"Standard",0,0,0,0,1,0.321428571428571,12167.7777777778,0,43705
"STU002428",2016,"Male","White",1,0,0,0,0,2.55633445510798,0,0,"Standard",1,0,1,1,1,0.607142857142857,10310.6470588235,0,26664
"STU002429",2016,"Male","White",0,1,0,0,1,2.57199772003936,1,0,"Standard",0,0,0,0,1,0.571428571428571,9275.75,0,0
"STU002430",2016,"Male","White",0,0,0,0,0,3.46867597288197,0,0,"Standard",1,0,0,1,1,0.464285714285714,12038,1,59691
"STU002431",2016,"Female","White",1,1,0,0,0,3.13930859017095,0,0,"Standard",1,1,0,0,1,0.678571428571429,18896,0,21912
"STU002432",2016,"Male","White",0,1,0,0,0,3.15334720421728,0,0,"Standard",1,1,1,0,1,0.642857142857143,14389.7777777778,1,65263
"STU002433",2016,"Female","Black",0,0,0,1,1,2.57372340491494,1,0,"Standard",1,1,0,0,1,0.214285714285714,21997.1666666667,0,0
"STU002434",2016,"NonBinary_Other","Hispanic",0,1,0,0,0,2.2900708910358,0,0,"Standard",0,0,0,0,1,0.214285714285714,14932.5,0,43212
"STU002435",2016,"Male","Black",0,0,0,0,1,2.54489693743537,1,0,"Standard",0,0,0,0,1,0.785714285714286,11035.6818181818,0,40608
"STU002436",2016,"Female","Hispanic",0,0,0,1,0,2.66015770862424,0,0,"Standard",0,0,0,0,1,0.464285714285714,10792.2307692308,0,51672
"STU002437",2016,"Male","White",0,0,0,0,1,2.73415834214362,1,0,"Standard",1,0,0,1,1,0.5,12034.2857142857,0,0
"STU002438",2016,"Male","Other",0,1,0,0,1,2.98874243746464,1,0,"Standard",0,0,0,0,1,0.464285714285714,11940.0769230769,0,24677
"STU002439",2016,"Female","Asian",0,1,1,0,1,NA,1,0,"NonCompletion",0,0,0,0,1,0.428571428571429,11727.5,0,7047
"STU002440",2016,"Female","Hispanic",0,0,0,0,1,2.14849476041301,1,0,"Standard",1,0,1,0,1,0.607142857142857,12800.2352941176,0,55406
"STU002441",2016,"Male","Asian",0,1,0,0,1,2.58480858310463,1,0,"Standard",0,0,0,0,1,0.428571428571429,11062.4166666667,0,14063
"STU002442",2016,"Female","White",0,0,0,0,1,2.51814220136114,1,0,"Standard",0,0,0,0,1,0.642857142857143,9750.27777777778,0,24211
"STU002443",2016,"Female","White",0,1,0,0,0,3.45711965770133,0,1,"Standard",0,0,0,0,1,0.428571428571429,18400,1,81351
"STU002444",2016,"Male","White",0,1,0,1,1,2.73428281504219,1,0,"Standard",1,0,1,0,1,0.178571428571429,14743.8,0,27039
"STU002445",2016,"Male","White",1,1,0,1,1,2.65757963628911,1,0,"Standard",1,0,0,1,0,0,NA,0,0
"STU002446",2016,"Female","Hispanic",1,0,0,0,1,2.16191406928039,1,0,"Standard",0,0,0,0,1,0.392857142857143,13080.9090909091,0,41472
"STU002447",2016,"Female","White",0,0,0,0,0,2.65680214359094,0,0,"Standard",0,0,0,0,1,0.642857142857143,10056.3333333333,1,58638
"STU002448",2016,"Male","AmericanIndian",0,0,0,0,0,2.48393842088064,0,0,"Standard",0,0,0,0,1,0.5,9220.5,0,16509
"STU002449",2016,"Male","Black",0,0,0,0,1,1.99981372739352,1,1,"Standard",0,0,0,0,1,0.357142857142857,13496.8,0,34159
"STU002450",2016,"Male","AmericanIndian",0,1,0,0,0,1.9665435005436,0,0,"NonCompletion",0,0,0,0,1,0.571428571428571,15736.5625,0,16490
"STU002451",2016,"Female","White",1,0,0,0,1,2.98222325175917,1,0,"Standard",0,0,0,0,1,0.714285714285714,9974.1,0,13151
"STU002452",2016,"Male","Hispanic",0,0,1,0,1,2.75847249822849,1,0,"Standard",0,0,0,0,0,0,NA,0,0
"STU002453",2016,"Male","Asian",0,1,0,0,1,2.79332770110639,1,1,"Standard",1,0,1,0,1,0.321428571428571,16727.2222222222,0,51220
"STU002454",2016,"Female","White",0,0,0,0,1,1.97360574470645,1,0,"Standard",0,0,0,0,1,0.785714285714286,11267.1363636364,1,45633
"STU002455",2016,"Male","MultiRacial",0,1,0,0,1,3.17154085810342,1,1,"Standard",0,0,0,0,1,0.464285714285714,8929.38461538462,0,15457
"STU002456",2016,"Male","White",0,1,0,0,1,3.11481449597141,1,0,"Standard",0,0,0,0,0,0,NA,0,0
"STU002457",2016,"Male","Hispanic",1,1,0,0,1,2.51558555606656,1,0,"NonCompletion",0,0,0,0,0,0,NA,0,0
"STU002458",2016,"Female","White",0,1,0,0,0,2.47247007879422,0,1,"Standard",1,1,0,0,1,0.178571428571429,21841,0,11608
"STU002459",2016,"Female","White",0,1,0,0,0,3.13121777526163,0,0,"Standard",0,0,0,0,1,0.571428571428571,9990.625,0,33512
"STU002460",2016,"Male","Asian",1,1,0,1,0,2.76464835051085,0,0,"Standard",0,0,0,0,1,0.25,11726.5714285714,0,14296
"STU002461",2016,"Male","Other",0,1,0,0,0,3.00014229792127,0,0,"Standard",1,1,0,0,1,0.5,12168.5,0,32795
"STU002462",2016,"Male","Hispanic",0,0,0,0,1,2.48501875196839,1,0,"Standard",0,0,0,0,1,0.75,8344.04761904762,0,16630
"STU002463",2016,"Female","Hispanic",0,0,0,0,1,2.33932447061514,1,0,"Standard",1,0,1,0,1,0.0714285714285714,16567.5,0,12559
"STU002464",2016,"Female","Asian",0,1,1,0,1,2.51480606283092,1,0,"Standard",0,0,0,0,1,0.535714285714286,9294.26666666667,0,25443
"STU002465",2016,"Male","Hispanic",1,0,1,1,1,1.70277816786169,1,0,"NonCompletion",0,0,0,0,1,0.214285714285714,8309.16666666667,0,19990
"STU002466",2016,"Male","White",1,1,0,0,0,2.61188657407453,0,0,"Standard",0,0,0,0,1,0.535714285714286,9538.2,0,0
"STU002467",2016,"Male","MultiRacial",0,0,0,0,1,2.18699568997681,1,0,"Standard",0,0,0,0,1,0.571428571428571,10807.125,0,29419
"STU002468",2016,"Male","White",0,0,0,1,0,2.68906660294132,0,0,"Standard",0,0,0,0,1,0.5,8938.42857142857,0,20234
"STU002469",2016,"Male","Other",0,0,0,0,0,2.8016987989307,0,0,"Standard",1,0,0,1,1,0.464285714285714,16361.6153846154,0,86133
"STU002470",2016,"Male","Asian",1,0,0,0,0,3.73430985690152,0,0,"Advanced",0,0,0,0,1,0.464285714285714,13493.0769230769,1,58859
"STU002471",2016,"Female","Hispanic",1,1,0,0,1,2.63424843164528,1,0,"Standard",0,0,0,0,0,0,NA,0,0
"STU002472",2016,"Female","White",0,0,0,0,0,1.85822062069686,0,0,"NonCompletion",0,0,0,0,1,0.75,14449.5714285714,0,47709
"STU002473",2016,"Male","Asian",0,0,0,0,1,3.16893853648141,1,0,"Standard",1,0,0,1,1,0.285714285714286,8430,0,9810
"STU002474",2016,"Male","Asian",0,0,1,0,0,2.18490989819032,0,0,"Standard",0,0,0,0,1,0.214285714285714,8018.33333333333,0,13032
"STU002475",2016,"Male","Hispanic",1,1,0,0,1,3.06345090369176,1,1,"Standard",1,0,0,1,1,0.464285714285714,8669,0,0
"STU002476",2016,"Female","Hispanic",0,0,0,1,0,2.84685575018205,0,0,"Standard",0,0,0,0,1,0.142857142857143,8728,0,8712
"STU002477",2016,"Female","Other",0,0,0,0,0,2.87034577824627,0,1,"Standard",1,0,1,0,1,0.714285714285714,17838.95,0,0
"STU002478",2016,"Male","Black",0,1,0,0,0,2.17576002100395,0,0,"Standard",0,0,0,0,1,0.321428571428571,15678.3333333333,0,44779
"STU002479",2016,"Female","Hispanic",0,1,0,0,1,1.87041636371605,1,0,"Standard",0,0,0,0,1,0.642857142857143,12119.8333333333,1,53258
"STU002480",2016,"Male","White",0,0,0,0,0,2.45984240832985,0,0,"Standard",0,0,0,0,1,0.607142857142857,13125,0,44765
"STU002481",2016,"Male","Asian",0,0,0,0,0,4,0,1,"Advanced",0,0,0,0,1,0.0714285714285714,16170.5,0,16752
"STU002482",2016,"Female","Hispanic",0,1,0,0,0,2.44527910217629,0,1,"Standard",1,0,1,0,1,0.214285714285714,12859,0,20662
"STU002483",2016,"Male","White",0,0,0,0,0,2.55821133135632,0,0,"Standard",0,0,0,0,1,0.714285714285714,9213.35,0,30577
"STU002484",2016,"Female","White",0,1,0,0,0,2.65919334639227,0,0,"Standard",0,0,0,0,1,0.428571428571429,8964.83333333333,0,0
"STU002485",2016,"Female","White",0,0,0,0,0,3.3980677108757,0,1,"Standard",1,1,0,0,1,0.5,17188.1428571429,0,34184
"STU002486",2016,"Male","White",0,1,0,0,0,1.6180243287004,0,0,"Standard",0,0,0,0,1,0.607142857142857,7290.17647058824,0,14244
"STU002487",2016,"Female","AmericanIndian",1,1,0,0,1,1.96603495318182,1,0,"Standard",0,0,0,0,1,0.607142857142857,8501.64705882353,0,16801
"STU002488",2016,"Male","Hispanic",0,1,0,0,1,3.01226390080816,1,0,"Standard",1,1,1,0,1,0.571428571428571,19621.4375,1,92664
"STU002489",2016,"Male","White",0,1,0,0,0,2.6505179964712,0,0,"Standard",0,0,0,0,1,0.785714285714286,11508.7272727273,0,38419
"STU002490",2016,"Female","White",0,0,0,0,1,2.21161205422983,1,0,"Standard",0,0,0,0,1,0.607142857142857,10673.4705882353,0,34856
"STU002491",2016,"Female","Black",0,0,0,1,0,2.36481519430046,0,0,"Standard",0,0,0,0,1,0.464285714285714,9503.15384615385,0,38192
"STU002492",2016,"Female","White",0,1,0,0,0,3.05383894102141,0,0,"Standard",1,0,1,0,1,0.535714285714286,16687.1333333333,1,77128
"STU002493",2016,"Male","Hispanic",0,0,0,0,1,2.33531777614095,1,0,"Standard",0,0,0,0,1,0.321428571428571,9519.44444444445,0,47209
"STU002494",2016,"Female","Asian",0,0,1,0,0,4,0,0,"Advanced",1,0,0,1,1,0.821428571428571,17746.5652173913,1,77254
"STU002495",2016,"Male","Hispanic",0,1,1,0,1,2.90035371972984,1,0,"Standard",0,0,0,0,1,0.392857142857143,15686.4545454545,0,53669
"STU002496",2016,"Male","MultiRacial",1,1,1,0,1,3.21750973035626,1,0,"Standard",1,0,0,1,1,0.5,10668.7857142857,1,66474
"STU002497",2016,"Female","White",0,0,0,0,1,2.97014952498177,1,0,"Standard",1,1,0,0,1,0.392857142857143,12963.0909090909,0,0
"STU002498",2016,"Female","White",0,0,0,1,0,3.48071747924566,0,0,"Standard",0,0,0,0,1,0.464285714285714,10046.5384615385,1,55761
"STU002499",2016,"Female","White",0,0,0,0,0,2.13856041786193,0,0,"Standard",0,0,0,0,1,0.785714285714286,9667.81818181818,0,8977
"STU002500",2016,"Male","White",0,0,0,0,0,3.61388927508776,0,0,"Advanced",0,0,0,0,1,0.571428571428571,13899.625,0,38330
"STU002501",2016,"Female","MultiRacial",0,1,0,0,1,2.66912781478384,1,0,"Standard",0,0,0,0,1,0.714285714285714,11091.8,0,35826
"STU002502",2016,"Female","Hispanic",1,1,0,0,0,2.17090077449053,0,0,"Standard",0,0,0,0,1,0.571428571428571,8823.8125,0,11296
"STU002503",2016,"Male","White",0,0,0,0,0,3.44003194687888,0,1,"Standard",0,0,0,0,1,0.571428571428571,18993.3125,0,69713
"STU002504",2016,"Female","White",1,0,0,0,0,2.55713600082466,0,0,"Standard",1,0,1,1,1,0.892857142857143,11900.72,0,57749
"STU002505",2016,"Female","White",0,0,0,0,0,3.34479931774222,0,0,"Standard",1,0,0,1,1,0.678571428571429,10637,0,0
"STU002506",2016,"Male","White",0,0,0,0,0,1.94026231481774,0,0,"Standard",0,0,0,0,1,0.678571428571429,12432.2631578947,0,49042
"STU002507",2016,"Female","White",0,1,0,0,0,2.68611894576594,0,0,"Standard",1,1,0,0,1,0.607142857142857,15780.1176470588,0,42283
"STU002508",2016,"Male","White",1,0,0,0,0,2.90796411414949,0,0,"Standard",1,0,1,0,1,0.0714285714285714,24321.5,0,48643
"STU002509",2016,"Female","MultiRacial",0,1,0,1,0,2.78857147007012,0,0,"Standard",1,0,0,1,1,0.678571428571429,9490.73684210526,1,45550
"STU002510",2016,"Male","AmericanIndian",0,0,0,0,0,3.2838348712762,0,0,"Standard",0,0,0,0,0,0,NA,0,0
"STU002511",2016,"Male","Black",0,1,0,0,1,2.31985440941306,1,0,"Standard",0,0,0,0,1,0.857142857142857,10659.625,0,18482
"STU002512",2016,"Female","Hispanic",0,0,0,0,1,1.81429056625235,1,0,"NonCompletion",0,0,0,0,1,0.642857142857143,9333.55555555555,0,8304
"STU002513",2016,"Male","Hispanic",1,0,0,0,1,2.28482641047709,1,0,"Standard",1,0,1,0,1,0.535714285714286,8432,0,9837
"STU002514",2016,"Male","Asian",0,0,0,0,0,3.6584504597652,0,0,"Advanced",1,0,1,0,1,0.142857142857143,12680.25,0,31730
"STU002515",2016,"Male","White",1,1,1,1,0,3.48018818405558,0,0,"Standard",1,0,0,1,1,0.107142857142857,22883.3333333333,0,68650
"STU002516",2016,"Female","Black",0,1,0,0,0,2.48118451630442,0,0,"Standard",0,0,0,0,1,0.607142857142857,9374.76470588235,0,11347
"STU002517",2016,"NonBinary_Other","Hispanic",0,1,0,1,0,3.19526840286722,0,1,"Standard",1,0,0,1,0,0,NA,0,0
"STU002518",2016,"Female","White",1,0,0,0,1,2.49575887819017,1,0,"Standard",0,0,0,0,1,0.75,8376.2380952381,0,16464
"STU002519",2016,"Female","Other",0,0,0,0,0,2.46323716650978,0,0,"NonCompletion",0,0,0,0,1,0.571428571428571,11686.8125,0,50434
"STU002520",2016,"Male","Hispanic",0,1,1,0,0,2.99890430629721,0,0,"Standard",0,0,0,0,1,0.857142857142857,9039.75,0,20979
"STU002521",2016,"Female","White",1,0,0,0,1,3.07514326011973,1,0,"Standard",0,0,0,0,1,0.464285714285714,10853.7692307692,0,0
"STU002522",2016,"Male","White",1,0,0,0,1,2.11960824524311,1,0,"Standard",0,0,0,0,1,0.642857142857143,9955,0,20774
"STU002523",2016,"Female","White",1,0,1,1,0,2.09176874129515,0,0,"Standard",0,0,0,0,1,0.785714285714286,9809.31818181818,0,28944
"STU002524",2016,"Male","White",0,0,0,0,0,2.4485783959123,0,0,"Standard",0,0,0,0,0,0,NA,0,0
"STU002525",2016,"Male","White",0,1,0,0,0,2.85136313720427,0,0,"Standard",1,0,0,1,1,0.428571428571429,10091.8333333333,0,42270
"STU002526",2016,"Female","Hispanic",0,0,0,0,0,1.82756244327259,0,0,"NonCompletion",0,0,0,0,1,0.785714285714286,12506.7727272727,1,50040
"STU002527",2016,"Female","Asian",0,0,0,0,0,3.39874694927318,0,1,"Standard",0,0,0,0,1,0.107142857142857,17299.3333333333,0,51898
"STU002528",2016,"Female","Asian",0,1,0,1,1,2.64045750211883,1,0,"Standard",1,1,1,0,1,0.678571428571429,15184,0,57920
"STU002529",2016,"Male","White",0,0,1,0,0,2.36972966396485,0,0,"Standard",0,0,0,0,1,0.678571428571429,12493.8421052632,0,12234
"STU002530",2016,"Female","Hispanic",0,1,0,0,0,2.32096896316378,0,1,"Standard",1,0,1,0,1,0.357142857142857,8372.9,0,8594
"STU002531",2016,"Male","White",0,1,1,0,1,2.69792420688583,1,0,"Standard",1,0,0,1,0,0,NA,0,0
"STU002532",2016,"Female","White",0,0,1,0,0,2.6050429965599,0,0,"Standard",1,1,0,0,1,0.5,16671.7857142857,0,29815
"STU002533",2016,"Female","Hispanic",1,0,0,0,0,2.67552572597549,0,0,"Standard",0,0,0,0,1,0.285714285714286,11406.75,0,43926
"STU002534",2016,"Female","White",0,0,1,0,0,3.06916356157246,0,0,"Standard",1,0,0,1,1,0.678571428571429,11366.5263157895,0,36961
"STU002535",2016,"Female","Hispanic",0,1,0,0,1,NA,1,0,"NonCompletion",0,0,0,0,1,0.0714285714285714,14325,0,28650
"STU002536",2016,"Female","White",0,1,0,1,1,3.05308372194711,1,0,"Standard",1,0,0,1,1,0.25,21358,0,0
"STU002537",2016,"NonBinary_Other","Hispanic",1,1,0,0,1,2.77957239086776,1,0,"Standard",0,0,0,0,1,0.464285714285714,12638.7692307692,1,59037
"STU002538",2016,"Male","MultiRacial",0,0,0,1,0,2.58037873337582,0,0,"Standard",1,0,1,0,1,0.428571428571429,7701.25,0,11969
"STU002539",2016,"Female","Black",0,0,0,0,1,2.31732025029812,1,0,"Standard",0,0,0,0,1,0.535714285714286,9246,0,28745
"STU002540",2016,"Female","White",0,1,0,0,0,3.47920663436753,0,1,"Standard",1,0,0,1,0,0,NA,0,0
"STU002541",2016,"Female","AmericanIndian",1,0,0,0,0,2.23297568275273,0,1,"Standard",0,0,0,0,1,0.642857142857143,14570.5555555556,1,79290
"STU002542",2016,"Female","MultiRacial",0,0,0,0,1,3.21567910472692,1,0,"Standard",1,0,0,1,1,0.285714285714286,9557.875,0,12105
"STU002543",2016,"Female","White",0,0,0,0,0,2.68376853348965,0,0,"Standard",0,0,0,0,1,0.607142857142857,7930.58823529412,0,21295
"STU002544",2016,"Female","White",1,1,0,0,0,2.05961052202239,0,1,"Standard",0,0,0,0,1,0.392857142857143,11020.1818181818,1,53207
"STU002545",2016,"Female","White",0,1,0,0,0,3.8827720733708,0,0,"Advanced",0,0,0,0,1,0.678571428571429,12690.2631578947,0,54467
"STU002546",2016,"Male","Hispanic",0,0,1,0,1,4,1,1,"Advanced",1,0,0,1,1,0.857142857142857,14538.125,0,74646
"STU002547",2016,"Female","Hispanic",0,0,0,0,0,2.29209779827326,0,0,"NonCompletion",0,0,0,0,1,0.5,9358.5,0,18967
"STU002548",2016,"Female","Hispanic",1,0,1,0,1,1.58314390984491,1,0,"NonCompletion",0,0,0,0,1,0.464285714285714,11197.6153846154,0,36085
"STU002549",2016,"Female","Hispanic",0,1,0,1,0,3.03909750375147,0,1,"Standard",1,0,0,1,1,0.464285714285714,8279.07692307692,0,0
"STU002550",2016,"Male","White",1,0,0,0,0,2.98970659338435,0,0,"Standard",0,0,0,0,1,0.821428571428571,9009.73913043478,0,20775
"STU002551",2016,"Female","White",0,1,0,0,0,2.66036918813169,0,0,"Standard",0,0,0,0,1,0.25,10454.8571428571,0,41524
"STU002552",2016,"Female","White",0,0,0,0,0,2.40153270138732,0,0,"NonCompletion",0,0,0,0,1,0.428571428571429,11787.5833333333,0,0
"STU002553",2016,"Male","White",0,0,0,0,0,NA,0,0,"Standard",1,0,0,1,1,0.535714285714286,11462.5333333333,0,46488
"STU002554",2016,"Male","White",0,0,0,0,0,2.55579303924123,0,0,"Standard",1,1,0,0,1,0.178571428571429,17916.2,0,28163
"STU002555",2016,"Female","White",0,0,0,1,0,3.12955980458554,0,0,"Standard",0,0,0,0,1,0.428571428571429,12162,0,0
"STU002556",2016,"Female","White",1,0,0,1,1,1.92064360682441,1,0,"Standard",0,0,0,0,0,0,NA,0,0
"STU002557",2016,"Male","White",0,0,0,0,0,2.48511028087308,0,0,"Standard",1,0,1,0,1,0.25,12438.8571428571,0,16794
"STU002558",2016,"Male","Hispanic",0,0,0,0,1,2.22608181041961,1,0,"Standard",1,0,1,0,1,0.392857142857143,16215.4545454545,0,60058
"STU002559",2016,"Female","White",0,0,0,0,1,2.46842968204803,1,0,"Standard",0,0,0,0,1,0.892857142857143,9990.4,1,42214
"STU002560",2016,"Male","Hispanic",1,0,0,0,0,2.53350270782317,0,0,"Standard",0,0,0,0,1,0.785714285714286,15196.9545454545,1,70448
"STU002561",2016,"Male","White",1,1,0,1,1,2.98314030345748,1,0,"Standard",0,0,0,0,1,0.464285714285714,11393,1,46478
"STU002562",2016,"Male","Asian",0,0,0,0,1,2.79128715666069,1,1,"Standard",1,0,1,1,1,0.571428571428571,8165.75,0,0
"STU002563",2016,"Female","White",1,0,0,0,0,2.37746089638535,0,0,"Standard",0,0,0,0,1,0.107142857142857,11682,0,0
"STU002564",2016,"Female","White",0,0,0,0,0,2.52762911002154,0,0,"Standard",1,1,1,0,1,0.642857142857143,13911.5555555556,1,57411
"STU002565",2016,"Female","Hispanic",1,0,0,0,0,2.71773751068418,0,0,"Standard",0,0,0,0,1,0.535714285714286,8229.86666666667,0,20040
"STU002566",2016,"Male","Asian",1,0,0,0,0,2.66940208147663,0,0,"Standard",0,0,0,0,1,0.821428571428571,11918.3913043478,0,27650
"STU002567",2016,"Male","Hispanic",1,0,0,0,1,2.60032828893902,1,0,"Standard",0,0,0,0,1,0.428571428571429,11885.6666666667,0,0
"STU002568",2016,"Female","White",0,0,0,0,1,3.01132736033088,1,0,"Standard",0,0,0,0,1,0.535714285714286,11239,0,0
"STU002569",2016,"Male","White",0,0,0,0,0,2.55836399871727,0,1,"Standard",0,0,0,0,1,0.642857142857143,11552.5555555556,0,13031
"STU002570",2016,"Male","MultiRacial",1,1,0,0,0,2.23845099117547,0,0,"Standard",0,0,0,0,1,0.571428571428571,10092.5,1,46193
"STU002571",2016,"Male","White",1,1,0,0,0,2.53049357372858,0,0,"Standard",0,0,0,0,1,0.75,14210.9523809524,1,64006
"STU002572",2016,"Male","White",1,1,0,0,0,2.0301661826714,0,0,"Standard",0,0,0,0,1,0.571428571428571,11494.0625,0,24411
"STU002573",2016,"Male","White",0,0,0,0,0,2.45194272688004,0,0,"Standard",0,0,0,0,0,0,NA,0,0
"STU002574",2016,"Female","Black",1,1,1,0,1,2.724607092953,1,0,"Standard",1,0,0,1,1,0.392857142857143,23292.9090909091,0,0
"STU002575",2016,"Female","Hispanic",0,1,0,0,1,2.20610755204988,1,1,"Standard",0,0,0,0,1,0.428571428571429,13147.5833333333,1,48939
"STU002576",2016,"Female","White",0,0,1,0,0,3.2362378708391,0,1,"Standard",1,0,1,0,1,0.607142857142857,12482,1,68804
"STU002577",2016,"Male","White",0,0,0,0,0,2.93722138565619,0,0,"Standard",1,1,1,0,1,0.0714285714285714,19990.5,0,39981
"STU002578",2016,"NonBinary_Other","White",0,1,0,1,0,4,0,0,"Advanced",1,0,0,1,1,0.357142857142857,12908,0,36780
"STU002579",2016,"Female","White",0,0,0,0,0,4,0,1,"Advanced",1,0,0,1,1,0.571428571428571,16266.875,0,43830
"STU002580",2016,"Male","White",0,0,0,0,1,2.22164806878655,1,0,"Standard",0,0,0,0,1,0.428571428571429,8008.83333333333,0,16988
"STU002581",2016,"Female","MultiRacial",0,1,0,0,0,2.58415519259424,0,0,"Standard",0,0,0,0,1,0.642857142857143,11356.3888888889,0,11067
"STU002582",2016,"Female","Hispanic",0,0,0,0,0,2.4885047696012,0,0,"Standard",1,1,1,0,1,0.392857142857143,13558.5454545455,0,23441
"STU002583",2016,"Female","Hispanic",0,0,0,0,0,1.80023445196238,0,0,"Standard",0,0,0,0,1,0.642857142857143,10184.3333333333,0,16445
"STU002584",2016,"Male","White",1,1,0,0,0,3.47125559432543,0,0,"Standard",1,0,1,0,0,0,NA,0,0
"STU002585",2016,"Female","White",0,1,0,1,0,3.5303870190232,0,0,"Advanced",1,0,0,1,1,0.75,13420.1428571429,1,89363
"STU002586",2016,"Female","White",0,0,0,0,0,2.80628156785546,0,0,"Standard",0,0,0,0,1,0.357142857142857,12450.4,0,0
"STU002587",2016,"Male","White",0,1,0,0,1,3.4273563222163,1,1,"Standard",1,0,1,1,1,0.142857142857143,21492.5,0,43478
"STU002588",2016,"Male","White",0,1,0,0,0,3.32024423415866,0,1,"Standard",1,0,0,1,1,0.0714285714285714,13721,0,27442
"STU002589",2016,"Male","Black",0,1,0,0,1,3.63307921196998,1,0,"Advanced",1,0,0,1,1,0.357142857142857,24714.3,0,24034
"STU002590",2016,"Male","Other",0,1,0,0,0,2.28065361486551,0,0,"Standard",1,0,1,0,1,0.678571428571429,10714.4736842105,1,77277
"STU002591",2016,"Male","White",1,0,0,0,0,2.93255799854578,0,0,"Standard",1,0,0,1,1,0.357142857142857,8158.9,1,24085
"STU002592",2016,"Female","Hispanic",1,0,0,0,1,2.93860262191362,1,0,"NonCompletion",0,0,0,0,1,0.75,10815.6666666667,1,51527
"STU002593",2016,"Female","White",0,1,0,0,0,3.47916131485942,0,1,"Standard",1,1,0,0,1,0.428571428571429,15564.5833333333,0,52606
"STU002594",2016,"Male","Hispanic",0,0,0,0,1,2.53419685798123,1,0,"Standard",0,0,0,0,1,0.642857142857143,11870.4444444444,0,44001
"STU002595",2016,"Male","White",0,0,0,0,0,2.83661535879571,0,0,"Standard",1,0,0,1,1,0.25,8357.85714285714,0,5768
"STU002596",2016,"Male","Asian",0,1,0,1,0,4,0,1,"Advanced",0,0,0,0,1,0.857142857142857,18148.875,1,71222
"STU002597",2016,"Female","White",0,1,0,0,0,3.80602419982211,0,0,"Advanced",1,0,0,1,1,0.535714285714286,17589.6,0,75466
"STU002598",2016,"Female","Hispanic",0,0,0,0,1,3.02986502497846,1,0,"Standard",0,0,0,0,1,0.321428571428571,12751.5555555556,0,26509
"STU002599",2016,"Female","Asian",0,0,0,0,0,3.11222712440644,0,1,"Standard",1,0,0,1,0,0,NA,0,0
"STU002600",2016,"Male","Asian",0,0,0,0,1,2.32241471016911,1,0,"Standard",1,1,0,0,1,0.25,22520.4285714286,1,96670
"STU002601",2016,"Female","White",0,1,0,0,1,3.63248310877589,1,0,"Advanced",0,0,0,0,1,0.678571428571429,15515.9473684211,0,33129
"STU002602",2016,"Female","White",0,0,0,0,0,2.65158415053948,0,0,"Standard",0,0,0,0,1,0.75,13368,0,40925
"STU002603",2016,"Female","Hispanic",0,0,1,0,1,2.43774474372189,1,0,"Standard",1,0,0,1,1,0.107142857142857,14302.3333333333,0,42907
"STU002604",2016,"Male","Hispanic",1,0,0,0,1,2.74950603380229,1,0,"Standard",0,0,0,0,1,0.714285714285714,12872.65,0,26896
"STU002605",2016,"Male","Black",0,0,0,0,1,2.60367595956361,1,0,"Standard",0,0,0,0,1,0.285714285714286,8592.75,0,0
"STU002606",2016,"Female","Hispanic",0,1,0,0,1,2.84069484565917,1,1,"Standard",0,0,0,0,1,0.535714285714286,13418.3333333333,1,53176
"STU002607",2016,"Female","Hispanic",0,0,0,0,0,2.67911670241636,0,1,"Standard",0,0,0,0,1,0.75,8689.57142857143,0,20319
"STU002608",2016,"Male","White",1,0,0,0,0,2.14758639724679,0,0,"Standard",1,0,1,0,1,0.5,11265.7857142857,0,29917
"STU002609",2016,"Male","White",0,0,0,0,1,3.11812171666656,1,0,"Standard",1,0,1,0,0,0,NA,0,0
"STU002610",2016,"Female","Hispanic",0,1,0,0,1,2.3940777060459,1,0,"Standard",0,0,0,0,1,0.285714285714286,10086.625,0,41381
"STU002611",2016,"Female","Asian",0,0,0,0,0,2.72035608092876,0,0,"Standard",0,0,0,0,1,0.821428571428571,9781.34782608696,0,33751
"STU002612",2016,"Male","Hispanic",0,1,0,0,1,2.76851098602841,1,1,"Standard",0,0,0,0,1,0.5,9605,0,0
"STU002613",2016,"Male","Asian",0,1,0,0,0,1.99086156249226,0,0,"Standard",0,0,0,0,1,0.571428571428571,12195.75,1,51319
"STU002614",2016,"Female","White",0,0,0,0,0,3.69041462905486,0,1,"Advanced",1,0,0,1,1,0.642857142857143,9489,0,35058
"STU002615",2016,"Male","White",0,0,0,1,0,3.21901424593924,0,0,"Standard",0,0,0,0,1,0.5,12077.1428571429,0,23790
"STU002616",2016,"Male","White",0,1,0,0,0,2.16678019794665,0,1,"Standard",0,0,0,0,1,0.392857142857143,10411.9090909091,0,20700
"STU002617",2016,"Male","Hispanic",0,1,0,0,1,2.70945897666739,1,0,"Standard",1,0,1,0,1,0.0357142857142857,15893,0,15893
"STU002618",2016,"Female","White",0,0,0,0,0,2.22786407968009,0,1,"Standard",0,0,0,0,1,0.642857142857143,9428.16666666667,0,18499
"STU002619",2016,"Male","White",1,1,0,1,0,2.64707386019958,0,0,"Standard",0,0,0,0,1,0.892857142857143,8245.76,1,39189
"STU002620",2016,"Male","White",0,0,0,0,0,3.39379254929082,0,0,"Standard",0,0,0,0,1,0.392857142857143,10584.6363636364,0,27142
"STU002621",2016,"Female","Hispanic",0,0,1,0,1,3.25203367178666,1,0,"Standard",1,1,1,0,1,0.142857142857143,21110.5,0,0
"STU002622",2016,"Male","Black",0,0,0,0,0,3.01401862164204,0,1,"Standard",0,0,0,0,1,0.642857142857143,10249.8333333333,0,46612
"STU002623",2016,"Male","White",0,0,0,0,0,2.93048097823324,0,0,"Standard",0,0,0,0,1,0.535714285714286,10903,0,0
"STU002624",2016,"Female","White",0,0,0,0,1,2.82153209756954,1,1,"Standard",1,0,1,0,1,0.571428571428571,15949.4375,0,39647
"STU002625",2016,"Female","Hispanic",0,0,0,0,1,2.32752260745356,1,0,"Standard",1,1,1,0,1,0.892857142857143,13975.72,1,69485
"STU002626",2016,"Female","White",0,1,0,0,0,3.87391815985321,0,0,"Advanced",1,0,0,1,1,0.5,15977.0714285714,0,78177
"STU002627",2016,"Male","Hispanic",1,0,0,0,1,2.13832573208208,1,0,"NonCompletion",0,0,0,0,1,0.464285714285714,10720.2307692308,1,43695
"STU002628",2016,"Female","White",0,0,0,0,0,2.71780405326341,0,1,"Standard",0,0,0,0,1,0.357142857142857,11628.6,0,0
"STU002629",2016,"Male","White",1,0,0,0,0,2.45448403255546,0,0,"Standard",1,1,1,0,1,0.464285714285714,17358.3076923077,0,64553
"STU002630",2016,"Male","White",0,0,0,0,1,1.86985934880232,1,0,"Standard",1,1,0,0,1,0.571428571428571,12760.1875,0,47853
"STU002631",2016,"Male","White",1,1,0,0,0,2.47347140937151,0,1,"Standard",0,0,0,0,1,0.571428571428571,9730.625,0,12343
"STU002632",2016,"Male","MultiRacial",0,1,0,0,0,2.66514435885537,0,0,"Standard",0,0,0,0,1,0.571428571428571,10001.375,0,0
"STU002633",2016,"Male","White",1,1,0,0,0,2.87837355326567,0,1,"Standard",0,0,0,0,1,0.464285714285714,10259.6923076923,1,39546
"STU002634",2016,"Male","White",0,0,1,0,0,3.1119143871379,0,0,"Standard",1,0,1,0,1,0.107142857142857,14503.6666666667,0,43511
"STU002635",2016,"Male","Hispanic",0,1,0,0,0,2.09924001922546,0,0,"Standard",0,0,0,0,1,0.571428571428571,7099.125,1,28829
"STU002636",2016,"Male","Asian",1,0,0,0,0,1.95831892211804,0,1,"Standard",0,0,0,0,1,0.142857142857143,12528,1,50112
"STU002637",2016,"Male","Black",1,1,0,0,1,2.1481889451802,1,0,"Standard",0,0,0,0,1,0.178571428571429,11678.8,0,38064
"STU002638",2016,"Female","Asian",1,0,0,0,0,2.91177056300569,0,0,"Standard",0,0,0,0,1,0.857142857142857,9811,1,40291
"STU002639",2016,"Female","Hispanic",0,0,0,0,0,2.1593277552547,0,0,"Standard",1,0,0,1,0,0,NA,0,0
"STU002640",2016,"Female","White",0,0,0,0,0,2.89491013148811,0,0,"Standard",0,0,0,0,1,0.607142857142857,14094.5294117647,1,56024
"STU002641",2016,"Male","Hispanic",0,0,0,0,1,2.68194705406019,1,0,"Standard",0,0,0,0,1,0.321428571428571,13022.1111111111,0,30402
"STU002642",2016,"Male","White",0,1,0,0,0,3.58760830263922,0,0,"Advanced",0,0,0,0,0,0,NA,0,0
"STU002643",2016,"Female","Hispanic",0,0,0,0,1,2.07522993139628,1,0,"NonCompletion",0,0,0,0,1,0.607142857142857,9996.17647058824,0,0
"STU002644",2016,"Male","Asian",0,0,0,0,1,2.28011386526293,1,0,"Standard",0,0,0,0,1,0.607142857142857,9105.17647058824,0,18103
"STU002645",2016,"Male","Hispanic",0,1,0,0,1,3.18121538730798,1,0,"Standard",0,0,0,0,1,0.464285714285714,9215.30769230769,1,35719
"STU002646",2016,"Male","White",1,0,0,0,1,2.34501719570121,1,0,"Standard",0,0,0,0,0,0,NA,0,0
"STU002647",2016,"Male","White",0,0,1,0,1,2.72458252115094,1,0,"Standard",0,0,0,0,1,0.571428571428571,8120.625,0,0
"STU002648",2016,"Female","Hispanic",0,1,0,0,1,3.39941480647776,1,0,"Standard",1,0,0,1,1,0.535714285714286,17434.4,1,86394
"STU002649",2016,"Male","AmericanIndian",0,0,0,1,1,2.15466142208522,1,0,"Standard",0,0,0,0,1,0.392857142857143,14609.8181818182,0,26565
"STU002650",2016,"Female","White",0,0,0,0,0,2.42290970990742,0,0,"Standard",0,0,0,0,1,0.535714285714286,12727,1,57220
"STU002651",2016,"Female","Hispanic",0,0,1,0,1,2.8928660805776,1,1,"Standard",0,0,0,0,1,0.464285714285714,9757.84615384615,0,24058
"STU002652",2016,"Female","Hispanic",0,1,0,0,0,3.02930986797967,0,0,"Standard",1,0,1,0,1,0.464285714285714,12380.0769230769,1,58514
"STU002653",2016,"Female","White",0,0,0,0,0,2.40170689183943,0,0,"Standard",0,0,0,0,1,0.392857142857143,9599.54545454545,0,0
"STU002654",2016,"Female","White",1,0,0,0,0,2.96395547131834,0,0,"Standard",1,1,0,0,1,0.0714285714285714,15374,0,30748
"STU002655",2016,"Male","White",0,0,0,1,0,3.30268759530937,0,1,"Standard",1,0,1,0,1,0.571428571428571,14928.1875,1,71350
"STU002656",2016,"Male","White",0,1,0,0,0,2.82675617129751,0,0,"Standard",0,0,0,0,0,0,NA,0,0
"STU002657",2016,"Male","White",0,1,0,0,0,2.28924116298515,0,1,"Standard",0,0,0,0,1,0.5,9691.35714285714,0,31135
"STU002658",2016,"Female","White",0,1,1,0,1,1.55662253270875,1,0,"Standard",1,1,0,0,1,0.392857142857143,14214,0,49643
"STU002659",2016,"Male","White",0,1,0,0,0,2.86709538966859,0,0,"Standard",1,1,0,0,1,0.357142857142857,10547.2,0,0
"STU002660",2016,"Male","Black",1,0,0,1,1,3.31394493909414,1,0,"Standard",1,0,0,1,1,0.785714285714286,7931,0,20224
"STU002661",2016,"Female","AmericanIndian",1,1,0,0,1,NA,1,1,"Standard",1,0,1,0,1,0.607142857142857,11784.5882352941,1,67745
"STU002662",2016,"Male","White",0,1,0,0,0,3.65021346494835,0,0,"Advanced",1,0,0,1,1,0.392857142857143,15051,1,77860
"STU002663",2016,"Female","White",1,0,0,1,1,3.72062396396654,1,1,"Advanced",1,0,0,1,1,0.428571428571429,14433.6666666667,0,53295
"STU002664",2016,"Female","Hispanic",1,1,1,0,1,2.50482832857441,1,0,"Standard",0,0,0,0,1,0.642857142857143,9946.05555555555,0,0
"STU002665",2016,"Female","Hispanic",0,0,0,0,1,1.73216302032149,1,0,"Standard",0,0,0,0,1,0.75,13027.380952381,1,71565
"STU002666",2016,"Female","White",0,0,0,0,0,3.38038567359462,0,0,"Standard",1,0,0,1,1,0.285714285714286,26146.625,0,24885
"STU002667",2016,"Male","White",0,1,0,0,0,2.19762669269948,0,1,"Standard",0,0,0,0,1,0.535714285714286,10511.3333333333,1,42708
"STU002668",2016,"Female","Hispanic",0,0,0,0,0,3.05983304685705,0,0,"Standard",1,0,0,1,1,0.5,22117.4285714286,0,56410
"STU002669",2016,"Male","AmericanIndian",0,1,0,0,1,2.37787303090166,1,0,"Standard",1,0,1,0,1,0.464285714285714,8575.84615384615,0,0
"STU002670",2016,"Male","MultiRacial",0,1,0,0,0,3.5726615431633,0,0,"Advanced",1,0,0,1,1,0.428571428571429,12313.6666666667,1,79135
"STU002671",2016,"NonBinary_Other","White",1,0,1,1,1,2.56070923828385,1,0,"Standard",1,1,0,0,1,0.392857142857143,18704.4545454545,0,42569
"STU002672",2016,"Female","Hispanic",0,1,0,0,0,2.39488822060592,0,0,"Standard",0,0,0,0,1,0.571428571428571,13326.6875,1,59548
"STU002673",2016,"Male","Hispanic",0,0,0,0,1,3.79861175356064,1,0,"Advanced",1,0,0,1,1,0.285714285714286,20903.375,0,55976
"STU002674",2016,"Male","White",1,1,0,0,0,3.30282132973302,0,1,"Standard",0,0,0,0,1,0.464285714285714,7570.61538461538,0,11647
"STU002675",2016,"Female","Hispanic",0,0,0,0,1,2.50029365883028,1,0,"Standard",0,0,0,0,1,0.607142857142857,9938.47058823529,0,39523
"STU002676",2016,"Male","Asian",1,0,0,0,1,2.18738857005699,1,0,"Standard",0,0,0,0,0,0,NA,0,0
"STU002677",2016,"Female","Asian",0,0,0,0,1,3.14222827273693,1,0,"Standard",1,0,1,0,1,0.214285714285714,15558.3333333333,1,72406
"STU002678",2016,"Female","White",0,1,0,0,1,2.48035257366236,1,0,"Standard",1,1,1,0,1,0.428571428571429,12451.25,0,47556
"STU002679",2016,"NonBinary_Other","White",0,0,0,1,0,2.31716228620819,0,0,"Standard",0,0,0,0,1,0.678571428571429,9974,0,16246
"STU002680",2016,"Female","Black",1,1,1,0,0,3.30116250024046,0,0,"Standard",1,1,1,0,1,0.464285714285714,13486.4615384615,0,0
"STU002681",2016,"Male","Asian",1,0,0,0,0,3.13089301300349,0,0,"Standard",0,0,0,0,1,0.642857142857143,11626.9444444444,1,52516
"STU002682",2016,"Male","White",0,0,0,0,0,2.62730982279618,0,0,"Standard",0,0,0,0,0,0,NA,0,0
"STU002683",2016,"Male","Hispanic",0,0,1,0,0,2.21769274014056,0,0,"Standard",0,0,0,0,1,0.785714285714286,16793.0909090909,0,39994
"STU002684",2016,"Female","White",0,0,0,0,0,2.73201621809158,0,0,"Standard",0,0,0,0,1,0.357142857142857,17257,1,66282
"STU002685",2016,"Male","MultiRacial",0,0,0,0,0,3.08457428502502,0,0,"Standard",0,0,0,0,1,0.571428571428571,9903.5625,0,47080
"STU002686",2016,"Male","Hispanic",1,0,0,0,1,2.14478253614818,1,0,"Standard",0,0,0,0,1,0.428571428571429,9650.08333333333,1,42653
"STU002687",2016,"Female","White",0,1,0,0,0,3.51172598512715,0,1,"Advanced",1,0,0,1,0,0,NA,0,0
"STU002688",2016,"Female","Asian",0,0,0,0,0,2.091387789342,0,0,"Standard",1,1,1,0,1,0.357142857142857,16788.2,1,73167
"STU002689",2016,"Male","Black",1,0,0,0,0,2.69329781051493,0,0,"Standard",0,0,0,0,1,0.642857142857143,10564.2777777778,1,45811
"STU002690",2016,"NonBinary_Other","Hispanic",0,0,0,0,1,2.12060110354885,1,1,"Standard",1,0,1,1,1,0.5,16826.8571428571,0,26716
"STU002691",2016,"Male","White",0,0,0,1,0,2.26865615980491,0,0,"Standard",0,0,0,0,1,0.428571428571429,13788.8333333333,0,0
"STU002692",2016,"Female","White",1,1,0,0,1,2.69091475549901,1,0,"Standard",1,0,1,0,1,0.607142857142857,12564.9411764706,1,65360
"STU002693",2016,"Female","Hispanic",1,1,0,0,0,2.37147574679293,0,0,"Standard",1,1,0,0,1,0.571428571428571,14529.6875,1,74305
"STU002694",2016,"Female","White",0,0,0,0,1,2.6000436554434,1,0,"Standard",1,0,1,0,1,0.678571428571429,12320.4736842105,0,18449
"STU002695",2016,"Female","Hispanic",0,1,0,0,0,2.55963035005146,0,0,"Standard",0,0,0,0,1,0.642857142857143,11779.3333333333,1,51204
"STU002696",2016,"Male","White",1,0,0,0,0,3.40380990259976,0,0,"Standard",0,0,0,0,1,0.821428571428571,10493.2608695652,0,43119
"STU002697",2016,"Female","White",0,0,0,0,1,3.19917559580922,1,1,"Standard",1,0,1,0,1,0.75,12932.9523809524,0,43428
"STU002698",2016,"Male","Hispanic",0,1,0,0,1,2.68290041213807,1,0,"Standard",0,0,0,0,1,0.428571428571429,9731,0,0
"STU002699",2016,"Male","Hispanic",0,0,0,0,1,2.23779565508978,1,0,"NonCompletion",0,0,0,0,1,0.607142857142857,10793.1764705882,1,41188
"STU002700",2016,"Female","White",0,1,0,0,0,2.3681829787686,0,0,"Standard",0,0,0,0,1,0.571428571428571,13102.8125,0,11182
"STU002701",2016,"Male","White",1,0,0,0,0,3.17659954759797,0,0,"Standard",1,0,1,0,1,0.642857142857143,13692.4444444444,0,23967
"STU002702",2016,"Female","Black",0,0,0,0,1,2.12574436846383,1,1,"Standard",0,0,0,0,1,0.535714285714286,13191.2,0,41284
"STU002703",2016,"Male","White",0,1,0,0,1,2.4468746598463,1,0,"Standard",0,0,0,0,1,0.535714285714286,9615,1,34004
"STU002704",2016,"Female","White",0,0,0,0,0,2.38714903861728,0,0,"Standard",0,0,0,0,1,0.714285714285714,13472.35,0,21314
"STU002705",2016,"Female","White",0,0,1,0,1,2.21015007773659,1,0,"NonCompletion",0,0,0,0,1,0.571428571428571,9551.3125,0,22092
"STU002706",2016,"Female","Asian",1,0,0,0,1,2.7243163715788,1,1,"Standard",0,0,0,0,1,0.392857142857143,9743.18181818182,0,21028
"STU002707",2016,"Female","Hispanic",0,1,0,0,1,2.55669479068042,1,0,"NonCompletion",0,0,0,0,1,0.607142857142857,13312.1764705882,0,19580
"STU002708",2016,"Female","Hispanic",0,0,0,0,0,3.24174396116924,0,0,"Standard",0,0,0,0,1,0.607142857142857,10009.1764705882,0,31857
"STU002709",2016,"Female","White",0,1,0,0,0,2.04014298433557,0,0,"Standard",1,1,1,0,1,0.571428571428571,13992.4375,0,0
"STU002710",2016,"Male","White",0,1,1,0,0,2.2386699273117,0,0,"Standard",0,0,0,0,1,0.678571428571429,10225.9473684211,0,35767
"STU002711",2016,"Male","White",0,1,0,0,0,3.09826168861543,0,0,"Standard",0,0,0,0,1,0.714285714285714,9389.8,0,13513
"STU002712",2016,"Female","White",1,1,0,0,0,2.38366300065666,0,0,"Standard",0,0,0,0,1,0.642857142857143,12142.7777777778,1,54152
"STU002713",2016,"Female","White",1,0,0,0,0,2.06267209995444,0,0,"NonCompletion",0,0,0,0,1,0.464285714285714,11860.9230769231,1,49965
"STU002714",2016,"Female","Hispanic",1,1,0,1,1,2.20120437278092,1,0,"Standard",0,0,0,0,1,0.678571428571429,10487.8947368421,0,40201
"STU002715",2016,"Male","Hispanic",0,0,0,0,0,2.31387354221275,0,0,"Standard",0,0,0,0,1,0.607142857142857,10696.2941176471,0,27656
"STU002716",2016,"Female","Black",1,1,0,0,1,2.04331763690833,1,0,"Standard",0,0,0,0,1,0.535714285714286,10781.3333333333,1,51282
"STU002717",2016,"Female","MultiRacial",0,0,0,0,1,2.6328105697772,1,0,"Standard",0,0,0,0,1,0.714285714285714,10229.85,1,56742
"STU002718",2016,"Male","Asian",0,1,1,0,0,2.67324667132123,0,0,"Standard",0,0,0,0,1,0.75,13925.8571428571,1,72176
"STU002719",2016,"Male","White",0,1,0,0,1,2.27068879578722,1,1,"Standard",0,0,0,0,1,0.785714285714286,6232.31818181818,0,0
"STU002720",2016,"Male","White",0,0,0,0,0,2.25642743220743,0,0,"Standard",0,0,0,0,1,0.75,13330,0,10406
"STU002721",2016,"Male","Hispanic",0,0,0,0,0,1.79759978703801,0,0,"NonCompletion",0,0,0,0,1,0.535714285714286,10522.5333333333,0,8693
"STU002722",2016,"Female","Black",0,0,0,0,1,1.9498375068322,1,0,"NonCompletion",0,0,0,0,1,0.464285714285714,10717.2307692308,1,46685
"STU002723",2016,"Male","White",1,0,0,0,0,1.80016273265293,0,1,"Standard",0,0,0,0,1,0.464285714285714,12732.0769230769,0,39490
"STU002724",2016,"Male","White",0,0,0,0,0,2.5471509616204,0,0,"Standard",0,0,0,0,1,0.607142857142857,10848.7058823529,0,33148
"STU002725",2016,"Female","Black",1,0,0,0,0,3.30720881940829,0,1,"Standard",0,0,0,0,1,0.821428571428571,7682.08695652174,1,34789
"STU002726",2016,"Male","Hispanic",0,0,0,0,0,4,0,0,"Advanced",1,0,0,1,1,0.285714285714286,21273.625,0,30639
"STU002727",2016,"Male","Hispanic",1,0,0,0,0,2.51435200290714,0,1,"Standard",1,1,0,0,1,0.714285714285714,18749.6,1,84327
"STU002728",2016,"Female","Hispanic",1,0,0,0,1,3.48222855215259,1,0,"Standard",1,0,0,1,0,0,NA,0,0
"STU002729",2016,"NonBinary_Other","MultiRacial",1,0,0,0,1,2.47181177117451,1,0,"Standard",0,0,0,0,1,0.642857142857143,10866.4444444444,1,47431
"STU002730",2016,"Male","Hispanic",1,0,1,0,0,NA,0,0,"Standard",1,0,0,1,1,0.571428571428571,20235.5,1,92795
"STU002731",2016,"Female","Hispanic",0,1,0,0,1,3.00316256750369,1,0,"Standard",0,0,0,0,1,0.571428571428571,8320.25,1,35468
"STU002732",2016,"Female","White",1,0,0,0,0,1.87646181661952,0,0,"NonCompletion",0,0,0,0,1,0.392857142857143,12977.9090909091,0,26910
"STU002733",2016,"Female","White",0,0,1,0,1,2.18828954921601,1,0,"Standard",0,0,0,0,1,0.607142857142857,10354.8235294118,0,23353
"STU002734",2016,"Male","White",0,1,0,0,1,2.82610006000071,1,0,"Standard",0,0,0,0,1,0.357142857142857,13562.2,1,62226
"STU002735",2016,"Male","Hispanic",0,1,0,0,1,2.76398198788009,1,0,"Standard",0,0,0,0,1,0.571428571428571,8198.875,0,31113
"STU002736",2016,"Female","White",0,0,0,0,0,2.81958219131413,0,0,"Standard",1,0,1,1,1,0.464285714285714,14180.1538461538,1,71839
"STU002737",2016,"Male","Hispanic",0,1,0,0,1,2.07515287616861,1,0,"Standard",0,0,0,0,1,0.714285714285714,13392.2,0,29048
"STU002738",2016,"Male","Other",1,0,0,0,1,1.97198070267457,1,1,"Standard",0,0,0,0,1,0.285714285714286,12081.875,0,21667
"STU002739",2016,"Male","White",0,1,0,0,0,3.39375573051542,0,0,"Standard",1,0,1,0,1,0.678571428571429,14718.5263157895,1,64473
"STU002740",2016,"Male","White",1,0,0,0,1,2.12981142979189,1,0,"Standard",0,0,0,0,1,0.357142857142857,8249.6,0,0
"STU002741",2016,"Male","White",0,1,0,0,0,2.61566152762075,0,0,"Standard",0,0,0,0,1,0.607142857142857,13037.0588235294,1,66698
"STU002742",2016,"Male","White",0,0,0,0,0,3.15198292202614,0,1,"Standard",1,0,1,0,1,0.607142857142857,13532.4117647059,0,0
"STU002743",2016,"Male","Hispanic",1,1,0,1,1,2.64657209242762,1,0,"Standard",0,0,0,0,1,0.714285714285714,10851.8,1,44982
"STU002744",2016,"Male","White",0,1,0,0,0,3.09305602567372,0,1,"Standard",0,0,0,0,1,0.321428571428571,10238.4444444444,0,30439
"STU002745",2016,"Female","MultiRacial",0,0,0,0,1,3.61133673779305,1,0,"Advanced",1,0,0,1,1,0.5,14662.3571428571,0,0
"STU002746",2016,"Male","White",0,0,0,0,0,2.63162557307585,0,0,"Standard",1,0,1,1,1,0.392857142857143,14686.0909090909,0,60887
"STU002747",2016,"Female","White",1,0,0,1,0,3.00065657950269,0,0,"Standard",0,0,0,0,0,0,NA,0,0
"STU002748",2016,"Female","White",0,0,0,0,0,2.09789627552159,0,0,"Standard",0,0,0,0,1,0.892857142857143,12703.36,0,40436
"STU002749",2016,"Male","White",0,1,0,0,0,2.57045700442554,0,0,"Standard",0,0,0,0,1,0.5,9360.71428571429,0,18507
"STU002750",2016,"Male","White",1,1,1,0,0,3.16509079629215,0,0,"Standard",1,0,0,1,1,0.464285714285714,15996.6923076923,1,79126
"STU002751",2016,"Female","White",0,0,0,0,1,2.61311868403011,1,0,"Standard",0,0,0,0,1,0.571428571428571,12322.6875,1,57569
"STU002752",2016,"Female","Asian",0,0,0,1,0,3.58906553781153,0,1,"Advanced",1,0,0,1,1,0.821428571428571,16514.8695652174,0,78716
"STU002753",2016,"Female","White",0,0,0,0,0,2.49066707907038,0,0,"NonCompletion",0,0,0,0,1,0.607142857142857,15151.2352941176,0,15994
"STU002754",2016,"Female","White",1,1,0,0,0,2.87727673213707,0,1,"Standard",1,0,0,1,1,0.392857142857143,17564,0,42818
"STU002755",2016,"Male","White",1,0,0,0,0,2.82868194861844,0,0,"Standard",0,0,0,0,1,0.785714285714286,11954.0909090909,0,32587
"STU002756",2016,"Male","Other",0,0,0,0,0,3.24026026970169,0,0,"Standard",0,0,0,0,1,0.571428571428571,14365.125,0,34917
"STU002757",2016,"Male","Black",1,1,0,0,1,3.04408090745396,1,0,"Standard",0,0,0,0,1,0.5,10040.7857142857,0,32316
"STU002758",2016,"Male","White",1,0,1,0,0,3.43596631616542,0,0,"Standard",0,0,0,0,1,0.0714285714285714,14930.5,0,0
"STU002759",2016,"Female","White",0,1,0,0,0,2.63525845584705,0,0,"Standard",0,0,0,0,1,0.464285714285714,9685.46153846154,0,0
"STU002760",2016,"Male","Hispanic",0,1,1,1,0,3.22205929404324,0,0,"Standard",1,0,0,1,1,0.535714285714286,11183.8,1,67943
"STU002761",2016,"Female","Black",0,0,1,0,1,1.84983107510597,1,1,"Standard",0,0,0,0,1,0.464285714285714,15505.3846153846,0,59700
"STU002762",2016,"Male","White",1,1,0,1,1,2.81449918168604,1,0,"Standard",0,0,0,0,1,0.321428571428571,7633.77777777778,0,13682
"STU002763",2016,"Male","White",1,1,0,0,0,2.34455002313466,0,0,"Standard",1,0,1,0,1,0.25,17586.7142857143,0,0
"STU002764",2016,"Male","White",0,0,0,0,1,2.91292053192877,1,0,"Standard",0,0,0,0,1,0.607142857142857,11589.5294117647,0,39693
"STU002765",2016,"Female","Hispanic",0,0,0,0,1,2.49596634701145,1,0,"Standard",0,0,0,0,1,0.214285714285714,10892.3333333333,0,23018
"STU002766",2016,"Female","Hispanic",1,0,0,0,0,2.50770082216331,0,0,"Standard",0,0,0,0,1,0.464285714285714,7341.61538461538,0,15467
"STU002767",2016,"Male","White",0,0,0,1,0,NA,0,0,"NonCompletion",1,0,0,1,1,0.678571428571429,16068.2105263158,0,52248
"STU002768",2016,"Female","Hispanic",0,0,0,0,0,2.79662860389308,0,0,"Standard",1,0,0,1,1,0.535714285714286,16057.6666666667,1,79421
"STU002769",2016,"Female","White",1,0,0,0,1,1.96906720164129,1,0,"Standard",0,0,0,0,1,0.607142857142857,8477.64705882353,0,26640
"STU002770",2016,"Male","Black",0,0,0,0,1,2.08759360530178,1,0,"Standard",0,0,0,0,1,0.642857142857143,12880.2777777778,1,50687
"STU002771",2016,"Male","White",1,1,0,0,1,2.88301249419159,1,0,"Standard",0,0,0,0,1,0.535714285714286,15435.4,0,0
"STU002772",2016,"Female","AmericanIndian",1,0,0,0,1,2.64917578038326,1,0,"Standard",0,0,0,0,1,0.642857142857143,10460.5555555556,0,7866
"STU002773",2016,"Female","White",0,0,0,0,0,2.31476083583605,0,1,"Standard",0,0,0,0,1,0.392857142857143,14341.8181818182,0,14034
"STU002774",2016,"Male","White",0,0,0,0,0,2.60735637542733,0,0,"Standard",1,1,0,0,1,0.678571428571429,11701.4210526316,0,40031
"STU002775",2016,"Female","Black",1,0,0,0,0,3.42881670325276,0,0,"Standard",1,1,1,0,1,0.392857142857143,14589.9090909091,0,37658
"STU002776",2016,"Male","Other",0,0,0,0,0,2.54621475732858,0,0,"Standard",1,0,1,0,1,0.464285714285714,11784.3846153846,0,61175
"STU002777",2016,"Male","Hispanic",0,0,0,0,0,2.71408859833205,0,0,"Standard",0,0,0,0,1,0.428571428571429,9490.91666666667,0,24096
"STU002778",2016,"Male","White",0,0,0,0,0,2.76059139638736,0,0,"Standard",0,0,0,0,1,0.714285714285714,14155.65,0,45666
"STU002779",2016,"Female","White",0,0,0,0,0,2.49306469677009,0,0,"Standard",0,0,0,0,1,0.0714285714285714,12620,0,25240
"STU002780",2016,"Male","Hispanic",1,0,0,0,0,2.58512509295409,0,0,"Standard",0,0,0,0,1,0.642857142857143,6512,0,5969
"STU002781",2016,"Female","Hispanic",0,1,1,0,1,2.21869413406312,1,0,"Standard",1,1,1,0,1,0.107142857142857,12290.6666666667,0,25565
"STU002782",2016,"Male","White",0,0,0,0,0,2.26920952867839,0,1,"Standard",0,0,0,0,1,0.321428571428571,9571.66666666667,0,36242
"STU002783",2016,"Female","White",0,1,0,0,0,2.38591979251394,0,0,"Standard",1,0,1,0,1,0.428571428571429,13422.6666666667,0,0
"STU002784",2016,"Male","White",0,1,0,0,0,2.59319789936024,0,0,"Standard",0,0,0,0,1,0.142857142857143,18968,0,27510
"STU002785",2016,"Female","White",0,0,0,0,0,2.63736707326592,0,1,"Standard",0,0,0,0,1,0.642857142857143,7654.88888888889,0,15854
"STU002786",2016,"Male","White",1,1,0,0,0,3.48029917035548,0,0,"Standard",1,0,0,1,1,0.607142857142857,18063.9411764706,0,71840
"STU002787",2016,"Male","White",0,0,1,0,1,2.63999156699744,1,0,"Standard",1,0,1,0,1,0.678571428571429,13882.6315789474,1,60348
"STU002788",2016,"Female","White",0,0,1,0,0,NA,0,0,"Standard",0,0,0,0,1,0.607142857142857,11498.4705882353,0,26955
"STU002789",2016,"Female","Black",1,1,1,0,0,3.02379941595931,0,1,"Standard",0,0,0,0,1,0.75,13304.1904761905,1,59986
"STU002790",2016,"Female","Hispanic",0,0,1,1,1,2.95032114128823,1,0,"Standard",0,0,0,0,1,0.678571428571429,12824.7368421053,1,49730
"STU002791",2016,"Female","White",0,0,1,1,1,2.33812115865395,1,0,"Standard",0,0,0,0,1,0.678571428571429,11312.5263157895,0,25993
"STU002792",2016,"Female","White",1,1,0,1,1,2.41822199936444,1,1,"Standard",0,0,0,0,1,0.535714285714286,9990.86666666667,1,51986
"STU002793",2016,"Male","Asian",0,1,0,0,0,3.00721010551434,0,0,"Standard",1,0,0,1,1,0.392857142857143,24203.2727272727,1,83749
"STU002794",2016,"Male","White",0,1,0,0,0,2.29529538412563,0,0,"Standard",0,0,0,0,1,0.75,8950.38095238095,0,29395
"STU002795",2016,"Female","White",0,1,0,0,0,2.49499587388722,0,0,"Standard",0,0,0,0,1,0.464285714285714,9639.30769230769,1,43279
"STU002796",2016,"Female","White",0,1,0,0,0,2.6063960543493,0,0,"Standard",1,0,1,0,1,0.857142857142857,13015.0833333333,0,36644
"STU002797",2016,"Female","Hispanic",0,1,1,0,0,NA,0,0,"Standard",0,0,0,0,1,0.678571428571429,10235.8947368421,0,20962
"STU002798",2016,"Female","MultiRacial",0,0,0,0,0,2.20800105956464,0,1,"Standard",1,0,1,1,1,0.178571428571429,12952.8,0,37790
"STU002799",2016,"Female","MultiRacial",0,1,0,0,0,3.00423939180983,0,1,"Standard",0,0,0,0,1,0.5,7242.28571428571,0,0
"STU002800",2016,"Female","AmericanIndian",0,0,0,0,0,2.45789969576498,0,0,"Standard",1,1,0,0,1,0.571428571428571,13471.9375,0,37143
"STU002801",2016,"Female","White",0,1,1,0,0,2.42891430632867,0,0,"NonCompletion",0,0,0,0,1,0.714285714285714,10715.6,1,37787
"STU002802",2016,"Male","Black",1,0,1,0,1,2.21702548938019,1,0,"Standard",0,0,0,0,1,0.178571428571429,15230,0,40231
"STU002803",2016,"Female","Hispanic",1,1,1,0,1,2.11556910924779,1,0,"Standard",1,0,0,1,1,0.607142857142857,10399.2941176471,0,46318
"STU002804",2016,"Male","Hispanic",1,1,0,0,0,1.97188533545052,0,0,"Standard",1,0,1,0,0,0,NA,0,0
"STU002805",2016,"Male","Black",0,0,0,0,1,2.787203835866,1,0,"Standard",0,0,0,0,1,0.464285714285714,8960.84615384615,0,14278
"STU002806",2016,"Female","White",0,0,0,0,0,3.4447316707025,0,1,"Standard",1,0,1,0,1,0.642857142857143,12122,1,59811
"STU002807",2016,"Male","Black",0,1,0,1,1,2.94929600375534,1,0,"Standard",1,0,0,1,1,0.357142857142857,20271.6,0,0
"STU002808",2016,"Female","White",0,0,0,0,0,2.99161381162216,0,0,"Standard",0,0,0,0,1,0.464285714285714,13395.1538461538,0,22160
"STU002809",2016,"NonBinary_Other","White",0,0,0,0,1,2.7400676813598,1,0,"Standard",1,0,0,1,1,0.428571428571429,8011,0,13363
"STU002810",2016,"Male","White",0,0,0,0,1,2.94395589062972,1,0,"Standard",0,0,0,0,1,0.785714285714286,10626.8636363636,0,31856
"STU002811",2016,"Female","Black",0,1,0,0,1,2.94878246556915,1,0,"Standard",1,0,0,1,1,0.25,8151.57142857143,0,22702
"STU002812",2016,"Female","White",0,1,0,1,0,4,0,0,"Advanced",1,0,0,1,1,0.0714285714285714,20131,0,40262
"STU002813",2016,"Female","White",0,0,0,1,0,NA,0,0,"Standard",0,0,0,0,1,0.5,10203.4285714286,1,52683
"STU002814",2016,"Male","White",1,0,0,0,0,2.74304432241969,0,0,"Standard",0,0,0,0,1,0.428571428571429,8389.58333333333,0,8032
"STU002815",2016,"Female","MultiRacial",0,1,1,0,1,2.21387629804302,1,0,"Standard",0,0,0,0,1,0.571428571428571,15741.9375,1,73978
"STU002816",2016,"Male","White",0,0,0,0,0,3.08964906786028,0,1,"Standard",0,0,0,0,1,0.571428571428571,13506.5625,1,53373
"STU002817",2016,"NonBinary_Other","MultiRacial",0,1,0,1,0,2.23052524291981,0,1,"NonCompletion",0,0,0,0,1,0.285714285714286,13426.125,0,31738
"STU002818",2016,"Male","Hispanic",0,0,0,0,1,2.4704060607145,1,0,"Standard",1,1,1,0,1,0.535714285714286,15915.7333333333,1,82681
"STU002819",2016,"Female","MultiRacial",0,0,0,0,0,2.4537125814139,0,0,"NonCompletion",0,0,0,0,1,0.5,11288.1428571429,0,12905
"STU002820",2016,"Male","White",0,0,0,0,0,2.97535354780879,0,0,"Standard",1,0,1,1,1,0.428571428571429,12724.6666666667,0,10672
"STU002821",2016,"Female","Hispanic",0,1,0,1,0,1.88863584677374,0,0,"Standard",0,0,0,0,1,0.285714285714286,14201.625,0,0
"STU002822",2016,"Female","Hispanic",0,1,0,0,1,2.86256143622788,1,0,"Standard",1,1,0,0,1,0.5,23929.5,1,96666
"STU002823",2016,"Male","White",1,0,0,0,0,2.99974414434659,0,0,"Standard",1,1,0,0,1,0.571428571428571,18422.25,1,86073
"STU002824",2016,"Male","Hispanic",0,0,0,0,0,2.56238584926501,0,0,"NonCompletion",0,0,0,0,1,0.75,10435.0952380952,0,36698
"STU002825",2016,"Female","White",1,1,0,0,0,2.88662816254995,0,0,"Standard",0,0,0,0,1,0.0714285714285714,17006,0,11137
"STU002826",2016,"Female","Hispanic",0,0,0,1,1,2.57986310810362,1,0,"Standard",0,0,0,0,1,0.535714285714286,10795.2,0,22318
"STU002827",2016,"Female","White",0,0,0,0,1,3.40960974156466,1,0,"Standard",0,0,0,0,1,0.607142857142857,13199,0,46231
"STU002828",2016,"Male","Black",0,0,1,0,0,2.32958249497255,0,0,"Standard",1,1,0,0,1,0.571428571428571,16990.5625,0,0
"STU002829",2016,"Male","White",0,0,0,0,0,3.01363570254049,0,0,"Standard",1,0,0,1,1,0.285714285714286,20362.75,1,81451
"STU002830",2016,"Female","White",1,1,0,0,0,3.52781548011805,0,1,"Advanced",0,0,0,0,1,0.107142857142857,19379.6666666667,0,58139
"STU002831",2016,"Female","Hispanic",0,1,0,1,1,2.02784696697619,1,0,"Standard",0,0,0,0,1,0.571428571428571,10280.3125,0,21240
"STU002832",2016,"Female","White",0,1,0,0,1,3.47246813048876,1,1,"Standard",1,0,0,1,1,0.571428571428571,15264.5,1,87255
"STU002833",2016,"Male","White",0,1,0,0,0,2.49578419099397,0,0,"NonCompletion",0,0,0,0,0,0,NA,0,0
"STU002834",2016,"Male","Black",0,0,1,0,1,1.74828075023693,1,1,"Standard",0,0,0,0,1,0.714285714285714,11201.2,1,45625
"STU002835",2016,"Male","White",0,0,1,0,0,2.65924237063126,0,0,"Standard",1,0,0,1,1,0.785714285714286,5260.04545454545,0,16812
"STU002836",2016,"Female","MultiRacial",1,0,0,0,1,3.1025094186706,1,0,"Standard",0,0,0,0,0,0,NA,0,0
"STU002837",2016,"Male","Hispanic",0,1,1,0,0,2.64279103129238,0,1,"Standard",0,0,0,0,1,0.75,11243.9523809524,1,46499
"STU002838",2016,"Female","MultiRacial",0,1,0,0,0,3.04774510696659,0,0,"Standard",0,0,0,0,1,0.428571428571429,12093.9166666667,0,17174
"STU002839",2016,"Male","White",1,1,0,0,0,2.15492436203072,0,0,"Standard",0,0,0,0,1,0.535714285714286,10533.9333333333,0,10238
"STU002840",2016,"Male","White",0,0,0,0,1,2.86236765215688,1,0,"Standard",0,0,0,0,1,0.642857142857143,11008.5,0,0
"STU002841",2016,"NonBinary_Other","Black",0,0,0,0,1,2.37737827891008,1,0,"Standard",0,0,0,0,1,0.571428571428571,8158.25,0,37048
"STU002842",2016,"Male","Hispanic",0,0,1,0,0,2.41061902350413,0,0,"Standard",1,1,0,0,1,0.678571428571429,17734.5789473684,0,72276
"STU002843",2016,"Female","Black",1,1,0,1,0,3.29511109182981,0,1,"Standard",1,0,1,0,1,0.75,16416.2380952381,1,64712
"STU002844",2016,"Male","White",0,0,0,0,0,2.24473920569371,0,0,"Standard",0,0,0,0,1,0.785714285714286,10543.2272727273,0,50156
"STU002845",2016,"Female","Asian",0,1,0,0,0,3.45329661127466,0,0,"Standard",1,0,0,1,1,0.285714285714286,16801.5,0,42735
"STU002846",2016,"Male","MultiRacial",0,0,0,0,1,3.12094193010433,1,1,"Standard",0,0,0,0,1,0.464285714285714,6843.30769230769,0,9808
"STU002847",2016,"Female","White",1,0,0,0,1,3.17073129773781,1,0,"Standard",0,0,0,0,1,0.857142857142857,10780.75,1,63033
"STU002848",2016,"Female","White",1,0,0,0,0,2.86461027396121,0,0,"Standard",0,0,0,0,1,0.5,8638.28571428571,0,10221
"STU002849",2016,"Female","Hispanic",1,1,0,0,1,NA,1,1,"Standard",0,0,0,0,1,0.535714285714286,9344.46666666667,0,15533
"STU002850",2016,"Male","White",0,0,0,0,1,2.10307714252567,1,0,"Standard",0,0,0,0,1,0.785714285714286,8342.86363636364,1,48250
"STU002851",2016,"Female","Hispanic",0,0,0,0,0,NA,0,0,"Standard",0,0,0,0,0,0,NA,0,0
"STU002852",2016,"Male","White",0,1,0,0,0,2.46974616411363,0,0,"Standard",0,0,0,0,1,0.535714285714286,11765.3333333333,1,46070
"STU002853",2016,"Male","White",1,1,0,0,0,2.85984556926665,0,0,"Standard",1,0,1,0,1,0.535714285714286,13184.1333333333,0,0
"STU002854",2016,"Male","White",0,0,0,0,1,2.42906603795119,1,0,"Standard",0,0,0,0,1,0.642857142857143,12346.7222222222,1,44193
"STU002855",2016,"Male","Hispanic",0,0,0,0,0,2.24684433165065,0,0,"Standard",0,0,0,0,1,0.5,11073.1428571429,0,21123
"STU002856",2016,"Male","White",0,0,0,0,0,3.36540596009793,0,0,"Standard",1,0,0,1,1,0.607142857142857,13976.1176470588,0,50065
"STU002857",2016,"Male","Asian",0,1,0,0,0,3.11273181033584,0,0,"Standard",1,0,1,0,0,0,NA,0,0
"STU002858",2016,"Female","Black",0,1,0,1,0,1.64891575941908,0,0,"Standard",0,0,0,0,1,0.5,11807.7857142857,0,45323
"STU002859",2016,"NonBinary_Other","White",0,1,0,0,0,2.72171801696239,0,0,"Standard",1,0,1,0,1,0.5,14312.6428571429,0,21584
"STU002860",2016,"Female","Black",0,0,0,0,1,1.7506947224892,1,0,"NonCompletion",0,0,0,0,1,0.321428571428571,10640.8888888889,0,14460
"STU002861",2016,"Male","White",1,1,0,0,1,2.60871454460386,1,0,"Standard",1,1,0,0,1,0.535714285714286,18991.8666666667,0,19750
"STU002862",2016,"Male","Hispanic",1,0,0,1,1,3.12716539685122,1,0,"Standard",1,0,1,0,1,0.535714285714286,11349.2,1,63722
"STU002863",2016,"Male","White",1,0,0,0,0,3.29611172724514,0,0,"Standard",0,0,0,0,1,0.75,8511,0,29398
"STU002864",2016,"Male","White",0,0,0,0,0,2.97941338538704,0,0,"Standard",0,0,0,0,1,0.357142857142857,12266.8,1,63416
"STU002865",2016,"Female","Other",0,0,0,0,1,2.12608673621584,1,0,"Standard",0,0,0,0,1,0.785714285714286,8576.63636363636,0,15963
"STU002866",2016,"Male","White",1,0,0,0,1,2.41722719423311,1,1,"Standard",0,0,0,0,1,0.571428571428571,10851.875,1,42920
"STU002867",2016,"Female","Black",1,0,0,0,0,2.32311329353456,0,0,"Standard",0,0,0,0,1,0.142857142857143,11274.25,0,16893
"STU002868",2016,"Female","Hispanic",0,0,0,0,0,1.91779460298707,0,0,"NonCompletion",0,0,0,0,1,0.428571428571429,9217.41666666667,0,10925
"STU002869",2016,"Male","Black",1,1,1,0,1,2.54397287962402,1,0,"Standard",0,0,0,0,1,0.607142857142857,15196.1176470588,1,62322
"STU002870",2016,"Male","Black",0,0,0,0,1,3.28738120877329,1,0,"Standard",1,0,0,1,1,0.607142857142857,16286.5294117647,0,26476
"STU002871",2016,"Female","Hispanic",1,0,0,1,1,2.42216415332505,1,0,"NonCompletion",0,0,0,0,1,0.428571428571429,13873,1,52110
"STU002872",2016,"Male","White",0,1,1,0,1,2.18473969101654,1,0,"Standard",0,0,0,0,1,0.678571428571429,11250.0526315789,1,54151
"STU002873",2016,"Female","Hispanic",1,1,0,0,1,2.150420738452,1,0,"NonCompletion",0,0,0,0,0,0,NA,0,0
"STU002874",2016,"Female","Hispanic",0,0,0,0,1,2.58242326698875,1,0,"Standard",0,0,0,0,1,0.714285714285714,12796.5,1,56087
"STU002875",2016,"Female","White",1,1,0,0,0,3.61417790653892,0,1,"Advanced",1,0,1,0,1,0.535714285714286,14396.5333333333,0,19157
"STU002876",2016,"Female","White",1,0,0,0,0,2.65047564288776,0,0,"Standard",0,0,0,0,1,0.535714285714286,13395.7333333333,0,10635
"STU002877",2016,"Female","White",0,0,1,0,0,3.3348444004681,0,0,"Standard",1,0,0,1,1,0.857142857142857,9093.41666666667,1,69864
"STU002878",2016,"Female","White",0,0,0,0,1,1.72036336052615,1,0,"NonCompletion",0,0,0,0,1,0.535714285714286,11388.5333333333,0,40080
"STU002879",2016,"Male","White",0,1,0,0,0,3.15173302280408,0,0,"Standard",1,1,0,0,1,0.25,23137.4285714286,0,16622
"STU002880",2016,"Female","White",0,0,0,0,1,2.53747762914318,1,0,"Standard",1,1,1,0,1,0.571428571428571,12838.4375,0,11317
"STU002881",2016,"Female","Other",1,0,0,0,1,1.92397801363147,1,0,"NonCompletion",0,0,0,0,1,0.714285714285714,11718.2,1,49244
"STU002882",2016,"Female","Hispanic",0,1,0,0,1,1.55926332007108,1,0,"NonCompletion",0,0,0,0,1,0.428571428571429,13543.75,0,43163
"STU002883",2016,"Male","Other",1,1,1,1,0,1.87950070761425,0,0,"NonCompletion",0,0,0,0,1,0.714285714285714,9986.85,0,35220
"STU002884",2016,"Female","AmericanIndian",1,0,1,0,1,2.7503380774368,1,0,"Standard",0,0,0,0,1,0.5,7685.5,0,6215
"STU002885",2016,"Female","White",0,0,0,0,1,1.6571386405987,1,0,"Standard",0,0,0,0,1,0.535714285714286,9784.26666666667,1,42112
"STU002886",2016,"Female","MultiRacial",0,0,0,0,0,2.62427592242817,0,1,"Standard",0,0,0,0,1,0.75,7583.33333333333,1,41446
"STU002887",2016,"Female","White",0,1,0,0,1,3.55252687722409,1,0,"Advanced",0,0,0,0,1,0.25,13669.2857142857,0,18828
"STU002888",2016,"Male","Hispanic",0,1,0,0,1,1.59272430427028,1,0,"Standard",0,0,0,0,1,0.464285714285714,12687.3076923077,0,37428
"STU002889",2016,"Female","Black",0,0,0,0,0,2.18266006302887,0,0,"Standard",0,0,0,0,1,0.428571428571429,12275.5833333333,0,33621
"STU002890",2016,"Female","White",1,0,1,0,0,2.94123224492088,0,0,"Standard",0,0,0,0,1,0.75,11332.1904761905,0,34759
"STU002891",2016,"Male","White",1,1,0,0,0,3.3346770382846,0,0,"Standard",0,0,0,0,1,0.5,18265.2142857143,0,39972
"STU002892",2016,"Female","Black",1,1,0,0,0,2.75943828954382,0,0,"Standard",1,0,0,1,1,0.571428571428571,10478.3125,0,27608
"STU002893",2016,"Female","Asian",0,0,0,0,1,1.64036267184209,1,0,"Standard",0,0,0,0,1,0.392857142857143,13885.7272727273,0,22787
"STU002894",2016,"Female","MultiRacial",0,0,0,0,0,2.44768286153961,0,0,"Standard",0,0,0,0,1,0.321428571428571,6660,0,0
"STU002895",2016,"Male","Hispanic",0,0,0,0,1,1.92504833889494,1,0,"Standard",0,0,0,0,1,0.714285714285714,9425.05,0,8448
"STU002896",2016,"Female","White",0,1,0,0,0,2.76867096155252,0,0,"Standard",0,0,0,0,1,0.178571428571429,12698.8,0,0
"STU002897",2016,"Male","White",1,0,0,0,0,NA,0,0,"Standard",0,0,0,0,1,0.714285714285714,12299.1,0,35638
"STU002898",2016,"Male","Hispanic",0,0,0,0,1,2.15141454503041,1,0,"Standard",0,0,0,0,1,0.535714285714286,10829.6666666667,0,24929
"STU002899",2016,"Female","Hispanic",0,1,0,0,1,2.49691195361223,1,0,"Standard",0,0,0,0,1,0.321428571428571,7025.33333333333,0,0
"STU002900",2016,"Female","Hispanic",0,1,1,0,1,2.17386123184586,1,0,"Standard",0,0,0,0,1,0.821428571428571,16150.7826086957,1,76445
"STU002901",2016,"Female","Hispanic",0,1,0,0,0,1.87422771639333,0,0,"NonCompletion",0,0,0,0,1,0.678571428571429,12196.1052631579,0,25535
"STU002902",2016,"Female","AmericanIndian",0,0,0,0,1,1.74117847008521,1,0,"Standard",0,0,0,0,1,0.464285714285714,11164.7692307692,0,17464
"STU002903",2016,"Male","White",0,1,1,1,1,2.45041521696173,1,0,"Standard",0,0,0,0,1,0.642857142857143,9300.83333333333,0,26139
"STU002904",2016,"Male","Black",0,0,0,0,1,1.99292792505184,1,0,"Standard",0,0,0,0,1,0.392857142857143,9081,0,0
"STU002905",2016,"Female","White",1,0,0,0,0,2.23026038423581,0,1,"Standard",0,0,0,0,1,0.607142857142857,12761.8235294118,1,52968
"STU002906",2016,"Male","White",0,1,0,0,1,3.31871246669092,1,1,"Standard",1,0,1,0,1,0.357142857142857,13731.8,0,0
"STU002907",2016,"Male","Hispanic",0,0,0,0,1,2.97361447739613,1,0,"Standard",1,0,0,1,1,0.5,9999.64285714286,0,31629
"STU002908",2016,"Female","Hispanic",0,1,0,0,0,2.38042322342485,0,0,"Standard",0,0,0,0,1,0.714285714285714,13198.45,0,38245
"STU002909",2016,"Female","Black",0,0,1,0,1,3.11685565958818,1,0,"Standard",0,0,0,0,1,0.464285714285714,8920.92307692308,0,24580
"STU002910",2016,"Male","White",0,0,0,0,0,3.01386916063069,0,1,"Standard",1,0,0,1,1,0.178571428571429,25568.8,0,49618
"STU002911",2016,"Female","Hispanic",0,0,0,0,1,2.20482721002055,1,1,"Standard",0,0,0,0,1,0.785714285714286,10365,1,34514
"STU002912",2016,"Male","Black",0,0,0,0,1,2.54110976181542,1,0,"Standard",1,1,1,0,1,0.642857142857143,13721.8888888889,0,23468
"STU002913",2016,"Male","Hispanic",0,0,0,0,0,3.07627809829705,0,0,"Standard",1,0,0,1,1,0.357142857142857,12552.7,0,27501
"STU002914",2016,"Female","White",0,0,0,0,0,2.96895461710308,0,0,"Standard",0,0,0,0,1,0.75,11740.9523809524,0,40811
"STU002915",2016,"Male","MultiRacial",0,0,1,0,0,2.9102505320068,0,0,"Standard",1,0,1,0,1,0.5,14003.0714285714,0,13907
"STU002916",2016,"Male","Asian",0,0,0,0,1,2.97509378943379,1,0,"Standard",0,0,0,0,1,0.178571428571429,12034.8,0,0
"STU002917",2016,"Female","Hispanic",0,0,0,1,1,3.75837096663969,1,1,"Advanced",1,0,0,1,1,0.428571428571429,17155.25,0,20075
"STU002918",2016,"Female","Black",0,1,0,0,1,2.10832102629431,1,0,"Standard",0,0,0,0,1,0.607142857142857,12124.5882352941,0,29486
"STU002919",2016,"Female","Hispanic",0,0,0,0,1,2.64363521595922,1,1,"Standard",0,0,0,0,1,0.714285714285714,8620.8,0,24124
"STU002920",2016,"Male","Asian",0,1,0,0,0,2.98072896790779,0,0,"Standard",0,0,0,0,1,0.892857142857143,11674.6,0,47687
"STU002921",2016,"Female","White",0,1,0,0,0,2.82577883558112,0,0,"Standard",0,0,0,0,1,0.714285714285714,11511,0,56759
"STU002922",2016,"Female","White",0,1,1,0,1,2.27400267407282,1,0,"Standard",0,0,0,0,1,0.642857142857143,10243.2222222222,1,53450
"STU002923",2016,"Female","White",0,1,0,0,1,3.08820157428834,1,0,"Standard",0,0,0,0,1,0.5,11131,0,0
"STU002924",2016,"Female","AmericanIndian",0,0,0,1,0,1.85860190232672,0,0,"Standard",0,0,0,0,1,0.5,8989.5,0,22861
"STU002925",2016,"Male","White",1,0,0,0,0,3.28478556172916,0,0,"Standard",1,0,0,1,1,0.571428571428571,10918.8125,0,43735
"STU002926",2016,"Male","White",0,1,0,0,1,2.11164976213447,1,1,"Standard",0,0,0,0,1,0.607142857142857,12723.4705882353,0,30520
"STU002927",2016,"NonBinary_Other","White",1,1,0,0,1,3.4520296430602,1,0,"Standard",1,0,1,1,1,0.607142857142857,20924.7647058824,0,47570
"STU002928",2016,"Female","Black",0,0,0,0,1,2.65635560972183,1,0,"Standard",0,0,0,0,1,0.142857142857143,11469,0,37939
"STU002929",2016,"Male","Black",1,0,0,0,1,2.7039196644256,1,0,"Standard",0,0,0,0,1,0.714285714285714,12960.8,1,66170
"STU002930",2016,"Male","Asian",0,0,1,0,0,2.85497934065286,0,0,"Standard",0,0,0,0,1,0.678571428571429,10837.4210526316,1,42047
"STU002931",2016,"Female","White",0,0,0,0,0,3.68185303475172,0,0,"Advanced",0,0,0,0,1,0.25,13608.2857142857,0,38161
"STU002932",2016,"Female","White",0,0,0,0,1,3.69335375586241,1,0,"Advanced",1,0,0,1,1,0.535714285714286,15642.5333333333,0,52224
"STU002933",2016,"Female","White",0,0,0,0,0,2.4373022160988,0,0,"Standard",0,0,0,0,1,0.75,11290.8571428571,0,23034
"STU002934",2016,"Female","White",0,1,0,1,1,3.53804912904306,1,1,"Advanced",1,0,0,1,1,0.428571428571429,14078.6666666667,0,26531
"STU002935",2016,"Male","White",1,0,0,1,0,3.21737684915493,0,0,"Standard",1,0,1,0,1,0.5,13844,1,59180
"STU002936",2016,"Male","White",1,1,0,0,0,3.17493964784064,0,0,"Standard",1,0,0,1,0,0,NA,0,0
"STU002937",2016,"Male","Hispanic",0,0,0,0,1,3.11716868526632,1,0,"Standard",1,0,0,1,1,0.178571428571429,12496.6,0,45904
"STU002938",2016,"Female","White",0,0,1,0,0,2.4570642962488,0,0,"Standard",0,0,0,0,1,0.321428571428571,11778.2222222222,0,0
"STU002939",2016,"Male","Asian",0,0,0,0,1,3.41682214078896,1,0,"Standard",0,0,0,0,1,0.357142857142857,14901.4,0,26603
"STU002940",2016,"Male","MultiRacial",0,0,0,0,0,2.6384028133176,0,0,"Standard",0,0,0,0,1,0.5,6627.92857142857,1,29323
"STU002941",2016,"Male","White",0,1,0,0,1,3.29169152989389,1,0,"Standard",0,0,0,0,1,0.678571428571429,11991.3684210526,0,40928
"STU002942",2016,"Female","Hispanic",0,1,1,0,1,3.35954914020193,1,1,"Standard",1,1,1,0,1,0.535714285714286,13618.2666666667,0,44774
"STU002943",2016,"Male","Hispanic",0,1,1,0,1,2.21937101193071,1,0,"Standard",0,0,0,0,1,0.821428571428571,14384.5652173913,0,51436
"STU002944",2016,"Female","Black",1,1,0,0,0,3.62870902631847,0,0,"Advanced",1,0,0,1,1,0.607142857142857,14231.7647058824,0,63568
"STU002945",2016,"Male","White",0,0,0,1,0,2.80800722628325,0,0,"Standard",1,0,0,1,1,0.5,10407.7857142857,0,41593
"STU002946",2016,"Female","White",0,1,0,0,0,2.37846524044498,0,1,"Standard",0,0,0,0,1,0.642857142857143,12748.5555555556,0,39932
"STU002947",2016,"Female","White",0,0,0,1,0,2.56519933352204,0,0,"Standard",0,0,0,0,1,0.678571428571429,9956.36842105263,0,44493
"STU002948",2016,"Female","White",0,1,0,0,0,2.44972461145816,0,0,"Standard",1,1,1,0,1,0.678571428571429,15926.2631578947,0,22798
"STU002949",2016,"Female","White",0,0,1,0,1,1.55711405927145,1,0,"NonCompletion",0,0,0,0,1,0.571428571428571,10945,0,0
"STU002950",2016,"Female","White",1,1,1,0,0,2.94901637426848,0,0,"Standard",1,0,0,1,1,0.428571428571429,18929.4166666667,0,61604
"STU002951",2016,"Female","White",1,0,1,0,0,2.14703306005011,0,0,"Standard",0,0,0,0,1,0.678571428571429,15104.1578947368,1,64496
"STU002952",2016,"Male","Asian",1,1,0,0,0,3.00253715391892,0,0,"Standard",1,0,1,1,1,0.107142857142857,20385,0,61155
"STU002953",2016,"Female","Hispanic",0,1,0,0,0,2.4852338422623,0,1,"Standard",0,0,0,0,1,0.571428571428571,11768.1875,0,0
"STU002954",2016,"Female","White",0,0,0,0,0,3.22026542504851,0,0,"Standard",1,0,1,0,1,0.357142857142857,14553.3,0,27754
"STU002955",2016,"Male","White",0,0,0,0,0,3.27440139996683,0,0,"Standard",0,0,0,0,0,0,NA,0,0
"STU002956",2016,"Male","Asian",1,1,0,0,0,2.73150841081393,0,0,"Standard",1,0,1,0,0,0,NA,0,0
"STU002957",2016,"Female","AmericanIndian",0,1,0,0,1,2.1095652223107,1,0,"Standard",0,0,0,0,1,0.535714285714286,10913.4666666667,0,10421
"STU002958",2016,"Male","White",0,0,1,0,0,2.72918774632878,0,0,"Standard",1,0,1,0,1,0.642857142857143,9766.27777777778,0,47011
"STU002959",2016,"Female","White",0,1,1,0,0,2.70480062630529,0,0,"Standard",1,0,1,0,1,0.607142857142857,14736.5294117647,1,67484
"STU002960",2016,"Male","White",1,0,0,0,0,2.91580441103993,0,0,"Standard",1,1,0,0,1,0.607142857142857,18965,0,15417
"STU002961",2016,"Male","White",1,0,0,0,0,2.34159752940873,0,0,"Standard",1,0,1,0,1,0.142857142857143,13477,0,13238
"STU002962",2016,"Male","Black",1,1,0,0,0,2.43653362518886,0,0,"Standard",1,0,0,1,1,0.178571428571429,14952.8,1,62715
"STU002963",2016,"Male","MultiRacial",0,0,0,0,0,3.22422705969756,0,0,"Standard",1,0,0,1,1,0.571428571428571,9711.0625,1,38224
"STU002964",2016,"NonBinary_Other","White",1,0,0,0,1,2.31664257530473,1,0,"NonCompletion",0,0,0,0,1,0.321428571428571,13770.3333333333,0,26331
"STU002965",2016,"Male","White",0,0,0,0,1,2.68241484956154,1,0,"Standard",0,0,0,0,1,0.678571428571429,9044.73684210526,0,12746
"STU002966",2016,"Male","White",1,1,0,0,0,2.89261795388303,0,0,"Standard",1,0,1,0,1,0.75,11705.2857142857,0,53562
"STU002967",2016,"Male","Hispanic",1,1,0,0,1,2.63215704568377,1,1,"Standard",0,0,0,0,1,0.5,11728.8571428571,1,53245
"STU002968",2016,"Female","Hispanic",1,1,1,0,0,2.2521532985565,0,0,"NonCompletion",0,0,0,0,1,0.428571428571429,9110,1,37867
"STU002969",2016,"Female","White",0,1,0,0,0,3.32194928328398,0,0,"Standard",1,1,1,0,1,0.642857142857143,18928.2777777778,0,39671
"STU002970",2016,"Female","AmericanIndian",0,0,0,0,0,2.87308200566355,0,0,"Standard",0,0,0,0,1,0.607142857142857,10075.5294117647,0,0
"STU002971",2016,"Female","White",0,1,0,0,0,3.2303543422845,0,0,"Standard",1,0,0,1,1,0.214285714285714,23637.3333333333,0,78258
"STU002972",2016,"Female","White",0,1,0,0,0,2.36275137114726,0,0,"Standard",0,0,0,0,1,0.464285714285714,12082.9230769231,0,37202
"STU002973",2016,"Male","White",0,0,1,0,1,2.99805504075045,1,0,"Standard",1,0,1,0,1,0.0714285714285714,14382.5,0,28765
"STU002974",2016,"Male","White",0,1,0,0,0,2.15280190535567,0,0,"Standard",0,0,0,0,1,0.535714285714286,10638.2666666667,0,46167
"STU002975",2016,"Female","Hispanic",1,1,0,0,1,2.93277770249666,1,0,"Standard",0,0,0,0,1,0.5,9742.78571428571,1,51288
"STU002976",2016,"Female","White",0,1,0,0,1,2.62712191852915,1,1,"Standard",1,0,1,1,1,0.857142857142857,9319,1,50816
"STU002977",2016,"Male","White",0,0,0,0,0,3.79583420951932,0,0,"Advanced",0,0,0,0,1,0.535714285714286,8505,0,18863
"STU002978",2016,"Female","Hispanic",0,1,1,1,1,2.42010301136904,1,0,"Standard",0,0,0,0,1,0.464285714285714,6836.46153846154,0,12623
"STU002979",2016,"Male","Black",0,1,0,0,0,2.87402426421436,0,0,"Standard",1,0,0,1,1,0.821428571428571,16343.347826087,0,62409
"STU002980",2016,"Female","White",0,1,0,0,0,2.95268605081848,0,0,"Standard",0,0,0,0,1,0.107142857142857,16277,0,48831
"STU002981",2016,"Male","White",0,1,0,0,1,2.36765000585811,1,0,"Standard",0,0,0,0,1,0.607142857142857,10362.7647058824,0,11714
"STU002982",2016,"Male","White",1,0,0,0,0,3.59885288878793,0,1,"Advanced",1,0,0,1,1,0.392857142857143,15531.0909090909,1,60327
"STU002983",2016,"Female","Asian",0,0,0,1,0,1.87094509817193,0,0,"Standard",0,0,0,0,1,0.607142857142857,8716.70588235294,0,21110
"STU002984",2016,"Male","White",0,0,0,0,0,2.7525105812312,0,0,"Standard",0,0,0,0,1,0.428571428571429,10044.25,0,0
"STU002985",2016,"Female","Other",0,0,0,0,0,2.57791764723694,0,0,"Standard",0,0,0,0,1,0.464285714285714,9334.53846153846,0,0
"STU002986",2016,"Female","AmericanIndian",1,0,0,0,1,1.83888192906466,1,0,"NonCompletion",0,0,0,0,1,0.75,9543.14285714286,0,19848
"STU002987",2016,"Female","White",0,0,1,0,0,2.52351193810989,0,0,"Standard",0,0,0,0,1,0.714285714285714,11670.4,1,62328
"STU002988",2016,"Female","White",0,1,0,0,0,3.05919187908118,0,1,"Standard",0,0,0,0,1,0.464285714285714,9345.69230769231,0,28507
"STU002989",2016,"Male","White",0,0,0,0,0,3.42091715586835,0,0,"Standard",1,0,0,1,1,0.785714285714286,13098.1363636364,0,68190
"STU002990",2016,"Female","Black",0,0,1,0,1,2.86954697681159,1,0,"Standard",1,0,1,0,1,0.107142857142857,11371.3333333333,0,10318
"STU002991",2016,"Female","MultiRacial",0,0,0,0,0,3.09472705047164,0,0,"Standard",0,0,0,0,1,0.714285714285714,13815.55,0,14900
"STU002992",2016,"Female","White",0,0,0,0,0,3.85834886109397,0,1,"Advanced",1,0,0,1,1,0.428571428571429,15899.6666666667,0,0
"STU002993",2016,"Male","Asian",0,0,0,0,0,3.32661089323027,0,0,"Standard",1,0,0,1,1,0.428571428571429,16437,0,0
"STU002994",2016,"Male","White",0,0,0,0,1,2.380801603921,1,0,"Standard",0,0,0,0,1,0.642857142857143,12984.6111111111,0,41649
"STU002995",2016,"Male","White",0,0,0,0,0,3.96691165557817,0,0,"Advanced",0,0,0,0,1,0.142857142857143,17966.25,1,71865
"STU002996",2016,"Female","Hispanic",1,0,0,0,0,1.94148631132806,0,0,"NonCompletion",0,0,0,0,1,0.821428571428571,9619.47826086957,1,44573
"STU002997",2016,"Female","White",1,0,0,0,0,3.30231987108075,0,0,"Standard",1,0,1,0,0,0,NA,0,0
"STU002998",2016,"Male","Hispanic",0,0,0,1,1,2.6005356708543,1,0,"Standard",1,1,1,0,1,0.535714285714286,12018.2,0,22484
"STU002999",2016,"Female","White",0,0,0,1,0,2.92594366753317,0,0,"Standard",1,0,1,0,1,0.428571428571429,9798.33333333333,0,29334
"STU003000",2016,"Female","AmericanIndian",0,0,0,0,0,2.35408897085996,0,0,"Standard",1,0,1,0,1,0.714285714285714,9958.4,1,41218
"STU003001",2016,"Female","Black",0,1,1,0,1,2.20860229812319,1,0,"Standard",0,0,0,0,1,0.678571428571429,10351.8421052632,0,36560
"STU003002",2016,"Female","White",0,0,0,0,0,3.01152864409864,0,0,"Standard",1,0,0,1,1,0.714285714285714,13100.95,1,74950
"STU003003",2016,"Female","White",0,1,0,0,0,2.30702662558619,0,0,"Standard",1,0,0,1,1,0.642857142857143,14237.7222222222,0,55477
"STU003004",2016,"Female","White",0,0,0,0,0,3.80097870316115,0,0,"Advanced",1,0,0,1,0,0,NA,0,0
"STU003005",2016,"Female","White",0,0,0,0,0,2.54158817537665,0,0,"Standard",1,1,0,0,1,0.107142857142857,15715.6666666667,0,17101
"STU003006",2016,"Male","White",0,1,0,1,0,2.76063161661599,0,1,"Standard",1,0,0,1,1,0.321428571428571,21835.1111111111,0,51020
"STU003007",2016,"Male","White",0,0,0,0,0,4,0,0,"Advanced",1,0,0,1,1,0.535714285714286,14371.6666666667,0,0
"STU003008",2016,"Male","Asian",0,0,0,0,0,3.60024216276044,0,0,"Advanced",0,0,0,0,1,0.607142857142857,9211.35294117647,0,20899
"STU003009",2016,"Male","AmericanIndian",1,0,0,0,0,2.9721822914297,0,1,"NonCompletion",0,0,0,0,1,0.714285714285714,10225.5,1,53344
"STU003010",2016,"Male","White",0,1,0,0,1,NA,1,1,"NonCompletion",1,0,0,1,1,0.25,15365.8571428571,0,19938
"STU003011",2016,"Male","Hispanic",0,0,0,0,1,2.08517438491187,1,0,"Standard",0,0,0,0,1,0.571428571428571,10438.0625,0,0
"STU003012",2016,"Male","Hispanic",0,0,0,0,1,2.04318473091683,1,0,"Standard",0,0,0,0,1,0.571428571428571,11344.3125,0,0
"STU003013",2016,"Male","Other",0,0,0,0,1,2.86661319011796,1,1,"Standard",1,0,1,0,1,0.642857142857143,11644.2222222222,0,14498
"STU003014",2016,"Male","Asian",0,0,0,1,0,3.07386706236207,0,1,"Standard",1,0,0,1,1,0.214285714285714,19042.6666666667,0,21937
"STU003015",2016,"NonBinary_Other","Hispanic",0,1,0,0,1,3.0072689661011,1,0,"Standard",0,0,0,0,1,0.714285714285714,9739.45,1,50206
"STU003016",2016,"Female","White",0,1,0,0,0,2.38064172224625,0,0,"Standard",1,1,1,0,1,0.75,18236.5714285714,0,55934
"STU003017",2016,"Female","White",1,0,0,0,0,2.44234217673394,0,0,"Standard",0,0,0,0,1,0.107142857142857,13935.3333333333,0,35941
"STU003018",2016,"Male","White",0,0,0,0,0,2.70568626072146,0,0,"Standard",0,0,0,0,1,0.821428571428571,12108.2608695652,1,49449
"STU003019",2016,"Male","Asian",0,0,0,0,1,2.3346873812368,1,0,"Standard",0,0,0,0,1,0.428571428571429,9654.08333333333,0,0
"STU003020",2016,"Male","White",0,0,0,0,0,2.85890808248041,0,0,"Standard",0,0,0,0,1,0.642857142857143,10761.6666666667,0,37393
"STU003021",2016,"Male","White",0,0,0,0,0,3.3300779784998,0,0,"Standard",1,0,0,1,1,0.571428571428571,6921.6875,0,20413
"STU003022",2016,"Male","White",0,0,0,1,1,3.82203373637523,1,0,"Advanced",1,0,0,1,0,0,NA,0,0
"STU003023",2016,"Female","AmericanIndian",0,1,1,0,1,2.65298395159848,1,0,"Standard",0,0,0,0,1,0.642857142857143,8403.44444444445,0,19590
"STU003024",2016,"Female","Hispanic",0,1,0,0,1,3.24149703506241,1,0,"Standard",1,0,0,1,1,0.785714285714286,14959.2272727273,0,39285
"STU003025",2016,"Female","AmericanIndian",0,0,0,0,1,2.6731044434086,1,1,"Standard",1,0,1,0,1,0.214285714285714,14591.3333333333,1,60634
"STU003026",2016,"Male","White",0,1,0,0,0,2.65241919410497,0,0,"NonCompletion",0,0,0,0,1,0.535714285714286,13282.6,0,12908
"STU003027",2016,"Male","MultiRacial",0,0,0,0,1,2.64560227071346,1,0,"Standard",1,0,0,1,1,0.607142857142857,18564.4705882353,0,51365
"STU003028",2016,"Male","Hispanic",0,1,0,1,1,2.64355054612431,1,0,"Standard",0,0,0,0,1,0.642857142857143,8813.77777777778,0,11658
"STU003029",2016,"Male","White",0,1,0,0,0,2.19986905419056,0,0,"Standard",0,0,0,0,1,0.285714285714286,15170.5,0,24476
"STU003030",2016,"Female","White",0,0,0,0,0,2.38811446671488,0,0,"Standard",0,0,0,0,0,0,NA,0,0
"STU003031",2016,"Female","White",0,1,0,0,0,2.20619784833392,0,0,"Standard",0,0,0,0,1,0.642857142857143,6528.38888888889,0,0
"STU003032",2016,"Female","White",0,0,0,0,0,2.03489382424571,0,1,"Standard",0,0,0,0,1,0.642857142857143,12888,0,30930
"STU003033",2016,"Female","Asian",0,1,0,0,0,3.30679050260455,0,0,"Standard",1,0,0,1,1,0.25,7452.57142857143,1,30482
"STU003034",2016,"Female","Hispanic",0,1,0,0,1,1,1,1,"NonCompletion",0,0,0,0,1,0.785714285714286,11662.1363636364,1,46667
"STU003035",2016,"Female","White",0,0,0,0,1,3.00342716637894,1,0,"Standard",0,0,0,0,1,0.428571428571429,13036.5,1,47656
"STU003036",2016,"Female","White",0,1,0,0,0,3.34745333815931,0,0,"Standard",1,1,0,0,1,0.392857142857143,11889.5454545455,0,32668
"STU003037",2016,"Female","Hispanic",0,0,0,0,1,2.81198041281154,1,0,"Standard",1,0,0,1,1,0.571428571428571,7621.875,0,16476
"STU003038",2016,"Female","Other",0,0,0,0,0,2.42202756461362,0,1,"NonCompletion",0,0,0,0,1,0.464285714285714,11877.8461538462,0,18793
"STU003039",2016,"Female","Asian",0,1,0,0,0,3.65632465442389,0,1,"Advanced",0,0,0,0,1,0.428571428571429,18026.75,0,47864
"STU003040",2016,"Female","Hispanic",0,0,0,0,1,2.39241087779595,1,0,"Standard",0,0,0,0,1,0.678571428571429,10300.9473684211,1,52251
"STU003041",2016,"Female","White",0,1,0,0,0,2.60560946160055,0,0,"Standard",1,0,1,0,1,0.357142857142857,11253.5,0,21136
"STU003042",2016,"Female","White",0,1,0,1,0,2.91248180910712,0,0,"Standard",0,0,0,0,1,0.607142857142857,12662.8235294118,0,0
"STU003043",2016,"Female","White",1,0,0,0,0,2.91359450749678,0,0,"Standard",1,0,0,1,1,0.285714285714286,8931.875,0,11341
"STU003044",2016,"Female","Hispanic",1,0,0,0,1,2.26486206186064,1,0,"Standard",0,0,0,0,1,0.142857142857143,6191.5,0,0
"STU003045",2016,"Female","Asian",1,0,0,0,0,2.81427891904015,0,0,"Standard",0,0,0,0,1,0.392857142857143,10279.8181818182,0,35118
"STU003046",2016,"Female","Hispanic",0,1,1,1,0,2.33195189118425,0,0,"Standard",0,0,0,0,1,0.285714285714286,7955.875,0,11147
"STU003047",2016,"Male","Black",0,0,1,0,0,3.06816769250401,0,0,"Standard",0,0,0,0,1,0.25,15082.8571428571,0,0
"STU003048",2016,"Female","White",1,1,0,0,1,2.36463008036781,1,0,"Standard",0,0,0,0,0,0,NA,0,0
"STU003049",2016,"Female","White",1,0,0,0,0,3.07246884651253,0,0,"Standard",0,0,0,0,1,0.5,11762.5,1,55967
"STU003050",2016,"Male","Black",0,0,0,0,0,3.11318546401893,0,1,"Standard",1,0,0,1,1,0.464285714285714,15170.8461538462,0,0
"STU003051",2016,"Male","Asian",0,0,0,0,0,3.93663209457116,0,1,"Advanced",1,0,0,1,1,0.607142857142857,11926.5294117647,0,0
"STU003052",2016,"Male","White",1,1,0,0,0,2.47336202832016,0,1,"Standard",0,0,0,0,1,0.607142857142857,10971.9411764706,0,40184
"STU003053",2016,"Female","Hispanic",0,1,0,0,1,2.86223661416517,1,0,"Standard",0,0,0,0,1,0.464285714285714,8701,0,0
"STU003054",2016,"Female","Asian",1,1,0,0,1,2.50956868515646,1,0,"Standard",0,0,0,0,1,0.0714285714285714,19960,0,39920
"STU003055",2016,"Female","Hispanic",0,0,0,0,1,2.10785946706203,1,1,"Standard",0,0,0,0,1,0.714285714285714,11917.6,0,22138
"STU003056",2016,"Female","White",1,1,1,0,0,3.22991129743928,0,0,"Standard",0,0,0,0,1,0.785714285714286,15066.8181818182,1,89273
"STU003057",2016,"Male","White",1,0,0,0,1,3.08111676433346,1,1,"Standard",1,0,0,1,0,0,NA,0,0
"STU003058",2016,"Female","White",0,1,0,0,1,2.87946921876318,1,1,"Standard",0,0,0,0,1,0.821428571428571,10454.7826086957,1,58205
"STU003059",2016,"Female","Hispanic",0,1,1,0,0,1.79402108171093,0,0,"Standard",0,0,0,0,1,0.5,8465.85714285714,0,8689
"STU003060",2016,"Male","White",1,1,0,0,0,2.41931297310863,0,0,"Standard",0,0,0,0,1,0.642857142857143,9345.38888888889,0,34265
"STU003061",2016,"Female","White",1,0,0,0,0,3.26379574033768,0,0,"Standard",1,1,1,0,1,0.821428571428571,16010.0434782609,1,66795
"STU003062",2016,"Female","White",0,1,1,0,0,2.4097596185888,0,0,"Standard",1,0,1,0,1,0.571428571428571,12272.0625,0,28395
"STU003063",2016,"Male","Hispanic",1,0,0,0,1,2.39520331532888,1,0,"Standard",0,0,0,0,1,0.5,9563.14285714286,0,21050
"STU003064",2016,"Female","Hispanic",1,0,0,0,1,2.17035588782395,1,0,"Standard",1,1,0,0,1,0.821428571428571,13128.4782608696,1,63711
"STU003065",2016,"Female","White",0,1,0,0,0,2.92776382158644,0,0,"Standard",1,0,1,0,1,0.535714285714286,14670.2,0,60125
"STU003066",2016,"Male","White",0,0,0,0,1,2.70993615562322,1,0,"Standard",1,1,0,0,1,0.5,22591.2857142857,0,57545
"STU003067",2016,"Male","White",0,1,0,1,0,4,0,0,"Advanced",0,0,0,0,1,0.5,11888.5,0,27905
"STU003068",2016,"Male","Hispanic",0,1,0,0,0,2.2591959310828,0,0,"Standard",1,1,0,0,1,0.535714285714286,13167.2,1,61176
"STU003069",2016,"Female","White",0,0,0,0,0,2.66514159705714,0,0,"Standard",0,0,0,0,1,0.642857142857143,15687.0555555556,0,40766
"STU003070",2016,"Female","Black",0,0,0,0,0,2.4946550277588,0,0,"Standard",0,0,0,0,1,0.607142857142857,13356.7647058824,0,19870
"STU003071",2016,"Female","White",0,1,1,0,0,2.44641651209902,0,0,"Standard",0,0,0,0,1,0.5,8550.57142857143,0,16337
"STU003072",2016,"Male","Asian",0,1,0,1,0,2.65868809180445,0,0,"Standard",0,0,0,0,1,0.678571428571429,8836.26315789474,0,31471
"STU003073",2016,"Male","AmericanIndian",0,1,0,0,1,2.14376726166778,1,0,"Standard",0,0,0,0,1,0.714285714285714,9008.65,0,34411
"STU003074",2016,"Female","White",0,0,0,1,0,3.43414111374753,0,0,"Standard",0,0,0,0,1,0.642857142857143,10647.6111111111,0,19450
"STU003075",2016,"Male","White",1,0,0,0,0,3.04827439475337,0,0,"Standard",0,0,0,0,1,0.428571428571429,16224.1666666667,0,71344
"STU003076",2016,"Female","AmericanIndian",1,0,0,0,1,2.60024499841747,1,0,"Standard",0,0,0,0,1,0.714285714285714,11811.1,1,59886
"STU003077",2016,"Male","Hispanic",0,1,0,0,0,3.04307482921399,0,0,"Standard",0,0,0,0,1,0.392857142857143,15115.0909090909,1,62525
"STU003078",2016,"Female","Asian",1,0,1,0,0,NA,0,1,"Standard",1,0,0,1,1,0.535714285714286,8284.2,0,20047
"STU003079",2016,"Male","White",1,0,0,0,0,2.00165239249531,0,0,"Standard",0,0,0,0,1,0.678571428571429,15044.5789473684,1,58374
"STU003080",2016,"Female","MultiRacial",0,1,0,0,1,3.62686248864863,1,1,"Advanced",1,0,0,1,1,0.214285714285714,18348.3333333333,1,75212
"STU003081",2016,"Male","Hispanic",0,1,0,0,1,2.92056659315352,1,0,"Standard",1,0,1,0,1,0.821428571428571,9693.52173913043,0,31343
"STU003082",2016,"Female","Asian",1,0,1,0,1,3.14084564189704,1,0,"Standard",0,0,0,0,1,0.892857142857143,6962.84,0,6701
"STU003083",2016,"Male","White",1,0,1,1,0,2.91325449842851,0,0,"Standard",1,0,1,0,1,0.571428571428571,11713.6875,1,61185
"STU003084",2016,"Male","White",0,0,0,0,0,2.62027252830138,0,0,"Standard",0,0,0,0,1,0.642857142857143,11605.8888888889,0,21233
"STU003085",2016,"Female","Black",1,1,0,0,1,2.73725799749758,1,0,"Standard",1,1,1,0,1,0.357142857142857,12141.1,0,10780
"STU003086",2016,"Male","Hispanic",1,1,0,0,1,2.4008488720112,1,0,"Standard",0,0,0,0,1,0.392857142857143,11006.2727272727,0,0
"STU003087",2016,"Male","White",0,0,0,0,0,3.79365217976487,0,1,"Advanced",1,0,1,1,1,0.571428571428571,13326.625,0,15163
"STU003088",2016,"Female","White",1,0,0,0,0,2.09227822471525,0,0,"NonCompletion",0,0,0,0,1,0.392857142857143,13688.5454545455,0,0
"STU003089",2016,"Female","Other",0,0,0,1,0,2.79720212651745,0,1,"Standard",1,0,1,0,1,0.392857142857143,9331.72727272727,0,19333
"STU003090",2016,"Male","Hispanic",1,0,0,0,1,1.52828005372414,1,0,"NonCompletion",0,0,0,0,1,0.571428571428571,12288.75,0,29563
"STU003091",2016,"Male","White",0,0,0,0,0,2.9115089336747,0,0,"Standard",0,0,0,0,1,0.5,12734.5714285714,0,0
"STU003092",2016,"Female","White",0,1,0,0,0,2.93935959193135,0,0,"Standard",1,0,0,1,1,0.392857142857143,23360.7272727273,0,42507
"STU003093",2016,"Female","Hispanic",0,1,0,0,1,3.03343471096233,1,1,"Standard",1,0,1,0,1,0.642857142857143,12595,0,36227
"STU003094",2016,"Female","White",0,0,0,0,0,3.59044662679562,0,1,"Advanced",1,0,1,0,1,0.285714285714286,11826.625,0,0
"STU003095",2016,"Female","White",0,0,0,0,0,2.75666387259337,0,1,"Standard",0,0,0,0,1,0.5,10303.9285714286,0,19985
"STU003096",2016,"Female","White",0,0,0,0,0,2.82826898347266,0,0,"Standard",0,0,0,0,1,0.642857142857143,8354,0,30569
"STU003097",2016,"Female","White",1,0,0,0,0,1.60563280993262,0,0,"Standard",0,0,0,0,0,0,NA,0,0
"STU003098",2016,"Male","Hispanic",0,1,0,0,0,3.33835737531204,0,0,"Standard",1,0,0,1,1,0.607142857142857,10559.8235294118,1,58098
"STU003099",2016,"Female","White",0,0,0,0,0,2.36815680087405,0,0,"Standard",0,0,0,0,1,0.178571428571429,13528.4,1,47132
"STU003100",2016,"Male","Hispanic",0,1,0,0,0,3.5608248292012,0,0,"Advanced",1,0,0,1,1,0.142857142857143,30017,1,120068
"STU003101",2016,"Female","MultiRacial",0,1,0,0,1,1.86006318024094,1,0,"Standard",0,0,0,0,1,0.607142857142857,9377.88235294118,0,19294
"STU003102",2016,"Male","White",1,0,0,0,0,2.81237275597095,0,0,"Standard",1,0,1,0,1,0.285714285714286,8343.125,0,12933
"STU003103",2016,"Female","White",0,0,0,1,1,3.28872433167522,1,1,"Standard",1,0,0,1,1,0.5,13065.8571428571,0,20925
"STU003104",2016,"Female","Black",0,0,0,0,0,2.49175648911114,0,1,"Standard",0,0,0,0,1,0.714285714285714,12794.65,1,59646
"STU003105",2016,"Female","Other",0,1,0,0,0,2.09435181619875,0,0,"Standard",0,0,0,0,1,0.5,10882.8571428571,0,0
"STU003106",2016,"Female","Black",0,0,0,0,0,2.15633461405837,0,0,"Standard",0,0,0,0,1,0.428571428571429,11166,0,0
"STU003107",2016,"Female","White",0,1,0,1,0,2.16674420793382,0,0,"Standard",0,0,0,0,1,0.714285714285714,11086.7,1,46996
"STU003108",2016,"Female","White",0,0,1,0,1,2.56113587402045,1,0,"Standard",0,0,0,0,1,0.678571428571429,11688.0526315789,1,52552
"STU003109",2016,"Male","Black",0,0,0,0,0,1.95428132228005,0,1,"Standard",0,0,0,0,1,0.607142857142857,11166.4117647059,0,20081
"STU003110",2016,"Male","Hispanic",0,0,1,0,1,2.56425284794458,1,0,"Standard",0,0,0,0,1,0.142857142857143,15610.25,0,0
"STU003111",2016,"Male","White",0,1,0,0,1,2.59301211421135,1,0,"Standard",0,0,0,0,1,0.535714285714286,17467.5333333333,0,44021
"STU003112",2016,"Male","White",0,0,0,0,1,2.27794730008991,1,0,"Standard",0,0,0,0,1,0.357142857142857,8492.1,0,18401
"STU003113",2016,"Female","White",1,0,0,1,1,2.48486958708945,1,0,"Standard",0,0,0,0,1,0.321428571428571,11048.1111111111,0,15497
"STU003114",2016,"Female","Hispanic",0,1,0,0,1,3.22982024236544,1,0,"Standard",0,0,0,0,1,0.678571428571429,7135.68421052632,0,17888
"STU003115",2016,"Female","Hispanic",0,1,0,0,1,3.49231450033309,1,1,"Standard",1,0,0,1,1,0.571428571428571,9510.6875,0,29676
"STU003116",2016,"Male","Hispanic",1,0,0,0,0,2.44659304880764,0,0,"Standard",0,0,0,0,1,0.25,10540.4285714286,0,11372
"STU003117",2016,"Female","White",0,0,0,0,0,3.39139806232343,0,1,"Standard",1,0,0,1,1,0.214285714285714,22711.3333333333,1,88735
"STU003118",2016,"Male","White",0,0,0,0,0,3.73010623997022,0,0,"Advanced",1,0,0,1,1,0.214285714285714,23383.3333333333,1,112630
"STU003119",2016,"Male","MultiRacial",0,1,1,0,0,3.22803119818023,0,0,"Standard",1,0,0,1,1,0.321428571428571,21090,1,79562
"STU003120",2016,"Male","Other",1,0,0,0,0,2.83998655132011,0,0,"Standard",0,0,0,0,1,0.5,13450.0714285714,0,48090
"STU003121",2016,"Female","White",0,0,0,0,1,3.04266208192953,1,0,"Standard",0,0,0,0,1,0.571428571428571,12717.0625,0,44313
"STU003122",2016,"Male","White",0,1,1,0,0,2.28279206478674,0,0,"Standard",0,0,0,0,1,0.571428571428571,10876.25,1,46023
"STU003123",2016,"Male","White",0,0,0,0,1,2.00463380040954,1,0,"Standard",0,0,0,0,1,0.678571428571429,13533.8947368421,0,21343
"STU003124",2016,"Male","White",0,0,0,0,0,2.55534161313927,0,0,"Standard",1,1,0,0,0,0,NA,0,0
"STU003125",2016,"Female","MultiRacial",0,0,0,0,0,3.87689972736625,0,0,"Advanced",1,0,0,1,1,0.607142857142857,10612.8823529412,0,26324
"STU003126",2016,"Female","White",0,1,0,0,1,2.5940481757384,1,0,"Standard",1,0,1,1,1,0.607142857142857,10909.7058823529,0,0
"STU003127",2016,"Male","Hispanic",1,1,1,0,1,2.23472970653318,1,0,"Standard",0,0,0,0,1,0.464285714285714,10929.4615384615,0,38860
"STU003128",2016,"Male","White",0,0,1,0,1,2.49812839436479,1,0,"Standard",1,1,0,0,1,0.392857142857143,22010.1818181818,0,19503
"STU003129",2016,"Male","Black",0,0,0,0,1,3.27574218333702,1,1,"Standard",1,0,0,1,1,0.857142857142857,18445.125,1,117061
"STU003130",2016,"Female","Black",0,1,0,1,1,2.12945255470308,1,0,"Standard",0,0,0,0,1,0.678571428571429,7840.47368421053,1,44838
"STU003131",2016,"Male","MultiRacial",0,1,0,0,1,2.63672015113857,1,0,"Standard",0,0,0,0,1,0.5,7763.28571428571,0,10330
"STU003132",2016,"Female","White",0,0,1,0,0,3.46901029732059,0,1,"Standard",1,0,0,1,0,0,NA,0,0
"STU003133",2016,"Male","Black",0,1,0,0,1,2.41331598276051,1,0,"NonCompletion",0,0,0,0,1,0.321428571428571,8418.77777777778,0,29053
"STU003134",2016,"Male","Black",0,0,0,1,0,3.69417477798022,0,1,"Advanced",1,0,0,1,1,0.642857142857143,15862.3888888889,0,37799
"STU003135",2016,"Female","Asian",1,0,1,0,0,3.15736012938658,0,0,"Standard",1,0,0,1,0,0,NA,0,0
"STU003136",2016,"Male","White",0,1,0,0,1,3.05419568553369,1,0,"Standard",1,0,0,1,1,0.678571428571429,8707.63157894737,1,57677
"STU003137",2016,"Female","White",0,0,0,0,0,2.97094854799377,0,0,"Standard",1,0,0,1,1,0.142857142857143,28437.75,0,21723
"STU003138",2016,"Male","Asian",0,0,0,0,0,3.13883930631561,0,0,"Standard",1,0,0,1,1,0.285714285714286,16230.375,1,85072
"STU003139",2016,"Female","White",1,1,0,0,0,2.62530127049824,0,0,"Standard",0,0,0,0,1,0.75,11281.2857142857,0,11956
"STU003140",2016,"Male","White",1,0,0,0,0,3.14515299709874,0,0,"Standard",0,0,0,0,1,0.214285714285714,8009,0,0
"STU003141",2016,"Male","White",0,1,0,0,0,2.92138112916121,0,0,"Standard",1,0,0,1,1,0.321428571428571,28232.8888888889,1,112265
"STU003142",2016,"Female","Hispanic",0,0,0,0,0,2.34975655040266,0,0,"Standard",0,0,0,0,1,0.5,9840.78571428571,0,13036
"STU003143",2016,"Male","MultiRacial",0,1,0,0,1,4,1,0,"Advanced",1,0,0,1,1,0.714285714285714,12474.5,1,72954
"STU003144",2016,"Female","White",0,1,0,0,1,2.32314083095734,1,0,"Standard",0,0,0,0,1,0.535714285714286,9987.13333333333,1,47896
"STU003145",2016,"Female","White",0,1,0,0,0,2.72582432480527,0,0,"Standard",0,0,0,0,1,0.607142857142857,9126.29411764706,0,21414
"STU003146",2016,"Female","Hispanic",0,1,0,0,0,3.1094321966099,0,0,"Standard",1,0,1,0,1,0.678571428571429,14849,1,77454
"STU003147",2016,"Female","MultiRacial",0,1,0,1,0,2.78097048847773,0,0,"Standard",0,0,0,0,1,0.5,12444.8571428571,1,67163
"STU003148",2016,"Female","White",0,0,1,0,1,1.31553025824395,1,0,"Standard",0,0,0,0,1,0.428571428571429,9724.41666666667,1,45590
"STU003149",2016,"Male","MultiRacial",0,0,0,1,1,1.8780373861119,1,0,"Standard",0,0,0,0,1,0.75,12973.0952380952,0,46854
"STU003150",2016,"Male","White",0,0,0,0,0,3.64215168530373,0,1,"Advanced",1,0,0,1,1,0.607142857142857,8450.11764705882,0,10669
"STU003151",2016,"Male","White",0,1,0,0,0,3.38695069800315,0,1,"Standard",1,0,1,1,1,0.178571428571429,15744.6,0,14934
"STU003152",2016,"Male","White",1,0,0,1,1,2.82339767314124,1,1,"Standard",1,0,0,1,1,0.25,8265.14285714286,0,24425
"STU003153",2016,"Female","Hispanic",0,1,0,0,0,2.69221044149836,0,1,"Standard",1,1,0,0,1,0.642857142857143,19846.6666666667,0,29050
"STU003154",2016,"Female","Hispanic",0,0,0,0,1,2.26131057573834,1,0,"NonCompletion",0,0,0,0,1,0.642857142857143,9658.72222222222,0,17221
"STU003155",2016,"Female","White",0,1,0,0,1,1.93550658197002,1,0,"Standard",0,0,0,0,0,0,NA,0,0
"STU003156",2016,"Male","Other",1,1,0,0,0,3.16144484324956,0,1,"Standard",1,1,1,0,1,0.535714285714286,12764.8,0,38011
"STU003157",2016,"Male","White",1,0,1,1,0,2.14026279037559,0,0,"Standard",0,0,0,0,1,0.535714285714286,7808.33333333333,0,0
"STU003158",2016,"Female","Black",0,0,0,0,0,3.50790222360304,0,0,"Advanced",1,0,0,1,1,0.642857142857143,9920.38888888889,0,42388
"STU003159",2016,"Male","Hispanic",0,1,0,0,1,2.38788325082365,1,0,"Standard",0,0,0,0,1,0.607142857142857,11804.2941176471,1,53090
"STU003160",2016,"Female","Other",1,0,0,0,1,1.60753783501681,1,1,"NonCompletion",0,0,0,0,1,0.607142857142857,9692.35294117647,0,25411
"STU003161",2016,"Male","White",1,1,0,0,1,2.30277445544528,1,0,"Standard",0,0,0,0,1,0.714285714285714,10556.9,1,40490
"STU003162",2016,"Female","Black",1,0,0,0,0,2.71269905276487,0,1,"Standard",1,0,0,1,1,0.642857142857143,13542.6666666667,1,83347
"STU003163",2016,"Female","Asian",1,0,0,0,0,3.30293558680013,0,1,"Standard",1,0,0,1,1,0.678571428571429,14354.5263157895,1,68128
"STU003164",2016,"Male","Black",0,0,0,0,1,2.32872530695344,1,0,"Standard",0,0,0,0,1,0.571428571428571,11615.75,0,14184
"STU003165",2016,"Female","White",0,0,0,0,0,3.11414084479108,0,0,"Standard",0,0,0,0,1,0.357142857142857,13976,0,37898
"STU003166",2016,"Female","Hispanic",0,0,1,0,0,2.09940413329166,0,0,"Standard",0,0,0,0,1,0.392857142857143,11468.8181818182,0,19457
"STU003167",2016,"Male","White",0,1,0,1,0,2.89695027313701,0,0,"Standard",1,0,0,1,1,0.0714285714285714,16137,0,32274
"STU003168",2016,"Male","MultiRacial",1,0,0,1,1,2.7810379668183,1,0,"Standard",0,0,0,0,1,0.785714285714286,8889.36363636364,1,41066
"STU003169",2016,"Female","White",0,0,0,1,0,3.19341607933659,0,0,"Standard",1,0,0,1,1,0.607142857142857,8149.23529411765,0,31363
"STU003170",2016,"Female","Black",1,0,0,0,1,2.22523584785828,1,0,"Standard",0,0,0,0,1,0.642857142857143,11167.8333333333,0,10187
"STU003171",2016,"Female","Other",0,0,0,0,0,3.39065256831331,0,1,"Standard",0,0,0,0,1,0.0714285714285714,26924.5,0,0
"STU003172",2016,"Male","White",0,1,0,0,0,2.7945082151085,0,0,"Standard",0,0,0,0,1,0.678571428571429,8898.84210526316,1,45833
"STU003173",2016,"Male","White",0,0,0,0,1,2.73487316175916,1,0,"Standard",0,0,0,0,1,0.357142857142857,11577.7,1,52860
"STU003174",2016,"Female","White",1,0,0,0,0,2.52684327138563,0,0,"Standard",1,0,1,0,1,0.428571428571429,15825.5,0,65535
"STU003175",2016,"Female","White",0,1,0,1,0,3.63035354426558,0,1,"Advanced",1,0,0,1,1,0.535714285714286,14335.5333333333,1,70470
"STU003176",2016,"Male","White",0,0,0,0,0,2.8734108310053,0,0,"Standard",0,0,0,0,1,0.178571428571429,17910.2,0,44619
"STU003177",2016,"Female","White",1,0,0,0,1,2.83722424308233,1,0,"Standard",1,0,1,0,1,0.678571428571429,11281.8947368421,0,30439
"STU003178",2016,"Male","White",0,0,0,0,0,2.99953502978476,0,0,"Standard",0,0,0,0,1,0.678571428571429,9905.73684210526,0,45517
"STU003179",2016,"Female","White",0,1,1,0,0,2.33262554186628,0,0,"Standard",0,0,0,0,0,0,NA,0,0
"STU003180",2016,"Male","White",0,0,0,0,0,3.88554912572747,0,0,"Advanced",0,0,0,0,1,0.178571428571429,21980.6,0,51336
"STU003181",2016,"Female","White",1,0,0,0,0,2.5949417396354,0,0,"Standard",0,0,0,0,0,0,NA,0,0
"STU003182",2016,"Male","Hispanic",0,0,0,0,1,1.70673130143731,1,0,"NonCompletion",0,0,0,0,1,0.642857142857143,10662.9444444444,0,25772
"STU003183",2016,"Male","White",0,0,0,0,1,2.89769073917363,1,1,"Standard",1,0,1,0,1,0.464285714285714,11378.5384615385,1,53909
"STU003184",2016,"Female","White",1,1,0,0,0,3.20156966629699,0,0,"Standard",1,0,1,0,1,0.321428571428571,12040.2222222222,0,38557
"STU003185",2016,"Male","White",0,0,0,0,0,2.99907743896211,0,0,"Standard",1,1,0,0,1,0.464285714285714,19503.1538461538,1,85784
"STU003186",2016,"Male","Hispanic",0,1,1,0,0,2.56301879495696,0,0,"Standard",0,0,0,0,1,0.642857142857143,9742.61111111111,0,37577
"STU003187",2016,"Male","White",0,1,0,1,0,2.52541544235562,0,0,"Standard",0,0,0,0,1,0.321428571428571,11382.1111111111,1,58091
"STU003188",2016,"Female","Hispanic",1,1,0,0,1,3.15570379374975,1,1,"Standard",1,0,1,0,1,0.642857142857143,11958.2777777778,1,60929
"STU003189",2016,"Female","White",0,0,0,0,1,2.2738525718238,1,0,"Standard",0,0,0,0,1,0.607142857142857,10452.7647058824,0,19585
"STU003190",2016,"Female","Hispanic",1,0,1,0,1,2.11298724324418,1,0,"NonCompletion",0,0,0,0,1,0.678571428571429,13086.1052631579,0,14890
"STU003191",2016,"Male","Other",0,0,0,0,1,3.30422959141446,1,1,"Standard",1,0,0,1,1,0.642857142857143,13939.6666666667,0,13591
"STU003192",2016,"Male","White",0,0,0,0,0,2.85637762351213,0,0,"Standard",1,0,0,1,1,0.392857142857143,12508,0,14848
"STU003193",2016,"Female","Black",0,0,0,0,1,2.43763650789792,1,0,"Standard",0,0,0,0,1,0.642857142857143,9959,1,43043
"STU003194",2016,"Male","Asian",0,0,0,0,1,2.03292086765479,1,0,"NonCompletion",0,0,0,0,1,0.607142857142857,10772.1764705882,0,0
"STU003195",2016,"Female","Hispanic",0,1,0,0,0,3.77800073262208,0,1,"Advanced",1,0,1,0,0,0,NA,0,0
"STU003196",2016,"Male","Black",1,1,0,0,1,2.0558711183837,1,0,"NonCompletion",0,0,0,0,1,0.678571428571429,15257.8421052632,0,44794
"STU003197",2016,"Male","Black",0,1,1,1,1,1.68190769830728,1,0,"Standard",0,0,0,0,1,0.75,10723.4285714286,0,37750
"STU003198",2016,"Female","Hispanic",0,1,0,0,1,1.45937513971336,1,0,"Standard",0,0,0,0,1,0.678571428571429,11477.4736842105,0,32048
"STU003199",2016,"Male","White",0,0,0,0,0,2.58748897883674,0,0,"Standard",0,0,0,0,1,0.607142857142857,11771.8823529412,0,38386
"STU003200",2016,"Female","MultiRacial",0,0,0,0,1,3.08340874682614,1,0,"Standard",1,0,0,1,1,0.714285714285714,11751.55,1,68539
"STU003201",2016,"Female","Black",0,0,1,0,0,2.50614815177297,0,0,"Standard",0,0,0,0,1,0.642857142857143,8704.27777777778,0,9116
"STU003202",2016,"Male","Hispanic",1,1,0,1,0,3.17578908464343,0,0,"Standard",1,0,0,1,1,0.785714285714286,6518.72727272727,1,20663
"STU003203",2016,"Female","White",0,0,1,0,0,2.26299219806912,0,0,"Standard",0,0,0,0,1,0.785714285714286,9803.5,1,44267
"STU003204",2016,"Female","White",1,1,0,0,0,2.82541707083978,0,0,"Standard",0,0,0,0,1,0.607142857142857,13646.4705882353,0,14847
"STU003205",2016,"Female","White",0,0,0,0,0,2.03133506961422,0,0,"Standard",0,0,0,0,1,0.892857142857143,10563.8,1,44762
"STU003206",2016,"Female","White",1,0,0,0,0,2.23379486691331,0,0,"Standard",1,1,1,0,1,0.392857142857143,14077.4545454545,1,74777
"STU003207",2016,"Male","White",0,1,1,1,0,2.06654736699214,0,0,"NonCompletion",0,0,0,0,1,0.464285714285714,11392.7692307692,0,0
"STU003208",2016,"Female","White",0,0,0,0,0,2.51526488202861,0,0,"Standard",0,0,0,0,1,0.357142857142857,10479.2,0,32029
"STU003209",2016,"NonBinary_Other","Asian",1,1,1,0,0,2.54244127785807,0,0,"Standard",0,0,0,0,1,0.678571428571429,9911.57894736842,0,23137
"STU003210",2016,"Male","White",0,1,0,0,1,2.44507639926052,1,1,"Standard",0,0,0,0,1,0.571428571428571,18514.1875,1,102756
"STU003211",2016,"Female","White",0,0,0,0,1,2.29447374470474,1,0,"Standard",1,1,0,0,1,0.607142857142857,13173.8823529412,0,32009
"STU003212",2016,"Female","Hispanic",0,1,1,0,1,2.13820412086345,1,1,"Standard",1,0,1,1,0,0,NA,0,0
"STU003213",2016,"Female","MultiRacial",0,1,0,0,0,3.8066030174571,0,0,"Advanced",1,0,0,1,1,0.571428571428571,7683.8125,1,39419
"STU003214",2016,"Male","Hispanic",0,1,1,0,1,2.25999249838001,1,0,"Standard",0,0,0,0,1,0.321428571428571,8957.11111111111,0,0
"STU003215",2016,"Female","Hispanic",0,1,1,1,1,3.01404500828819,1,0,"Standard",0,0,0,0,1,0.607142857142857,12169.2352941176,1,57557
"STU003216",2016,"Male","Hispanic",1,0,0,0,0,2.67334662365475,0,0,"Standard",1,0,1,0,1,0.25,14070.5714285714,0,31862
"STU003217",2016,"Female","Black",1,1,0,0,1,2.42714639291335,1,0,"Standard",0,0,0,0,0,0,NA,0,0
"STU003218",2016,"Male","White",0,1,0,0,0,2.11451810011722,0,0,"Standard",0,0,0,0,1,0.714285714285714,11918.75,1,57604
"STU003219",2016,"Female","MultiRacial",0,1,0,1,0,2.49089633906009,0,0,"NonCompletion",0,0,0,0,1,0.464285714285714,9844.53846153846,0,18389
"STU003220",2016,"Female","White",0,0,1,0,1,2.1937063278092,1,0,"Standard",0,0,0,0,1,0.821428571428571,10840.0869565217,1,46613
"STU003221",2016,"Female","Hispanic",0,0,0,0,0,3.03481443697034,0,1,"Standard",1,0,0,1,0,0,NA,0,0
"STU003222",2016,"Female","White",0,0,0,0,0,2.15579141891456,0,0,"Standard",0,0,0,0,1,0.5,14850.9285714286,0,40779
"STU003223",2016,"Male","Hispanic",1,0,0,0,1,2.76591595098055,1,0,"Standard",1,1,0,0,1,0.785714285714286,16362.1363636364,1,70772
"STU003224",2016,"Male","Asian",0,1,0,0,1,3.56511456557335,1,0,"Advanced",0,0,0,0,1,0.607142857142857,7522.88235294118,0,31584
"STU003225",2016,"Female","White",0,0,0,0,0,2.45262051943371,0,0,"NonCompletion",0,0,0,0,1,0.571428571428571,9582.1875,1,36396
"STU003226",2016,"Male","Hispanic",0,1,0,0,0,2.41768068688115,0,0,"Standard",0,0,0,0,1,0.571428571428571,12480.1875,0,39890
"STU003227",2016,"Female","Hispanic",0,1,0,0,1,2.19929170104545,1,1,"Standard",0,0,0,0,1,0.535714285714286,9108.06666666667,0,17575
"STU003228",2016,"Female","Hispanic",0,1,0,1,0,2.67816330130165,0,0,"Standard",1,0,0,1,1,0.142857142857143,7767.75,0,21456
"STU003229",2016,"Male","Black",1,1,1,0,0,3.46740277714211,0,1,"Standard",1,0,0,1,1,0.75,21536.8095238095,1,102394
"STU003230",2016,"Male","Asian",0,0,0,0,0,3.02034392124469,0,0,"Standard",0,0,0,0,1,0.785714285714286,11481.7727272727,0,34945
"STU003231",2016,"Female","White",1,1,0,0,0,2.01914480048422,0,0,"Standard",0,0,0,0,1,0.571428571428571,13621.4375,0,11769
"STU003232",2016,"Male","White",0,1,1,0,0,3.19650633720944,0,0,"Standard",1,0,0,1,1,0.142857142857143,22949.5,1,91798
"STU003233",2016,"Female","Asian",1,0,0,0,0,3.11097689211374,0,0,"Standard",0,0,0,0,1,0.214285714285714,10163.8333333333,0,21507
"STU003234",2016,"Female","White",0,1,0,0,0,3.46838581264656,0,1,"Standard",1,0,1,0,1,0.5,18440.4285714286,1,106278
"STU003235",2016,"Female","White",0,0,0,0,0,2.53434376195348,0,0,"Standard",0,0,0,0,1,0.178571428571429,16018.8,1,58746
"STU003236",2016,"Female","Other",0,0,0,0,0,3.05996380232215,0,1,"Standard",1,0,0,1,1,0.642857142857143,17218.3888888889,0,17211
"STU003237",2016,"Female","White",0,1,0,0,0,2.58026064992153,0,0,"Standard",0,0,0,0,1,0.714285714285714,10609.2,0,0
"STU003238",2016,"Male","White",1,1,0,0,1,2.53392386176375,1,0,"Standard",0,0,0,0,1,0.571428571428571,9216,0,34136
"STU003239",2016,"Male","White",0,0,0,0,1,3.15412577288588,1,0,"Standard",1,1,1,0,1,0.5,17844.5,0,13755
"STU003240",2016,"Female","White",1,1,0,0,0,NA,0,0,"Standard",0,0,0,0,1,0.571428571428571,14780.625,0,41871
"STU003241",2016,"Male","Hispanic",1,1,0,0,1,3.29711418542152,1,0,"Standard",0,0,0,0,1,0.857142857142857,12335.875,1,64344
"STU003242",2016,"Female","AmericanIndian",1,1,0,1,0,2.63864861690978,0,0,"Standard",0,0,0,0,1,0.785714285714286,14229.8181818182,0,49662
"STU003243",2016,"Male","Black",0,0,1,0,1,1.64744900345123,1,0,"NonCompletion",0,0,0,0,1,0.714285714285714,8476.95,0,35413
"STU003244",2016,"Male","AmericanIndian",0,1,1,0,1,2.61230122123258,1,0,"Standard",0,0,0,0,1,0.392857142857143,9678.90909090909,1,44781
"STU003245",2016,"Female","Hispanic",1,1,0,0,0,2.71244156715286,0,0,"Standard",1,0,0,1,0,0,NA,0,0
"STU003246",2016,"Male","Other",0,0,1,1,1,2.4673069443147,1,0,"Standard",1,0,1,0,1,0.5,9340.21428571429,0,6519
"STU003247",2016,"Male","White",0,1,0,0,0,3.11608280542355,0,0,"Standard",0,0,0,0,1,0.142857142857143,16508.75,0,38074
"STU003248",2016,"Male","White",1,0,1,1,0,1.82569547790115,0,0,"Standard",0,0,0,0,1,0.357142857142857,10523,0,24399
"STU003249",2016,"Female","White",0,1,0,0,0,2.87297452780007,0,0,"Standard",0,0,0,0,1,0.571428571428571,11289.25,0,32212
"STU003250",2016,"Male","White",1,1,0,0,0,3.26347677670516,0,1,"Standard",1,0,0,1,1,0.714285714285714,7892.7,0,7582
"STU003251",2016,"Male","White",1,1,0,0,0,2.71218706211262,0,0,"Standard",0,0,0,0,1,0.535714285714286,12298.4666666667,0,16260
"STU003252",2016,"Female","White",0,1,0,0,0,2.61514329681542,0,0,"Standard",1,0,1,0,1,0.785714285714286,9372.22727272727,1,55366
"STU003253",2016,"Female","White",0,0,0,0,0,3.09404632997743,0,0,"Standard",1,0,0,1,1,0.75,14916.7142857143,0,0
"STU003254",2016,"Male","Asian",1,0,0,0,1,2.21203976973921,1,1,"Standard",0,0,0,0,1,0.25,15411.4285714286,0,13743
"STU003255",2016,"Female","Hispanic",1,0,0,0,1,1.81286419151703,1,0,"NonCompletion",0,0,0,0,1,0.678571428571429,12692.9473684211,0,40869
"STU003256",2016,"Female","Asian",1,1,0,0,1,2.42005866279226,1,0,"Standard",0,0,0,0,0,0,NA,0,0
"STU003257",2016,"Female","White",0,0,0,0,0,3.31785490708726,0,0,"Standard",1,0,0,1,1,0.535714285714286,14560.1333333333,0,11768
"STU003258",2016,"Female","White",0,0,0,0,1,3.35686966707303,1,0,"Standard",1,0,0,1,1,0.75,14302.6666666667,0,35216
"STU003259",2016,"Male","Hispanic",1,1,1,0,0,1.93246860447887,0,0,"Standard",0,0,0,0,1,0.321428571428571,12070,1,64399
"STU003260",2016,"Male","White",0,0,0,0,0,2.37131137431818,0,0,"Standard",0,0,0,0,1,0.25,13279.8571428571,0,0
"STU003261",2016,"Female","White",0,0,0,0,1,3.37546181803805,1,0,"Standard",1,0,1,0,1,0.428571428571429,12108.5,0,39663
"STU003262",2016,"Female","Asian",0,1,0,0,0,2.49621176543931,0,0,"Standard",1,0,1,1,1,0.178571428571429,16397.4,0,41245
"STU003263",2016,"Male","White",0,0,0,0,1,2.59024328407798,1,0,"Standard",1,0,1,0,1,0.607142857142857,12998.2352941176,1,59675
"STU003264",2016,"Male","Asian",0,0,0,0,0,2.88703577215189,0,0,"Standard",1,0,0,1,1,0.464285714285714,17644.3846153846,1,93744
"STU003265",2016,"Male","Black",1,1,0,0,1,2.64637875411768,1,0,"Standard",1,0,1,0,1,0.321428571428571,18774.8888888889,1,83352
"STU003266",2016,"Male","White",0,0,0,0,1,2.17094309095061,1,0,"Standard",0,0,0,0,1,0.571428571428571,8289.375,0,11814
"STU003267",2016,"Female","Hispanic",0,0,0,0,1,2.37053016586348,1,0,"Standard",0,0,0,0,1,0.821428571428571,15593.3043478261,1,67483
"STU003268",2016,"Male","White",0,1,0,0,1,2.86168722478027,1,0,"Standard",0,0,0,0,1,0.5,9464.07142857143,0,8585
"STU003269",2016,"Male","AmericanIndian",1,0,0,0,1,3.00303451786807,1,0,"Standard",1,1,1,0,1,0.178571428571429,18230.2,0,58300
"STU003270",2016,"Female","Asian",0,0,0,0,0,2.74173713670165,0,0,"Standard",1,0,0,1,1,0.857142857142857,8130.875,1,34335
"STU003271",2016,"Female","Other",0,0,0,0,0,2.47301411760981,0,1,"Standard",1,0,1,0,1,0.571428571428571,10365.5,0,32760
"STU003272",2016,"Female","Other",1,0,1,0,0,2.67220185075272,0,0,"Standard",1,1,1,0,1,0.285714285714286,15734.75,0,51589
"STU003273",2016,"Male","White",0,0,0,1,0,3.59352490373253,0,0,"Advanced",1,0,0,1,1,0.25,12568.7142857143,0,21140
"STU003274",2016,"Male","Hispanic",1,1,0,0,1,3.02217903240122,1,0,"Standard",1,0,0,1,1,0.214285714285714,15823.5,1,68012
"STU003275",2016,"Female","Hispanic",1,1,0,0,1,3.1490553167654,1,0,"Standard",1,0,0,1,1,0.25,6151.71428571429,0,0
"STU003276",2016,"Female","Other",0,0,0,0,0,3.93007973060852,0,0,"Advanced",1,0,0,1,1,0.428571428571429,15084.9166666667,0,45094
"STU003277",2016,"Female","White",0,1,0,0,1,3.16096720326067,1,0,"Standard",1,0,1,0,1,0.428571428571429,8169,0,0
"STU003278",2016,"Female","White",0,0,0,0,0,3.01707662469613,0,0,"Standard",0,0,0,0,1,0.571428571428571,10382.25,1,49912
"STU003279",2016,"Female","White",0,1,0,0,1,3.60645025409389,1,0,"Advanced",1,0,1,0,1,0.464285714285714,12112.3076923077,0,48459
"STU003280",2016,"Female","Black",0,0,0,1,1,2.4882598481593,1,0,"Standard",1,0,1,0,1,0.25,20693,0,51755
"STU003281",2016,"Female","White",0,0,0,0,1,2.40846596508201,1,0,"Standard",0,0,0,0,1,0.428571428571429,10571.8333333333,0,30653
"STU003282",2016,"Male","White",1,0,0,0,0,3.01460382675125,0,0,"Standard",0,0,0,0,1,0.464285714285714,8169.23076923077,0,25106
"STU003283",2016,"Male","Hispanic",0,0,0,1,0,3.40937789671515,0,0,"Standard",0,0,0,0,1,0.464285714285714,11380.1538461538,1,50787
"STU003284",2016,"Female","MultiRacial",1,1,0,1,0,2.43148664684574,0,0,"Standard",0,0,0,0,1,0.642857142857143,14607.6111111111,0,45753
"STU003285",2016,"Female","White",0,1,0,0,1,2.29979360772112,1,0,"Standard",1,1,0,0,1,0.571428571428571,14550.5625,0,74419
"STU003286",2016,"Male","White",0,0,0,0,0,3.23226661543377,0,0,"Standard",1,0,0,1,1,0.0714285714285714,20882.5,0,41765
"STU003287",2016,"Female","Hispanic",1,0,0,0,0,2.43184978270555,0,0,"Standard",0,0,0,0,1,0.535714285714286,11027.5333333333,0,33479
"STU003288",2016,"Female","Hispanic",0,1,0,0,1,2.75923369158227,1,0,"Standard",0,0,0,0,1,0.607142857142857,9509.64705882353,1,57959
"STU003289",2016,"Female","White",0,0,0,0,0,2.21050299364267,0,0,"Standard",0,0,0,0,1,0.178571428571429,10555.8,0,0
"STU003290",2016,"Female","Asian",0,1,0,0,1,4,1,1,"Advanced",1,0,0,1,1,0.107142857142857,26972.3333333333,0,47890
"STU003291",2016,"Female","Hispanic",0,0,0,0,0,3.21394771878966,0,0,"Standard",1,0,0,1,1,0.321428571428571,18828,0,36296
"STU003292",2016,"Female","White",0,1,0,0,0,4,0,0,"Advanced",1,0,0,1,1,0.5,17550.2857142857,1,80528
"STU003293",2016,"Female","Black",0,1,0,0,1,NA,1,1,"Standard",1,1,1,0,1,0.678571428571429,11700.9473684211,1,51137
"STU003294",2016,"Female","Asian",0,0,1,0,0,3.22889771849926,0,0,"Standard",1,0,1,0,1,0.5,12440.9285714286,0,32416
"STU003295",2016,"Female","Black",0,0,0,0,1,2.43225211609589,1,0,"Standard",0,0,0,0,1,0.428571428571429,9600.08333333333,1,38209
"STU003296",2016,"Male","Hispanic",0,0,0,0,0,2.33594338763015,0,0,"Standard",0,0,0,0,1,0.0714285714285714,11186.5,0,22373
"STU003297",2016,"Male","White",0,0,0,0,1,1.71440478676466,1,1,"NonCompletion",0,0,0,0,1,0.571428571428571,10693.3125,0,0
"STU003298",2016,"Female","Black",0,0,0,0,1,2.33940004390366,1,0,"Standard",0,0,0,0,1,0.642857142857143,7601.22222222222,1,38145
"STU003299",2016,"Female","Asian",0,0,0,0,0,2.4820486543358,0,1,"Standard",1,1,1,0,1,0.428571428571429,12300.5833333333,1,53961
"STU003300",2016,"Female","Hispanic",1,0,0,0,0,3.04633924312364,0,1,"Standard",1,0,1,0,1,0.5,15610.4285714286,0,48244
"STU003301",2016,"Male","White",0,1,0,0,0,2.37984272545327,0,0,"Standard",0,0,0,0,1,0.714285714285714,9881.05,0,35271
"STU003302",2016,"Female","Hispanic",0,0,0,0,1,2.11402529462702,1,0,"NonCompletion",0,0,0,0,1,0.714285714285714,9438.3,1,39020
"STU003303",2016,"Male","White",0,0,0,0,1,2.62256475036084,1,0,"Standard",0,0,0,0,1,0.607142857142857,14238.1176470588,0,61100
"STU003304",2016,"Female","White",0,1,0,0,0,2.9327155380042,0,1,"Standard",1,0,0,1,1,0.392857142857143,17759.5454545455,0,33055
"STU003305",2016,"Female","Asian",0,0,0,0,0,2.15708858501897,0,0,"Standard",0,0,0,0,1,0.178571428571429,15612.2,0,15401
"STU003306",2016,"Female","White",0,1,0,0,0,2.53948560564458,0,0,"NonCompletion",0,0,0,0,1,0.535714285714286,8793.6,1,29984
"STU003307",2016,"Male","Hispanic",0,1,0,0,0,3.03953742833589,0,0,"Standard",1,0,1,0,1,0.321428571428571,12713,0,10857
"STU003308",2016,"Male","AmericanIndian",0,0,0,0,1,3.57972719106107,1,0,"Advanced",1,0,0,1,1,0.392857142857143,14286.8181818182,0,32714
"STU003309",2016,"Male","Asian",0,0,0,0,1,3.12853075702435,1,1,"Standard",1,0,0,1,1,0.25,31395.7142857143,1,130611
"STU003310",2016,"Female","White",1,1,0,0,1,2.4760835523568,1,1,"Standard",0,0,0,0,1,0.857142857142857,8641,1,37553
"STU003311",2016,"Female","Other",0,0,0,1,0,2.36286468404906,0,0,"Standard",0,0,0,0,1,0.392857142857143,14320.1818181818,0,11744
"STU003312",2016,"Female","Hispanic",0,0,0,0,1,2.16995947532023,1,0,"Standard",0,0,0,0,1,0.714285714285714,11674.3,0,9407
"STU003313",2016,"Female","Hispanic",1,0,0,0,1,2.8808599452841,1,0,"Standard",0,0,0,0,1,0.678571428571429,10693.5789473684,0,41122
"STU003314",2016,"Male","White",0,1,0,0,0,3.31533173705396,0,0,"Standard",1,0,0,1,0,0,NA,0,0
"STU003315",2016,"Female","MultiRacial",0,1,1,0,1,3.28601245997912,1,0,"Standard",1,0,1,1,1,0.785714285714286,10923.0454545455,0,57839
"STU003316",2016,"Male","White",1,0,0,0,1,3.0546164758668,1,1,"Standard",1,0,0,1,1,0.142857142857143,16807.5,0,0
"STU003317",2016,"Female","Hispanic",0,1,1,0,1,2.57656907780211,1,0,"Standard",0,0,0,0,1,0.714285714285714,9310.65,0,36898
"STU003318",2016,"Male","White",1,0,0,1,0,2.43856936051565,0,1,"Standard",0,0,0,0,1,0.464285714285714,10387.0769230769,0,25961
"STU003319",2016,"Female","White",0,1,0,0,1,3.02396226837755,1,0,"Standard",0,0,0,0,1,0.464285714285714,19741.0769230769,1,85302
"STU003320",2016,"NonBinary_Other","Asian",0,0,1,0,1,2.55640925015575,1,1,"Standard",0,0,0,0,1,0.5,11637.9285714286,1,62225
"STU003321",2016,"Female","White",0,1,0,0,0,2.25787849963211,0,0,"Standard",0,0,0,0,1,0.857142857142857,11458.6666666667,1,53058
"STU003322",2016,"Female","White",1,0,0,0,0,3.53454223633804,0,0,"Advanced",0,0,0,0,1,0.428571428571429,12298.4166666667,0,0
"STU003323",2016,"Female","Asian",0,1,0,0,0,NA,0,1,"NonCompletion",0,0,0,0,1,0.75,15127.2857142857,0,39992
"STU003324",2016,"Female","White",0,0,0,0,0,2.06605794297048,0,0,"Standard",1,0,1,0,1,0.642857142857143,8772.22222222222,0,24465
"STU003325",2016,"Female","Hispanic",1,0,0,0,0,2.40792874976358,0,0,"Standard",0,0,0,0,0,0,NA,0,0
"STU003326",2016,"Male","White",0,0,0,0,0,3.72255514530285,0,1,"Advanced",1,0,0,1,1,0.5,10454.2857142857,0,55633
"STU003327",2016,"Female","Black",0,0,0,0,0,NA,0,1,"NonCompletion",0,0,0,0,1,0.535714285714286,16838.8,0,68801
"STU003328",2016,"Male","MultiRacial",1,1,0,0,0,2.66886511051293,0,0,"NonCompletion",0,0,0,0,1,0.571428571428571,8684.8125,0,8755
"STU003329",2016,"Male","Hispanic",1,0,1,0,0,1.94837445116563,0,0,"Standard",0,0,0,0,1,0.428571428571429,11245.25,0,0
"STU003330",2016,"Male","Hispanic",0,1,1,0,0,2.5869673369946,0,0,"Standard",0,0,0,0,1,0.464285714285714,14349.0769230769,1,57479
"STU003331",2016,"Male","White",0,0,0,0,0,2.71463417395549,0,1,"Standard",1,0,1,0,1,0.428571428571429,12244.8333333333,0,0
"STU003332",2016,"Female","White",1,1,0,1,0,2.45174189628195,0,0,"Standard",0,0,0,0,1,0.464285714285714,9483.92307692308,0,0
"STU003333",2016,"Male","MultiRacial",0,0,0,0,0,2.10620989728731,0,0,"Standard",0,0,0,0,1,0.321428571428571,10306.7777777778,0,23992
"STU003334",2016,"Male","White",0,1,0,0,1,NA,1,0,"Standard",0,0,0,0,1,0.785714285714286,12384.5909090909,1,56378
"STU003335",2016,"Female","White",0,0,0,0,0,3.10748988281014,0,0,"Standard",0,0,0,0,1,0.607142857142857,8080.41176470588,1,38117
"STU003336",2016,"Female","White",1,0,0,0,1,2.3980395700323,1,0,"Standard",0,0,0,0,0,0,NA,0,0
"STU003337",2016,"Male","White",0,0,0,1,1,3.10999049454112,1,1,"Standard",1,0,1,0,1,0.214285714285714,16649,1,63295
"STU003338",2016,"Male","Other",1,1,0,0,0,1.82368376234233,0,0,"Standard",0,0,0,0,1,0.5,13876.7857142857,1,47218
"STU003339",2016,"Male","White",1,1,0,0,0,1.83510351159742,0,0,"NonCompletion",0,0,0,0,1,0.75,10252.5714285714,1,53718
"STU003340",2016,"Female","White",1,0,0,0,0,3.53163687969884,0,0,"Advanced",1,0,0,1,1,0.571428571428571,15586.4375,0,49488
"STU003341",2016,"Male","AmericanIndian",0,1,0,0,1,2.10918868040888,1,1,"Standard",1,1,0,0,1,0.392857142857143,14299.2727272727,1,72032
"STU003342",2016,"Male","White",0,1,0,0,0,2.81281209035437,0,0,"Standard",0,0,0,0,1,0.785714285714286,8798.04545454545,0,22387
"STU003343",2016,"Female","Asian",1,1,0,0,1,2.89383459174692,1,0,"Standard",0,0,0,0,1,0.5,9877.35714285714,0,18481
"STU003344",2016,"Male","Black",0,0,0,0,1,2.29170473214275,1,0,"Standard",1,1,0,0,1,0.571428571428571,13007.25,0,41847
"STU003345",2016,"Female","Black",0,1,0,0,1,2.88283433629908,1,0,"Standard",0,0,0,0,1,0.142857142857143,10163.5,0,7665
"STU003346",2016,"Male","White",0,1,0,0,0,3.37279063047621,0,0,"Standard",1,0,0,1,1,0.464285714285714,18689.6153846154,1,106849
"STU003347",2016,"Female","Other",0,0,0,1,1,2.51450537088775,1,0,"Standard",0,0,0,0,1,0.642857142857143,8864.94444444445,1,44120
"STU003348",2016,"Female","Hispanic",0,1,0,0,1,2.31174475959142,1,0,"Standard",0,0,0,0,1,0.607142857142857,9588.64705882353,0,37805
"STU003349",2016,"Male","Hispanic",0,0,0,0,0,NA,0,1,"NonCompletion",0,0,0,0,1,0.785714285714286,7130.13636363636,0,28445
"STU003350",2016,"Female","White",0,0,0,0,0,2.19911639072784,0,0,"Standard",0,0,0,0,1,0.642857142857143,8173.22222222222,1,43944
"STU003351",2016,"Female","Hispanic",0,0,0,0,1,2.99420170323031,1,0,"Standard",0,0,0,0,1,0.178571428571429,10258,0,0
"STU003352",2016,"Male","White",0,1,0,0,1,2.27870843521041,1,0,"Standard",0,0,0,0,1,0.535714285714286,10741.6666666667,1,51705
"STU003353",2016,"Male","White",1,0,0,0,1,2.17850162526868,1,0,"Standard",0,0,0,0,1,0.714285714285714,11535,0,0
"STU003354",2016,"Female","MultiRacial",1,0,0,0,0,1.99709250296682,0,0,"NonCompletion",0,0,0,0,1,0.535714285714286,11491.2666666667,0,17271
"STU003355",2016,"Female","Hispanic",0,1,0,0,1,2.46452669195479,1,0,"Standard",0,0,0,0,1,0.928571428571429,10882.3846153846,1,46988
"STU003356",2016,"Female","White",0,1,0,0,0,2.63918641686886,0,0,"Standard",0,0,0,0,1,0.535714285714286,11673,0,37518
"STU003357",2016,"Male","Hispanic",0,0,0,0,1,1.73654162086239,1,0,"Standard",0,0,0,0,1,0.607142857142857,8441.29411764706,0,17880
"STU003358",2016,"Female","White",0,0,0,0,1,2.45578233874843,1,0,"Standard",0,0,0,0,1,0.714285714285714,11408.95,0,34730
"STU003359",2016,"Female","Hispanic",1,0,0,1,1,3.44634921790111,1,0,"Standard",1,0,0,1,1,0.321428571428571,9750.55555555555,0,18823
"STU003360",2016,"Female","Hispanic",1,1,0,0,1,1.93969136013816,1,0,"NonCompletion",0,0,0,0,1,0.428571428571429,7773.58333333333,0,0
"STU003361",2016,"Male","Hispanic",0,1,0,0,1,2.80484539128205,1,0,"Standard",0,0,0,0,0,0,NA,0,0
"STU003362",2016,"Female","White",1,1,0,0,1,2.99656687438006,1,0,"Standard",0,0,0,0,1,0.642857142857143,9774.22222222222,0,41191
"STU003363",2016,"Male","Hispanic",0,0,1,0,1,2.38885170527071,1,0,"Standard",0,0,0,0,1,0.5,9875.71428571429,0,32393
"STU003364",2016,"Female","White",0,0,1,0,1,1.72524106046084,1,0,"Standard",0,0,0,0,1,0.142857142857143,13008.25,0,0
"STU003365",2016,"Male","Hispanic",0,1,0,0,0,3.30435786565762,0,0,"Standard",1,0,0,1,1,0.392857142857143,16849.6363636364,1,90677
"STU003366",2016,"Male","White",1,0,0,0,0,2.31813446602076,0,1,"Standard",0,0,0,0,1,0.285714285714286,9126.875,0,0
"STU003367",2016,"Male","Asian",0,1,1,0,0,1.63509996773415,0,0,"Standard",0,0,0,0,1,0.714285714285714,10583.65,0,33955
"STU003368",2016,"Female","Asian",0,0,0,0,1,3.05713718225296,1,1,"Standard",0,0,0,0,1,0.392857142857143,12741.9090909091,0,22879
"STU003369",2016,"Female","Asian",1,1,0,0,0,2.1092930654421,0,0,"Standard",0,0,0,0,0,0,NA,0,0
"STU003370",2016,"Male","Asian",1,1,0,0,0,2.35609491556605,0,0,"NonCompletion",0,0,0,0,1,0.642857142857143,13474.2222222222,0,61002
"STU003371",2016,"Female","White",1,1,0,0,0,3.40625254509487,0,1,"Standard",0,0,0,0,1,0.107142857142857,15098,0,45294
"STU003372",2016,"Female","AmericanIndian",0,1,0,0,0,2.59509007437949,0,0,"Standard",1,0,1,0,1,0.535714285714286,12033.9333333333,1,52477
"STU003373",2016,"Female","White",0,1,0,0,0,3.2788211624949,0,0,"Standard",1,0,0,1,1,0.285714285714286,9835.25,0,49359
"STU003374",2016,"Female","White",1,0,0,0,0,2.93538609516867,0,0,"Standard",0,0,0,0,1,0.5,9011.21428571429,1,31389
"STU003375",2016,"Male","White",0,1,0,1,0,NA,0,1,"Standard",1,0,0,1,1,0.464285714285714,13389.6153846154,0,19955
"STU003376",2016,"Female","White",1,0,0,0,1,3.42515595256691,1,1,"Standard",1,0,1,1,1,0.571428571428571,10968.375,0,49607
"STU003377",2016,"Male","MultiRacial",1,0,0,0,0,2.59523613652654,0,0,"Standard",0,0,0,0,1,0.75,8653,0,14607
"STU003378",2016,"Male","Hispanic",0,0,0,0,1,2.55786562961803,1,0,"Standard",0,0,0,0,1,0.0714285714285714,15465.5,0,30931
"STU003379",2016,"Male","White",1,0,0,0,0,3.59850692655618,0,0,"Advanced",0,0,0,0,1,0.607142857142857,14953.4117647059,0,23034
"STU003380",2016,"Female","White",0,1,0,0,0,3.48472747883234,0,0,"Standard",1,0,0,1,1,0.535714285714286,16610.5333333333,1,71546
"STU003381",2016,"Male","White",1,0,0,0,0,3.6708104888415,0,0,"Advanced",1,0,0,1,1,0.428571428571429,9926.08333333333,0,48481
"STU003382",2016,"Male","White",0,1,0,0,1,3.31544521330683,1,0,"Standard",0,0,0,0,1,0.25,9366.42857142857,0,0
"STU003383",2016,"Female","White",0,1,0,0,0,3.28490980018067,0,0,"Standard",1,0,0,1,1,0.464285714285714,12176.6923076923,0,25019
"STU003384",2016,"Female","White",0,0,0,0,0,2.88173888742425,0,0,"Standard",0,0,0,0,1,0.785714285714286,10436.6818181818,0,37848
"STU003385",2016,"Female","White",0,0,0,0,0,2.41832496979882,0,0,"Standard",0,0,0,0,1,0.535714285714286,8478.53333333333,0,8176
"STU003386",2016,"Male","Hispanic",1,0,0,0,1,3.07001737306967,1,0,"Standard",0,0,0,0,1,0.714285714285714,12886.8,1,64252
"STU003387",2016,"Female","AmericanIndian",0,0,0,0,1,2.49974576312006,1,0,"Standard",0,0,0,0,1,0.392857142857143,9722.81818181818,0,31474
"STU003388",2016,"Female","White",0,1,0,0,0,2.72393966943364,0,0,"Standard",1,1,0,0,1,0.321428571428571,18047.6666666667,0,33862
"STU003389",2016,"Male","Hispanic",1,0,0,0,1,2.20549173423561,1,1,"NonCompletion",0,0,0,0,0,0,NA,0,0
"STU003390",2016,"Male","Hispanic",1,1,0,0,1,2.67104945302455,1,0,"Standard",0,0,0,0,1,0.5,6637.57142857143,0,15941
"STU003391",2016,"Male","White",0,1,0,1,0,2.23556592197406,0,0,"Standard",0,0,0,0,1,0.678571428571429,12167,0,32325
"STU003392",2016,"Female","MultiRacial",0,1,0,0,0,3.33364588581187,0,0,"Standard",1,0,0,1,1,0.392857142857143,20126.8181818182,1,98757
"STU003393",2016,"Male","White",0,1,0,0,0,3.20337217505033,0,0,"Standard",0,0,0,0,1,0.464285714285714,10563.9230769231,0,12338
"STU003394",2016,"Female","White",0,1,0,0,1,NA,1,1,"NonCompletion",1,0,0,1,1,0.678571428571429,18209.3684210526,0,83731
"STU003395",2016,"Male","White",0,0,0,0,1,2.54241035678948,1,0,"Standard",0,0,0,0,1,0.642857142857143,15246.1666666667,0,58471
"STU003396",2016,"Male","White",0,0,0,0,0,2.71555671332357,0,0,"Standard",0,0,0,0,1,0.857142857142857,16049.9583333333,1,75850
"STU003397",2016,"Male","White",0,0,0,0,1,2.52534516008965,1,0,"Standard",0,0,0,0,1,0.785714285714286,9773.22727272727,0,44182
"STU003398",2016,"Female","Hispanic",1,1,1,0,1,3.0024357555009,1,1,"Standard",1,0,0,1,1,0.392857142857143,12714.2727272727,0,48374
"STU003399",2016,"Male","Hispanic",0,0,1,0,1,2.13542553788548,1,0,"Standard",0,0,0,0,1,0.642857142857143,8564.22222222222,0,0
"STU003400",2016,"Female","White",1,0,0,0,0,3.36039255484364,0,0,"Standard",0,0,0,0,1,0.607142857142857,15782.5294117647,0,37435
"STU003401",2016,"Female","Black",0,0,0,0,0,2.4989869063679,0,0,"Standard",1,1,1,0,1,0.321428571428571,14152.8888888889,0,35189
"STU003402",2016,"Male","White",0,1,0,0,1,1.91641828808226,1,0,"Standard",0,0,0,0,1,0.642857142857143,11895.0555555556,0,35539
"STU003403",2016,"Male","Hispanic",0,1,0,0,1,2.64174644013324,1,0,"Standard",1,0,1,0,1,0.535714285714286,8693.93333333333,0,0
"STU003404",2016,"Female","White",1,1,0,0,0,3.13279088842306,0,0,"Standard",0,0,0,0,1,0.464285714285714,11023.7692307692,0,10737
"STU003405",2016,"Male","Hispanic",1,0,0,0,1,2.53377237668611,1,0,"Standard",1,1,0,0,1,0.392857142857143,19066.6363636364,0,34123
"STU003406",2016,"Female","AmericanIndian",1,1,0,1,1,2.73126237214203,1,1,"Standard",0,0,0,0,1,0.571428571428571,9854.75,0,0
"STU003407",2016,"Male","Hispanic",1,0,0,0,0,2.83923698419476,0,0,"Standard",1,1,1,0,1,0.678571428571429,12654.6315789474,0,48184
"STU003408",2016,"Male","White",0,0,0,0,0,2.27642639399857,0,1,"Standard",0,0,0,0,1,0.321428571428571,11595.7777777778,0,37572
"STU003409",2016,"Male","White",0,0,0,0,0,2.15526591892757,0,0,"NonCompletion",0,0,0,0,1,0.607142857142857,12323.4705882353,0,27887
"STU003410",2016,"Male","White",0,0,0,0,1,1.80308064128408,1,1,"Standard",0,0,0,0,1,0.678571428571429,11491,0,11247
"STU003411",2016,"Male","Black",0,0,0,0,1,2.49896010225529,1,0,"Standard",0,0,0,0,1,0.214285714285714,5957.16666666667,0,0
"STU003412",2016,"Female","Asian",0,0,0,0,0,2.90148578859106,0,0,"Standard",0,0,0,0,1,0.285714285714286,9981.25,0,28739
"STU003413",2016,"Female","White",0,0,0,0,1,2.14960291141128,1,0,"Standard",0,0,0,0,1,0.571428571428571,11628.9375,0,50241
"STU003414",2016,"Female","White",0,0,0,1,0,2.69539219005629,0,0,"Standard",0,0,0,0,0,0,NA,0,0
"STU003415",2016,"Male","Hispanic",0,0,0,1,1,2.3095465355806,1,0,"Standard",1,0,1,0,1,0.571428571428571,9572.3125,0,27958
"STU003416",2016,"Male","White",0,0,1,0,1,2.0957435688347,1,0,"NonCompletion",0,0,0,0,1,0.571428571428571,9347.125,0,10299
"STU003417",2016,"Male","AmericanIndian",0,0,0,0,0,2.65482865788623,0,0,"Standard",0,0,0,0,1,0.785714285714286,9190.04545454545,0,40170
"STU003418",2016,"Female","Asian",0,0,0,0,1,2.74484655523088,1,0,"Standard",0,0,0,0,1,0.607142857142857,17758.5294117647,0,42805
"STU003419",2016,"Female","White",1,0,1,0,0,2.52567058486322,0,0,"Standard",0,0,0,0,1,0.571428571428571,15948.9375,0,21256
"STU003420",2016,"Female","Black",0,0,0,0,0,2.93202909124402,0,0,"NonCompletion",0,0,0,0,0,0,NA,0,0
"STU003421",2016,"Female","White",0,0,0,0,0,3.76010373369026,0,0,"Advanced",1,0,0,1,1,0.714285714285714,15907.85,1,73018
"STU003422",2016,"Female","White",0,1,0,0,0,2.69045840975163,0,0,"Standard",1,0,1,0,1,0.892857142857143,12435.16,0,26928
"STU003423",2016,"Female","White",0,0,0,0,0,2.48723524295988,0,0,"Standard",0,0,0,0,1,0.535714285714286,13739.0666666667,1,75732
"STU003424",2016,"Male","White",0,1,1,1,0,3.38711807985006,0,1,"Standard",1,0,0,1,1,0.714285714285714,16453.25,1,85695
"STU003425",2016,"Male","Asian",0,1,0,0,0,3.21993235952373,0,0,"Standard",1,1,0,0,1,0.785714285714286,17801.1363636364,1,86309
"STU003426",2016,"Male","Hispanic",0,1,0,0,1,2.59857280615406,1,0,"Standard",1,1,1,0,1,0.678571428571429,13681.4736842105,0,39527
"STU003427",2016,"Male","White",0,0,0,0,0,3.72331157695632,0,0,"Advanced",0,0,0,0,1,0.392857142857143,18418.6363636364,0,0
"STU003428",2016,"Male","White",1,0,0,0,0,2.50770460597521,0,0,"Standard",1,1,0,0,1,0.535714285714286,16408.4666666667,0,61925
"STU003429",2016,"Female","White",1,1,0,1,0,3.41447655907229,0,0,"Standard",1,0,0,1,1,0.535714285714286,24238.6666666667,1,114665
"STU003430",2016,"Male","White",1,0,0,1,0,2.18009716481034,0,0,"Standard",0,0,0,0,1,0.5,9260.35714285714,0,22193
"STU003431",2016,"Female","Hispanic",0,0,1,0,1,1.29131258986154,1,0,"Standard",0,0,0,0,1,0.714285714285714,8520.65,0,22630
"STU003432",2016,"Female","White",0,0,0,0,0,2.49346733041608,0,0,"Standard",1,0,1,0,1,0.464285714285714,16715.2307692308,1,64026
"STU003433",2016,"Female","AmericanIndian",1,0,0,0,1,1.7062835201252,1,0,"NonCompletion",0,0,0,0,1,0.178571428571429,13157.2,1,52768
"STU003434",2016,"Male","White",1,1,0,0,0,2.40463896127744,0,0,"Standard",0,0,0,0,1,0.821428571428571,7811.60869565217,0,35464
"STU003435",2016,"Female","Hispanic",1,1,0,0,1,2.15664633510392,1,0,"Standard",0,0,0,0,1,0.75,10469.619047619,1,50280
"STU003436",2016,"Male","White",0,1,0,0,0,1.9996095792556,0,0,"Standard",1,0,1,0,0,0,NA,0,0
"STU003437",2016,"Female","Black",0,1,0,0,0,2.43473398226502,0,0,"Standard",0,0,0,0,1,0.392857142857143,10591.8181818182,0,20888
"STU003438",2016,"Male","White",0,0,0,0,0,3.1300045195633,0,0,"Standard",1,0,0,1,1,0.0357142857142857,12495,0,12495
"STU003439",2016,"NonBinary_Other","MultiRacial",0,0,0,0,1,2.99724832873195,1,1,"Standard",0,0,0,0,1,0.714285714285714,11813.15,0,26448
"STU003440",2016,"Male","Other",1,1,0,0,0,2.34795315253489,0,0,"NonCompletion",0,0,0,0,1,0.714285714285714,8549.65,0,26352
"STU003441",2016,"Male","Asian",1,0,0,0,0,2.70083174718918,0,0,"Standard",1,0,1,1,1,0.321428571428571,12660.6666666667,1,55275
"STU003442",2016,"Female","White",0,1,0,0,1,3.55999306368291,1,1,"Advanced",1,0,0,1,1,0.535714285714286,16295.4666666667,1,88787
"STU003443",2016,"NonBinary_Other","Hispanic",1,0,0,0,1,2.83213370418353,1,0,"Standard",1,0,0,1,1,0.107142857142857,25869.6666666667,0,33414
"STU003444",2016,"Male","AmericanIndian",0,0,0,1,1,2.14410305421857,1,0,"Standard",0,0,0,0,1,0.678571428571429,11183.9473684211,0,19043
"STU003445",2016,"Male","Black",1,0,0,0,0,2.99711791591227,0,0,"Standard",1,1,0,0,1,0.321428571428571,19847,1,80193
"STU003446",2016,"Female","White",0,0,1,0,0,2.3070676866902,0,0,"Standard",0,0,0,0,1,0.857142857142857,11425.3333333333,1,61416
"STU003447",2016,"Male","White",0,0,0,0,0,3.06492797172218,0,0,"Standard",1,0,0,1,1,0.5,10665.7857142857,0,0
"STU003448",2016,"Female","Hispanic",1,1,1,0,1,2.03670507370019,1,0,"Standard",0,0,0,0,1,0.571428571428571,9856.0625,0,22699
"STU003449",2016,"Female","MultiRacial",1,1,0,0,1,2.57191647459386,1,0,"Standard",0,0,0,0,1,0.571428571428571,11492.6875,0,10269
"STU003450",2016,"Male","AmericanIndian",0,1,0,0,1,2.57267316686999,1,1,"Standard",0,0,0,0,1,0.5,12090.3571428571,0,24788
"STU003451",2016,"NonBinary_Other","Asian",0,0,1,0,0,2.5489134605713,0,0,"Standard",0,0,0,0,1,0.535714285714286,14037.2666666667,0,17987
"STU003452",2016,"Male","Hispanic",0,1,0,0,1,2.23842821197692,1,0,"Standard",0,0,0,0,0,0,NA,0,0
"STU003453",2016,"Male","Asian",0,0,1,0,1,2.05486468301713,1,0,"Standard",0,0,0,0,0,0,NA,0,0
"STU003454",2016,"Male","White",0,0,0,0,0,2.80329357509795,0,0,"Standard",0,0,0,0,1,0.464285714285714,9058,0,23939
"STU003455",2016,"Female","Hispanic",0,0,1,0,0,2.24792662459044,0,0,"Standard",1,0,0,1,1,0.5,11174.8571428571,1,66128
"STU003456",2016,"Female","Hispanic",0,1,0,0,1,2.59460351888188,1,0,"Standard",0,0,0,0,1,0.714285714285714,15331.45,1,67666
"STU003457",2016,"Female","White",0,0,0,0,0,3.26976142085851,0,0,"Standard",1,0,0,1,1,0.821428571428571,17704.7391304348,1,84092
"STU003458",2016,"Female","White",1,1,0,0,0,2.87710346950616,0,0,"Standard",0,0,0,0,1,0.607142857142857,10114.1176470588,0,8001
"STU003459",2016,"Female","White",1,1,1,0,0,2.08486754641533,0,1,"NonCompletion",0,0,0,0,1,0.464285714285714,16997.9230769231,0,18926
"STU003460",2016,"Female","Hispanic",1,1,0,0,1,2.15615249438499,1,0,"Standard",0,0,0,0,1,0.464285714285714,8422.69230769231,1,47096
"STU003461",2016,"Male","White",0,1,1,0,0,2.79082169447639,0,0,"Standard",0,0,0,0,1,0.678571428571429,12278.1052631579,0,47867
"STU003462",2016,"Male","Asian",0,1,0,0,1,2.65343752926273,1,0,"Standard",0,0,0,0,1,0.464285714285714,11346.4615384615,0,40684
"STU003463",2016,"Male","White",0,1,0,1,1,2.3958398161443,1,1,"Standard",0,0,0,0,1,0.464285714285714,13447.7692307692,0,12595
"STU003464",2016,"Male","White",0,0,0,0,0,2.42513515226335,0,0,"NonCompletion",0,0,0,0,1,0.607142857142857,10291.5882352941,0,32786
"STU003465",2016,"Male","White",0,1,0,0,0,2.90658154437783,0,0,"Standard",0,0,0,0,1,0.464285714285714,8048.23076923077,0,21456
"STU003466",2016,"Female","Hispanic",0,0,0,0,0,1.94455114351925,0,0,"Standard",0,0,0,0,1,0.642857142857143,10779.3333333333,1,57826
"STU003467",2016,"Female","MultiRacial",0,0,0,0,0,2.20591216243767,0,0,"Standard",0,0,0,0,1,0.464285714285714,10724.8461538462,0,0
"STU003468",2016,"Male","Black",1,0,0,0,0,3.05588936551275,0,0,"Standard",0,0,0,0,1,0.607142857142857,9118.82352941176,0,21805
"STU003469",2016,"Male","Asian",1,1,0,0,1,3.22930200339286,1,0,"Standard",0,0,0,0,1,0.5,8490.28571428571,1,60472
"STU003470",2016,"Female","Hispanic",0,0,0,0,1,2.61995265759298,1,0,"Standard",0,0,0,0,1,0.607142857142857,10188.7058823529,0,0
"STU003471",2016,"Male","Hispanic",1,0,0,0,1,3.79746730879938,1,1,"Advanced",0,0,0,0,1,0.571428571428571,16772.6875,1,78310
"STU003472",2016,"Male","White",1,1,0,0,0,2.2839672973303,0,0,"Standard",0,0,0,0,1,0.392857142857143,9748.54545454545,1,38247
"STU003473",2016,"Female","Hispanic",1,0,0,0,1,2.26705839145267,1,0,"Standard",0,0,0,0,1,0.714285714285714,10690.7,0,18663
"STU003474",2016,"Female","White",0,0,0,1,1,2.85156520019671,1,0,"Standard",0,0,0,0,1,0.428571428571429,7541.75,0,10512
"STU003475",2016,"Female","AmericanIndian",0,1,0,0,1,3.40120247938228,1,0,"Standard",1,0,0,1,1,0.714285714285714,11639.05,0,18590
"STU003476",2016,"Female","Black",0,0,0,0,0,NA,0,0,"Standard",0,0,0,0,1,0.464285714285714,10291.1538461538,0,26506
"STU003477",2016,"Female","White",0,1,0,0,0,2.8268519904054,0,0,"Standard",0,0,0,0,1,0.428571428571429,13906.0833333333,0,40269
"STU003478",2016,"Female","MultiRacial",0,0,0,0,0,3.00181727424635,0,0,"Standard",1,0,1,0,1,0.285714285714286,12370,0,40633
"STU003479",2016,"Male","Asian",1,0,0,0,0,2.02621187257674,0,0,"Standard",0,0,0,0,0,0,NA,0,0
"STU003480",2016,"Male","Asian",0,0,0,1,0,2.3236469544084,0,1,"Standard",0,0,0,0,1,0.714285714285714,9154.3,1,42925
"STU003481",2016,"Male","White",0,0,0,0,0,2.48204241898757,0,0,"Standard",0,0,0,0,1,0.75,11567.0476190476,1,54209
"STU003482",2016,"Male","Hispanic",0,0,0,0,1,2.2606144767435,1,0,"Standard",0,0,0,0,1,0.571428571428571,14928.5625,0,0
"STU003483",2016,"Female","Hispanic",1,1,0,0,1,3.30392910102604,1,0,"Standard",1,0,0,1,1,0.321428571428571,10831.7777777778,0,0
"STU003484",2016,"Male","AmericanIndian",0,0,0,1,0,3.33300418212053,0,1,"Standard",0,0,0,0,1,0.285714285714286,11276.625,0,22143
"STU003485",2016,"Male","White",0,0,1,0,0,2.35354275170321,0,0,"Standard",0,0,0,0,1,0.428571428571429,10663.4166666667,1,41381
"STU003486",2016,"Male","Hispanic",0,0,0,0,0,1.95619500863918,0,1,"Standard",0,0,0,0,1,0.642857142857143,10048.6666666667,1,48213
"STU003487",2016,"Male","Black",0,0,0,0,0,2.5374919446459,0,0,"Standard",1,1,1,0,1,0.642857142857143,11928.7222222222,0,19381
"STU003488",2016,"Female","White",0,0,0,0,0,3.73717259828392,0,0,"Advanced",0,0,0,0,1,0.214285714285714,23265.1666666667,0,29550
"STU003489",2016,"Male","Black",1,1,0,0,1,2.60603358782,1,0,"Standard",0,0,0,0,1,0.678571428571429,14758.1578947368,0,0
"STU003490",2016,"Female","Hispanic",0,0,0,0,1,3.51274221874793,1,1,"Advanced",1,0,0,1,1,0.571428571428571,15400.0625,0,48451
"STU003491",2016,"Female","White",1,1,0,0,1,2.08379635856268,1,0,"Standard",0,0,0,0,1,0.678571428571429,11321.0526315789,1,61882
"STU003492",2016,"Female","Hispanic",0,0,0,0,0,3.44014037238526,0,0,"Standard",0,0,0,0,1,0.714285714285714,14035.5,0,39488
"STU003493",2016,"Male","Hispanic",1,1,0,0,0,2.39277571926459,0,0,"Standard",0,0,0,0,1,0.5,11114.2142857143,0,0
"STU003494",2016,"Male","Black",0,0,0,0,1,2.14166852946479,1,0,"Standard",0,0,0,0,0,0,NA,0,0
"STU003495",2016,"Female","Hispanic",0,0,1,0,0,3.2814727583408,0,1,"Standard",0,0,0,0,0,0,NA,0,0
"STU003496",2016,"Female","Hispanic",1,0,0,0,1,3.9112271068481,1,1,"Advanced",1,0,0,1,1,0.642857142857143,16130.6111111111,1,77184
"STU003497",2016,"Male","Hispanic",1,0,0,0,1,2.47383952124569,1,0,"Standard",0,0,0,0,1,0.392857142857143,7766.36363636364,0,19494
"STU003498",2016,"NonBinary_Other","White",1,1,0,0,1,2.5098929089046,1,0,"Standard",0,0,0,0,1,0.785714285714286,9640.81818181818,1,39079
"STU003499",2016,"Female","White",0,0,0,0,0,2.56541516663772,0,1,"Standard",1,1,1,0,1,0.0357142857142857,29191,0,29191
"STU003500",2016,"Female","White",0,0,0,0,0,2.85178579845027,0,0,"Standard",1,1,1,0,1,0.821428571428571,12676.2608695652,1,66812
"STU003501",2016,"Male","Black",0,1,0,0,0,2.40448135575777,0,0,"Standard",0,0,0,0,1,0.0357142857142857,5438,0,5438
"STU003502",2016,"NonBinary_Other","White",0,0,0,1,1,2.45331462395978,1,0,"Standard",0,0,0,0,1,0.5,12883,0,28905
"STU003503",2016,"Female","White",0,1,0,0,0,2.1811135468337,0,0,"Standard",0,0,0,0,1,0.25,10897.4285714286,0,20383
"STU003504",2016,"Female","White",0,1,0,0,0,3.70995055412814,0,0,"Advanced",0,0,0,0,1,0.142857142857143,19558,0,45639
"STU003505",2016,"Female","Hispanic",0,1,0,0,1,2.55347844093336,1,0,"Standard",0,0,0,0,1,0.571428571428571,8459.25,0,29540
"STU003506",2016,"Male","White",0,0,0,0,1,2.74969231701432,1,0,"Standard",0,0,0,0,1,0.5,10203.6428571429,0,11922
"STU003507",2016,"Female","MultiRacial",0,1,1,0,0,3.68762293724708,0,0,"Advanced",1,0,0,1,1,0.678571428571429,16877.5789473684,1,70796
"STU003508",2016,"Female","White",1,0,1,0,1,3.26766594151071,1,0,"Standard",0,0,0,0,1,0.428571428571429,9237.16666666667,0,0
"STU003509",2016,"Male","White",1,1,0,0,0,2.72517174064488,0,0,"Standard",0,0,0,0,1,0.607142857142857,10876.9411764706,1,46379
"STU003510",2016,"Female","Asian",0,0,0,0,1,1.92464941001805,1,1,"Standard",0,0,0,0,1,0.785714285714286,8208.45454545455,0,15082
"STU003511",2016,"Female","Hispanic",0,0,0,0,0,2.17820424223231,0,0,"Standard",0,0,0,0,1,0.821428571428571,9822.39130434783,1,33168
"STU003512",2016,"Female","Black",0,1,0,0,1,3.43255193738864,1,1,"Standard",1,0,1,0,1,0.142857142857143,17557.75,0,0
"STU003513",2016,"Female","White",1,1,0,1,0,2.74336895094099,0,0,"Standard",0,0,0,0,1,0.5,14156.1428571429,0,36550
"STU003514",2016,"Female","Hispanic",0,1,0,0,0,2.71526909264511,0,0,"NonCompletion",0,0,0,0,1,0.75,12263.4761904762,1,47444
"STU003515",2016,"Male","Other",1,1,0,0,1,3.24111413333065,1,1,"Standard",1,0,0,1,1,0.535714285714286,12358.9333333333,0,34955
"STU003516",2016,"Female","Hispanic",0,1,0,0,1,2.11827490900258,1,1,"Standard",0,0,0,0,1,0.785714285714286,9856.09090909091,0,26263
"STU003517",2016,"Female","White",0,0,0,0,0,2.32163945593484,0,0,"NonCompletion",0,0,0,0,0,0,NA,0,0
"STU003518",2016,"Male","White",0,1,0,0,0,3.49477383543877,0,0,"Standard",0,0,0,0,1,0.214285714285714,9219.66666666667,0,29421
"STU003519",2016,"Male","Hispanic",0,0,0,0,1,2.418535179261,1,0,"Standard",0,0,0,0,1,0.75,10574.0476190476,0,34401
"STU003520",2016,"Female","Asian",0,0,1,1,0,2.94260183586807,0,0,"Standard",1,1,0,0,1,0.428571428571429,14696.3333333333,0,17576
"STU003521",2016,"Female","White",0,0,0,0,1,3.78192956032931,1,1,"Advanced",1,0,0,1,1,0.25,7098,0,6679
"STU003522",2016,"Female","White",0,1,0,0,1,2.47700909459921,1,0,"Standard",0,0,0,0,1,0.642857142857143,7563.05555555556,0,21676
"STU003523",2016,"Female","Hispanic",0,1,0,0,1,2.44980478238447,1,0,"Standard",0,0,0,0,1,0.428571428571429,13933.75,1,75005
"STU003524",2016,"Female","Other",0,0,0,0,1,2.70166583247232,1,1,"Standard",1,0,1,0,1,0.5,10028.7857142857,0,9545
"STU003525",2016,"Male","AmericanIndian",0,0,0,0,1,1.5634264099175,1,0,"Standard",0,0,0,0,1,0.321428571428571,12056.4444444444,0,22151
"STU003526",2016,"Male","White",1,1,0,0,0,2.57058292963027,0,0,"Standard",0,0,0,0,1,0.357142857142857,12544.4,0,0
"STU003527",2016,"Male","White",1,0,0,0,1,1.87473294950079,1,0,"Standard",0,0,0,0,1,0.821428571428571,12642.4347826087,1,64790
"STU003528",2016,"Male","Hispanic",0,1,0,0,0,3.77138755541552,0,0,"Advanced",1,0,0,1,1,0.714285714285714,11406.9,1,54941
"STU003529",2016,"Female","MultiRacial",0,0,0,0,0,2.34877792223413,0,0,"Standard",1,0,0,1,1,0.535714285714286,21194.1333333333,1,92008
"STU003530",2016,"Male","Black",1,0,0,1,0,2.4819993365105,0,0,"Standard",0,0,0,0,1,0.642857142857143,8940.05555555555,0,35712
"STU003531",2016,"Female","White",0,1,1,0,0,3.2613046398575,0,1,"Standard",0,0,0,0,1,0.678571428571429,17140.3157894737,1,90955
"STU003532",2016,"Female","Hispanic",0,0,0,0,1,2.48279701770033,1,0,"Standard",0,0,0,0,0,0,NA,0,0
"STU003533",2016,"Male","White",1,0,0,0,0,1.94317417426556,0,0,"Standard",0,0,0,0,1,0.464285714285714,11636.5384615385,0,28796
"STU003534",2016,"Male","Asian",0,1,0,0,0,2.62198801877489,0,1,"Standard",1,0,1,0,1,0.107142857142857,10373,0,23215
"STU003535",2016,"Male","MultiRacial",0,0,0,0,0,2.46270850061963,0,0,"Standard",0,0,0,0,1,0.535714285714286,11813.2666666667,1,45751
"STU003536",2016,"Male","Other",0,0,0,0,0,2.20493562481438,0,0,"Standard",0,0,0,0,1,0.714285714285714,12254.05,1,49245
"STU003537",2016,"Female","White",1,0,0,0,1,1.93971026641478,1,0,"Standard",0,0,0,0,1,0.714285714285714,12412.8,0,0
"STU003538",2016,"Female","Black",0,0,0,0,1,1.47721255739982,1,0,"NonCompletion",0,0,0,0,1,0.607142857142857,10372.6470588235,0,34780
"STU003539",2016,"Female","Hispanic",0,0,0,0,1,2.48526893098347,1,0,"Standard",1,0,1,0,1,0.285714285714286,10708.125,0,36077
"STU003540",2016,"Male","White",1,0,0,1,0,2.09130164242688,0,0,"Standard",1,1,1,0,0,0,NA,0,0
"STU003541",2016,"Male","White",1,0,0,0,1,2.30221867268812,1,0,"Standard",0,0,0,0,1,0.107142857142857,12200,0,0
"STU003542",2016,"Female","Other",0,1,0,0,0,2.57401792256353,0,0,"Standard",0,0,0,0,1,0.535714285714286,11980.3333333333,0,46682
"STU003543",2016,"Female","Asian",0,1,0,0,1,2.92408651555248,1,0,"Standard",1,0,1,0,1,0.142857142857143,18306.5,1,73226
"STU003544",2016,"Male","White",1,0,0,0,0,2.44250968554049,0,0,"Standard",1,0,0,1,1,0.75,13530.0952380952,1,89900
"STU003545",2016,"Male","AmericanIndian",1,1,0,0,1,3.05287803536899,1,0,"Standard",0,0,0,0,1,0.464285714285714,10838.1538461538,0,24810
"STU003546",2016,"Male","Black",0,1,0,0,1,1.61492221014498,1,0,"Standard",0,0,0,0,1,0.678571428571429,11721.2631578947,1,50440
"STU003547",2016,"Male","White",0,1,0,0,0,3.33077158128717,0,0,"Standard",1,0,0,1,1,0.75,16114,1,70502
"STU003548",2016,"Female","Black",0,0,0,0,0,2.52468341657556,0,0,"Standard",0,0,0,0,1,0.607142857142857,8305.41176470588,0,0
"STU003549",2016,"Female","White",1,1,0,0,0,2.57401138514806,0,0,"Standard",0,0,0,0,1,0.5,6928.64285714286,0,6502
"STU003550",2016,"Male","Asian",1,0,0,0,0,2.8740051320035,0,1,"NonCompletion",0,0,0,0,1,0.857142857142857,10800.4166666667,1,44915
"STU003551",2016,"Male","Hispanic",1,0,0,0,0,2.281365607087,0,0,"NonCompletion",0,0,0,0,1,0.571428571428571,12832.6875,0,37783
"STU003552",2016,"Female","White",1,1,0,0,1,1.62054681652925,1,0,"Standard",0,0,0,0,1,0.464285714285714,13793.1538461538,0,0
"STU003553",2016,"Female","Asian",0,0,0,0,1,3.37268311311016,1,1,"Standard",0,0,0,0,1,0.464285714285714,12260.6153846154,0,28003
"STU003554",2016,"Female","White",0,0,0,0,0,3.66792222945406,0,0,"Advanced",1,0,0,1,1,0.642857142857143,17052.0555555556,0,39537
"STU003555",2016,"NonBinary_Other","Hispanic",0,0,0,1,1,2.44322684985937,1,0,"Standard",0,0,0,0,1,0.678571428571429,8088.26315789474,0,10694
"STU003556",2016,"Male","Asian",0,0,0,0,0,2.25528593454184,0,1,"Standard",0,0,0,0,1,0.464285714285714,9871.69230769231,0,0
"STU003557",2016,"Female","Black",0,0,0,0,1,2.59339265954716,1,0,"Standard",1,1,1,0,1,0.392857142857143,13283.2727272727,0,30275
"STU003558",2016,"Male","White",0,1,0,0,0,2.8943311025215,0,1,"Standard",1,0,0,1,1,0.214285714285714,26244.1666666667,1,108919
"STU003559",2016,"Female","Hispanic",1,1,0,1,1,2.40630438923009,1,1,"NonCompletion",0,0,0,0,1,0.821428571428571,8998.04347826087,0,28061
"STU003560",2016,"Female","White",1,1,1,1,0,3.92484638865467,0,1,"Advanced",1,0,0,1,1,0.535714285714286,16869.2666666667,0,23816
"STU003561",2016,"Male","Black",1,0,0,0,0,2.02205053541348,0,0,"Standard",0,0,0,0,1,0.571428571428571,13104.3125,0,37665
"STU003562",2016,"Female","MultiRacial",1,1,1,0,1,2.30005514807228,1,1,"NonCompletion",0,0,0,0,1,0.428571428571429,11666,0,27152
"STU003563",2016,"Female","White",0,0,0,0,0,3.62756626449613,0,1,"Advanced",1,0,0,1,0,0,NA,0,0
"STU003564",2016,"Male","White",0,0,0,0,1,3.62734757093926,1,1,"Advanced",1,0,0,1,1,0.142857142857143,22886.5,1,91546
"STU003565",2016,"Male","Hispanic",0,0,0,0,1,3.1794814115692,1,0,"Standard",1,0,0,1,1,0.321428571428571,12949.7777777778,0,36612
"STU003566",2016,"Male","Hispanic",0,0,0,0,0,3.4226040918156,0,1,"Standard",1,0,0,1,1,0.392857142857143,14757.7272727273,0,38925
"STU003567",2016,"Male","Black",0,1,0,0,1,1.90277367950841,1,1,"Standard",0,0,0,0,1,0.464285714285714,8589.38461538462,0,0
"STU003568",2016,"Male","Black",0,0,0,0,1,2.53422184646994,1,0,"Standard",0,0,0,0,1,0.785714285714286,16855.7727272727,1,85539
"STU003569",2016,"NonBinary_Other","White",0,0,0,0,1,3.00425907539366,1,0,"Standard",1,0,1,0,0,0,NA,0,0
"STU003570",2016,"Male","Asian",0,0,0,0,1,2.57012466527621,1,0,"Standard",0,0,0,0,1,0.5,11049,0,40824
"STU003571",2016,"Female","Hispanic",0,1,0,0,0,2.89061407016481,0,0,"Standard",0,0,0,0,1,0.392857142857143,17612.2727272727,0,16295
"STU003572",2016,"Male","White",1,0,0,0,0,3.75121061192483,0,1,"Advanced",1,0,1,0,1,0.642857142857143,15389.3888888889,0,46970
"STU003573",2016,"Male","AmericanIndian",1,1,0,0,1,1.47387820141162,1,0,"Standard",0,0,0,0,1,0.642857142857143,10254.8333333333,0,24116
"STU003574",2016,"Female","White",0,0,0,0,0,2.75350466464911,0,0,"Standard",1,0,1,0,1,0.678571428571429,12153.4210526316,0,40339
"STU003575",2016,"Female","Hispanic",0,1,0,0,1,1.72758712658475,1,0,"Standard",0,0,0,0,1,0.428571428571429,13479.0833333333,0,25987
"STU003576",2016,"Male","White",1,0,0,0,0,2.11600265336222,0,0,"Standard",0,0,0,0,1,0.428571428571429,8480.83333333333,1,37051
"STU003577",2016,"Male","Black",0,1,0,0,1,2.80700453468237,1,1,"Standard",0,0,0,0,1,0.178571428571429,9095.4,0,12335
"STU003578",2016,"Female","White",0,1,0,0,0,2.98354417460478,0,0,"Standard",0,0,0,0,1,0.571428571428571,8518.5,0,15040
"STU003579",2016,"Female","Hispanic",0,1,0,0,1,2.31168181172959,1,0,"Standard",0,0,0,0,1,0.464285714285714,11525.2307692308,0,18907
"STU003580",2016,"Female","White",0,0,0,0,0,2.64544345058255,0,0,"NonCompletion",0,0,0,0,1,0.5,8632.92857142857,0,13339
"STU003581",2016,"Male","White",1,0,0,0,0,3.06545956416029,0,1,"Standard",0,0,0,0,1,0.642857142857143,9164.05555555555,1,39017
"STU003582",2016,"Female","White",0,0,0,0,1,1.88883206857768,1,0,"NonCompletion",0,0,0,0,1,0.357142857142857,9133.6,0,0
"STU003583",2016,"Male","White",0,0,0,0,1,3.19964327325796,1,1,"Standard",1,0,0,1,1,0.392857142857143,9320.36363636364,0,30530
"STU003584",2016,"Male","Asian",0,1,1,0,1,2.51663507850858,1,0,"Standard",1,1,0,0,1,0.571428571428571,14800.0625,1,65566
"STU003585",2016,"Male","White",0,1,0,0,1,3.28791079633505,1,0,"Standard",0,0,0,0,1,0.714285714285714,8255.75,1,46544
"STU003586",2016,"Female","MultiRacial",0,0,0,0,1,2.26814653359766,1,0,"Standard",1,1,0,0,1,0.428571428571429,13315.5,0,18525
"STU003587",2016,"Female","White",1,1,0,0,1,2.30915376507977,1,0,"Standard",1,1,1,0,1,0.142857142857143,13855.5,1,55422
"STU003588",2016,"Female","Asian",0,0,0,0,1,3.2287738517991,1,1,"Standard",1,0,1,0,1,0.0357142857142857,18623,0,18623
"STU003589",2016,"Male","Black",0,1,0,0,0,2.09918712072783,0,0,"NonCompletion",0,0,0,0,0,0,NA,0,0
"STU003590",2016,"Female","MultiRacial",1,1,1,0,0,3.45597125166587,0,0,"Standard",0,0,0,0,1,0.357142857142857,16050,0,36605
"STU003591",2016,"Male","MultiRacial",0,0,0,0,0,2.42132297954114,0,0,"Standard",1,1,1,0,1,0.5,14724.3571428571,1,63888
"STU003592",2016,"Female","White",0,0,0,0,0,2.57679575725399,0,0,"Standard",0,0,0,0,1,0.714285714285714,10909.2,0,23522
"STU003593",2016,"Female","White",1,1,0,0,0,2.74000271625538,0,1,"Standard",1,0,1,0,1,0.214285714285714,13248.1666666667,1,48388
"STU003594",2016,"Male","White",1,1,0,0,0,2.34509479615443,0,0,"Standard",0,0,0,0,1,0.535714285714286,12473.8666666667,0,0
"STU003595",2016,"Female","AmericanIndian",0,0,0,0,1,2.71583064069497,1,0,"Standard",1,0,0,1,1,0.571428571428571,19371.1875,0,89162
"STU003596",2016,"Female","Asian",0,0,0,0,0,2.53013890617282,0,0,"Standard",0,0,0,0,1,0.428571428571429,10566.3333333333,0,11470
"STU003597",2016,"NonBinary_Other","White",1,0,0,0,0,2.83924470723272,0,0,"Standard",1,0,1,0,1,0.0357142857142857,11963,0,0
"STU003598",2016,"Female","Asian",1,1,0,0,0,2.92192169459327,0,1,"Standard",0,0,0,0,1,0.607142857142857,13519.2941176471,0,15535
"STU003599",2016,"Female","White",1,1,0,0,0,2.7027611937403,0,0,"Standard",0,0,0,0,1,0.785714285714286,10033.9090909091,0,17146
"STU003600",2016,"Male","Asian",0,1,0,0,1,NA,1,0,"Standard",1,0,1,1,1,0.464285714285714,17554.0769230769,1,99917
"STU003601",2016,"Male","White",0,0,0,0,1,2.44088083889556,1,0,"Standard",0,0,0,0,1,0.357142857142857,14497.6,0,39011
"STU003602",2016,"Female","AmericanIndian",0,0,0,0,1,2.74502840255248,1,0,"Standard",0,0,0,0,1,0.25,14225.1428571429,1,47973
"STU003603",2016,"Male","AmericanIndian",0,0,0,0,1,2.55287733402404,1,0,"Standard",0,0,0,0,1,0.392857142857143,10038.2727272727,0,20199
"STU003604",2016,"Male","Black",0,0,0,0,1,3.02014365152382,1,0,"Standard",1,0,0,1,1,0.535714285714286,18445.4666666667,1,106155
"STU003605",2016,"NonBinary_Other","Hispanic",0,1,0,0,0,2.12175806975693,0,0,"Standard",0,0,0,0,1,0.5,11045,1,53949
"STU003606",2016,"Male","Hispanic",0,1,0,0,1,2.69709492899964,1,0,"Standard",0,0,0,0,1,0.607142857142857,9313.05882352941,0,30654
"STU003607",2016,"Male","White",0,0,0,0,0,2.27367133661552,0,0,"Standard",0,0,0,0,1,0.678571428571429,9618.31578947369,0,24478
"STU003608",2016,"Female","White",0,1,1,0,0,3.28414898696558,0,1,"Standard",1,0,1,1,1,0.357142857142857,12835.1,0,44579
"STU003609",2016,"Male","White",0,0,0,1,0,NA,0,0,"NonCompletion",0,0,0,0,1,0.464285714285714,12751.2307692308,0,0
"STU003610",2016,"Male","White",0,0,0,0,1,3.53520753535828,1,0,"Advanced",0,0,0,0,1,0.892857142857143,10588.92,1,48657
"STU003611",2016,"Male","White",0,0,0,0,1,1.66662119903889,1,0,"NonCompletion",0,0,0,0,1,0.678571428571429,10511.6315789474,0,24842
"STU003612",2016,"Female","Asian",0,0,1,0,0,2.78844079700033,0,1,"Standard",0,0,0,0,1,0.142857142857143,13686.25,1,54745
"STU003613",2016,"Male","White",0,0,0,0,0,4,0,1,"Advanced",1,0,0,1,1,0.5,18314.2857142857,0,38054
"STU003614",2016,"Female","White",0,0,0,0,1,2.72643360169206,1,0,"Standard",0,0,0,0,1,0.678571428571429,8613,0,28350
"STU003615",2016,"Male","White",0,0,0,1,1,2.24541668122822,1,0,"Standard",0,0,0,0,1,0.714285714285714,13502.65,0,64745
"STU003616",2016,"Male","White",0,1,0,0,0,2.4486409923483,0,0,"Standard",0,0,0,0,1,0.642857142857143,11013.3888888889,1,46237
"STU003617",2016,"Female","White",0,1,0,0,0,2.33644041853537,0,0,"Standard",0,0,0,0,1,0.321428571428571,12889.4444444444,0,7861
"STU003618",2016,"Male","White",1,1,1,0,0,2.35041493420365,0,1,"Standard",0,0,0,0,1,0.785714285714286,13935.6363636364,1,53567
"STU003619",2016,"Male","White",0,0,0,0,0,3.18971002074386,0,0,"Standard",1,0,0,1,1,0.107142857142857,17719.6666666667,0,53159
"STU003620",2016,"Female","Hispanic",0,1,0,0,0,2.36112258746876,0,0,"Standard",0,0,0,0,1,0.357142857142857,8172,0,0
"STU003621",2016,"Female","White",0,0,0,0,0,2.84852338132915,0,0,"Standard",1,0,1,1,1,0.0357142857142857,20633,0,20633
"STU003622",2016,"Male","Asian",0,1,0,0,1,2.08542038979575,1,0,"Standard",0,0,0,0,1,0.392857142857143,12360.6363636364,0,20898
"STU003623",2016,"Female","Hispanic",0,0,0,0,0,3.88846186116534,0,0,"Advanced",1,0,0,1,1,0.607142857142857,13320.5294117647,0,44388
"STU003624",2016,"Female","Black",0,0,0,0,0,2.8319760327197,0,0,"Standard",0,0,0,0,1,0.428571428571429,12277.1666666667,1,57332
"STU003625",2016,"Male","White",0,0,0,0,0,2.84409828554226,0,0,"Standard",0,0,0,0,1,0.571428571428571,9924.5625,1,40864
"STU003626",2016,"Female","Asian",1,1,0,1,0,3.01492981314497,0,0,"Standard",0,0,0,0,1,0.107142857142857,11306.6666666667,0,33920
"STU003627",2016,"Female","White",0,1,0,0,0,2.46615068653295,0,1,"Standard",0,0,0,0,1,0.785714285714286,9195.86363636364,1,48031
"STU003628",2016,"Female","White",0,0,1,0,0,3.50732456967001,0,0,"Advanced",0,0,0,0,1,0.678571428571429,8578.68421052631,1,65164
"STU003629",2016,"Male","White",1,0,0,0,0,2.5870524371487,0,0,"Standard",1,0,1,0,1,0.392857142857143,9373.81818181818,0,17537
"STU003630",2016,"Female","White",0,0,0,0,0,2.29502273206473,0,0,"Standard",0,0,0,0,1,0.25,9397.42857142857,0,0
"STU003631",2016,"Female","Asian",0,0,0,0,1,2.25132108503296,1,0,"Standard",1,0,1,0,1,0.0357142857142857,22722,0,22722
"STU003632",2016,"Female","Black",0,0,0,0,1,2.27663116141705,1,0,"Standard",1,0,1,0,1,0.75,10906.9523809524,1,53662
"STU003633",2016,"Male","White",0,1,0,0,0,3.03467640373702,0,0,"Standard",0,0,0,0,1,0.607142857142857,14267.8235294118,0,36134
"STU003634",2016,"Male","Asian",0,0,0,0,0,2.89892307377495,0,0,"Standard",0,0,0,0,1,0.678571428571429,12323.3684210526,0,47091
"STU003635",2016,"Male","Hispanic",1,1,0,0,0,2.35438187521678,0,0,"Standard",0,0,0,0,1,0.285714285714286,13625.375,0,48341
"STU003636",2016,"Female","White",0,0,0,0,1,2.74968678501131,1,1,"Standard",0,0,0,0,0,0,NA,0,0
"STU003637",2016,"Female","Other",1,0,0,0,1,2.30346312343381,1,0,"Standard",0,0,0,0,1,0.25,9999,0,0
"STU003638",2016,"Male","Black",1,1,0,0,1,3.17123868251168,1,1,"Standard",1,0,1,1,1,0.5,9641.35714285714,1,55836
"STU003639",2016,"Male","White",1,1,0,0,0,3.016199384009,0,1,"Standard",1,0,0,1,1,0.857142857142857,12091.125,1,56124
"STU003640",2016,"Female","Hispanic",0,1,0,0,1,1.60918381859126,1,0,"Standard",0,0,0,0,0,0,NA,0,0
"STU003641",2016,"Male","Hispanic",1,0,1,0,1,3.27819396216541,1,0,"Standard",0,0,0,0,1,0.821428571428571,13202.8695652174,0,64669
"STU003642",2016,"Male","White",1,0,0,0,0,2.10017847570657,0,0,"Standard",0,0,0,0,1,0.0714285714285714,10184,0,20368
"STU003643",2016,"Male","Black",1,0,1,0,1,2.0203220534448,1,0,"Standard",0,0,0,0,0,0,NA,0,0
"STU003644",2016,"Female","AmericanIndian",0,1,0,0,1,2.31833806427097,1,0,"Standard",0,0,0,0,1,0.357142857142857,11480.3,0,18040
"STU003645",2016,"Female","Asian",1,0,0,0,0,2.64538052325719,0,0,"Standard",0,0,0,0,1,0.392857142857143,9188.63636363636,0,8743
"STU003646",2016,"Male","White",0,1,0,0,0,1.95356443428962,0,1,"Standard",0,0,0,0,1,0.607142857142857,14728.4117647059,0,38185
"STU003647",2016,"Female","White",0,0,0,0,1,NA,1,1,"Standard",1,0,0,1,1,0.785714285714286,11839,1,70204
"STU003648",2016,"Male","MultiRacial",0,0,0,0,1,1.41791728873171,1,0,"Standard",0,0,0,0,1,0.535714285714286,9421.13333333333,0,10571
"STU003649",2016,"Male","Hispanic",1,1,0,0,1,3.36329152040078,1,0,"Standard",1,0,0,1,1,0.392857142857143,18046.1818181818,0,41094
"STU003650",2016,"Female","White",0,0,0,0,0,4,0,1,"Advanced",1,0,0,1,1,0.571428571428571,15867.375,0,54466
"STU003651",2016,"Female","White",0,1,0,0,1,2.44211321790901,1,1,"Standard",0,0,0,0,1,0.214285714285714,12449.5,1,51418
"STU003652",2016,"Female","White",0,1,0,0,0,3.29870605759721,0,1,"Standard",1,0,0,1,1,0.214285714285714,20883.5,0,50668
"STU003653",2016,"Male","White",1,0,0,0,1,2.98171832614189,1,1,"Standard",0,0,0,0,1,0.571428571428571,16237.4375,0,67350
"STU003654",2016,"Female","Hispanic",0,1,1,0,1,2.07504138695793,1,0,"Standard",0,0,0,0,1,0.571428571428571,11151.0625,0,34072
"STU003655",2016,"Male","Hispanic",1,0,0,0,1,2.77912355971345,1,1,"Standard",0,0,0,0,1,0.214285714285714,17458.6666666667,0,44371
"STU003656",2016,"Female","Hispanic",0,1,0,0,1,2.36790975753031,1,1,"NonCompletion",0,0,0,0,1,0.642857142857143,11316.2777777778,0,31319
"STU003657",2016,"Male","Asian",1,1,0,0,1,3.43315534794736,1,0,"Standard",1,0,0,1,1,0.607142857142857,18721.3529411765,0,77280
"STU003658",2016,"Male","White",0,1,0,0,0,2.49363967450738,0,0,"Standard",0,0,0,0,1,0.821428571428571,10293.6956521739,1,43457
"STU003659",2016,"Female","White",0,0,0,0,0,3.05127983561951,0,0,"Standard",0,0,0,0,1,0.25,7440.85714285714,1,30333
"STU003660",2016,"Female","White",0,0,0,0,0,1.43793959705687,0,0,"Standard",0,0,0,0,1,0.642857142857143,10837.8333333333,0,39063
"STU003661",2016,"Male","Asian",0,1,0,0,1,2.83395297449005,1,0,"Standard",0,0,0,0,1,0.392857142857143,7575.54545454545,0,0
"STU003662",2016,"Female","Black",0,1,0,0,0,2.82505459834255,0,1,"Standard",0,0,0,0,1,0.142857142857143,15982,0,51088
"STU003663",2016,"Male","MultiRacial",0,0,1,0,0,2.65173655756405,0,0,"Standard",1,0,1,0,1,0.678571428571429,9657.52631578947,0,10983
"STU003664",2016,"Male","White",1,1,1,0,0,2.63648413591323,0,0,"Standard",0,0,0,0,1,0.5,13872.5,1,60211
"STU003665",2016,"Male","White",0,0,0,0,1,3.10570490748068,1,0,"Standard",0,0,0,0,1,0.75,10388.4285714286,1,47556
"STU003666",2016,"Female","White",0,0,0,0,0,2.97146939763984,0,1,"Standard",1,0,1,1,1,0.75,14468.8095238095,0,62591
"STU003667",2016,"Female","White",0,1,1,0,0,3.16380510840258,0,0,"Standard",0,0,0,0,1,0.5,11365.7142857143,0,50343
"STU003668",2016,"Female","AmericanIndian",0,0,0,1,1,2.75842240329578,1,0,"Standard",0,0,0,0,1,0.678571428571429,12438.3157894737,0,31431
"STU003669",2016,"Female","Black",0,1,0,0,0,2.61558280212819,0,0,"Standard",0,0,0,0,1,0.392857142857143,10829,0,36938
"STU003670",2016,"Female","Hispanic",1,1,0,0,1,2.17351034856355,1,0,"Standard",0,0,0,0,1,0.678571428571429,10774.4210526316,1,47893
"STU003671",2016,"Female","White",0,1,0,1,0,2.37380141950761,0,0,"Standard",0,0,0,0,1,0.464285714285714,9086.15384615385,0,43056
"STU003672",2016,"Male","MultiRacial",0,1,0,1,1,1.84524764423717,1,0,"Standard",0,0,0,0,1,0.535714285714286,9277.66666666667,0,0
"STU003673",2016,"Male","White",0,0,0,0,0,3.07873174013203,0,0,"Standard",0,0,0,0,0,0,NA,0,0
"STU003674",2016,"Male","Black",0,0,0,0,1,2.59511142558717,1,0,"Standard",0,0,0,0,1,0.75,15030.4285714286,1,61113
"STU003675",2016,"Female","White",0,0,0,0,0,2.94442365862619,0,0,"Standard",0,0,0,0,1,0.571428571428571,13730.5,0,53393
"STU003676",2016,"Female","White",0,0,0,0,0,3.85532935071897,0,0,"Advanced",1,0,0,1,1,0.5,17172.8571428571,0,50515
"STU003677",2016,"Female","Black",0,0,0,0,0,1.87426320872124,0,0,"Standard",0,0,0,0,1,0.321428571428571,16422,0,27555
"STU003678",2016,"Male","White",1,0,0,0,1,2.87864499368072,1,0,"Standard",0,0,0,0,1,0.607142857142857,11853.2352941176,0,32419
"STU003679",2016,"Female","Asian",1,0,0,0,0,3.09355065024776,0,0,"Standard",0,0,0,0,1,0.5,9757.42857142857,0,21961
"STU003680",2016,"Male","White",0,0,0,1,0,2.98419031266764,0,0,"Standard",1,0,1,0,1,0.464285714285714,14704.9230769231,1,62881
"STU003681",2016,"Female","Black",0,0,0,0,0,2.83460806848058,0,0,"Standard",1,0,0,1,1,0.25,6948.14285714286,1,33181
"STU003682",2016,"Male","White",1,0,0,0,0,1.63926565872945,0,0,"Standard",0,0,0,0,1,0.607142857142857,8808.76470588235,0,17120
"STU003683",2016,"Male","White",1,1,1,1,0,2.90929855994368,0,0,"Standard",0,0,0,0,1,0.714285714285714,11247.25,0,48807
"STU003684",2016,"Female","Black",0,0,0,0,1,3.2148810093706,1,0,"Standard",1,0,0,1,1,0.642857142857143,8842.94444444445,0,21955
"STU003685",2016,"Male","Hispanic",0,0,0,0,1,2.71364184527219,1,0,"Standard",0,0,0,0,1,0.571428571428571,10392.3125,0,32707
"STU003686",2016,"Male","Hispanic",1,0,0,0,1,1.63123822251949,1,0,"NonCompletion",0,0,0,0,1,0.785714285714286,11507.0909090909,0,35562
"STU003687",2016,"Female","Asian",0,1,0,0,0,3.07167487423961,0,0,"Standard",0,0,0,0,1,0.607142857142857,9173.64705882353,0,5507
"STU003688",2016,"Male","Hispanic",1,0,0,0,0,2.04875154969439,0,0,"NonCompletion",0,0,0,0,1,0.821428571428571,11592.3913043478,1,53924
"STU003689",2016,"Male","Hispanic",0,0,0,0,1,2.62903741663948,1,0,"Standard",1,1,0,0,1,0.5,16775.8571428571,0,0
"STU003690",2016,"Female","White",0,0,0,0,0,3.33984961232149,0,0,"Standard",1,0,0,1,1,0.285714285714286,24264.125,0,77632
"STU003691",2016,"Male","Hispanic",0,1,0,0,1,2.32038291170226,1,1,"Standard",0,0,0,0,1,0.535714285714286,9851.6,1,50117
"STU003692",2016,"Female","MultiRacial",0,1,0,0,0,2.36434548870709,0,0,"Standard",0,0,0,0,1,0.642857142857143,8784.61111111111,0,8471
"STU003693",2016,"Male","Black",0,1,0,0,1,2.39991545065403,1,0,"Standard",0,0,0,0,1,0.678571428571429,10473.3684210526,1,41541
"STU003694",2016,"Male","White",0,1,0,1,0,2.90060887339988,0,1,"Standard",0,0,0,0,0,0,NA,0,0
"STU003695",2016,"Male","White",0,1,1,0,0,3.12117089640771,0,1,"Standard",0,0,0,0,0,0,NA,0,0
"STU003696",2016,"Male","White",0,1,0,1,1,2.48858158069334,1,0,"Standard",0,0,0,0,1,0.785714285714286,8621.40909090909,0,28174
"STU003697",2016,"Male","White",0,1,0,0,1,2.55767327099807,1,0,"Standard",0,0,0,0,1,0.464285714285714,10501.5384615385,0,19351
"STU003698",2016,"Male","White",0,0,0,0,1,2.6718736213673,1,1,"Standard",0,0,0,0,1,0.5,11864.9285714286,0,22623
"STU003699",2016,"Male","Hispanic",0,0,0,0,0,2.85191394506862,0,0,"Standard",1,0,0,1,0,0,NA,0,0
"STU003700",2016,"Male","White",1,0,1,0,0,1.95672419598219,0,0,"Standard",0,0,0,0,1,0.678571428571429,10140.2631578947,0,0
"STU003701",2016,"Female","White",0,0,0,0,0,3.65664277635795,0,0,"Advanced",0,0,0,0,1,0.535714285714286,12756.2666666667,0,46489
"STU003702",2016,"Male","AmericanIndian",0,0,0,0,1,2.6628351885263,1,0,"Standard",0,0,0,0,1,0.428571428571429,9536.91666666667,1,42239
"STU003703",2016,"Female","White",0,1,0,0,0,3.21761906639502,0,0,"Standard",0,0,0,0,1,0.392857142857143,13007.4545454545,0,0
"STU003704",2016,"Female","White",1,0,0,0,1,1.48288025600506,1,0,"Standard",0,0,0,0,1,0.785714285714286,9149.72727272727,1,41784
"STU003705",2016,"Female","White",0,0,0,0,0,3.24320417781065,0,0,"Standard",1,0,0,1,1,0.25,11407.2857142857,0,22072
"STU003706",2016,"Male","Hispanic",1,1,0,0,1,2.46685714689191,1,0,"Standard",1,0,1,0,1,0.821428571428571,12431.1739130435,1,73523
"STU003707",2016,"Female","Other",1,0,0,0,1,2.2121396576178,1,0,"Standard",0,0,0,0,1,0.571428571428571,13198.375,0,29316
"STU003708",2016,"Male","White",1,1,0,0,1,2.15391267671608,1,0,"Standard",0,0,0,0,1,0.678571428571429,12153.1052631579,0,17285
"STU003709",2016,"Male","Black",0,0,0,0,1,1.93275573868123,1,0,"Standard",0,0,0,0,1,0.642857142857143,10666.8333333333,0,17523
"STU003710",2016,"Male","White",1,1,0,1,1,2.21271736053982,1,0,"NonCompletion",0,0,0,0,1,0.714285714285714,10059.55,0,26960
"STU003711",2016,"Male","White",0,1,0,0,0,3.05867664345257,0,1,"Standard",1,0,1,1,1,0.392857142857143,14790,0,0
"STU003712",2016,"Female","Hispanic",0,1,0,0,1,2.80017134723781,1,0,"Standard",0,0,0,0,1,0.428571428571429,6144.16666666667,0,0
"STU003713",2016,"Female","White",0,0,0,0,0,1.69514327046615,0,0,"NonCompletion",0,0,0,0,1,0.5,11204.7857142857,0,0
"STU003714",2016,"Female","Black",0,0,1,0,1,1.8995286744487,1,0,"Standard",0,0,0,0,1,0.464285714285714,11996.9230769231,0,13175
"STU003715",2016,"Male","Black",0,0,0,0,1,2.05453067224779,1,0,"Standard",0,0,0,0,1,0.321428571428571,12963.8888888889,0,14809
"STU003716",2016,"Female","White",1,0,0,0,1,3.01735429580867,1,1,"Standard",1,0,1,1,1,0.785714285714286,11928.2727272727,0,36384
"STU003717",2016,"Male","Black",1,0,0,0,1,2.81200261772993,1,0,"Standard",0,0,0,0,0,0,NA,0,0
"STU003718",2016,"Female","White",0,0,0,0,1,2.43856100444968,1,0,"Standard",0,0,0,0,1,0.0714285714285714,11924.5,0,23849
"STU003719",2016,"Male","White",0,0,0,0,0,2.07378329493381,0,0,"Standard",0,0,0,0,1,0.5,8674.92857142857,0,28463
"STU003720",2016,"Female","White",0,0,0,0,0,3.1576780233746,0,0,"Standard",1,0,1,1,1,0.535714285714286,10134.2666666667,1,53130
"STU003721",2016,"Female","White",0,0,0,0,0,2.7363236055613,0,0,"Standard",0,0,0,0,0,0,NA,0,0
"STU003722",2016,"Male","Asian",0,1,0,0,0,3.93280675894313,0,0,"Advanced",0,0,0,0,1,0.571428571428571,14942.4375,0,16089
"STU003723",2016,"Male","White",0,0,1,0,0,2.79969642677576,0,1,"Standard",1,0,1,1,1,0.535714285714286,11910.8666666667,1,72772
"STU003724",2016,"Female","White",1,0,0,0,1,NA,1,0,"Standard",0,0,0,0,1,0.392857142857143,9507.18181818182,0,12602
"STU003725",2016,"Female","Other",0,1,0,0,1,2.51098164680722,1,0,"Standard",0,0,0,0,1,0.607142857142857,5945,0,27536
"STU003726",2016,"Male","Hispanic",1,0,0,0,1,2.85747838284999,1,0,"Standard",0,0,0,0,1,0.642857142857143,17717.6111111111,0,29802
"STU003727",2016,"Female","White",1,0,0,0,0,2.93399974700033,0,0,"Standard",0,0,0,0,1,0.892857142857143,11393.52,0,49839
"STU003728",2016,"Female","White",0,1,0,0,0,2.80584362156737,0,0,"Standard",1,0,1,0,1,0.25,11568,0,27149
"STU003729",2016,"Male","Asian",0,1,0,0,0,2.20953696591712,0,0,"Standard",1,0,1,0,1,0.392857142857143,14456.6363636364,0,50342
"STU003730",2016,"Male","White",0,1,0,0,0,2.60395880607364,0,0,"Standard",1,0,0,1,1,0.392857142857143,6932.72727272727,0,0
"STU003731",2016,"Female","Hispanic",0,0,0,1,1,2.44305118659772,1,0,"Standard",0,0,0,0,1,0.678571428571429,11708.4736842105,1,47480
"STU003732",2016,"Female","White",0,0,0,0,0,3.13617743269511,0,0,"Standard",1,1,1,0,1,0.571428571428571,10009.875,1,41278
"STU003733",2016,"Female","White",0,1,0,0,0,3.89040819171219,0,0,"Advanced",1,0,0,1,1,0.428571428571429,23878.4166666667,1,91094
"STU003734",2016,"Female","Black",0,0,0,0,1,2.74315656378321,1,0,"Standard",1,1,1,0,1,0.142857142857143,24912.5,0,58291
"STU003735",2016,"Female","White",0,1,0,1,0,3.05747452365789,0,0,"Standard",1,0,0,1,1,0.285714285714286,11566.625,0,13066
"STU003736",2016,"Female","MultiRacial",1,1,0,1,1,1.90588879534273,1,0,"Standard",1,1,0,0,1,0.464285714285714,20391.6153846154,1,76250
"STU003737",2016,"NonBinary_Other","MultiRacial",0,1,1,1,1,3.37746387757535,1,0,"Standard",1,0,0,1,1,0.178571428571429,8612.8,0,0
"STU003738",2016,"Male","White",0,1,0,0,0,3.73753749568047,0,1,"Advanced",1,0,0,1,1,0.571428571428571,14863.5,1,62038
"STU003739",2016,"Female","White",0,0,0,0,0,3.01814588643656,0,1,"Standard",1,0,1,0,1,0.821428571428571,9321.95652173913,0,20101
"STU003740",2016,"Female","White",0,0,1,0,0,2.9838313886401,0,1,"Standard",1,0,0,1,1,0.464285714285714,12348.8461538462,0,21952
"STU003741",2016,"Female","White",0,0,0,0,0,3.44644013475765,0,1,"Standard",1,0,0,1,1,0.535714285714286,15396.6666666667,0,19977
"STU003742",2016,"Female","Asian",0,0,0,0,0,3.10699731639402,0,1,"Standard",0,0,0,0,1,0.357142857142857,13111.4,0,14297
"STU003743",2016,"Female","White",0,1,0,1,1,2.01974570448167,1,0,"Standard",0,0,0,0,1,0.464285714285714,9455.46153846154,1,47643
"STU003744",2016,"Male","White",1,0,0,0,0,2.28724427974298,0,0,"Standard",0,0,0,0,0,0,NA,0,0
"STU003745",2016,"Female","White",0,0,0,0,0,3.10821279922343,0,0,"Standard",1,1,1,0,1,0.75,13732.1428571429,1,67839
"STU003746",2016,"Male","White",0,1,0,0,1,2.52864909682413,1,0,"Standard",1,0,1,0,1,0.214285714285714,18559.5,1,66185
"STU003747",2016,"Female","White",0,1,0,1,0,2.26827187573015,0,0,"Standard",0,0,0,0,1,0.392857142857143,12420.8181818182,0,46332
"STU003748",2016,"Female","White",0,0,0,0,1,2.32535349430089,1,1,"Standard",0,0,0,0,1,0.785714285714286,10080.2272727273,1,45241
"STU003749",2016,"Female","Hispanic",0,0,0,1,1,2.32849149657316,1,0,"Standard",0,0,0,0,1,0.785714285714286,13146.0454545455,0,41356
"STU003750",2016,"Male","White",0,0,0,0,0,2.85280335689957,0,0,"Standard",0,0,0,0,1,0.678571428571429,13914.5789473684,1,53500
"STU003751",2016,"Female","White",0,0,0,0,1,2.8983906815078,1,1,"Standard",1,0,1,0,1,0.821428571428571,20847.6086956522,0,67777
"STU003752",2016,"Female","MultiRacial",0,1,0,0,1,2.14350674928727,1,0,"Standard",1,1,0,0,1,0.678571428571429,21106.4210526316,1,97429
"STU003753",2016,"Male","Asian",0,0,0,0,1,2.3920122802539,1,0,"Standard",0,0,0,0,1,0.75,8779.42857142857,0,32414
"STU003754",2016,"Male","Hispanic",0,0,0,0,1,2.43572198980417,1,0,"Standard",0,0,0,0,1,0.607142857142857,13828.9411764706,0,44364
"STU003755",2016,"NonBinary_Other","Hispanic",0,0,0,0,1,2.36631557978548,1,0,"NonCompletion",0,0,0,0,0,0,NA,0,0
"STU003756",2016,"Male","White",1,0,0,0,1,3.28173824006599,1,0,"Standard",1,0,0,1,1,0.571428571428571,7861.8125,0,21607
"STU003757",2016,"Male","White",0,0,0,0,0,1.81519168048521,0,0,"Standard",0,0,0,0,1,0.75,10270.4761904762,1,59484
"STU003758",2016,"Female","White",0,1,0,0,0,2.9910264967219,0,0,"Standard",1,0,0,1,1,0.571428571428571,8585.6875,0,0
"STU003759",2016,"Female","Other",0,0,0,0,1,2.9398006390648,1,0,"Standard",0,0,0,0,1,0.607142857142857,10904.9411764706,0,0
"STU003760",2016,"Female","White",0,1,0,0,1,2.85573644113382,1,0,"Standard",0,0,0,0,1,0.678571428571429,7653.05263157895,0,0
"STU003761",2016,"Male","AmericanIndian",0,0,0,0,1,2.54280770165006,1,1,"Standard",0,0,0,0,1,0.464285714285714,11423.2307692308,0,8485
"STU003762",2016,"Female","White",0,0,0,0,0,2.45683031527916,0,1,"Standard",1,1,1,0,1,0.607142857142857,17739.0588235294,0,37871
"STU003763",2016,"Male","White",0,0,0,0,0,3.30326257487607,0,1,"Standard",0,0,0,0,1,0.571428571428571,17340.5625,0,63534
"STU003764",2016,"Female","White",0,1,1,0,0,3.22001503184941,0,0,"Standard",1,0,0,1,1,0.357142857142857,13971.6,0,35526
"STU003765",2016,"Male","MultiRacial",0,1,0,0,1,3.7621222523577,1,0,"Advanced",1,0,0,1,1,0.464285714285714,18080.0769230769,0,18838
"STU003766",2016,"Female","Black",0,1,0,0,0,2.54165894859505,0,0,"Standard",1,0,0,1,1,0.678571428571429,13514,0,51965
"STU003767",2016,"Male","MultiRacial",1,0,1,0,0,2.06467260192155,0,0,"Standard",0,0,0,0,1,0.642857142857143,10455.7777777778,0,28522
"STU003768",2016,"Male","Asian",1,0,0,0,0,2.93066816975532,0,0,"Standard",0,0,0,0,1,0.5,7859.85714285714,0,9683
"STU003769",2016,"Male","White",1,1,0,0,0,2.64286377102769,0,0,"Standard",0,0,0,0,1,0.75,9162.28571428571,0,20059
"STU003770",2016,"Female","Hispanic",0,0,1,0,1,2.22193519982631,1,0,"Standard",0,0,0,0,1,0.607142857142857,13426.2352941176,0,49644
"STU003771",2016,"Male","Asian",0,0,0,1,0,3.41743996646148,0,0,"Standard",1,0,0,1,1,0.392857142857143,6917,0,0
"STU003772",2016,"Male","White",1,0,0,0,0,2.52001523733565,0,1,"Standard",0,0,0,0,1,0.321428571428571,10880.6666666667,0,11439
"STU003773",2016,"Male","MultiRacial",0,1,0,0,1,2.81024445743266,1,0,"Standard",0,0,0,0,1,0.0714285714285714,10992,0,13586
"STU003774",2016,"Female","MultiRacial",0,1,0,0,0,3.25615377625791,0,1,"Standard",0,0,0,0,1,0.0714285714285714,15568,0,31136
"STU003775",2016,"Male","White",1,1,1,0,0,2.88441786853037,0,0,"Standard",1,0,0,1,1,0.785714285714286,9075.63636363636,1,37497
"STU003776",2016,"Female","White",1,0,0,0,0,3.18174288026266,0,0,"Standard",0,0,0,0,1,0.714285714285714,11517.2,1,42610
"STU003777",2016,"Female","White",0,0,0,0,1,2.96280205320396,1,0,"Standard",1,1,0,0,1,0.571428571428571,12691.5,0,33270
"STU003778",2016,"Female","White",1,0,1,0,0,2.8079782277887,0,0,"Standard",1,0,1,0,1,0.0357142857142857,15770,0,0
"STU003779",2016,"Male","AmericanIndian",0,0,0,0,0,2.63366726038397,0,0,"Standard",0,0,0,0,1,0.321428571428571,12588.1111111111,0,52322
"STU003780",2016,"Female","Hispanic",0,0,1,0,1,3.17851595702101,1,0,"Standard",0,0,0,0,1,0.607142857142857,8936.52941176471,0,31118
"STU003781",2016,"Female","White",1,0,0,0,0,3.45779045799485,0,1,"Standard",0,0,0,0,1,0.535714285714286,15826.6666666667,0,54759
"STU003782",2016,"Male","White",1,0,0,0,0,2.39556349268194,0,0,"Standard",0,0,0,0,1,0.642857142857143,10288.3888888889,0,25754
"STU003783",2016,"Male","White",1,0,0,0,0,2.21024437950908,0,0,"Standard",0,0,0,0,1,0.571428571428571,12161.1875,0,11815
"STU003784",2016,"Female","Hispanic",0,0,0,0,1,2.81024025316678,1,0,"Standard",0,0,0,0,1,0.214285714285714,18217.5,0,31892
"STU003785",2016,"Female","White",1,1,0,0,0,3.16453373554077,0,1,"Standard",1,0,0,1,1,0.428571428571429,7520.16666666667,0,0
"STU003786",2016,"Female","White",0,0,0,0,0,3.17290437590371,0,0,"Standard",0,0,0,0,1,0.607142857142857,9493.17647058824,0,17636
"STU003787",2016,"Female","Hispanic",0,0,0,0,1,2.79573860878768,1,0,"Standard",0,0,0,0,1,0.714285714285714,11801.7,0,24582
"STU003788",2016,"Female","MultiRacial",0,0,0,0,0,3.56311478674481,0,0,"Advanced",0,0,0,0,1,0.464285714285714,16728.3846153846,0,0
"STU003789",2016,"Female","White",1,1,0,0,1,3.06054842974363,1,1,"Standard",0,0,0,0,1,0.785714285714286,10512.1363636364,1,62371
"STU003790",2016,"Male","Hispanic",0,0,0,0,0,2.91301333124451,0,1,"Standard",1,0,1,0,1,0.5,14246.0714285714,0,0
"STU003791",2016,"Male","Asian",0,0,0,0,1,2.86436799489574,1,1,"Standard",1,0,0,1,1,0.5,17304.7857142857,1,69801
"STU003792",2016,"Female","Black",0,1,0,0,0,3.2885882425112,0,0,"Standard",0,0,0,0,1,0.464285714285714,11739.1538461538,0,58182
"STU003793",2016,"Female","White",0,0,0,1,1,3.06157494378112,1,0,"Standard",0,0,0,0,1,0.392857142857143,8571.36363636364,0,34998
"STU003794",2016,"Female","White",0,0,0,0,1,1.97517966682311,1,0,"Standard",0,0,0,0,1,0.392857142857143,10818.2727272727,0,0
"STU003795",2016,"Female","Asian",0,0,0,0,0,2.73282372801053,0,0,"Standard",1,0,1,0,1,0.678571428571429,8580.52631578947,1,34400
"STU003796",2016,"Male","Asian",0,0,0,0,1,2.8552211662821,1,0,"Standard",1,1,0,0,1,0.785714285714286,14185.6363636364,0,31525
"STU003797",2016,"Male","Hispanic",0,0,0,0,1,2.41749967819575,1,0,"Standard",0,0,0,0,1,0.607142857142857,11083.6470588235,1,57838
"STU003798",2016,"Male","Hispanic",1,0,0,0,1,2.51091435215135,1,1,"Standard",1,0,0,1,1,0.5,22173.5,1,83332
"STU003799",2016,"Female","Hispanic",0,0,0,0,1,2.60198267719791,1,0,"Standard",0,0,0,0,1,0.5,9923.14285714286,0,0
"STU003800",2016,"Male","Hispanic",0,0,0,0,0,2.66833609334507,0,0,"Standard",1,0,1,0,1,0.642857142857143,12902.3333333333,0,33438
"STU003801",2016,"Male","White",0,0,0,0,0,3.21604309068439,0,0,"Standard",1,0,0,1,1,0.75,19136.380952381,0,41553
"STU003802",2016,"Female","Hispanic",1,0,0,0,1,2.22815265256902,1,0,"Standard",0,0,0,0,1,0.428571428571429,9887.91666666667,1,45043
"STU003803",2016,"Female","MultiRacial",0,1,0,1,0,3.19230470258722,0,0,"Standard",1,0,1,0,1,0.428571428571429,17752.5,0,55776
"STU003804",2016,"Female","MultiRacial",0,1,0,0,1,3.33289207155889,1,0,"Standard",1,1,1,0,1,0.285714285714286,20301.375,0,44619
"STU003805",2016,"Female","White",0,1,0,1,0,2.40976547149275,0,0,"Standard",1,1,0,0,1,0.821428571428571,17766.8695652174,0,55940
"STU003806",2016,"Female","Black",0,0,0,0,0,3.44177275210718,0,1,"Standard",1,0,0,1,1,0.321428571428571,21421.1111111111,1,93123
"STU003807",2016,"Female","White",0,1,0,0,1,2.56344960929448,1,0,"Standard",0,0,0,0,1,0.464285714285714,12996.7692307692,0,36726
"STU003808",2016,"Female","White",0,0,0,0,0,1.29747713027437,0,0,"Standard",0,0,0,0,1,0.821428571428571,10859.652173913,0,31160
"STU003809",2016,"Female","Hispanic",0,1,0,1,1,2.54907394186581,1,0,"Standard",0,0,0,0,1,0.607142857142857,8426.88235294118,1,37251
"STU003810",2016,"Female","White",0,1,0,1,1,3.21734847731113,1,0,"Standard",1,0,0,1,1,0.5,18663.0714285714,1,103495
"STU003811",2016,"Female","Hispanic",0,0,1,0,0,2.76592446426846,0,1,"Standard",0,0,0,0,1,0.214285714285714,12485.6666666667,1,46871
"STU003812",2016,"Male","White",0,0,0,0,0,1.78483029912664,0,0,"NonCompletion",0,0,0,0,1,0.464285714285714,14759.2307692308,1,61457
"STU003813",2016,"Male","White",0,0,0,0,1,2.72711599043707,1,1,"Standard",1,0,1,1,1,0.464285714285714,10244.3076923077,0,35123
"STU003814",2016,"Female","White",0,1,0,0,1,2.5007254342489,1,0,"Standard",0,0,0,0,1,0.464285714285714,13538.8461538462,0,14004
"STU003815",2016,"Male","White",0,0,0,0,0,1.4755819053956,0,0,"NonCompletion",0,0,0,0,1,0.642857142857143,10659.7777777778,0,0
"STU003816",2016,"NonBinary_Other","White",0,0,0,0,0,2.59411843456634,0,0,"Standard",0,0,0,0,1,0.535714285714286,7315.4,0,38593
"STU003817",2016,"Female","MultiRacial",1,0,0,0,0,3.84093134651688,0,0,"Advanced",1,0,0,1,1,0.642857142857143,18018.7222222222,1,79833
"STU003818",2016,"Male","White",0,1,0,0,0,2.93041706641055,0,0,"Standard",0,0,0,0,1,0.821428571428571,7396.78260869565,0,25836
"STU003819",2016,"Female","White",0,0,0,0,0,2.65078413069249,0,1,"Standard",0,0,0,0,1,0.392857142857143,10136.1818181818,0,11052
"STU003820",2016,"Male","White",0,0,0,0,0,1.9024583769562,0,0,"Standard",1,0,1,0,1,0.214285714285714,13809,0,10535
"STU003821",2016,"Male","MultiRacial",0,0,0,0,0,2.07697959582147,0,0,"NonCompletion",0,0,0,0,1,0.821428571428571,13936.7826086957,1,71784
"STU003822",2016,"Male","White",1,0,0,0,1,2.95985771909601,1,0,"Standard",0,0,0,0,1,0.714285714285714,12512.15,1,70300
"STU003823",2016,"Male","Asian",1,0,0,1,1,2.43741457629151,1,1,"Standard",1,1,0,0,1,0.464285714285714,12132.0769230769,0,11971
"STU003824",2016,"Male","White",0,1,1,0,0,1.83486273751539,0,0,"Standard",0,0,0,0,1,0.571428571428571,12774.3125,0,42105
"STU003825",2016,"Male","Hispanic",0,0,0,0,1,3.71337943740383,1,1,"Advanced",0,0,0,0,1,0.25,13599.1428571429,0,0
"STU003826",2016,"Male","Hispanic",0,0,0,0,0,2.19626510576083,0,0,"Standard",0,0,0,0,1,0.5,12874.9285714286,1,61342
"STU003827",2016,"Male","White",1,1,1,0,0,1.49883922769,0,0,"NonCompletion",0,0,0,0,0,0,NA,0,0
"STU003828",2016,"Female","White",0,1,0,0,1,2.80806101929985,1,0,"Standard",1,1,1,0,1,0.535714285714286,11358.9333333333,0,42776
"STU003829",2016,"Female","Black",0,1,1,0,1,2.26529382094191,1,0,"Standard",0,0,0,0,1,0.714285714285714,11415.3,1,58707
"STU003830",2016,"Male","MultiRacial",0,0,0,0,1,2.75542892323187,1,0,"Standard",1,0,0,1,1,0.571428571428571,17371.6875,1,70355
"STU003831",2016,"Female","White",1,0,0,0,0,3.37393678908725,0,1,"Standard",0,0,0,0,1,0.285714285714286,8908.5,0,30346
"STU003832",2016,"Male","MultiRacial",0,1,0,0,0,3.86385324212706,0,0,"Advanced",0,0,0,0,1,0.75,12684.380952381,0,55873
"STU003833",2016,"Female","Other",0,1,0,0,0,2.12193912794331,0,0,"Standard",0,0,0,0,1,0.821428571428571,10202.1739130435,1,47984
"STU003834",2016,"Male","White",0,0,0,0,1,2.84391057602167,1,0,"Standard",0,0,0,0,1,0.5,12740,0,37648
"STU003835",2016,"Female","Hispanic",0,0,1,0,0,1.90913292277051,0,0,"Standard",1,1,1,0,1,0.321428571428571,15810,0,19025
"STU003836",2016,"Female","White",0,1,0,0,0,2.28794348628664,0,0,"Standard",0,0,0,0,1,0.392857142857143,9709.63636363636,0,40780
"STU003837",2016,"Male","Asian",0,1,1,0,0,3.20729144394778,0,0,"Standard",1,0,1,0,1,0.428571428571429,14251.4166666667,0,45800
"STU003838",2016,"Male","Hispanic",1,0,0,0,0,2.82471683721589,0,0,"Standard",0,0,0,0,1,0.607142857142857,16432.5882352941,0,46784
"STU003839",2016,"Male","Hispanic",0,0,1,0,0,1.92371881654919,0,0,"Standard",0,0,0,0,0,0,NA,0,0
"STU003840",2016,"Male","White",0,1,0,0,0,3.23994112226021,0,0,"Standard",1,0,1,0,1,0.392857142857143,16362.4545454545,0,54801
"STU003841",2016,"Female","White",0,0,0,0,0,2.95156962532777,0,0,"Standard",1,0,0,1,0,0,NA,0,0
"STU003842",2016,"Male","Hispanic",1,1,1,0,1,2.73505982756247,1,0,"Standard",0,0,0,0,1,0.75,10179.4761904762,0,27469
"STU003843",2016,"Female","Asian",0,1,0,0,1,3.50229869366987,1,0,"Advanced",1,0,0,1,1,0.678571428571429,8119.68421052632,0,26201
"STU003844",2016,"Female","MultiRacial",0,0,0,0,0,2.72987989429329,0,0,"Standard",1,1,0,0,1,0.392857142857143,16960.2727272727,0,49058
"STU003845",2016,"Female","Asian",1,1,1,1,0,3.0012851242132,0,0,"Standard",0,0,0,0,1,0.428571428571429,9365.58333333333,0,0
"STU003846",2016,"Male","Hispanic",1,1,0,0,1,2.40113961703482,1,1,"Standard",1,1,0,0,1,0.0357142857142857,17557,0,17557
"STU003847",2016,"Female","MultiRacial",0,0,0,0,1,3.1659907088516,1,0,"Standard",1,1,0,0,1,0.75,12726.4285714286,0,36647
"STU003848",2016,"Male","Hispanic",1,1,0,0,1,1.61631251851206,1,0,"Standard",0,0,0,0,1,0.678571428571429,11553.8421052632,0,34588
"STU003849",2016,"Female","Asian",0,1,0,0,0,2.67375797018774,0,0,"Standard",0,0,0,0,1,0.214285714285714,11577.6666666667,0,15806
"STU003850",2016,"Female","MultiRacial",1,1,0,0,1,2.45704718086331,1,0,"NonCompletion",0,0,0,0,1,0.535714285714286,10342.2666666667,0,32686
"STU003851",2016,"Male","MultiRacial",0,0,0,0,0,1.66988527192728,0,0,"Standard",0,0,0,0,1,0.321428571428571,13095,0,0
"STU003852",2016,"Male","Black",0,0,0,1,1,3.04282060741669,1,0,"Standard",1,0,0,1,1,0.5,9158.07142857143,0,0
"STU003853",2016,"Female","Other",0,0,0,0,0,4,0,1,"Advanced",1,0,0,1,1,0.571428571428571,15276.1875,0,39552
"STU003854",2016,"Male","White",1,1,0,0,1,2.29702783101588,1,0,"Standard",0,0,0,0,1,0.607142857142857,12955.4117647059,0,27170
"STU003855",2016,"Female","MultiRacial",0,1,0,0,1,3.0141871666408,1,1,"NonCompletion",0,0,0,0,1,0.428571428571429,10568.3333333333,0,22351
"STU003856",2016,"Male","Hispanic",1,0,0,0,0,3.44612745221111,0,1,"Standard",1,0,1,0,1,0.428571428571429,12762.5,1,58180
"STU003857",2016,"Male","Hispanic",0,0,1,0,1,2.74085064437204,1,0,"Standard",0,0,0,0,1,0.25,7177.28571428571,0,23906
"STU003858",2016,"Female","Black",1,0,0,0,1,1.68315148038861,1,0,"NonCompletion",0,0,0,0,1,0.642857142857143,16206.8333333333,1,77852
"STU003859",2016,"Male","Hispanic",0,0,0,0,1,3.07201325541826,1,0,"Standard",0,0,0,0,0,0,NA,0,0
"STU003860",2016,"Female","White",0,0,1,0,0,2.83727723037901,0,0,"Standard",0,0,0,0,1,0.535714285714286,9860.4,0,0
"STU003861",2016,"Male","Hispanic",1,1,0,0,1,1.91302621133491,1,0,"NonCompletion",0,0,0,0,1,0.285714285714286,10794.875,1,41805
"STU003862",2016,"Female","AmericanIndian",1,0,0,0,1,1.77609222548246,1,1,"Standard",1,1,0,0,1,0.642857142857143,15459.5555555556,1,55169
"STU003863",2016,"Female","White",1,0,0,0,0,2.54961985660693,0,0,"NonCompletion",0,0,0,0,0,0,NA,0,0
"STU003864",2016,"Female","White",1,0,0,0,1,2.04182898334333,1,0,"Standard",0,0,0,0,1,0.785714285714286,12846.9545454545,1,52910
"STU003865",2016,"Male","White",1,1,0,0,0,1.51180437514402,0,0,"Standard",0,0,0,0,1,0.464285714285714,12022.3076923077,0,28110
"STU003866",2016,"Male","Hispanic",0,1,1,0,1,1.5907755847364,1,0,"Standard",0,0,0,0,1,0.214285714285714,13419,0,14894
"STU003867",2016,"Male","White",1,1,0,0,0,3.37187953758769,0,0,"Standard",1,1,0,0,1,0.785714285714286,13615.9545454545,0,53054
"STU003868",2016,"Female","Black",1,0,0,0,0,2.34446542051633,0,0,"Standard",0,0,0,0,1,0.678571428571429,13484.5263157895,1,41398
"STU003869",2016,"Female","White",0,0,0,0,0,2.99023270418195,0,0,"Standard",0,0,0,0,1,0.571428571428571,8792.875,0,13649
"STU003870",2016,"Male","White",0,0,0,0,1,2.98413427679567,1,0,"Standard",0,0,0,0,1,0.607142857142857,10861.3529411765,1,69333
"STU003871",2016,"Female","White",0,0,0,0,0,3.07072063634936,0,0,"Standard",0,0,0,0,1,0.25,13011.8571428571,0,14272
"STU003872",2016,"Male","Asian",0,1,0,0,1,3.03808592387458,1,1,"Standard",1,0,0,1,1,0.392857142857143,6400.18181818182,0,0
"STU003873",2016,"Male","Hispanic",1,0,1,0,1,2.17042195499033,1,0,"Standard",1,0,1,0,1,0.142857142857143,11282.25,0,28445
"STU003874",2016,"Male","Black",0,1,0,0,1,2.68106849951574,1,0,"Standard",1,0,1,0,1,0.857142857142857,11598.125,0,48933
"STU003875",2016,"Female","White",0,1,0,0,0,2.84610505195431,0,0,"Standard",0,0,0,0,1,0.464285714285714,7441.84615384615,0,12777
"STU003876",2016,"Male","White",1,1,0,1,0,3.2454901454576,0,0,"Standard",1,0,1,0,1,0.535714285714286,10596.6666666667,1,57210
"STU003877",2016,"Female","Hispanic",1,1,0,1,0,2.55292715783284,0,0,"Standard",1,1,0,0,1,0.25,16713.1428571429,0,24053
"STU003878",2016,"Male","Other",0,1,0,0,0,3.11034526285101,0,1,"Standard",0,0,0,0,1,0.75,13189.8571428571,1,78422
"STU003879",2016,"Male","Black",1,0,0,0,0,3.73544101122098,0,1,"Advanced",1,0,0,1,1,0.892857142857143,17585.96,0,20822
"STU003880",2016,"Female","Asian",0,0,0,0,1,3.17768349944009,1,0,"Standard",1,0,0,1,1,0.428571428571429,16369.25,1,94852
"STU003881",2016,"Female","White",0,1,0,1,1,3.50362522399507,1,0,"Advanced",1,0,0,1,0,0,NA,0,0
"STU003882",2016,"Female","MultiRacial",1,0,0,0,0,2.74921980547108,0,0,"Standard",0,0,0,0,1,0.642857142857143,9917.22222222222,0,25144
"STU003883",2016,"Female","AmericanIndian",1,1,0,0,1,2.44082155894281,1,0,"Standard",0,0,0,0,1,0.642857142857143,9515.38888888889,0,28181
"STU003884",2016,"Female","Black",0,1,1,0,1,2.74114622119333,1,0,"Standard",1,0,0,1,1,0.678571428571429,12495.3157894737,1,67330
"STU003885",2016,"Female","Hispanic",0,0,0,0,0,3.39598570693912,0,1,"Standard",1,0,0,1,1,0.464285714285714,11156.3846153846,1,64471
"STU003886",2016,"Female","Hispanic",1,0,0,1,0,2.60229979727674,0,0,"Standard",0,0,0,0,1,0.571428571428571,11812.75,1,56690
"STU003887",2016,"Female","Hispanic",0,0,0,0,1,1.87549171191362,1,0,"Standard",0,0,0,0,1,0.75,11687.2857142857,1,51362
"STU003888",2016,"Male","Black",1,0,0,0,0,2.37904680898442,0,0,"Standard",0,0,0,0,1,0.535714285714286,11553,0,0
"STU003889",2016,"Female","White",0,0,0,0,0,2.87141215724289,0,0,"Standard",0,0,0,0,1,0.428571428571429,15443.75,0,30590
"STU003890",2016,"Male","Asian",0,0,0,0,1,2.759832101219,1,0,"Standard",0,0,0,0,1,0.0714285714285714,14605,0,29210
"STU003891",2016,"Female","White",0,1,0,0,1,2.36515958088387,1,0,"NonCompletion",0,0,0,0,1,0.75,8659.38095238095,0,10956
"STU003892",2016,"Female","MultiRacial",0,1,1,0,0,2.40264433223527,0,1,"Standard",0,0,0,0,0,0,NA,0,0
"STU003893",2016,"Female","White",0,1,0,0,0,2.88982423667553,0,0,"Standard",0,0,0,0,1,0.464285714285714,14548.0769230769,1,79994
"STU003894",2016,"Female","White",1,0,0,0,0,2.93130967088388,0,1,"Standard",1,0,0,1,1,0.285714285714286,22039.875,1,102885
"STU003895",2016,"Male","Black",0,1,0,0,0,2.8735188878725,0,1,"Standard",1,0,0,1,1,0.571428571428571,10734.8125,0,28437
"STU003896",2016,"Male","Black",0,0,0,0,0,2.00133937973853,0,0,"Standard",0,0,0,0,1,0.75,11383.7142857143,0,50117
"STU003897",2016,"Male","White",0,0,0,0,0,3.08336518457127,0,0,"Standard",1,0,1,1,1,0.357142857142857,10971.1,0,12656
"STU003898",2016,"Male","Black",1,1,0,0,1,1.40481123848815,1,0,"Standard",0,0,0,0,1,0.535714285714286,12271.9333333333,0,29435
"STU003899",2016,"Male","Hispanic",1,0,0,0,0,2.89655868396051,0,0,"Standard",1,1,0,0,1,0.428571428571429,20509.8333333333,0,62891
"STU003900",2016,"Male","Black",0,0,0,0,1,2.64624553999935,1,0,"Standard",1,0,1,0,1,0.464285714285714,13650.7692307692,0,0
"STU003901",2016,"Female","MultiRacial",0,1,0,0,1,2.69208062073781,1,0,"Standard",0,0,0,0,1,0.75,14787.5238095238,0,47265
"STU003902",2016,"Female","White",0,1,0,0,0,2.8583642299035,0,0,"Standard",1,0,1,1,1,0.142857142857143,13924.25,1,55697
"STU003903",2016,"Male","Black",0,0,0,0,0,3.94833901003428,0,0,"Advanced",0,0,0,0,1,0.714285714285714,16375.25,1,78589
"STU003904",2016,"NonBinary_Other","White",0,0,0,0,0,3.56288900334594,0,1,"Advanced",1,0,0,1,1,0.5,6726.78571428571,0,6788
"STU003905",2016,"Male","Black",0,1,0,1,1,2.76589772756614,1,0,"Standard",0,0,0,0,1,0.714285714285714,11470.45,0,13672
"STU003906",2016,"Female","Hispanic",0,1,0,1,0,3.3083157205,0,1,"Standard",1,0,1,0,1,0.678571428571429,12260.1052631579,0,39409
"STU003907",2016,"Female","Black",0,1,0,0,1,3.59806462608919,1,0,"Advanced",1,0,0,1,1,0.25,16417.5714285714,0,52973
"STU003908",2016,"Male","AmericanIndian",0,0,0,0,1,2.00949143426409,1,0,"Standard",0,0,0,0,1,0.535714285714286,10394.4666666667,0,14342
"STU003909",2016,"Female","Hispanic",0,1,0,0,1,2.41325102590111,1,0,"Standard",1,0,1,0,1,0.821428571428571,14922.8695652174,1,78073
"STU003910",2016,"Male","White",1,0,0,0,0,3.14577361729224,0,0,"Standard",0,0,0,0,1,0.392857142857143,10738.6363636364,0,18661
"STU003911",2016,"Female","MultiRacial",0,0,0,0,1,2.6472518441371,1,1,"Standard",1,0,0,1,1,0.428571428571429,12926.5,1,84221
"STU003912",2016,"Male","White",0,1,0,0,0,3.27035236760939,0,0,"Standard",0,0,0,0,1,0.607142857142857,15078.9411764706,0,23763
"STU003913",2016,"Male","MultiRacial",1,0,0,0,0,1.98697029906944,0,1,"Standard",0,0,0,0,1,0.571428571428571,11606.3125,0,0
"STU003914",2016,"Female","Hispanic",0,0,0,0,0,3.63465086807856,0,1,"Advanced",1,0,0,1,1,0.107142857142857,16727.6666666667,0,50183
"STU003915",2016,"Female","Other",0,1,0,1,0,2.98994886792723,0,0,"Standard",0,0,0,0,1,0.642857142857143,14581.6666666667,1,64609
"STU003916",2016,"Female","Hispanic",0,0,0,0,1,2.06752484799284,1,1,"Standard",0,0,0,0,1,0.392857142857143,11330.1818181818,0,26450
"STU003917",2016,"Female","MultiRacial",0,0,0,0,1,2.80391769159914,1,1,"Standard",0,0,0,0,1,0.357142857142857,11727.8,0,13818
"STU003918",2016,"Male","Other",1,0,0,0,1,3.08111728444558,1,1,"Standard",1,0,0,1,1,0.607142857142857,18411.9411764706,0,53795
"STU003919",2016,"Male","White",0,1,0,0,0,2.4379829884297,0,0,"Standard",0,0,0,0,1,0.5,12145.5714285714,0,50049
"STU003920",2016,"Male","AmericanIndian",0,0,0,0,1,3.29592865745336,1,0,"Standard",1,0,0,1,1,0.25,6511.42857142857,0,0
"STU003921",2016,"Male","White",1,0,0,0,0,2.5362825116598,0,0,"Standard",0,0,0,0,1,0.607142857142857,8568.64705882353,0,29463
"STU003922",2016,"Female","White",0,0,0,0,0,2.7342596190926,0,0,"Standard",1,0,1,1,1,0.535714285714286,11292.6666666667,0,34088
"STU003923",2016,"Female","Asian",1,1,0,1,0,3.60519953990529,0,0,"Advanced",1,1,0,0,1,0.678571428571429,16249.3157894737,1,66603
"STU003924",2016,"Female","Hispanic",0,0,0,0,1,3.56700229660715,1,1,"Advanced",1,0,1,0,1,0.107142857142857,15936.3333333333,0,35033
"STU003925",2016,"Female","White",1,1,0,0,1,2.91633459146616,1,0,"Standard",1,1,0,0,1,0.535714285714286,15845.8,1,62411
"STU003926",2016,"Male","Hispanic",0,0,0,0,0,3.53626489965502,0,1,"Advanced",1,0,0,1,1,0.857142857142857,17147.125,1,70149
"STU003927",2016,"Female","White",0,0,1,0,1,1.96326621797407,1,0,"Standard",0,0,0,0,1,0.642857142857143,11191.7777777778,1,45730
"STU003928",2016,"Male","Other",0,0,1,1,1,2.06650568162597,1,0,"NonCompletion",0,0,0,0,1,0.535714285714286,10349.2,1,49248
"STU003929",2016,"Female","White",0,1,1,0,0,2.23037720030484,0,0,"Standard",0,0,0,0,1,0.75,12373.5238095238,0,37696
"STU003930",2016,"Female","Black",0,0,1,0,0,3.67169232726547,0,1,"Advanced",1,0,0,1,1,0.821428571428571,22125.6086956522,1,95602
"STU003931",2016,"Female","Other",0,0,0,0,1,3.30918355206001,1,0,"Standard",0,0,0,0,1,0.107142857142857,16797,0,28088
"STU003932",2016,"Male","Asian",0,0,1,0,0,2.50512220372848,0,1,"Standard",1,0,0,1,0,0,NA,0,0
"STU003933",2016,"Male","White",1,0,0,0,1,1.9001312472249,1,0,"NonCompletion",0,0,0,0,1,0.785714285714286,13216.0909090909,0,42321
"STU003934",2016,"Female","MultiRacial",1,1,0,0,0,3.0580118826653,0,1,"Standard",1,0,0,1,1,0.571428571428571,17394.9375,0,92377
"STU003935",2016,"Male","White",0,0,0,0,0,2.24485966587462,0,0,"Standard",0,0,0,0,1,0.535714285714286,10115.6,1,38450
"STU003936",2016,"Female","White",0,0,0,1,0,2.02351604795167,0,0,"Standard",1,0,0,1,1,0.535714285714286,7508.13333333333,0,40255
"STU003937",2016,"Female","Hispanic",1,1,0,0,1,2.36857042351892,1,0,"Standard",0,0,0,0,1,0.535714285714286,8686.46666666667,0,18567
"STU003938",2016,"Male","White",1,1,0,0,1,2.57785629418014,1,0,"Standard",0,0,0,0,1,0.714285714285714,7347.55,0,8612
"STU003939",2016,"Male","White",0,1,0,0,0,3.61595575580017,0,0,"Advanced",1,0,1,0,1,0.571428571428571,11607.375,0,12151
"STU003940",2016,"Male","White",1,1,1,1,0,2.46622140357948,0,1,"Standard",0,0,0,0,1,0.428571428571429,12424.9166666667,0,0
"STU003941",2016,"Female","White",0,1,0,0,0,2.657445818587,0,1,"Standard",0,0,0,0,1,0.642857142857143,12842.1666666667,0,36739
"STU003942",2016,"Male","Hispanic",1,1,0,0,1,3.62272958882059,1,1,"Advanced",1,0,1,1,1,0.285714285714286,17677.375,0,0
"STU003943",2016,"Female","White",1,1,0,0,1,2.02241325702486,1,0,"Standard",0,0,0,0,1,0.607142857142857,9808.47058823529,0,0
"STU003944",2016,"Male","Black",1,0,0,0,0,3.33332548365327,0,0,"Standard",0,0,0,0,1,0.571428571428571,9598.8125,0,14722
"STU003945",2016,"Male","MultiRacial",1,0,1,0,0,3.61093673525373,0,0,"Advanced",0,0,0,0,0,0,NA,0,0
"STU003946",2016,"Female","Hispanic",1,0,0,0,1,2.51424681304468,1,0,"Standard",0,0,0,0,1,0.428571428571429,10070.4166666667,0,0
"STU003947",2016,"Female","White",0,0,0,1,1,2.95469125466406,1,0,"Standard",0,0,0,0,1,0.5,10213.1428571429,0,14537
"STU003948",2016,"Female","White",0,0,0,0,1,3.62720094326659,1,1,"Advanced",0,0,0,0,1,0.714285714285714,14165.65,1,62464
"STU003949",2016,"Male","Asian",1,1,0,0,1,2.92701204680784,1,0,"Standard",1,0,1,0,1,0.285714285714286,13504.5,0,0
"STU003950",2016,"Male","White",1,1,0,0,0,3.5554345894909,0,0,"Advanced",0,0,0,0,1,0.142857142857143,10037.5,0,32157
"STU003951",2016,"Male","MultiRacial",0,0,1,0,1,3.22915214246918,1,1,"Standard",1,0,0,1,1,0.464285714285714,13459.4615384615,0,32959
"STU003952",2016,"NonBinary_Other","White",0,0,0,0,0,3.00782115649979,0,0,"Standard",1,0,0,1,1,0.428571428571429,6386.83333333333,0,16827
"STU003953",2016,"Female","Asian",0,0,0,0,0,2.6561795546113,0,0,"Standard",1,0,1,0,1,0.607142857142857,19067.1176470588,0,37522
"STU003954",2016,"Female","White",0,0,0,0,0,3.71993439464474,0,1,"Advanced",1,0,0,1,1,0.535714285714286,19712.8666666667,1,99575
"STU003955",2016,"Female","White",1,0,0,1,0,2.8832564385127,0,0,"Standard",0,0,0,0,1,0.571428571428571,11296.6875,0,0
"STU003956",2016,"Male","White",0,1,0,0,0,3.30064603265989,0,0,"Standard",0,0,0,0,1,0.464285714285714,7110.23076923077,0,15212
"STU003957",2016,"Male","Asian",0,1,0,0,1,2.8102635887809,1,0,"Standard",1,1,1,0,1,0.392857142857143,14435.9090909091,0,30092
"STU003958",2016,"NonBinary_Other","White",0,1,0,0,0,2.56378109249554,0,0,"Standard",0,0,0,0,1,0.571428571428571,11938.8125,0,31731
"STU003959",2016,"Female","MultiRacial",0,1,0,0,0,2.56616652201488,0,0,"Standard",1,1,0,0,1,0.214285714285714,19070.1666666667,0,11912
"STU003960",2016,"Female","Hispanic",0,1,0,0,1,2.42744828437663,1,0,"Standard",0,0,0,0,0,0,NA,0,0
"STU003961",2016,"Male","Asian",0,1,0,0,0,2.69500963596377,0,0,"Standard",1,1,1,0,1,0.214285714285714,18701.8333333333,1,89814
"STU003962",2016,"Male","White",0,1,0,0,1,2.60063894643369,1,0,"Standard",0,0,0,0,1,0.571428571428571,10265.625,0,21705
"STU003963",2016,"Male","White",0,1,0,1,1,3.60455043378841,1,1,"Advanced",1,0,0,1,1,0.392857142857143,18581.1818181818,1,90778
"STU003964",2016,"Male","White",0,0,1,0,0,2.89291644388803,0,1,"Standard",0,0,0,0,0,0,NA,0,0
"STU003965",2016,"Male","White",0,1,0,0,0,2.19327735317207,0,0,"Standard",0,0,0,0,1,0.678571428571429,12597.8947368421,0,42239
"STU003966",2016,"Male","White",0,0,0,0,0,3.39557009310143,0,0,"Standard",1,0,0,1,1,0.821428571428571,13038.6086956522,1,79223
"STU003967",2016,"Male","White",0,0,1,0,0,3.29124601294433,0,0,"Standard",0,0,0,0,1,0.75,8802.80952380952,1,41009
"STU003968",2016,"Male","White",0,1,0,0,0,2.71900041614204,0,0,"Standard",0,0,0,0,1,0.75,11669.1428571429,1,54551
"STU003969",2016,"Male","Other",1,0,0,0,1,2.30664971214386,1,0,"Standard",0,0,0,0,1,0.571428571428571,9730.5625,0,12651
"STU003970",2016,"Female","Hispanic",1,1,0,0,1,2.13439874591969,1,0,"Standard",0,0,0,0,1,0.714285714285714,12447.75,0,20530
"STU003971",2016,"Male","Other",0,1,0,0,0,NA,0,0,"NonCompletion",1,1,0,0,1,0.357142857142857,18412.3,1,75399
"STU003972",2016,"Female","Asian",0,0,0,0,1,2.87583977189522,1,0,"Standard",1,1,0,0,1,0.5,12030.2857142857,0,40046
"STU003973",2016,"Female","White",0,1,0,0,0,3.09373762547996,0,0,"Standard",0,0,0,0,1,0.928571428571429,7925,1,31828
"STU003974",2016,"Female","Asian",0,0,1,0,1,2.26266040536274,1,0,"Standard",0,0,0,0,1,0.5,10820.2857142857,0,36235
"STU003975",2016,"Male","White",1,0,0,0,0,3.06890289882129,0,0,"Standard",0,0,0,0,1,0.535714285714286,15987.4,1,59712
"STU003976",2016,"Female","Hispanic",1,0,0,0,1,2.80512556961605,1,1,"Standard",1,0,1,0,1,0.428571428571429,13267.4166666667,1,47231
"STU003977",2016,"Male","Other",1,0,1,0,1,3.05763803272458,1,0,"Standard",0,0,0,0,1,0.714285714285714,14229.75,1,85224
"STU003978",2016,"Male","Asian",0,1,1,0,1,3.22203845353418,1,0,"Standard",1,0,1,1,1,0.428571428571429,13327.0833333333,0,22958
"STU003979",2016,"Female","White",0,0,0,0,0,2.72699091394044,0,0,"Standard",0,0,0,0,1,0.392857142857143,7631.18181818182,0,0
"STU003980",2016,"Female","White",0,1,0,0,0,2.95106522897931,0,0,"Standard",0,0,0,0,1,0.357142857142857,11065.7,1,46355
"STU003981",2016,"Female","Other",1,0,0,0,0,2.42219820883438,0,0,"Standard",0,0,0,0,0,0,NA,0,0
"STU003982",2016,"Female","Asian",0,0,0,0,0,2.52747867059091,0,1,"Standard",0,0,0,0,1,0.285714285714286,9102.5,0,15282
"STU003983",2016,"Female","White",0,0,0,0,0,2.55880360958413,0,0,"Standard",0,0,0,0,1,0.535714285714286,11036.7333333333,0,19776
"STU003984",2016,"Male","Asian",1,1,0,0,0,2.41879313912557,0,0,"Standard",0,0,0,0,1,0.392857142857143,11136.0909090909,0,21732
"STU003985",2016,"Male","White",0,0,1,0,0,2.52480039971461,0,0,"Standard",0,0,0,0,0,0,NA,0,0
"STU003986",2016,"Female","Asian",1,1,0,0,1,2.99046903818849,1,0,"Standard",0,0,0,0,1,0.714285714285714,9554.55,0,23761
"STU003987",2016,"Male","Hispanic",0,0,0,1,0,3.23854814995062,0,0,"Standard",1,0,0,1,1,0.285714285714286,15834.625,0,0
"STU003988",2016,"Female","White",0,0,0,0,0,2.32705241599781,0,0,"Standard",0,0,0,0,0,0,NA,0,0
"STU003989",2016,"Male","Hispanic",0,0,0,0,1,1.94539487295911,1,0,"Standard",0,0,0,0,1,0.571428571428571,13914.5,0,49137
"STU003990",2016,"Female","Other",0,0,0,0,1,2.22675570400402,1,0,"Standard",0,0,0,0,1,0.642857142857143,11514.5,1,50505
"STU003991",2016,"Male","White",0,1,0,0,0,2.97927142632536,0,0,"Standard",0,0,0,0,1,0.464285714285714,12011.9230769231,0,32509
"STU003992",2016,"Female","Hispanic",0,1,0,0,1,2.83640153964334,1,0,"Standard",0,0,0,0,1,0.964285714285714,13661.9259259259,0,47222
"STU003993",2016,"Male","Hispanic",1,0,0,0,1,NA,1,0,"NonCompletion",1,0,1,1,1,0.714285714285714,14118.6,1,69262
"STU003994",2016,"Female","White",0,0,0,0,1,1.79271111069003,1,0,"Standard",0,0,0,0,1,0.714285714285714,10445.85,0,36477
"STU003995",2016,"Female","White",1,0,0,0,1,3.7369179994762,1,0,"Advanced",1,0,0,1,1,0.285714285714286,8932.25,1,40305
"STU003996",2016,"Female","White",0,0,0,0,1,3.51926044707845,1,1,"Advanced",1,0,1,1,1,0.357142857142857,8036.2,0,0
"STU003997",2016,"Female","White",0,1,0,0,0,3.51801750740569,0,1,"Advanced",1,0,0,1,1,0.214285714285714,22675.6666666667,0,76132
"STU003998",2016,"Male","White",1,1,0,0,0,2.62280304101976,0,1,"Standard",0,0,0,0,1,0.714285714285714,10300.2,0,20410
"STU003999",2016,"Female","Hispanic",0,1,0,0,1,2.48383101616419,1,0,"Standard",0,0,0,0,1,0.25,13340,1,63640
"STU004000",2016,"Female","White",1,1,0,0,0,1.734139677249,0,0,"Standard",0,0,0,0,0,0,NA,0,0
"STU004001",2016,"Female","Black",1,1,0,0,0,2.43289485051951,0,1,"Standard",0,0,0,0,1,0.392857142857143,13833.5454545455,0,38545
"STU004002",2016,"Female","Black",0,0,0,0,1,2.62226824110417,1,0,"Standard",0,0,0,0,0,0,NA,0,0
"STU004003",2016,"Female","Other",0,0,0,0,0,3.43320321185287,0,1,"Standard",1,0,1,1,1,0.428571428571429,18609.8333333333,0,60487
"STU004004",2016,"Female","Hispanic",1,1,1,1,1,1.57107068790482,1,0,"Standard",0,0,0,0,1,0.571428571428571,14500.0625,0,35308
"STU004005",2016,"Male","Black",0,0,1,0,0,2.38486422479371,0,0,"Standard",0,0,0,0,1,0.464285714285714,15223.6153846154,1,74036
"STU004006",2016,"Female","White",1,0,0,0,0,2.36671690050088,0,0,"Standard",0,0,0,0,1,0.571428571428571,12698.8125,1,58663
"STU004007",2016,"Female","White",0,1,0,0,0,2.24675229381632,0,0,"Standard",0,0,0,0,1,0.0714285714285714,13347.5,0,26695
"STU004008",2016,"Female","White",0,0,0,0,1,2.6881012289491,1,0,"Standard",0,0,0,0,1,0.571428571428571,14301.875,0,46581
"STU004009",2016,"Female","White",1,0,0,0,0,2.97242576841362,0,0,"Standard",1,1,0,0,1,0.321428571428571,22695.7777777778,1,103693
"STU004010",2016,"Male","Black",0,0,0,0,1,2.94662991647378,1,0,"Standard",0,0,0,0,1,0.392857142857143,9615.18181818182,0,20212
"STU004011",2016,"Female","White",0,1,0,0,1,2.19001735035132,1,1,"NonCompletion",0,0,0,0,1,0.714285714285714,9750.3,1,43458
"STU004012",2016,"Male","Black",0,1,0,1,1,2.79866996419936,1,0,"Standard",0,0,0,0,1,0.25,10919,0,11071
"STU004013",2016,"Female","White",0,1,0,0,1,2.39920897601592,1,0,"Standard",0,0,0,0,1,0.178571428571429,10315.8,1,42373
"STU004014",2016,"Male","MultiRacial",0,1,0,0,1,2.14358078398004,1,0,"Standard",0,0,0,0,1,0.642857142857143,10172.0555555556,0,8578
"STU004015",2016,"Female","Asian",0,0,0,0,1,3.24896900013949,1,0,"Standard",1,0,1,0,1,0.571428571428571,15609.3125,1,70455
"STU004016",2016,"Male","Black",0,0,1,0,1,3.09271922663943,1,0,"Standard",1,0,0,1,1,0.178571428571429,19270.2,0,31848
"STU004017",2016,"Female","MultiRacial",1,0,0,0,0,3.5137031277019,0,0,"Advanced",0,0,0,0,1,0.107142857142857,10289.3333333333,0,13000
"STU004018",2016,"Female","AmericanIndian",0,0,0,0,1,2.2678016793349,1,0,"Standard",0,0,0,0,1,0.428571428571429,12248.4166666667,1,60639
"STU004019",2016,"Female","White",0,0,0,0,0,3.10665130655321,0,0,"Standard",1,0,0,1,1,0.428571428571429,16862.8333333333,0,33305
"STU004020",2016,"Male","Asian",0,1,0,1,0,3.32743976174309,0,0,"Standard",0,0,0,0,1,0.714285714285714,10718.75,0,0
"STU004021",2016,"Female","White",0,0,0,0,1,2.99953935832724,1,0,"Standard",0,0,0,0,1,0.464285714285714,10277.6153846154,0,10775
"STU004022",2016,"Female","Hispanic",1,1,0,0,0,2.37402682547665,0,0,"Standard",0,0,0,0,1,0.25,20008.5714285714,1,98917
"STU004023",2016,"Male","Hispanic",0,0,0,0,0,2.22727777190689,0,0,"Standard",0,0,0,0,1,0.464285714285714,10030,0,28275
"STU004024",2016,"Female","White",0,0,0,1,0,1.93605204429706,0,0,"NonCompletion",0,0,0,0,1,0.464285714285714,11836.3076923077,0,16249
"STU004025",2016,"Male","White",0,1,0,0,1,2.63012376616047,1,0,"Standard",0,0,0,0,1,0.392857142857143,10960.4545454545,0,14815
"STU004026",2016,"Female","Hispanic",0,1,1,0,0,2.02055446867856,0,0,"Standard",0,0,0,0,1,0.5,11882.3571428571,0,16657
"STU004027",2016,"Male","Asian",0,0,0,0,0,3.86421156192522,0,0,"Advanced",0,0,0,0,1,0.107142857142857,19076,0,57228
"STU004028",2016,"Female","White",0,1,0,0,0,1.71815256493686,0,0,"Standard",0,0,0,0,1,0.821428571428571,10565.4782608696,1,50247
"STU004029",2016,"Male","Hispanic",1,0,0,0,0,3.44518966292995,0,0,"Standard",0,0,0,0,1,0.357142857142857,11592.7,1,57134
"STU004030",2016,"Male","White",0,0,0,0,0,2.53353057369955,0,0,"Standard",0,0,0,0,1,0.75,10265.2380952381,1,56807
"STU004031",2016,"Male","Hispanic",0,1,0,0,1,2.70329146767438,1,0,"Standard",0,0,0,0,1,0.428571428571429,12050.6666666667,0,28264
"STU004032",2016,"Male","Asian",0,1,0,1,0,3.5477728849047,0,0,"Advanced",1,0,0,1,1,0.428571428571429,10352.6666666667,0,0
"STU004033",2016,"Male","White",0,1,0,0,0,2.03254397838263,0,0,"Standard",0,0,0,0,1,0.571428571428571,10702.75,0,29890
"STU004034",2016,"Female","AmericanIndian",1,1,0,0,0,3.89346971950956,0,1,"Advanced",0,0,0,0,1,0.107142857142857,17030.6666666667,0,51092
"STU004035",2016,"Male","White",0,0,0,0,0,2.99813098605579,0,0,"Standard",1,0,1,0,1,0.464285714285714,13365.6153846154,1,59896
"STU004036",2016,"Female","Hispanic",0,0,0,0,0,1.96079573515612,0,0,"NonCompletion",0,0,0,0,1,0.0714285714285714,8581.5,0,17163
"STU004037",2016,"Female","White",0,1,1,0,0,1.800132570594,0,0,"NonCompletion",0,0,0,0,1,0.535714285714286,8882.2,0,7000
"STU004038",2016,"Female","Asian",1,1,1,0,0,2.02357107090432,0,0,"Standard",0,0,0,0,1,0.714285714285714,7633.3,1,29330
"STU004039",2016,"Male","White",0,0,0,0,0,2.11267117107505,0,0,"Standard",0,0,0,0,1,0.785714285714286,14663.9545454545,0,55636
"STU004040",2016,"Male","White",1,1,0,0,1,3.25106501069417,1,0,"Standard",1,0,1,0,1,0.178571428571429,15757,0,42541
"STU004041",2016,"Female","Asian",1,1,0,0,0,1.92708317116651,0,1,"NonCompletion",1,1,0,0,1,0.571428571428571,18655,1,87413
"STU004042",2016,"Male","AmericanIndian",0,0,0,0,0,1.90641473018938,0,1,"Standard",0,0,0,0,1,0.75,10658.6666666667,0,33218
"STU004043",2016,"Male","White",0,1,0,1,0,3.02220973529997,0,1,"Standard",1,0,1,0,1,0.5,14031.5,0,34498
"STU004044",2016,"Female","White",0,1,0,0,0,2.8101740093507,0,1,"Standard",0,0,0,0,1,0.607142857142857,8268.58823529412,0,21601
"STU004045",2016,"Female","White",0,0,0,0,0,2.1781009699306,0,0,"Standard",0,0,0,0,0,0,NA,0,0
"STU004046",2016,"Male","Asian",0,0,0,1,0,3.00041587851313,0,0,"Standard",1,0,1,0,1,0.285714285714286,12525.75,0,0
"STU004047",2016,"Male","White",0,1,0,0,1,2.66723213095563,1,0,"Standard",0,0,0,0,1,0.642857142857143,7267.33333333333,1,33290
"STU004048",2016,"Female","Black",1,0,0,1,1,1.98874995125845,1,0,"Standard",0,0,0,0,1,0.571428571428571,7609.6875,0,20138
"STU004049",2016,"Female","MultiRacial",0,0,0,1,1,2.66065698371084,1,0,"Standard",0,0,0,0,1,0.75,9962.57142857143,0,24950
"STU004050",2016,"Female","White",0,0,0,0,0,3.73938520690173,0,0,"Advanced",1,0,0,1,0,0,NA,0,0
"STU004051",2016,"Male","White",0,1,1,0,0,2.20976248374671,0,0,"Standard",0,0,0,0,1,0.892857142857143,9310.6,1,43009
"STU004052",2016,"Female","Asian",1,0,0,0,0,2.40523760190931,0,0,"Standard",0,0,0,0,1,0.321428571428571,10297.6666666667,0,0
"STU004053",2016,"Female","Black",0,0,1,0,1,2.95348757950937,1,1,"Standard",1,0,1,1,1,0.392857142857143,7478.54545454545,0,0
"STU004054",2016,"Female","White",0,0,0,1,0,2.56018705342898,0,1,"Standard",0,0,0,0,1,0.607142857142857,8402.29411764706,1,32841
"STU004055",2016,"Male","White",0,0,0,0,0,2.7394792347132,0,0,"Standard",0,0,0,0,1,0.464285714285714,9917.61538461538,0,32868
"STU004056",2016,"Male","White",1,1,0,0,0,3.85369395638661,0,0,"Advanced",1,0,1,0,1,0.142857142857143,14507.75,0,43954
"STU004057",2016,"Female","White",0,0,0,0,0,4,0,1,"Advanced",1,0,0,1,1,0.464285714285714,14325.6153846154,0,0
"STU004058",2016,"Male","Hispanic",1,0,0,0,1,2.29815997592901,1,0,"NonCompletion",0,0,0,0,1,0.535714285714286,15010.9333333333,0,59594
"STU004059",2016,"Female","Other",0,1,0,0,1,3.60388322360845,1,0,"Advanced",0,0,0,0,1,0.75,11410.380952381,1,57490
"STU004060",2016,"Female","Black",0,1,0,0,0,2.44809855068806,0,0,"Standard",0,0,0,0,1,0.464285714285714,11967.2307692308,0,27593
"STU004061",2016,"Female","Hispanic",0,1,0,1,1,3.17839218391682,1,1,"Standard",1,0,1,1,1,0.75,8753.38095238095,0,36773
"STU004062",2016,"Female","MultiRacial",0,0,1,0,1,1.69093166400507,1,1,"NonCompletion",0,0,0,0,1,0.714285714285714,11336.5,0,0
"STU004063",2016,"Female","White",1,0,0,0,0,3.07092592984142,0,1,"Standard",0,0,0,0,1,0.428571428571429,8281.41666666667,0,25994
"STU004064",2016,"Male","White",1,0,0,0,0,3.58231747494673,0,1,"Advanced",1,0,0,1,1,0.357142857142857,18145.9,1,91230
"STU004065",2016,"Male","White",0,1,0,0,0,3.02401027793474,0,0,"Standard",0,0,0,0,1,0.357142857142857,9978.2,0,34650
"STU004066",2016,"Male","MultiRacial",0,1,0,1,0,2.71585430845619,0,0,"Standard",0,0,0,0,0,0,NA,0,0
"STU004067",2016,"Male","White",0,0,0,0,0,2.86506317155317,0,1,"Standard",1,0,1,0,1,0.571428571428571,12988,0,14589
"STU004068",2016,"Male","Black",0,1,0,0,0,3.05262703650443,0,1,"Standard",0,0,0,0,1,0.642857142857143,14231.7222222222,0,70616
"STU004069",2016,"Male","Black",0,0,0,0,1,2.33407045283521,1,0,"Standard",0,0,0,0,1,0.464285714285714,9079.15384615385,0,0
"STU004070",2016,"Male","White",0,1,0,0,1,1.9672273769414,1,0,"Standard",0,0,0,0,1,0.464285714285714,11161.1538461538,1,50609
"STU004071",2016,"Female","Hispanic",0,0,0,0,0,2.62762119449535,0,0,"Standard",1,0,1,0,1,0.285714285714286,10225.625,0,43295
"STU004072",2016,"Female","Hispanic",1,1,0,0,0,3.57352446469824,0,0,"Advanced",0,0,0,0,1,0.321428571428571,18220.6666666667,1,78223
"STU004073",2016,"Female","White",0,1,0,0,1,2.22561884989434,1,0,"NonCompletion",0,0,0,0,0,0,NA,0,0
"STU004074",2016,"Male","Black",0,1,0,0,1,3.32775453429615,1,1,"Standard",0,0,0,0,1,0.5,10980.0714285714,1,59897
"STU004075",2016,"Male","White",0,1,0,0,0,2.82836720610744,0,0,"Standard",0,0,0,0,1,0.535714285714286,9393.46666666667,1,51143
"STU004076",2016,"Female","AmericanIndian",0,0,0,1,1,2.96812149137856,1,1,"Standard",1,0,1,0,1,0.0714285714285714,9811.5,0,19623
"STU004077",2016,"Female","White",0,0,0,0,0,1.9663889902715,0,1,"Standard",0,0,0,0,1,0.678571428571429,11892.9473684211,1,57115
"STU004078",2016,"Male","White",1,0,0,0,0,2.35830653269892,0,0,"Standard",1,1,0,0,1,0.642857142857143,13178.0555555556,0,29934
"STU004079",2016,"Male","Hispanic",1,1,0,0,1,2.57670776406069,1,0,"Standard",0,0,0,0,1,0.821428571428571,11043.8260869565,0,44634
"STU004080",2016,"Male","Asian",0,0,1,0,1,2.26583206760184,1,1,"Standard",0,0,0,0,1,0.464285714285714,9805.15384615385,0,0
"STU004081",2016,"Male","Hispanic",0,1,0,0,1,1.77806792115799,1,0,"Standard",0,0,0,0,1,0.642857142857143,11133.0555555556,0,9001
"STU004082",2016,"Male","White",0,1,0,0,0,3.54968219832531,0,1,"Advanced",0,0,0,0,1,0.178571428571429,24129.8,0,84478
"STU004083",2016,"Male","Black",1,1,0,0,0,2.91343819085277,0,0,"Standard",0,0,0,0,1,0.428571428571429,6401.08333333333,0,7914
"STU004084",2016,"Female","White",0,0,1,0,0,2.44772428090244,0,0,"Standard",0,0,0,0,1,0.535714285714286,9171,0,0
"STU004085",2016,"Male","White",1,1,0,0,0,2.60451522776415,0,0,"Standard",0,0,0,0,1,0.678571428571429,12524.0526315789,0,17124
"STU004086",2016,"Male","White",1,1,1,0,0,2.32256367450867,0,0,"NonCompletion",0,0,0,0,1,0.571428571428571,17780.8125,0,48760
"STU004087",2016,"Male","Asian",0,0,0,0,0,3.09456251463588,0,1,"Standard",0,0,0,0,1,0.678571428571429,8212.68421052631,0,20162
"STU004088",2016,"Male","White",0,1,0,0,1,2.42757925783938,1,0,"Standard",0,0,0,0,0,0,NA,0,0
"STU004089",2016,"Female","White",0,1,0,0,0,3.00000419505681,0,0,"Standard",1,0,1,0,1,0.357142857142857,13002.3,1,57741
"STU004090",2016,"Female","Black",0,0,0,0,1,3.10470363871136,1,1,"Standard",0,0,0,0,1,0.785714285714286,9415,0,34693
"STU004091",2016,"Male","White",0,1,0,1,0,3.53543522925141,0,1,"Advanced",1,0,0,1,1,0.392857142857143,16723.6363636364,0,32533
"STU004092",2016,"Male","Hispanic",0,1,0,0,1,2.67864567236549,1,0,"Standard",0,0,0,0,1,0.714285714285714,8977.85,0,36403
"STU004093",2016,"Female","Hispanic",0,1,0,0,1,1.9762799531501,1,0,"Standard",0,0,0,0,1,0.607142857142857,10570.8235294118,0,38067
"STU004094",2016,"Male","White",0,0,0,1,0,2.09673535188475,0,0,"NonCompletion",0,0,0,0,0,0,NA,0,0
"STU004095",2016,"Male","Asian",0,1,0,0,0,3.65475065826042,0,0,"Advanced",1,0,0,1,1,0.428571428571429,11345.25,0,14042
"STU004096",2016,"Male","Hispanic",1,0,0,0,1,2.97491565074882,1,0,"Standard",0,0,0,0,1,0.535714285714286,9643.13333333333,0,21584
"STU004097",2016,"Female","Other",0,1,0,0,0,2.83809631569902,0,0,"Standard",1,1,0,0,1,0.5,16314.9285714286,0,19017
"STU004098",2016,"Male","Hispanic",0,1,1,0,1,3.10865451795032,1,0,"Standard",0,0,0,0,1,0.571428571428571,9484.4375,0,15319
"STU004099",2016,"Male","Hispanic",1,0,0,1,0,2.24272144860941,0,0,"Standard",0,0,0,0,1,0.428571428571429,12161.0833333333,0,0
"STU004100",2016,"Male","White",1,1,0,0,1,2.74050127325886,1,0,"Standard",1,1,0,0,1,0.107142857142857,25406.3333333333,0,25678
"STU004101",2016,"Female","White",1,0,0,0,0,3.08360784669551,0,1,"Standard",1,0,1,0,1,0.714285714285714,13502.4,1,60025
"STU004102",2016,"Female","Hispanic",1,0,0,0,0,3.5861616413753,0,0,"Advanced",1,0,1,0,1,0.25,13798.4285714286,0,11290
"STU004103",2016,"Male","Hispanic",0,0,0,0,1,3.40787858959582,1,0,"Standard",1,0,0,1,1,0.0357142857142857,19910,0,19910
"STU004104",2016,"Male","White",1,0,0,0,0,3.12587932834731,0,1,"Standard",0,0,0,0,1,0.428571428571429,7180.66666666667,0,17930
"STU004105",2016,"Male","White",0,0,0,0,1,2.30498846785785,1,1,"Standard",0,0,0,0,0,0,NA,0,0
"STU004106",2016,"Male","Hispanic",0,0,1,0,0,2.61420622051379,0,0,"Standard",0,0,0,0,1,0.857142857142857,8772.75,0,22292
"STU004107",2016,"Male","Hispanic",0,0,0,0,0,3.34415955903336,0,0,"Standard",0,0,0,0,1,0.714285714285714,11830.2,0,0
"STU004108",2016,"Female","White",0,1,1,0,0,2.44122679647339,0,0,"NonCompletion",0,0,0,0,1,0.5,10428.6428571429,0,34463
"STU004109",2016,"Female","White",1,1,0,0,1,1.86004648373734,1,0,"Standard",0,0,0,0,1,0.714285714285714,13981.8,0,31784
"STU004110",2016,"Male","White",0,0,0,0,0,2.67497420705538,0,0,"Standard",0,0,0,0,1,0.75,11186,0,13318
"STU004111",2016,"Female","White",0,1,0,0,0,2.99428546306688,0,0,"Standard",1,0,0,1,1,0.75,14651.2380952381,1,71991
"STU004112",2016,"NonBinary_Other","White",1,0,0,0,0,3.03105140789298,0,1,"Standard",1,0,1,0,1,0.464285714285714,12325.7692307692,1,52730
"STU004113",2016,"Male","White",0,0,0,0,0,2.85253951309026,0,0,"Standard",0,0,0,0,1,0.0357142857142857,20568,0,20568
"STU004114",2016,"Female","White",0,1,0,0,1,3.11593864415309,1,0,"Standard",1,0,0,1,1,0.178571428571429,22945.2,0,47857
"STU004115",2016,"Female","Hispanic",1,1,1,0,1,1.97038835820702,1,0,"NonCompletion",0,0,0,0,1,0.642857142857143,12839,0,30143
"STU004116",2016,"Male","White",0,0,0,1,0,3.47982244858246,0,0,"Standard",0,0,0,0,1,0.428571428571429,12821.4166666667,1,48987
"STU004117",2016,"Male","White",0,1,0,1,0,2.59071224679089,0,0,"Standard",0,0,0,0,1,0.464285714285714,12534.3846153846,0,10148
"STU004118",2016,"Female","Hispanic",1,0,0,0,1,2.7814124084797,1,0,"Standard",0,0,0,0,1,0.107142857142857,11399.3333333333,0,0
"STU004119",2016,"Female","White",0,0,1,0,0,2.08115000843469,0,0,"Standard",0,0,0,0,0,0,NA,0,0
"STU004120",2016,"Male","White",1,1,0,0,0,2.07214244829493,0,0,"Standard",0,0,0,0,1,0.571428571428571,13323.875,0,19750
"STU004121",2016,"Female","Hispanic",0,0,0,0,1,2.30721564299112,1,0,"Standard",0,0,0,0,1,0.428571428571429,9450.91666666667,0,20229
"STU004122",2016,"Female","AmericanIndian",0,1,0,0,1,2.39691022026668,1,1,"Standard",0,0,0,0,1,0.642857142857143,11869.9444444444,0,0
"STU004123",2016,"Female","White",1,1,1,0,0,3.09088803137451,0,0,"Standard",1,0,0,1,1,0.75,14604,0,40446
"STU004124",2016,"Female","Hispanic",0,0,0,1,1,3.02138286774002,1,0,"Standard",0,0,0,0,1,0.607142857142857,9917.82352941176,1,42381
"STU004125",2016,"Female","Black",0,1,0,0,1,3.14244724246753,1,0,"Standard",1,0,0,1,1,0.642857142857143,9155.44444444445,0,28210
"STU004126",2016,"Male","White",0,1,1,0,0,2.36874479801905,0,0,"Standard",0,0,0,0,1,0.642857142857143,9588.11111111111,0,36250
"STU004127",2016,"Female","Black",0,1,0,0,1,3.01399764264421,1,0,"Standard",0,0,0,0,0,0,NA,0,0
"STU004128",2016,"Male","White",0,1,0,0,0,3.83049112380155,0,1,"Advanced",1,0,1,0,1,0.607142857142857,16926.1764705882,1,82076
"STU004129",2016,"Male","Black",0,0,0,0,1,2.053505414437,1,0,"Standard",0,0,0,0,1,0.392857142857143,13479.6363636364,0,16403
"STU004130",2016,"Female","White",0,1,1,0,0,2.11236824359089,0,0,"Standard",0,0,0,0,1,0.678571428571429,9868.26315789474,1,49712
"STU004131",2016,"Female","Black",0,0,1,0,0,2.37949043343418,0,0,"Standard",0,0,0,0,1,0.892857142857143,11898,1,57844
"STU004132",2016,"Female","White",0,0,0,0,1,2.94295817138385,1,0,"Standard",0,0,0,0,1,0.25,12120.8571428571,0,44525
"STU004133",2016,"Male","White",1,0,0,0,0,3.37358424454228,0,0,"Standard",0,0,0,0,1,0.321428571428571,20145.2222222222,0,38809
"STU004134",2016,"Male","Black",0,0,0,0,1,2.83822474636806,1,0,"Standard",0,0,0,0,1,0.428571428571429,14150.1666666667,1,50403
"STU004135",2016,"Female","White",1,1,0,0,0,2.43460230900252,0,0,"Standard",0,0,0,0,1,0.75,17271.9047619048,0,51660
"STU004136",2016,"Male","Black",0,0,0,0,0,2.22005718402682,0,0,"Standard",0,0,0,0,1,0.571428571428571,10021.5625,0,12619
"STU004137",2016,"Male","White",0,1,0,0,0,2.93556351564714,0,0,"Standard",1,0,1,0,1,0.714285714285714,13472.2,1,68179
"STU004138",2016,"Female","Hispanic",0,1,0,0,1,3.19810021543619,1,0,"Standard",1,0,0,1,1,0.142857142857143,27063,0,100144
"STU004139",2016,"Female","White",1,0,0,0,0,2.68195662295249,0,0,"Standard",0,0,0,0,1,0.785714285714286,9811.36363636364,1,42808
"STU004140",2016,"Female","Black",0,1,0,0,0,2.79015870530663,0,0,"Standard",0,0,0,0,1,0.642857142857143,8783.38888888889,0,24988
"STU004141",2016,"Male","Asian",1,0,0,0,0,2.52045754465942,0,0,"Standard",0,0,0,0,1,0.5,11741.9285714286,0,35984
"STU004142",2016,"Female","Asian",0,1,0,0,0,3.61550793351536,0,1,"Advanced",1,0,0,1,1,0.535714285714286,12813.7333333333,1,68773
"STU004143",2016,"Male","Hispanic",0,0,1,1,1,3.21585529180353,1,0,"Standard",1,0,0,1,1,0.464285714285714,14197.9230769231,0,55316
"STU004144",2016,"Male","Black",1,1,0,0,1,2.76700034244927,1,0,"Standard",1,1,0,0,1,0.0714285714285714,18530.5,0,37061
"STU004145",2016,"Female","White",0,0,0,0,0,3.73023340247481,0,0,"Advanced",0,0,0,0,1,0.642857142857143,7380.61111111111,0,5995
"STU004146",2016,"Female","White",1,1,1,0,0,3.69075692593783,0,0,"Advanced",1,0,0,1,1,0.107142857142857,22275.3333333333,0,49835
"STU004147",2016,"Female","Hispanic",0,0,0,0,1,2.66843386975174,1,1,"NonCompletion",0,0,0,0,1,0.571428571428571,10139.8125,1,33233
"STU004148",2016,"Female","MultiRacial",0,1,0,0,1,2.31500630954455,1,1,"Standard",0,0,0,0,1,0.607142857142857,8045.41176470588,1,32929
"STU004149",2016,"Female","MultiRacial",0,0,0,0,0,2.65977475417288,0,0,"Standard",0,0,0,0,1,0.428571428571429,6589.33333333333,0,0
"STU004150",2016,"Female","Black",0,0,0,0,1,2.92502603180706,1,0,"Standard",0,0,0,0,1,0.571428571428571,10312.375,0,10091
"STU004151",2016,"Male","White",1,1,1,0,0,1.86637955910951,0,1,"NonCompletion",0,0,0,0,1,0.5,10996.3571428571,0,0
"STU004152",2016,"Female","White",1,0,0,0,1,2.70075474714108,1,0,"Standard",1,1,0,0,1,0.678571428571429,12418.3684210526,0,47713
"STU004153",2016,"Female","Hispanic",0,0,0,0,0,3.20819896869837,0,0,"Standard",0,0,0,0,1,0.571428571428571,8023.5,1,38351
"STU004154",2016,"Female","Black",0,0,0,0,1,2.68596299124172,1,0,"Standard",0,0,0,0,1,0.821428571428571,15713.0869565217,0,66052
"STU004155",2016,"Male","White",0,0,0,0,0,2.71694370271887,0,0,"Standard",1,0,1,0,1,0.464285714285714,12572.6153846154,0,25034
"STU004156",2016,"Male","MultiRacial",1,0,0,0,0,2.36819587678041,0,0,"Standard",0,0,0,0,1,0.25,10459.1428571429,0,18341
"STU004157",2016,"Male","White",0,1,0,0,0,1.99332708425293,0,0,"NonCompletion",0,0,0,0,1,0.714285714285714,10691.1,0,40528
"STU004158",2016,"Female","Hispanic",0,1,0,0,1,NA,1,0,"Standard",0,0,0,0,1,0.357142857142857,12613.5,0,0
"STU004159",2016,"Male","White",0,0,0,0,0,2.28903559575056,0,0,"Standard",0,0,0,0,1,0.5,8709.57142857143,0,26336
"STU004160",2016,"Female","Other",0,0,0,0,0,3.27644846925385,0,0,"Standard",1,0,0,1,1,0.642857142857143,19921.2777777778,1,80675
"STU004161",2016,"Female","White",0,1,0,0,1,2.91608923114197,1,1,"Standard",1,0,1,1,1,0.178571428571429,8497.8,0,10656
"STU004162",2016,"Female","White",0,0,0,0,0,3.6176697060394,0,1,"Advanced",0,0,0,0,1,0.535714285714286,14838.4666666667,0,15861
"STU004163",2016,"Male","Hispanic",0,0,0,0,1,2.11444317489763,1,0,"Standard",0,0,0,0,1,0.464285714285714,12495.2307692308,0,0
"STU004164",2016,"Male","White",1,0,1,0,0,3.02270009618576,0,0,"Standard",1,1,0,0,1,0.392857142857143,27757.7272727273,0,20371
"STU004165",2016,"Male","White",1,0,0,0,0,2.45023471338303,0,0,"Standard",0,0,0,0,1,0.571428571428571,11322.75,0,28089
"STU004166",2016,"Male","White",0,1,0,0,1,2.46497727756707,1,1,"Standard",0,0,0,0,1,0.714285714285714,11126.3,0,0
"STU004167",2016,"Female","White",0,0,0,0,1,1.91524108207422,1,0,"Standard",0,0,0,0,1,0.75,11456.0476190476,0,13057
"STU004168",2016,"Female","White",1,1,0,0,0,2.95006610265047,0,0,"Standard",1,0,1,0,1,0.428571428571429,17409.25,0,0
"STU004169",2016,"Female","Asian",0,1,0,0,1,2.300014004363,1,0,"Standard",1,1,0,0,1,0.535714285714286,13668.6,0,0
"STU004170",2016,"Female","White",1,1,0,0,0,2.82161173965454,0,0,"Standard",1,0,1,0,1,0.107142857142857,14490.3333333333,0,33512
"STU004171",2016,"Female","White",0,0,0,0,1,2.59061435486433,1,0,"Standard",0,0,0,0,1,0.464285714285714,10154.6923076923,0,25149
"STU004172",2016,"Female","Hispanic",1,0,0,0,1,1.97768499531638,1,0,"Standard",0,0,0,0,1,0.357142857142857,7281.3,0,17632
"STU004173",2016,"Female","Hispanic",0,0,0,0,0,2.14651653189573,0,0,"Standard",0,0,0,0,1,0.357142857142857,10228.1,1,42561
"STU004174",2016,"Male","MultiRacial",1,1,0,1,0,2.87183508111493,0,0,"Standard",0,0,0,0,1,0.571428571428571,14888,0,47081
"STU004175",2016,"Male","Black",1,1,0,0,1,2.31492529456203,1,0,"Standard",0,0,0,0,1,0.571428571428571,15066.0625,0,44199
"STU004176",2016,"Male","Black",0,1,0,0,1,1.34278546149591,1,0,"Standard",0,0,0,0,1,0.678571428571429,12889.9473684211,1,54220
"STU004177",2016,"Female","White",0,1,1,0,0,3.06956884226202,0,0,"Standard",1,0,1,0,1,0.571428571428571,13883.875,0,32569
"STU004178",2016,"Female","Black",0,0,1,0,0,3.42436434083385,0,0,"Standard",0,0,0,0,1,0.5,8867.14285714286,0,12493
"STU004179",2016,"Male","White",0,0,0,0,1,3.29961622640985,1,0,"Standard",1,0,0,1,0,0,NA,0,0
"STU004180",2016,"Female","Hispanic",0,0,0,0,1,2.38832079511043,1,0,"Standard",0,0,0,0,1,0.571428571428571,11926.1875,1,49072
"STU004181",2016,"Male","White",1,1,0,0,0,3.26272678817359,0,1,"Standard",1,0,1,1,1,0.428571428571429,14735.25,0,67091
"STU004182",2016,"Female","White",0,1,0,0,0,3.62484266585751,0,0,"Advanced",0,0,0,0,1,0.821428571428571,9458,0,31195
"STU004183",2016,"Male","White",1,0,0,0,0,2.13741237110517,0,1,"Standard",0,0,0,0,1,0.714285714285714,10394.15,1,52273
"STU004184",2016,"Male","White",1,1,1,0,1,2.25251376353314,1,1,"Standard",0,0,0,0,1,0.5,12124.4285714286,0,36986
"STU004185",2016,"Female","Asian",0,0,0,0,1,3.56861562856088,1,1,"Advanced",1,0,0,1,1,0.357142857142857,20291,1,85688
"STU004186",2016,"Male","Asian",0,0,1,0,0,2.88791183333004,0,0,"Standard",1,0,1,0,1,0.678571428571429,9215.42105263158,0,8247
"STU004187",2016,"Female","Hispanic",0,0,0,0,1,1.99216786895804,1,0,"Standard",0,0,0,0,1,0.285714285714286,15085.25,0,45932
"STU004188",2016,"Female","MultiRacial",0,0,0,0,1,3.19692245857012,1,1,"Standard",1,0,1,0,1,0.5,9096.28571428571,0,31634
"STU004189",2016,"Female","White",0,1,0,0,0,2.54796611414652,0,0,"Standard",0,0,0,0,1,0.5,9030.57142857143,0,35739
"STU004190",2016,"Female","MultiRacial",0,1,0,0,0,3.18841540313706,0,0,"Standard",1,0,0,1,1,0.678571428571429,14417.1578947368,0,13942
"STU004191",2016,"Male","White",0,0,0,0,1,1.56714031360919,1,0,"Standard",0,0,0,0,1,0.714285714285714,13494.15,1,57420
"STU004192",2016,"Female","White",0,0,1,0,0,2.83227740512803,0,0,"Standard",0,0,0,0,1,0.392857142857143,15128,0,0
"STU004193",2016,"Male","White",0,1,0,1,1,3.86980344130712,1,1,"Advanced",1,0,0,1,1,0.0714285714285714,29437,0,58874
"STU004194",2016,"Female","Hispanic",0,1,0,1,0,2.52074814108,0,1,"NonCompletion",0,0,0,0,1,0.5,11741.3571428571,0,29188
"STU004195",2016,"Male","White",0,0,0,0,0,2.78251877756878,0,0,"Standard",0,0,0,0,1,0.535714285714286,11070.5333333333,1,46462
"STU004196",2016,"Female","White",0,0,0,0,0,2.8312530954781,0,0,"Standard",0,0,0,0,1,0.821428571428571,9978.82608695652,1,43824
"STU004197",2016,"Male","White",0,1,0,0,0,3.80911222832437,0,0,"Advanced",1,0,0,1,1,0.821428571428571,14938.652173913,1,98382
"STU004198",2016,"Male","Other",1,1,0,0,0,1.70809937649833,0,0,"Standard",0,0,0,0,0,0,NA,0,0
"STU004199",2016,"Male","White",0,0,0,0,0,3.67173877457272,0,0,"Advanced",1,0,0,1,1,0.357142857142857,15342,0,14648
"STU004200",2016,"Male","White",0,0,0,0,0,2.74571464819753,0,0,"Standard",0,0,0,0,1,0.607142857142857,9620,0,30973
"STU004201",2016,"Male","MultiRacial",1,0,0,0,0,2.80784155605291,0,0,"NonCompletion",0,0,0,0,1,0.642857142857143,10382.1111111111,0,9364
"STU004202",2016,"Male","White",0,0,0,0,0,NA,0,0,"Standard",1,0,0,1,1,0.107142857142857,13682.6666666667,0,41048
"STU004203",2016,"Male","White",0,0,0,1,0,3.26686347119516,0,0,"Standard",1,0,1,0,0,0,NA,0,0
"STU004204",2016,"Female","Other",0,0,0,0,0,2.82112878372752,0,0,"Standard",0,0,0,0,1,0.428571428571429,7842.5,0,0
"STU004205",2016,"Female","Hispanic",0,1,0,0,1,2.3526129948453,1,0,"Standard",0,0,0,0,1,0.392857142857143,12830.6363636364,0,12147
"STU004206",2016,"Male","Hispanic",0,1,0,1,1,2.19696375398155,1,0,"Standard",0,0,0,0,1,0.321428571428571,14878.2222222222,1,70458
"STU004207",2016,"Female","MultiRacial",0,1,0,0,1,2.3615991442519,1,0,"Standard",0,0,0,0,1,0.571428571428571,11520,0,54040
"STU004208",2016,"NonBinary_Other","MultiRacial",1,1,0,0,1,3.18944248553718,1,0,"Standard",1,0,0,1,1,0.607142857142857,11493.0588235294,0,52744
"STU004209",2016,"Female","Hispanic",0,1,0,0,0,2.21574341164273,0,0,"Standard",0,0,0,0,1,0.5,13523.7857142857,0,13808
"STU004210",2016,"Female","White",0,0,1,1,0,2.8678469856405,0,1,"Standard",1,0,1,0,0,0,NA,0,0
"STU004211",2016,"Female","MultiRacial",0,1,0,0,1,2.26977329185097,1,1,"Standard",1,1,0,0,1,0.357142857142857,15326.7,0,18178
"STU004212",2016,"Female","White",0,0,0,0,0,3.05193219895142,0,0,"Standard",0,0,0,0,1,0.571428571428571,13935.375,0,31612
"STU004213",2016,"Female","White",0,1,0,0,0,2.95523354145961,0,1,"Standard",0,0,0,0,1,0.428571428571429,10565.4166666667,1,58258
"STU004214",2016,"Female","White",0,0,0,0,0,2.86779620850459,0,1,"Standard",0,0,0,0,1,0.642857142857143,10312.8333333333,1,46277
"STU004215",2016,"Female","Hispanic",0,1,0,0,1,NA,1,1,"NonCompletion",1,0,1,0,1,0.785714285714286,12275.7272727273,1,46632
"STU004216",2016,"Male","White",1,1,0,0,0,2.74872051140788,0,0,"Standard",0,0,0,0,1,0.285714285714286,10176.125,0,0
"STU004217",2016,"Male","White",0,1,0,0,0,2.72387105634569,0,0,"Standard",0,0,0,0,0,0,NA,0,0
"STU004218",2016,"Male","White",1,0,0,0,0,3.04050913324661,0,0,"NonCompletion",0,0,0,0,1,0.535714285714286,9438.66666666667,0,17657
"STU004219",2016,"Female","White",0,0,0,0,0,3.23377242878896,0,1,"Standard",1,1,1,0,1,0.321428571428571,21447,0,69015
"STU004220",2016,"Male","White",0,0,0,0,0,3.70490534172172,0,1,"Advanced",1,0,1,0,1,0.857142857142857,13198.625,0,47163
"STU004221",2016,"Male","White",1,1,0,0,1,2.55776986685052,1,0,"Standard",0,0,0,0,1,0.642857142857143,9966.11111111111,0,38733
"STU004222",2016,"Female","Asian",0,0,0,0,0,2.47603426096058,0,0,"Standard",0,0,0,0,1,0.607142857142857,9181,1,43760
"STU004223",2016,"Female","MultiRacial",0,0,0,0,0,2.38851396665267,0,0,"Standard",0,0,0,0,1,0.428571428571429,10419.6666666667,0,0
"STU004224",2016,"Female","White",0,0,0,0,0,2.52147175828283,0,0,"Standard",0,0,0,0,1,0.607142857142857,11592.4117647059,0,0
"STU004225",2016,"Female","Hispanic",0,1,0,1,1,2.82352236035669,1,0,"Standard",1,0,1,0,1,0.821428571428571,9774.86956521739,0,13214
"STU004226",2016,"Male","MultiRacial",0,0,0,0,1,2.93434594806875,1,0,"Standard",1,0,0,1,1,0.5,13035.1428571429,0,50091
"STU004227",2016,"Female","White",0,0,0,1,0,2.89390702628564,0,0,"Standard",0,0,0,0,1,0.892857142857143,9341.36,1,35987
"STU004228",2016,"Male","White",0,1,0,0,1,2.77647400702699,1,0,"Standard",1,1,1,0,1,0.785714285714286,15519.0454545455,0,55655
"STU004229",2016,"Female","Hispanic",0,0,0,0,0,2.48718019765611,0,0,"Standard",0,0,0,0,1,0.642857142857143,13975.0555555556,1,77384
"STU004230",2016,"Male","Asian",1,0,0,0,1,2.47243605708684,1,0,"Standard",0,0,0,0,1,0.642857142857143,13278.8333333333,1,46988
"STU004231",2016,"Male","White",0,1,0,0,0,NA,0,0,"Standard",0,0,0,0,1,0.5,14458.0714285714,0,21473
"STU004232",2016,"Female","White",0,0,0,0,1,NA,1,0,"NonCompletion",1,0,0,1,1,0.142857142857143,8773.75,0,6806
"STU004233",2016,"Female","Other",1,1,0,0,0,3.04913432004623,0,0,"NonCompletion",0,0,0,0,0,0,NA,0,0
"STU004234",2016,"Male","White",1,0,0,0,0,3.51062912769753,0,0,"Advanced",0,0,0,0,1,0.607142857142857,9449.58823529412,0,0
"STU004235",2016,"Female","MultiRacial",0,1,0,1,1,2.65220657116791,1,0,"Standard",0,0,0,0,1,0.678571428571429,10867.6842105263,0,33982
"STU004236",2016,"Male","Hispanic",1,0,0,0,0,1.80453538144503,0,1,"Standard",0,0,0,0,0,0,NA,0,0
"STU004237",2016,"Male","Hispanic",1,1,0,0,1,2.40597317959778,1,0,"Standard",0,0,0,0,1,0.285714285714286,10838.375,0,11411
"STU004238",2016,"Male","Other",0,0,0,1,0,2.75973612498891,0,0,"Standard",0,0,0,0,1,0.5,10538.2857142857,0,37738
"STU004239",2016,"Female","White",1,0,1,0,1,2.86586923166375,1,0,"Standard",1,0,1,0,1,0.178571428571429,15417.2,0,26609
"STU004240",2016,"Female","White",0,0,0,0,0,2.2039726847237,0,0,"Standard",0,0,0,0,1,0.607142857142857,12745.3529411765,0,0
"STU004241",2016,"Female","White",0,0,0,1,0,3.39915353349536,0,0,"Standard",1,0,1,0,1,0.571428571428571,12247.1875,0,48895
"STU004242",2016,"Female","Asian",0,0,0,0,0,3.67029548371778,0,1,"Advanced",1,0,0,1,1,0.25,12566.7142857143,0,17457
"STU004243",2016,"Male","White",1,1,0,0,1,2.60347782224049,1,0,"Standard",0,0,0,0,1,0.5,10482.5714285714,0,0
"STU004244",2016,"Female","Black",0,0,0,0,1,2.74173636249764,1,1,"Standard",1,0,1,0,0,0,NA,0,0
"STU004245",2016,"Female","White",0,0,0,0,1,3.0165715252598,1,1,"Standard",0,0,0,0,1,0.285714285714286,13509.5,0,34560
"STU004246",2016,"Female","Asian",0,1,0,0,0,3.24192695323033,0,0,"Standard",1,0,1,1,1,0.321428571428571,14690.6666666667,0,41139
"STU004247",2016,"Male","Hispanic",0,1,1,0,1,2.18407867026834,1,0,"Standard",0,0,0,0,1,0.464285714285714,12123.5384615385,0,23758
"STU004248",2016,"Male","Black",0,0,1,0,0,1.90467210921943,0,0,"Standard",0,0,0,0,1,0.571428571428571,10527.125,0,19229
"STU004249",2016,"Female","White",0,0,1,0,0,3.33359216167751,0,0,"Standard",1,0,0,1,1,0.392857142857143,17798.2727272727,1,60882
"STU004250",2016,"Female","White",1,0,0,0,1,2.24653897710897,1,0,"Standard",0,0,0,0,1,0.678571428571429,8822.94736842105,1,41276
"STU004251",2016,"Male","Other",0,1,0,0,0,2.31358506024361,0,0,"NonCompletion",0,0,0,0,1,0.321428571428571,8604.44444444445,0,11345
"STU004252",2016,"Female","White",1,0,1,0,0,2.45346614705417,0,1,"Standard",0,0,0,0,1,0.357142857142857,16490.8,0,46645
"STU004253",2016,"Male","White",1,1,0,0,0,2.44548575186397,0,0,"Standard",1,1,1,0,1,0.464285714285714,15659.3076923077,1,82228
"STU004254",2016,"Female","Hispanic",0,0,0,1,0,2.43335169940741,0,0,"Standard",0,0,0,0,1,0.535714285714286,11631.6,0,0
"STU004255",2016,"Female","Black",1,1,0,0,0,2.91226931418827,0,0,"Standard",0,0,0,0,1,0.857142857142857,10757.375,1,45120
"STU004256",2016,"Male","White",0,1,0,0,0,2.00934524751384,0,0,"Standard",0,0,0,0,1,0.607142857142857,9919.82352941176,0,14307
"STU004257",2016,"Female","Black",1,1,0,0,0,2.16460562522822,0,0,"Standard",0,0,0,0,1,0.75,12105.380952381,1,55913
"STU004258",2016,"Female","Other",1,0,0,0,0,3.2273755738764,0,1,"Standard",0,0,0,0,1,0.535714285714286,9904.73333333333,1,61412
"STU004259",2016,"Male","White",0,1,1,0,0,3.81579755072867,0,0,"Advanced",1,0,0,1,1,0.285714285714286,23427.625,0,51050
"STU004260",2016,"Male","MultiRacial",0,0,0,0,0,2.9273905522419,0,1,"Standard",1,1,0,0,1,0.607142857142857,14049.3529411765,0,54892
"STU004261",2016,"Female","White",0,0,0,0,0,3.05272789202187,0,0,"Standard",1,0,1,0,1,0.321428571428571,16866.8888888889,0,21585
"STU004262",2016,"Female","Hispanic",1,1,1,1,1,1.99724265527714,1,0,"Standard",0,0,0,0,0,0,NA,0,0
"STU004263",2016,"Male","White",0,0,1,0,0,1.91086273200859,0,1,"Standard",0,0,0,0,0,0,NA,0,0
"STU004264",2016,"Female","White",0,0,0,0,1,3.27165352524393,1,0,"Standard",1,1,1,0,1,0.5,16168.1428571429,0,18957
"STU004265",2016,"Female","MultiRacial",1,0,1,1,1,1.85255258643476,1,0,"Standard",0,0,0,0,1,0.357142857142857,11308.9,0,0
"STU004266",2016,"Male","Hispanic",1,0,0,0,1,3.21738037565185,1,0,"Standard",1,0,1,1,1,0.142857142857143,14265.75,0,39713
"STU004267",2016,"Female","Hispanic",0,0,1,0,1,2.05026223219756,1,0,"Standard",0,0,0,0,1,0.428571428571429,11166.25,0,38895
"STU004268",2016,"Female","Hispanic",0,1,0,0,1,2.29583973919179,1,0,"Standard",0,0,0,0,1,0.678571428571429,12080.2105263158,0,13024
"STU004269",2016,"Male","White",1,0,0,0,0,3.75936740584875,0,1,"Advanced",0,0,0,0,1,0.75,15472.9523809524,0,28841
"STU004270",2016,"Male","White",1,0,0,0,0,2.87092538132454,0,0,"Standard",0,0,0,0,1,0.642857142857143,12033.6111111111,0,20553
"STU004271",2016,"Female","Hispanic",0,0,0,0,1,3.37053000606989,1,1,"Standard",1,0,1,0,1,0.178571428571429,17356,0,41040
"STU004272",2016,"Female","White",1,1,0,0,0,2.71701020542188,0,0,"Standard",0,0,0,0,1,0.392857142857143,15019.2727272727,0,50087
"STU004273",2016,"Male","White",0,1,0,0,0,2.2399614161159,0,0,"Standard",1,0,1,0,1,0.25,12989.7142857143,0,45587
"STU004274",2016,"Male","White",0,1,0,0,0,3.98616332894722,0,0,"Advanced",0,0,0,0,1,0.607142857142857,10157.9411764706,0,32613
"STU004275",2016,"Female","White",1,0,0,0,0,2.28218399397399,0,0,"Standard",0,0,0,0,1,0.464285714285714,9691.38461538462,0,35441
"STU004276",2016,"Male","White",0,0,0,1,0,3.14105358255376,0,1,"Standard",0,0,0,0,1,0.785714285714286,24509.8636363636,0,101012
"STU004277",2016,"NonBinary_Other","AmericanIndian",1,1,1,0,1,2.31900683065217,1,0,"Standard",0,0,0,0,1,0.607142857142857,11071.7058823529,0,25593
"STU004278",2016,"Female","White",1,0,0,0,0,3.08114105607177,0,0,"Standard",0,0,0,0,1,0.535714285714286,8679.33333333333,0,13716
"STU004279",2016,"Male","Black",0,1,0,0,1,2.6109650359806,1,0,"Standard",0,0,0,0,1,0.75,8662.66666666667,0,24693
"STU004280",2016,"Male","Hispanic",0,1,0,0,1,2.78820636517009,1,1,"Standard",1,0,1,0,1,0.107142857142857,13322,0,11969
"STU004281",2016,"Female","Black",0,0,0,0,1,1.64392178104124,1,0,"Standard",0,0,0,0,1,0.571428571428571,10834.625,0,23252
"STU004282",2016,"Male","Hispanic",0,0,0,0,0,2.53166833138901,0,0,"Standard",1,1,0,0,1,0.0357142857142857,15211,0,15211
"STU004283",2016,"Male","White",0,0,0,0,1,2.69040558281591,1,0,"Standard",1,0,1,0,1,0.428571428571429,8909.75,0,39864
"STU004284",2016,"Female","White",0,0,0,0,0,NA,0,1,"Standard",0,0,0,0,0,0,NA,0,0
"STU004285",2016,"NonBinary_Other","White",1,0,0,0,0,2.63648616233682,0,1,"Standard",0,0,0,0,0,0,NA,0,0
"STU004286",2016,"Male","White",0,0,0,0,1,3.44230947715506,1,1,"Standard",1,0,1,0,1,0.571428571428571,12618.125,0,11777
"STU004287",2016,"NonBinary_Other","White",0,1,0,1,1,2.9940941662952,1,0,"Standard",1,1,1,0,1,0.25,17375.1428571429,0,13568
"STU004288",2016,"Female","White",1,0,0,0,0,2.38396021691765,0,1,"Standard",0,0,0,0,1,0.321428571428571,8320,0,0
"STU004289",2016,"Female","White",1,0,0,0,1,3.39102358024529,1,0,"Standard",0,0,0,0,1,0.5,12593.7142857143,0,15880
"STU004290",2016,"Female","Hispanic",0,1,0,1,1,1.96455763071597,1,0,"Standard",0,0,0,0,1,0.678571428571429,9192,0,24242
"STU004291",2016,"Female","White",1,1,1,0,0,2.84625527111934,0,0,"Standard",1,1,0,0,1,0.357142857142857,20845.3,0,37982
"STU004292",2016,"Male","MultiRacial",0,1,0,0,1,2.64321119320308,1,0,"Standard",0,0,0,0,1,0.392857142857143,9115,0,13664
"STU004293",2016,"Male","Asian",1,1,0,0,0,2.5171743169102,0,1,"Standard",0,0,0,0,1,0.642857142857143,9313.66666666667,0,44528
"STU004294",2016,"Female","Hispanic",0,0,0,0,1,2.5949613090906,1,1,"Standard",1,0,1,1,1,0.571428571428571,16619.75,0,37479
"STU004295",2016,"Male","White",0,1,0,0,0,2.53081356908369,0,0,"NonCompletion",0,0,0,0,0,0,NA,0,0
"STU004296",2016,"Male","White",0,0,0,0,1,3.01597138545297,1,0,"Standard",1,0,0,1,1,0.357142857142857,9544.4,0,0
"STU004297",2016,"Male","Black",0,0,0,0,1,2.68668385583441,1,0,"Standard",0,0,0,0,1,0.5,11256.5,0,28470
"STU004298",2016,"Male","Hispanic",0,1,0,0,1,1.42065580444007,1,0,"Standard",0,0,0,0,1,0.714285714285714,10815.65,0,19656
"STU004299",2016,"Male","Asian",0,1,0,0,0,1.96539299868808,0,0,"NonCompletion",0,0,0,0,1,0.785714285714286,12945.6818181818,1,49733
"STU004300",2016,"Male","White",0,0,1,0,0,2.79390677405242,0,0,"Standard",1,0,1,0,1,0.321428571428571,10629.6666666667,0,21134
"STU004301",2016,"Female","White",0,0,0,1,1,2.44177516515225,1,0,"NonCompletion",0,0,0,0,1,0.642857142857143,8279.33333333333,0,32434
"STU004302",2016,"Male","Hispanic",0,1,0,0,0,3.01698736066055,0,0,"Standard",0,0,0,0,1,0.642857142857143,7615.88888888889,0,20589
"STU004303",2016,"Male","White",1,0,0,0,0,1.64264567007936,0,0,"Standard",0,0,0,0,1,0.607142857142857,12724.9411764706,0,12488
"STU004304",2016,"Male","Asian",0,1,0,0,1,2.39085163708068,1,0,"Standard",0,0,0,0,1,0.428571428571429,10873.9166666667,1,37308
"STU004305",2016,"Female","Hispanic",0,0,0,0,0,2.65676206696882,0,0,"Standard",1,0,0,1,1,0.285714285714286,13476.625,0,35085
"STU004306",2016,"Male","Hispanic",1,1,1,0,1,1.68985661849355,1,0,"NonCompletion",0,0,0,0,1,0.678571428571429,9716.78947368421,0,31513
"STU004307",2016,"Female","White",0,0,0,0,0,3.03105729142012,0,0,"Standard",1,1,0,0,1,0.607142857142857,22257.8235294118,1,99172
"STU004308",2016,"Male","Hispanic",1,1,1,0,1,2.35722820750662,1,0,"Standard",1,0,1,0,1,0.571428571428571,12945.8125,0,22135
"STU004309",2016,"Male","Hispanic",0,1,0,0,0,2.73842398834734,0,0,"Standard",1,0,1,0,1,0.428571428571429,15934.25,0,55602
"STU004310",2016,"Female","MultiRacial",0,1,0,0,0,2.77256202016187,0,0,"Standard",1,0,0,1,1,0.857142857142857,18937.5416666667,1,110900
"STU004311",2016,"Male","White",0,0,0,0,0,3.01340353144103,0,0,"Standard",1,1,1,0,1,0.892857142857143,13566.24,1,74912
"STU004312",2016,"Female","Black",0,0,0,0,0,2.52486754062195,0,1,"Standard",0,0,0,0,1,0.785714285714286,12454,1,59072
"STU004313",2016,"Male","Hispanic",0,0,0,0,0,NA,0,0,"Standard",1,0,1,0,1,0.178571428571429,14341.2,0,32662
"STU004314",2016,"Female","White",0,0,1,0,0,2.05141108124688,0,0,"Standard",1,0,1,1,0,0,NA,0,0
"STU004315",2016,"Female","Hispanic",1,0,0,0,1,1.8722927021559,1,0,"Standard",0,0,0,0,1,0.5,10745.2857142857,0,23419
"STU004316",2016,"Male","White",0,0,1,0,1,1.87677745690081,1,0,"Standard",0,0,0,0,1,0.857142857142857,10354.9583333333,1,51571
"STU004317",2016,"Female","White",0,0,0,1,0,2.2542839474811,0,0,"Standard",0,0,0,0,1,0.25,14718.8571428571,0,24049
"STU004318",2016,"Male","Other",0,0,1,1,0,2.80218682694789,0,0,"Standard",0,0,0,0,1,0.821428571428571,8962.82608695652,1,51879
"STU004319",2016,"Male","White",1,1,0,0,0,3.09716067517714,0,1,"Standard",1,0,1,0,1,0.75,16615.2380952381,1,80370
"STU004320",2016,"Female","White",0,1,0,0,1,3.08567089110728,1,0,"Standard",1,0,1,0,1,0.178571428571429,13643.4,1,50370
"STU004321",2016,"Female","Hispanic",0,1,0,0,0,3.11711127083325,0,0,"Standard",1,0,0,1,1,0.607142857142857,5897.47058823529,0,26867
"STU004322",2016,"Female","White",0,0,0,1,0,3.22596318514163,0,0,"Standard",1,0,0,1,1,0.678571428571429,7448.21052631579,0,10633
"STU004323",2016,"Male","White",1,0,0,0,1,3.10873248570115,1,1,"Standard",1,0,1,0,1,0.678571428571429,9506.8947368421,0,28132
"STU004324",2016,"Female","Asian",0,1,1,0,0,3.56658794917631,0,1,"Advanced",1,0,0,1,1,0.714285714285714,19801.75,0,16172
"STU004325",2016,"Female","White",1,1,0,0,0,3.46255053624364,0,0,"Standard",1,0,0,1,1,0.464285714285714,20883.3076923077,0,56410
"STU004326",2016,"Female","Hispanic",0,1,0,1,1,2.84383533446571,1,0,"NonCompletion",0,0,0,0,1,0.75,9942.80952380952,0,8292
"STU004327",2016,"Male","White",0,1,0,0,1,1.99309947177873,1,0,"NonCompletion",0,0,0,0,1,0.857142857142857,10394.5,1,38145
"STU004328",2016,"Female","White",0,1,0,0,0,2.63434471345093,0,0,"Standard",0,0,0,0,1,0.392857142857143,11957.4545454545,1,50378
"STU004329",2016,"Female","Black",0,0,0,0,1,2.62174873241674,1,0,"Standard",0,0,0,0,1,0.607142857142857,9469.11764705882,0,0
"STU004330",2016,"Male","Asian",1,0,0,1,0,3.49843798409755,0,0,"Standard",1,0,0,1,1,0.678571428571429,16147.5789473684,1,81483
"STU004331",2016,"Male","Hispanic",0,1,0,0,0,2.47039067560596,0,0,"Standard",0,0,0,0,1,0.464285714285714,14454.2307692308,0,46914
"STU004332",2016,"Male","Hispanic",1,0,1,0,0,1.85860755855181,0,0,"Standard",0,0,0,0,1,0.892857142857143,10640.92,0,45318
"STU004333",2016,"Female","White",0,1,0,0,0,2.9007669292855,0,0,"Standard",1,0,0,1,0,0,NA,0,0
"STU004334",2016,"Male","White",0,0,0,0,0,3.01057412150083,0,0,"Standard",1,0,1,0,1,0.464285714285714,8854.23076923077,1,49353
"STU004335",2016,"Male","Hispanic",0,0,0,0,0,3.02903638630965,0,0,"Standard",1,0,1,0,1,0.178571428571429,13029.2,0,0
"STU004336",2016,"Male","White",0,1,0,0,1,2.59630950025679,1,1,"Standard",0,0,0,0,1,0.714285714285714,12830.2,0,38082
"STU004337",2016,"Male","AmericanIndian",0,1,0,0,1,2.79296864445067,1,0,"Standard",1,0,1,0,1,0.857142857142857,14041.9583333333,1,67335
"STU004338",2016,"Male","White",0,1,0,0,0,3.39053824316654,0,0,"Standard",0,0,0,0,1,0.714285714285714,12365.55,0,39913
"STU004339",2016,"Male","Black",0,0,0,0,0,2.45625774305335,0,0,"Standard",0,0,0,0,1,0.678571428571429,11522.3684210526,0,15720
"STU004340",2016,"NonBinary_Other","White",0,0,0,1,0,2.61022405545301,0,1,"Standard",0,0,0,0,1,0.535714285714286,7778.06666666667,0,5441
"STU004341",2016,"Male","White",0,0,0,0,0,2.39157654420251,0,0,"Standard",0,0,0,0,1,0.5,11012.3571428571,0,32234
"STU004342",2016,"Female","White",1,0,0,0,0,2.39533948566144,0,1,"Standard",0,0,0,0,1,0.535714285714286,10836.0666666667,0,0
"STU004343",2016,"Female","White",0,1,0,1,1,3.02224707136909,1,1,"Standard",1,0,0,1,1,0.607142857142857,16314.4117647059,0,24202
"STU004344",2016,"Female","Black",0,0,0,0,1,2.30999869444003,1,0,"Standard",0,0,0,0,1,0.571428571428571,9531,1,42843
"STU004345",2016,"Female","Black",1,0,0,0,1,2.37774440997631,1,0,"Standard",0,0,0,0,1,0.214285714285714,10651.5,0,18055
"STU004346",2016,"Male","White",1,0,0,0,0,2.26544361232777,0,0,"Standard",0,0,0,0,1,0.75,9392.14285714286,0,11259
"STU004347",2016,"Female","MultiRacial",0,0,0,0,1,2.32410299029816,1,0,"Standard",0,0,0,0,0,0,NA,0,0
"STU004348",2016,"Female","White",1,1,0,0,1,3.08837907522941,1,0,"Standard",1,0,1,0,1,0.642857142857143,13716.0555555556,1,78400
"STU004349",2016,"Female","White",0,1,0,0,1,2.87480054261113,1,0,"Standard",0,0,0,0,1,0.714285714285714,7323.4,1,37994
"STU004350",2016,"Male","MultiRacial",0,1,1,0,1,2.44480886790858,1,0,"Standard",0,0,0,0,1,0.535714285714286,13882.6666666667,1,67282
"STU004351",2016,"Female","White",0,1,0,0,0,2.62960362665507,0,0,"Standard",1,0,0,1,1,0.714285714285714,9311.05,0,46676
"STU004352",2016,"Male","Hispanic",0,1,0,0,1,3.42041195651814,1,0,"Standard",0,0,0,0,0,0,NA,0,0
"STU004353",2016,"Male","White",0,1,0,1,1,2.45157905494084,1,0,"Standard",0,0,0,0,1,0.571428571428571,8271.3125,0,25680
"STU004354",2016,"Female","Asian",0,1,0,0,0,3.27766755815233,0,1,"Standard",1,0,0,1,0,0,NA,0,0
"STU004355",2016,"Female","Hispanic",0,0,0,0,0,2.72965247140246,0,0,"Standard",1,0,1,0,1,0.785714285714286,11685.5454545455,1,64474
"STU004356",2016,"Male","Asian",0,1,0,0,1,2.75489804661925,1,0,"Standard",0,0,0,0,1,0.75,9824.09523809524,0,24209
"STU004357",2016,"Female","White",0,0,0,0,0,2.50466874482635,0,0,"Standard",0,0,0,0,1,0.535714285714286,12496.5333333333,1,46953
"STU004358",2016,"Female","Black",0,0,0,0,1,2.69555325321425,1,0,"Standard",0,0,0,0,1,0.535714285714286,12008.5333333333,1,63138
"STU004359",2016,"Female","Hispanic",0,0,1,0,0,1.89720952182509,0,0,"Standard",0,0,0,0,1,0.714285714285714,16036.45,0,22961
"STU004360",2016,"Male","White",0,1,0,0,0,2.62714087133094,0,0,"Standard",0,0,0,0,1,0.607142857142857,13390.9411764706,0,42055
"STU004361",2016,"Male","White",0,0,0,0,0,2.31676780676561,0,1,"Standard",0,0,0,0,1,0.607142857142857,9766.05882352941,0,14354
"STU004362",2016,"Male","Hispanic",0,0,0,0,1,2.13661955066237,1,0,"Standard",0,0,0,0,1,0.678571428571429,11366.0526315789,0,34265
"STU004363",2016,"Male","White",0,0,0,0,0,2.68583625872611,0,0,"Standard",1,0,0,1,1,0.285714285714286,8769.375,0,38093
"STU004364",2016,"Female","Hispanic",0,1,0,0,1,2.42697024955029,1,0,"Standard",1,0,1,0,1,0.678571428571429,13803.4210526316,0,35821
"STU004365",2016,"Male","White",0,1,0,0,0,2.67082757299984,0,0,"Standard",0,0,0,0,1,0.535714285714286,8911.2,0,26043
"STU004366",2016,"Male","Black",0,1,0,1,1,1.96091514479882,1,1,"Standard",0,0,0,0,1,0.428571428571429,11393.1666666667,0,33900
"STU004367",2016,"Female","Hispanic",0,1,0,0,0,2.93136194993072,0,0,"Standard",1,0,1,0,1,0.392857142857143,11143.0909090909,1,45307
"STU004368",2016,"Male","MultiRacial",0,1,0,0,0,3.25251572417639,0,1,"Standard",1,0,0,1,1,0.357142857142857,23170.9,1,76484
"STU004369",2016,"Female","White",0,1,0,0,1,3.01140508754636,1,0,"Standard",1,0,0,1,1,0.428571428571429,18294.0833333333,0,35201
"STU004370",2016,"Female","White",0,0,0,0,0,2.26218552721769,0,0,"NonCompletion",0,0,0,0,1,0.857142857142857,10414.2083333333,0,34177
"STU004371",2016,"Female","White",0,1,0,0,0,3.04640964505016,0,1,"Standard",0,0,0,0,1,0.678571428571429,8961.05263157895,0,22764
"STU004372",2016,"Female","White",0,1,0,0,1,NA,1,0,"Standard",0,0,0,0,1,0.178571428571429,9268.2,0,17373
"STU004373",2016,"Female","Other",0,0,0,0,0,3.33165694231449,0,1,"Standard",0,0,0,0,1,0.25,10106.5714285714,0,17587
"STU004374",2016,"Male","Hispanic",1,1,0,0,1,3.29998813926605,1,1,"Standard",1,0,0,1,1,0.785714285714286,17109.3181818182,0,46267
"STU004375",2016,"Male","White",0,0,0,0,0,2.29842930715005,0,0,"Standard",0,0,0,0,1,0.607142857142857,14925.8823529412,0,26740
"STU004376",2016,"Female","White",0,0,0,0,0,2.7904738041492,0,0,"Standard",0,0,0,0,1,0.607142857142857,12373.9411764706,0,0
"STU004377",2016,"Female","White",1,1,0,0,0,2.10882077663952,0,1,"Standard",0,0,0,0,1,0.857142857142857,14220.875,1,57518
"STU004378",2016,"Female","White",0,0,0,0,0,3.08576489484505,0,0,"Standard",0,0,0,0,1,0.607142857142857,16135.5294117647,1,80248
"STU004379",2016,"Male","Hispanic",0,0,0,1,1,1.74533448556028,1,0,"Standard",0,0,0,0,1,0.535714285714286,7710.46666666667,0,19817
"STU004380",2016,"Male","Black",1,0,0,0,1,2.20459816931963,1,0,"Standard",0,0,0,0,1,0.571428571428571,13561.0625,1,66458
"STU004381",2016,"Male","White",0,0,1,0,0,1.71153948935948,0,0,"Standard",1,0,1,0,1,0.107142857142857,9440,0,28320
"STU004382",2016,"Male","White",1,0,1,0,0,3.94241910869221,0,1,"Advanced",0,0,0,0,1,0.357142857142857,15772.2,0,45372
"STU004383",2016,"Male","AmericanIndian",1,1,0,0,0,2.37734226190162,0,1,"Standard",0,0,0,0,1,0.392857142857143,13571.3636363636,0,49795
"STU004384",2016,"Female","White",0,0,0,0,1,3.68066401170916,1,1,"Advanced",1,0,1,0,0,0,NA,0,0
"STU004385",2016,"Male","Hispanic",0,1,0,0,0,3.4329212658678,0,0,"Standard",0,0,0,0,1,0.321428571428571,6448.66666666667,0,5341
"STU004386",2016,"Female","White",0,0,1,0,0,1.87130367400338,0,0,"Standard",0,0,0,0,0,0,NA,0,0
"STU004387",2016,"Female","White",0,0,0,0,1,3.1654641834149,1,0,"Standard",0,0,0,0,1,0.357142857142857,12366.4,0,55013
"STU004388",2016,"Female","Hispanic",0,0,0,0,1,2.60222540425273,1,0,"Standard",0,0,0,0,1,0.892857142857143,11097.72,0,31631
"STU004389",2016,"Female","MultiRacial",1,0,0,0,1,3.33667446267333,1,0,"Standard",0,0,0,0,1,0.357142857142857,4968.8,0,0
"STU004390",2016,"Female","White",1,0,0,0,0,2.07971661527658,0,0,"Standard",0,0,0,0,1,0.535714285714286,12297.0666666667,1,60596
"STU004391",2016,"Male","White",0,1,0,0,0,2.36841804268998,0,1,"Standard",0,0,0,0,1,0.535714285714286,8895.86666666667,0,20832
"STU004392",2016,"Female","Asian",0,1,0,0,0,2.81331574833546,0,0,"Standard",0,0,0,0,1,0.571428571428571,13186.875,0,33417
"STU004393",2016,"Female","White",0,0,0,0,0,2.64058268492014,0,0,"Standard",0,0,0,0,1,0.714285714285714,9117,1,41117
"STU004394",2016,"Female","White",1,0,0,0,1,1.22505496639015,1,1,"Standard",0,0,0,0,1,0.714285714285714,9521.55,1,43608
"STU004395",2016,"Male","White",1,0,0,0,0,2.55374042702014,0,1,"Standard",1,0,0,1,1,0.392857142857143,9804.90909090909,0,29210
"STU004396",2016,"Female","Hispanic",0,0,0,0,1,2.49720342640269,1,0,"Standard",0,0,0,0,1,0.535714285714286,7191.46666666667,0,15564
"STU004397",2016,"Male","Black",0,0,0,0,0,2.72574796660871,0,0,"Standard",0,0,0,0,1,0.464285714285714,13749.3076923077,0,29409
"STU004398",2016,"Male","White",0,1,0,0,0,3.22762888492483,0,0,"Standard",1,0,0,1,1,0.5,9954.85714285714,0,0
"STU004399",2016,"Female","White",0,1,0,0,0,2.7070247224279,0,0,"Standard",1,0,0,1,1,0.107142857142857,29187,0,87561
"STU004400",2016,"Female","Hispanic",0,1,0,0,0,2.42137221255577,0,0,"Standard",0,0,0,0,1,0.928571428571429,10404.4230769231,1,41843
"STU004401",2016,"Male","White",0,0,0,0,0,3.89820098031653,0,0,"Advanced",1,0,0,1,1,0.0714285714285714,28360,0,56720
"STU004402",2016,"Male","Asian",0,0,1,0,1,3.22572289253129,1,0,"Standard",1,1,0,0,1,0.642857142857143,11888,0,23760
"STU004403",2016,"Male","White",0,1,1,0,0,2.68959617895583,0,0,"Standard",1,0,1,0,1,0.464285714285714,10546.7692307692,0,43464
"STU004404",2016,"Female","White",0,0,0,0,0,3.18536176834055,0,1,"Standard",1,0,0,1,1,0.571428571428571,14464.625,0,48205
"STU004405",2016,"Male","White",0,0,0,0,0,2.97050873876128,0,0,"Standard",0,0,0,0,1,0.5,10627.0714285714,1,48108
"STU004406",2016,"Male","White",1,1,0,0,0,3.41328800081929,0,0,"Standard",0,0,0,0,1,0.714285714285714,13517.15,1,57513
"STU004407",2016,"Male","Black",0,0,0,0,1,2.35727252932439,1,0,"Standard",0,0,0,0,1,0.464285714285714,10033.6153846154,1,43184
"STU004408",2016,"Female","MultiRacial",1,1,0,1,1,2.20764939260296,1,0,"Standard",0,0,0,0,1,0.0714285714285714,13733.5,0,27467
"STU004409",2016,"Female","White",1,0,0,0,0,3.4400970172717,0,0,"Standard",1,0,1,0,1,0.392857142857143,10605.7272727273,0,0
"STU004410",2016,"Male","Other",0,0,0,0,1,2.42963473412395,1,0,"Standard",0,0,0,0,1,0.5,10776.4285714286,0,36243
"STU004411",2016,"Female","Hispanic",0,1,0,0,0,2.59997756983983,0,0,"Standard",1,1,0,0,1,0.642857142857143,16394.5555555556,1,63785
"STU004412",2016,"Male","White",1,0,0,0,0,2.92042731286099,0,0,"Standard",1,1,0,0,1,0.285714285714286,15873.25,1,72783
"STU004413",2016,"Female","White",0,0,1,1,0,2.75590111138332,0,0,"Standard",1,0,1,0,1,0.678571428571429,11735.1052631579,0,17808
"STU004414",2016,"Male","White",0,1,0,0,1,3.05576249118224,1,0,"Standard",1,1,1,0,1,0.75,16259.5238095238,1,88878
"STU004415",2016,"Female","Hispanic",1,0,0,0,1,2.76450606976832,1,0,"Standard",0,0,0,0,1,0.642857142857143,11123.3333333333,0,42695
"STU004416",2016,"Female","Black",1,1,0,0,1,3.11232742066989,1,0,"Standard",0,0,0,0,1,0.678571428571429,15174.4736842105,0,31062
"STU004417",2016,"Male","MultiRacial",1,0,0,0,0,2.46718793913771,0,0,"Standard",0,0,0,0,1,0.535714285714286,9780.46666666667,0,31446
"STU004418",2016,"Male","White",0,0,0,0,1,2.32388973779264,1,0,"Standard",0,0,0,0,1,0.535714285714286,11110.7333333333,0,50237
"STU004419",2016,"Female","White",0,1,0,1,0,3.05855047738017,0,0,"Standard",1,0,1,0,1,0.714285714285714,8670.1,0,16044
"STU004420",2016,"Female","White",0,1,0,0,0,3.82822858027432,0,0,"Advanced",0,0,0,0,1,0.464285714285714,16686.5384615385,1,74494
"STU004421",2016,"Male","White",1,0,0,0,0,3.67235762142998,0,0,"Advanced",1,0,0,1,1,0.142857142857143,18508.5,0,17042
"STU004422",2016,"Female","White",0,0,0,0,0,3.39724502833003,0,0,"Standard",1,0,0,1,1,0.5,18110.3571428571,1,99126
"STU004423",2016,"Female","Asian",0,0,0,0,0,3.94628131874331,0,0,"Advanced",1,0,0,1,1,0.75,7169.66666666667,0,9780
"STU004424",2016,"Male","White",0,0,0,0,0,2.5049937093999,0,0,"Standard",0,0,0,0,1,0.714285714285714,6815,1,32808
"STU004425",2016,"Female","AmericanIndian",1,0,0,0,1,3.01273410132631,1,0,"Standard",1,0,1,0,1,0.5,10175.8571428571,0,0
"STU004426",2016,"Female","AmericanIndian",0,0,0,0,1,1.87411491577606,1,1,"Standard",0,0,0,0,1,0.571428571428571,12395.1875,0,22623
"STU004427",2016,"Male","Other",1,0,0,0,1,2.59518771526276,1,0,"Standard",0,0,0,0,1,0.535714285714286,12241.6666666667,0,23532
"STU004428",2016,"Female","White",0,0,0,0,0,2.56853402591565,0,1,"Standard",1,0,1,0,1,0.714285714285714,12479.7,1,58881
"STU004429",2016,"Male","White",0,0,1,0,1,1.83597574506947,1,0,"NonCompletion",0,0,0,0,1,0.75,10749.4761904762,1,60545
"STU004430",2016,"Female","White",0,1,1,0,1,1.75208107903573,1,0,"Standard",0,0,0,0,1,0.607142857142857,9657.58823529412,0,34698
"STU004431",2016,"Male","AmericanIndian",0,0,0,0,1,3.22999092602321,1,1,"Standard",1,0,0,1,1,0.678571428571429,11468.5789473684,0,42141
"STU004432",2016,"Female","MultiRacial",1,1,0,0,0,3.29147110554603,0,0,"Standard",1,0,1,0,1,0.714285714285714,7983.2,0,15222
"STU004433",2016,"Female","Asian",0,1,0,0,0,3.66447664136482,0,0,"Advanced",1,0,0,1,1,0.357142857142857,18512.8,0,57073
"STU004434",2016,"Female","White",0,1,0,0,0,2.31737694499166,0,0,"Standard",0,0,0,0,1,0.464285714285714,9801.92307692308,0,22734
"STU004435",2016,"Male","Hispanic",1,0,0,0,1,2.32621158769816,1,0,"Standard",0,0,0,0,1,0.0714285714285714,13505.5,0,15432
"STU004436",2016,"Female","White",1,0,0,0,0,3.08558530989508,0,1,"Standard",0,0,0,0,1,0.75,12516.3333333333,0,41434
"STU004437",2016,"Female","Hispanic",0,0,1,0,0,2.30860665854411,0,0,"Standard",0,0,0,0,1,0.714285714285714,10985.8,0,0
"STU004438",2016,"Female","MultiRacial",1,0,0,0,0,3.0879099916452,0,0,"Standard",0,0,0,0,1,0.5,6882.21428571429,0,30179
"STU004439",2016,"Male","White",0,0,0,0,1,2.13000776745113,1,0,"Standard",1,0,1,0,1,0.75,11936.1904761905,1,60471
"STU004440",2016,"Female","Asian",0,0,0,0,0,NA,0,0,"NonCompletion",0,0,0,0,1,0.5,11620.8571428571,0,30020
"STU004441",2016,"NonBinary_Other","Hispanic",1,0,0,0,1,2.21043955099315,1,1,"Standard",1,0,1,1,1,0.5,14978,1,99552
"STU004442",2016,"Female","Hispanic",0,0,0,0,1,2.57097228819563,1,0,"Standard",1,0,1,1,1,0.571428571428571,11822.4375,0,21257
"STU004443",2016,"NonBinary_Other","Black",0,1,0,0,1,2.05465433179734,1,0,"Standard",0,0,0,0,1,0.642857142857143,13543.4444444444,1,55844
"STU004444",2016,"Male","White",1,0,0,0,0,2.72056993099939,0,0,"Standard",0,0,0,0,1,0.607142857142857,9710.41176470588,1,39477
"STU004445",2016,"Female","Hispanic",1,0,0,0,1,1.97873186260035,1,1,"Standard",0,0,0,0,1,0.5,12556.1428571429,0,44011
"STU004446",2016,"Male","White",0,0,0,0,0,3.3082982072133,0,0,"Standard",1,0,0,1,1,0.535714285714286,15947.4666666667,0,58612
"STU004447",2016,"Male","Hispanic",0,1,1,0,1,2.83251832675013,1,1,"Standard",0,0,0,0,1,0.535714285714286,7788.13333333333,0,13529
"STU004448",2016,"Female","Hispanic",1,1,0,1,0,2.0960768229062,0,1,"Standard",0,0,0,0,1,0.607142857142857,12444.8823529412,1,50865
"STU004449",2016,"Female","MultiRacial",1,0,0,0,0,3.06494514735977,0,0,"Standard",0,0,0,0,1,0.571428571428571,14087.125,1,72949
"STU004450",2016,"Female","White",0,1,0,1,0,3.4972078524628,0,1,"Standard",0,0,0,0,1,0.214285714285714,15702.6666666667,1,61395
"STU004451",2016,"Male","Hispanic",0,0,0,0,1,2.06146259313251,1,0,"Standard",0,0,0,0,1,0.821428571428571,15033.3043478261,1,62035
"STU004452",2016,"Male","Black",0,0,0,0,0,2.69447995158141,0,0,"Standard",0,0,0,0,1,0.535714285714286,9992.33333333333,1,42581
"STU004453",2016,"Male","Black",1,1,0,0,0,2.35686875917248,0,0,"Standard",0,0,0,0,1,0.678571428571429,10966.4736842105,0,0
"STU004454",2016,"Female","Hispanic",0,0,0,0,1,2.67465897549493,1,0,"Standard",0,0,0,0,1,0.642857142857143,11565.9444444444,1,48085
"STU004455",2016,"Female","White",0,1,0,0,0,3.10221749739327,0,0,"NonCompletion",0,0,0,0,1,0.392857142857143,12732.9090909091,0,15471
"STU004456",2016,"Male","White",1,0,0,0,0,3.13572697080907,0,0,"Standard",0,0,0,0,1,0.642857142857143,21312.7222222222,1,106226
"STU004457",2016,"Female","Asian",1,1,1,0,1,2.8728112958111,1,1,"Standard",1,0,0,1,1,0.678571428571429,11383.7894736842,0,28459
"STU004458",2016,"Female","White",0,0,0,0,1,3.54975343395852,1,0,"Advanced",1,0,0,1,1,0.535714285714286,14844.8666666667,0,29037
"STU004459",2016,"Female","White",1,0,0,0,1,2.37053467744468,1,1,"Standard",0,0,0,0,1,0.678571428571429,10476.7368421053,0,40331
"STU004460",2016,"Male","White",0,0,0,0,1,2.7092619157461,1,0,"Standard",0,0,0,0,1,0.714285714285714,12944.75,1,60983
"STU004461",2016,"Female","Other",0,0,0,0,0,3.36047800698829,0,0,"Standard",1,0,0,1,0,0,NA,0,0
"STU004462",2016,"Male","White",1,1,0,0,0,2.8733156141836,0,0,"Standard",0,0,0,0,1,0.714285714285714,9843.65,0,5787
"STU004463",2016,"Male","White",1,0,0,0,1,2.65743542244341,1,0,"Standard",0,0,0,0,1,0.392857142857143,12731.2727272727,0,21097
"STU004464",2016,"Female","Black",0,1,0,0,1,2.17744789232807,1,0,"Standard",0,0,0,0,1,0.357142857142857,9870.4,0,10919
"STU004465",2016,"Female","White",0,0,0,0,0,2.51807115899851,0,0,"Standard",1,0,1,0,1,0.785714285714286,14823.5,1,57644
"STU004466",2016,"Male","White",1,0,1,0,0,2.0815005152155,0,0,"Standard",0,0,0,0,1,0.928571428571429,12429.4615384615,1,51492
"STU004467",2016,"Male","White",0,0,0,1,1,2.62303783942375,1,1,"NonCompletion",0,0,0,0,1,0.571428571428571,10029.125,0,13219
"STU004468",2016,"Male","Other",0,0,1,0,1,2.64894102395893,1,0,"Standard",1,0,1,0,1,0.535714285714286,15067.8,0,49972
"STU004469",2016,"Male","Black",0,0,0,0,1,2.60997778935001,1,0,"Standard",0,0,0,0,1,0.75,10536.7142857143,0,27394
"STU004470",2016,"Male","White",0,0,0,1,0,NA,0,0,"Standard",0,0,0,0,1,0.321428571428571,11468.2222222222,1,57291
"STU004471",2016,"Male","Hispanic",0,0,1,0,1,1.56267052853527,1,0,"Standard",0,0,0,0,1,0.5,12286.8571428571,0,42538
"STU004472",2016,"Male","Other",1,1,1,1,1,2.49031004828093,1,0,"Standard",0,0,0,0,1,0.75,10625.9047619048,0,26664
"STU004473",2016,"Male","Black",0,1,0,0,1,3.11879185428706,1,0,"Standard",1,1,1,0,1,0.214285714285714,18600.8333333333,0,31419
"STU004474",2016,"Female","White",0,1,0,0,0,2.8883249479162,0,0,"Standard",0,0,0,0,1,0.642857142857143,8415.88888888889,1,41170
"STU004475",2016,"Male","Black",0,0,0,0,1,2.5833384108641,1,0,"Standard",0,0,0,0,1,0.142857142857143,6675.5,0,0
"STU004476",2016,"Male","Hispanic",0,0,0,0,1,1.9864284699672,1,0,"Standard",0,0,0,0,1,0.642857142857143,13245,0,31207
"STU004477",2016,"Female","White",1,1,0,0,0,2.23428639840479,0,1,"Standard",0,0,0,0,1,0.821428571428571,14375.9565217391,1,54982
"STU004478",2016,"Female","Hispanic",0,1,0,0,1,3.20113952990077,1,0,"Standard",0,0,0,0,1,0.678571428571429,9467.26315789474,1,45034
"STU004479",2016,"Female","White",0,0,1,0,1,2.87904917684224,1,1,"Standard",0,0,0,0,1,0.535714285714286,7757.93333333333,0,28191
"STU004480",2016,"Male","AmericanIndian",0,1,0,1,0,2.34217202880849,0,0,"Standard",0,0,0,0,1,0.75,11050.2380952381,0,32171
"STU004481",2016,"Female","Hispanic",0,1,0,0,1,2.07643799535952,1,0,"Standard",0,0,0,0,1,0.678571428571429,11702.7368421053,0,12639
"STU004482",2016,"Male","White",0,1,0,0,0,2.09026020630379,0,0,"NonCompletion",0,0,0,0,0,0,NA,0,0
"STU004483",2016,"Male","White",0,1,1,0,0,2.86505673267948,0,0,"Standard",0,0,0,0,1,0.428571428571429,10566.5,0,40662
"STU004484",2016,"Male","White",0,0,0,0,0,3.60735979008091,0,0,"Advanced",1,0,0,1,1,0.142857142857143,14668,0,49096
"STU004485",2016,"Male","Black",0,0,0,0,1,1.56932915564475,1,0,"NonCompletion",0,0,0,0,1,0.357142857142857,11270.8,1,49664
"STU004486",2016,"Male","White",1,0,1,0,0,3.59968245502544,0,1,"Advanced",1,0,0,1,1,0.0357142857142857,23623,0,23623
"STU004487",2016,"Male","Hispanic",1,0,0,0,1,1.55940965109678,1,0,"NonCompletion",0,0,0,0,1,0.464285714285714,9646.23076923077,0,8300
"STU004488",2016,"Female","Hispanic",1,1,0,0,0,1.67100685685449,0,0,"Standard",0,0,0,0,1,0.785714285714286,8885.04545454545,0,27878
"STU004489",2016,"Female","Hispanic",1,1,1,0,0,2.47238090508016,0,0,"Standard",1,0,0,1,1,0.5,10440.0714285714,1,50295
"STU004490",2016,"Female","Black",0,0,0,0,1,2.24040671128825,1,0,"Standard",0,0,0,0,1,0.678571428571429,8879.68421052631,1,42540
"STU004491",2016,"Male","Other",0,0,1,0,0,2.8250864724199,0,0,"Standard",0,0,0,0,1,0.392857142857143,11551.1818181818,0,0
"STU004492",2016,"Male","Black",0,0,0,1,1,2.47520105371343,1,0,"Standard",0,0,0,0,1,0.535714285714286,10878.6,0,40891
"STU004493",2016,"Male","White",0,1,0,0,0,2.60055130175236,0,0,"Standard",0,0,0,0,1,0.142857142857143,15496.25,0,51122
"STU004494",2016,"Male","White",0,0,0,0,0,2.49549769162244,0,0,"Standard",0,0,0,0,1,0.464285714285714,11172.6923076923,0,0
"STU004495",2016,"Male","White",1,0,0,0,0,2.99353467938525,0,0,"Standard",0,0,0,0,1,0.857142857142857,13790.625,0,56781
"STU004496",2016,"Male","White",0,0,0,0,1,2.10824455650467,1,0,"NonCompletion",0,0,0,0,1,0.535714285714286,11297.9333333333,0,31909
"STU004497",2016,"Male","White",1,0,0,0,1,2.57477982488822,1,0,"NonCompletion",0,0,0,0,1,0.428571428571429,11406.3333333333,0,21551
"STU004498",2016,"Female","White",1,1,0,0,1,2.34952997828137,1,0,"NonCompletion",0,0,0,0,1,0.5,9906.07142857143,0,0
"STU004499",2016,"Female","Hispanic",1,0,0,0,0,2.47779785969157,0,0,"Standard",0,0,0,0,1,0.428571428571429,7720,0,26664
"STU004500",2016,"Female","Hispanic",1,1,0,0,1,2.12398907456322,1,0,"Standard",0,0,0,0,1,0.428571428571429,12483.0833333333,0,0
"STU004501",2016,"Female","Hispanic",1,0,0,0,1,2.62482093317425,1,1,"Standard",0,0,0,0,1,0.392857142857143,9406.54545454545,0,11882
"STU004502",2016,"Female","Black",0,1,0,0,1,2.30802867667749,1,0,"Standard",0,0,0,0,1,0.642857142857143,8015.05555555556,0,0
"STU004503",2016,"Female","Black",1,0,0,0,1,NA,1,0,"Standard",1,0,1,0,1,0.535714285714286,10345.2,0,11375
"STU004504",2016,"Male","AmericanIndian",0,0,0,0,0,2.31167925700068,0,0,"Standard",0,0,0,0,1,0.678571428571429,10734.4736842105,0,26676
"STU004505",2016,"Female","Black",1,0,0,1,1,3.49639699346201,1,1,"Standard",1,0,1,1,1,0.678571428571429,15738.8947368421,1,83365
"STU004506",2016,"Female","White",1,1,0,1,1,3.27663160213788,1,0,"Standard",0,0,0,0,1,0.642857142857143,10432.2222222222,1,55767
"STU004507",2016,"Female","White",1,1,0,1,0,2.31922023877232,0,0,"NonCompletion",0,0,0,0,1,0.571428571428571,10661.1875,0,37923
"STU004508",2016,"Female","MultiRacial",0,1,0,0,0,3.10370710700484,0,1,"Standard",1,0,0,1,1,0.642857142857143,18457.8888888889,0,0
"STU004509",2016,"Male","MultiRacial",1,0,0,0,0,3.04133319116037,0,0,"Standard",1,0,1,0,1,0.464285714285714,12390.7692307692,1,62244
"STU004510",2016,"Female","Hispanic",0,0,0,0,1,2.6589515273503,1,0,"Standard",0,0,0,0,0,0,NA,0,0
"STU004511",2016,"Male","MultiRacial",0,1,0,0,0,2.94698494808121,0,1,"Standard",0,0,0,0,1,0.5,10665.9285714286,0,0
"STU004512",2016,"Male","White",0,1,0,0,0,2.43629745738848,0,0,"Standard",0,0,0,0,0,0,NA,0,0
"STU004513",2016,"Male","Hispanic",0,0,0,0,1,2.0795066339855,1,0,"Standard",0,0,0,0,1,0.642857142857143,11768.1666666667,0,18876
"STU004514",2016,"Female","White",0,0,0,0,0,3.02992679875649,0,1,"Standard",1,0,1,0,1,0.642857142857143,13375.5,0,0
"STU004515",2016,"Male","White",1,0,0,1,1,2.8318517311661,1,1,"Standard",1,1,0,0,1,0.571428571428571,15579.6875,0,48887
"STU004516",2016,"Female","AmericanIndian",0,1,0,1,1,2.16301242358561,1,0,"Standard",0,0,0,0,1,0.678571428571429,10694.7368421053,1,47283
"STU004517",2016,"Female","White",0,1,0,0,0,2.95095783413071,0,0,"Standard",0,0,0,0,1,0.5,9621.64285714286,1,49279
"STU004518",2016,"Male","Hispanic",0,0,0,0,0,2.63082075170936,0,0,"Standard",0,0,0,0,1,0.75,9198.90476190476,1,42935
"STU004519",2016,"Male","Black",0,0,0,0,0,3.85820395185106,0,0,"Advanced",1,0,1,0,1,0.714285714285714,13099,0,31340
"STU004520",2016,"Female","White",1,0,0,0,1,2.25328841149058,1,1,"Standard",0,0,0,0,0,0,NA,0,0
"STU004521",2016,"Female","White",1,0,0,0,0,2.21171101575329,0,0,"Standard",0,0,0,0,1,0.714285714285714,10436.5,0,17796
"STU004522",2016,"Female","White",0,0,0,0,1,2.12152476396231,1,0,"Standard",0,0,0,0,1,0.678571428571429,10362.3157894737,1,35647
"STU004523",2016,"Male","White",1,0,0,0,0,2.12802809585099,0,1,"Standard",0,0,0,0,1,0.714285714285714,10740.65,1,39412
"STU004524",2016,"Female","White",1,1,0,0,0,3.38240666682185,0,1,"Standard",1,0,0,1,1,0.571428571428571,21062.5,0,55246
"STU004525",2016,"Female","Hispanic",0,1,0,0,1,2.14209229103117,1,0,"Standard",0,0,0,0,1,0.821428571428571,10702.6956521739,1,58554
"STU004526",2016,"Female","Black",0,0,1,0,0,2.04182698642155,0,0,"Standard",0,0,0,0,1,0.535714285714286,12941.4,1,64644
"STU004527",2016,"Female","Hispanic",0,1,0,0,1,2.69034076182471,1,0,"Standard",0,0,0,0,1,0.214285714285714,11808.6666666667,0,7789
"STU004528",2016,"Female","Hispanic",1,0,1,1,1,2.30029824708233,1,0,"NonCompletion",0,0,0,0,1,0.392857142857143,9998.54545454545,0,0
"STU004529",2016,"Female","Hispanic",0,0,0,1,0,1.95388958266975,0,1,"NonCompletion",1,0,1,0,1,0.607142857142857,12527.1176470588,0,47751
"STU004530",2016,"Female","White",0,0,0,0,0,NA,0,0,"Standard",1,0,0,1,1,0.607142857142857,10494.9411764706,0,44800
"STU004531",2016,"Female","Hispanic",0,0,1,0,1,2.85428453026153,1,1,"Standard",1,0,0,1,1,0.214285714285714,15721.8333333333,0,28589
"STU004532",2016,"Male","Hispanic",1,1,0,0,0,2.36339137083284,0,0,"Standard",0,0,0,0,1,0.678571428571429,11461.1578947368,0,31653
"STU004533",2016,"Female","White",0,1,0,0,0,3.12241315718947,0,1,"Standard",1,1,0,0,1,0.678571428571429,13256.0526315789,0,0
"STU004534",2016,"Male","Asian",1,1,0,0,0,3.06478390582397,0,0,"Standard",1,0,0,1,1,0.25,11209.5714285714,0,30811
"STU004535",2016,"Female","Asian",1,0,0,0,1,1.91552355780053,1,1,"Standard",0,0,0,0,1,0.678571428571429,10993.3157894737,0,14791
"STU004536",2016,"Male","Hispanic",0,1,0,0,1,2.50269261072943,1,0,"Standard",1,0,1,0,1,0.321428571428571,15787.3333333333,1,72065
"STU004537",2016,"Female","White",1,0,1,0,0,2.33953316777361,0,0,"Standard",0,0,0,0,1,0.464285714285714,10811,1,45441
"STU004538",2016,"Female","White",0,0,0,0,0,3.52085180397592,0,0,"Advanced",1,0,0,1,1,0.571428571428571,20931.625,0,37879
"STU004539",2016,"Male","Hispanic",0,1,0,0,1,2.45358878684949,1,0,"Standard",0,0,0,0,1,0.428571428571429,15312.5,1,68817
"STU004540",2016,"Male","Black",0,0,0,0,1,2.71031681432433,1,0,"Standard",1,1,0,0,1,0.214285714285714,19913.3333333333,1,82434
"STU004541",2016,"Female","White",0,0,0,1,1,2.18144040116206,1,0,"Standard",0,0,0,0,0,0,NA,0,0
"STU004542",2016,"Female","Black",0,1,0,0,0,2.16266569880213,0,0,"Standard",0,0,0,0,1,0.464285714285714,7048.30769230769,0,0
"STU004543",2016,"Male","White",0,0,0,0,0,2.85504286789609,0,1,"Standard",1,0,1,0,1,0.464285714285714,12908.1538461538,1,75189
"STU004544",2016,"Male","Hispanic",0,1,0,0,1,2.78900747638209,1,0,"Standard",0,0,0,0,1,0.678571428571429,9771.84210526316,0,17490
"STU004545",2016,"Female","Hispanic",0,0,0,1,0,2.76699695285852,0,0,"Standard",0,0,0,0,1,0.357142857142857,12694.7,0,0
"STU004546",2016,"Male","Black",0,1,1,0,1,2.81584390082439,1,0,"Standard",0,0,0,0,1,0.75,7947.71428571429,1,49269
"STU004547",2016,"Female","MultiRacial",0,1,0,0,0,2.22995874880912,0,0,"NonCompletion",0,0,0,0,1,0.607142857142857,12409.0588235294,0,35755
"STU004548",2016,"Female","Black",0,1,0,0,0,2.44595425584505,0,0,"Standard",0,0,0,0,1,0.714285714285714,14349.55,0,68045
"STU004549",2016,"Female","Asian",0,1,0,0,0,3.41762710564952,0,0,"Standard",1,1,1,0,1,0.642857142857143,12706.4444444444,1,66430
"STU004550",2016,"Female","Black",1,1,0,0,1,2.36478600089608,1,0,"Standard",0,0,0,0,1,0.785714285714286,11148.9545454545,1,56765
"STU004551",2016,"Female","Hispanic",0,0,0,0,1,1.7940580180706,1,0,"Standard",0,0,0,0,1,0.714285714285714,10336.75,0,20926
"STU004552",2016,"Male","Other",0,1,1,0,1,3.56171566415517,1,0,"Advanced",1,0,0,1,1,0.75,14004.0952380952,0,64878
"STU004553",2016,"Male","Hispanic",1,1,0,0,0,2.93209383448121,0,0,"Standard",1,0,0,1,1,0.428571428571429,14658.9166666667,0,63484
"STU004554",2016,"Female","Hispanic",0,0,0,1,1,2.34950262778181,1,0,"Standard",0,0,0,0,1,0.571428571428571,10644.125,0,20384
"STU004555",2016,"Female","Asian",0,1,1,0,0,2.88643839142033,0,0,"Standard",1,0,0,1,1,0.535714285714286,14537.0666666667,0,36904
"STU004556",2016,"Female","MultiRacial",0,0,0,0,0,NA,0,0,"Standard",1,0,0,1,1,0.642857142857143,17550.5,1,90569
"STU004557",2016,"Male","White",0,0,1,0,1,2.48171248240657,1,0,"NonCompletion",0,0,0,0,0,0,NA,0,0
"STU004558",2016,"Male","White",1,0,0,0,0,2.27752963639184,0,1,"Standard",1,0,1,0,0,0,NA,0,0
"STU004559",2016,"Female","Black",1,1,0,0,1,2.76845297705544,1,0,"Standard",0,0,0,0,1,0.535714285714286,7084.4,0,16203
"STU004560",2016,"Female","White",0,0,0,0,1,1.93035311287379,1,0,"NonCompletion",0,0,0,0,1,0.392857142857143,14996.4545454545,0,40004
"STU004561",2016,"Male","White",0,1,0,0,1,2.35958199563128,1,0,"Standard",0,0,0,0,1,0.607142857142857,10549.2941176471,0,31772
"STU004562",2016,"Male","Other",0,0,0,0,0,3.01485528016612,0,0,"Standard",1,0,1,0,1,0.75,14997.4761904762,1,69816
"STU004563",2016,"Female","MultiRacial",0,0,0,1,0,4,0,0,"Advanced",1,0,0,1,1,0.142857142857143,15713.75,1,62855
"STU004564",2016,"Female","MultiRacial",0,1,0,0,1,1.98609700225766,1,0,"NonCompletion",0,0,0,0,1,0.5,11537.9285714286,0,12379
"STU004565",2016,"Male","White",0,0,0,0,1,4,1,0,"Advanced",1,0,0,1,1,0.5,18988.4285714286,0,91001
"STU004566",2016,"Female","Hispanic",0,0,0,0,0,3.26475675485457,0,0,"Standard",1,0,1,0,1,0.392857142857143,10103.0909090909,0,0
"STU004567",2016,"Male","White",1,1,0,0,1,1.93575815634898,1,1,"Standard",0,0,0,0,1,0.642857142857143,15655.2777777778,1,65823
"STU004568",2016,"Female","White",0,0,0,0,1,2.42222167672507,1,0,"Standard",0,0,0,0,1,0.428571428571429,12784.3333333333,0,43374
"STU004569",2016,"Female","White",0,0,0,1,1,2.60457563407653,1,0,"Standard",0,0,0,0,1,0.5,9429.5,0,0
"STU004570",2016,"Female","AmericanIndian",1,1,1,0,1,2.36490410563989,1,0,"Standard",1,0,1,0,1,0.428571428571429,11122.1666666667,0,30236
"STU004571",2016,"Female","White",0,0,0,0,0,2.81471700343167,0,0,"Standard",0,0,0,0,1,0.571428571428571,12300.375,0,12470
"STU004572",2016,"Female","White",0,0,0,0,1,2.84482007470999,1,0,"Standard",0,0,0,0,1,0.571428571428571,9712.25,1,44448
"STU004573",2016,"Male","MultiRacial",0,0,0,1,1,2.94865219040013,1,0,"Standard",1,0,0,1,1,0.285714285714286,15508.75,0,42810
"STU004574",2016,"Female","White",0,1,0,0,0,3.79101686442962,0,1,"Advanced",1,0,0,1,1,0.214285714285714,8524.83333333333,0,16742
"STU004575",2016,"Female","Other",0,0,0,0,0,NA,0,0,"NonCompletion",1,0,1,0,1,0.0714285714285714,14670,0,29340
"STU004576",2016,"Male","White",1,0,0,0,0,3.12636201925841,0,0,"Standard",1,0,0,1,1,0.607142857142857,13451.3529411765,0,0
"STU004577",2016,"Female","Hispanic",0,0,0,1,0,1.99722158293204,0,1,"NonCompletion",0,0,0,0,1,0.357142857142857,13079.6,0,44754
"STU004578",2016,"Male","Black",0,0,0,0,1,3.43768540640043,1,0,"Standard",0,0,0,0,1,0.571428571428571,5674.8125,0,7236
"STU004579",2016,"Female","White",1,0,0,0,0,3.4441799892006,0,0,"Standard",1,1,0,0,1,0.464285714285714,22533.2307692308,0,17675
"STU004580",2016,"Male","White",0,0,0,0,0,2.95410553440336,0,0,"Standard",1,0,1,1,1,0.0714285714285714,27090,0,54180
"STU004581",2016,"Male","White",1,0,0,0,0,NA,0,0,"Standard",0,0,0,0,1,0.392857142857143,10127.8181818182,0,12367
"STU004582",2016,"Female","Hispanic",1,0,0,0,0,3.51317049726135,0,1,"Advanced",1,0,1,0,1,0.25,17644.8571428571,1,70626
"STU004583",2016,"NonBinary_Other","White",0,0,0,0,1,2.36191159107864,1,0,"Standard",0,0,0,0,1,0.821428571428571,11586.1739130435,1,48714
"STU004584",2016,"Male","White",0,1,0,0,1,2.53634559075145,1,1,"Standard",0,0,0,0,1,0.535714285714286,13470.6,0,42252
"STU004585",2016,"Male","Asian",0,1,0,0,1,3.25608740507313,1,1,"Standard",1,0,0,1,1,0.392857142857143,19554.4545454545,1,81696
"STU004586",2016,"Male","Hispanic",0,1,1,0,1,2.06676944188856,1,0,"Standard",0,0,0,0,1,0.714285714285714,8410.35,1,47111
"STU004587",2016,"Female","Black",0,0,0,0,1,2.44871850716019,1,0,"Standard",0,0,0,0,1,0.75,10705.6666666667,1,54350
"STU004588",2016,"Female","Hispanic",1,0,0,0,0,3.03624609459481,0,0,"Standard",1,0,0,1,1,0.714285714285714,12369.9,0,34512
"STU004589",2016,"Female","Other",0,1,0,1,0,2.09989440102256,0,0,"Standard",0,0,0,0,1,0.535714285714286,12172.3333333333,1,58253
"STU004590",2016,"Male","Hispanic",1,0,0,0,1,2.81333421459719,1,0,"Standard",1,0,0,1,1,0.535714285714286,9526.13333333333,0,42926
"STU004591",2016,"Female","AmericanIndian",0,1,0,0,1,2.28938328483774,1,1,"Standard",0,0,0,0,1,0.678571428571429,7385.26315789474,0,10817
"STU004592",2016,"Male","White",1,0,0,0,1,2.39772885277715,1,0,"Standard",0,0,0,0,1,0.857142857142857,9829.29166666667,1,50219
"STU004593",2016,"Female","White",1,1,0,0,1,2.77462986254861,1,0,"Standard",0,0,0,0,1,0.857142857142857,12337.4166666667,1,54697
"STU004594",2016,"Female","White",1,0,0,0,0,1.88109078995549,0,0,"Standard",1,0,1,0,1,0.392857142857143,14705.6363636364,0,10811
"STU004595",2016,"Female","Hispanic",0,0,0,0,1,1.76019803338943,1,0,"Standard",0,0,0,0,1,0.392857142857143,15054.8181818182,0,0
"STU004596",2016,"Female","Hispanic",0,0,0,0,1,2.78540623982365,1,0,"Standard",1,0,0,1,1,0.25,20496.8571428571,0,42003
"STU004597",2016,"Female","White",0,1,0,0,0,2.33303498429154,0,0,"NonCompletion",0,0,0,0,1,0.5,12409,0,24429
"STU004598",2016,"Female","White",0,1,0,0,0,2.49160950861742,0,0,"Standard",0,0,0,0,1,0.392857142857143,8447.90909090909,0,32237
"STU004599",2016,"Female","White",0,1,1,0,0,3.23405994217106,0,0,"Standard",1,0,0,1,1,0.821428571428571,15640.2173913043,1,72500
"STU004600",2016,"Male","Hispanic",1,0,0,0,0,2.83054136788616,0,1,"Standard",1,0,1,0,1,0.714285714285714,12896.25,0,47345
"STU004601",2016,"Female","Black",0,1,0,0,1,2.19554129281356,1,0,"Standard",0,0,0,0,1,0.892857142857143,8604.4,0,32307
"STU004602",2016,"Female","AmericanIndian",0,1,1,0,0,2.72303785669407,0,1,"Standard",1,0,1,1,1,0.321428571428571,11986.4444444444,0,25137
"STU004603",2016,"Female","White",1,0,0,0,0,3.67812588693915,0,0,"Advanced",1,0,1,1,1,0.678571428571429,13312.4736842105,0,71117
"STU004604",2016,"Female","White",1,1,0,0,0,3.11175962436981,0,0,"Standard",1,0,1,0,1,0.607142857142857,12436.5294117647,0,0
"STU004605",2016,"Male","Hispanic",1,1,0,0,1,2.50458301690672,1,1,"Standard",0,0,0,0,1,0.464285714285714,11143.2307692308,0,0
"STU004606",2016,"Male","Hispanic",0,1,0,0,0,2.39606902556803,0,0,"Standard",0,0,0,0,1,0.535714285714286,7940.26666666667,0,0
"STU004607",2016,"Female","Hispanic",0,0,0,0,0,2.91565815394491,0,0,"Standard",1,0,0,1,0,0,NA,0,0
"STU004608",2016,"Male","White",0,0,1,0,1,2.18059302315738,1,0,"Standard",0,0,0,0,1,0.321428571428571,7623.55555555556,0,0
"STU004609",2016,"Female","Black",0,1,0,0,0,2.5898708289337,0,1,"Standard",0,0,0,0,1,0.607142857142857,12695.9411764706,0,34085
"STU004610",2016,"Male","AmericanIndian",0,0,0,0,1,3.04865044580286,1,0,"Standard",1,0,0,1,1,0.428571428571429,14360.5833333333,0,55977
"STU004611",2016,"Male","White",0,0,0,0,0,3.30075329756153,0,0,"Standard",1,0,0,1,1,0.25,15585.5714285714,0,38711
"STU004612",2016,"Female","Asian",1,0,0,0,1,2.87461026031897,1,0,"Standard",0,0,0,0,1,0.5,14117.1428571429,0,0
"STU004613",2016,"Male","White",0,0,1,0,1,2.58070881344611,1,0,"Standard",0,0,0,0,1,0.678571428571429,8979.63157894737,1,57393
"STU004614",2016,"Female","Hispanic",0,1,0,0,1,2.3814874398412,1,0,"Standard",0,0,0,0,1,0.357142857142857,8318.8,0,16872
"STU004615",2016,"Female","White",0,1,1,0,0,2.49568174317808,0,1,"Standard",1,0,0,1,1,0.428571428571429,16519.1666666667,0,26535
"STU004616",2016,"Male","White",0,1,0,0,0,2.49764277421457,0,0,"Standard",1,1,0,0,1,0.642857142857143,17845.8888888889,0,54855
"STU004617",2016,"Female","White",0,0,0,0,0,2.50303085906586,0,0,"Standard",0,0,0,0,1,0.5,11708.7142857143,0,33651
"STU004618",2016,"Female","Hispanic",1,1,0,0,0,2.86186912748905,0,0,"Standard",0,0,0,0,1,0.357142857142857,9375.1,1,39119
"STU004619",2016,"NonBinary_Other","Hispanic",0,1,0,0,1,2.48842569133129,1,0,"Standard",0,0,0,0,0,0,NA,0,0
"STU004620",2016,"Male","Asian",0,0,1,0,0,3.43746769974942,0,0,"Standard",1,0,1,0,1,0.392857142857143,10464.2727272727,0,22841
"STU004621",2016,"Female","Asian",1,1,1,1,1,2.01049969085196,1,0,"NonCompletion",0,0,0,0,0,0,NA,0,0
"STU004622",2016,"Male","White",0,0,0,0,0,3.53172172759389,0,0,"Advanced",0,0,0,0,1,0.571428571428571,8148.4375,0,35120
"STU004623",2016,"Male","White",0,0,0,1,0,2.25251094365149,0,0,"Standard",0,0,0,0,1,0.5,13662.1428571429,0,25700
"STU004624",2016,"Female","Black",1,1,0,1,1,2.60735379830735,1,0,"Standard",0,0,0,0,1,0.678571428571429,9928.68421052631,1,46701
"STU004625",2016,"Male","Hispanic",0,1,0,1,1,1.92364273213402,1,1,"Standard",0,0,0,0,1,0.571428571428571,9696.6875,0,27583
"STU004626",2016,"Female","White",0,0,0,0,0,2.71153068651078,0,0,"Standard",0,0,0,0,1,0.5,11962.8571428571,0,9115
"STU004627",2016,"Male","White",0,1,0,0,0,3.38100206758803,0,1,"Standard",1,1,1,0,1,0.571428571428571,19529.875,1,103706
"STU004628",2016,"Male","Asian",0,0,0,0,1,3.22536723786318,1,0,"Standard",1,0,0,1,1,0.5,8879.92857142857,0,11873
"STU004629",2016,"Male","White",0,0,0,0,0,1.9991023939864,0,0,"NonCompletion",0,0,0,0,1,0.142857142857143,10108.5,0,17781
"STU004630",2016,"Female","White",0,1,0,0,0,2.88369555778159,0,0,"Standard",0,0,0,0,1,0.25,15780,0,50126
"STU004631",2016,"NonBinary_Other","Hispanic",0,0,0,0,0,3.00704112267398,0,0,"Standard",0,0,0,0,1,0.285714285714286,15446.125,0,40957
"STU004632",2016,"Male","White",1,0,0,0,1,1.98108345705671,1,0,"NonCompletion",0,0,0,0,1,0.5,13289.5714285714,0,51674
"STU004633",2016,"Female","White",0,1,0,0,0,2.57119516150398,0,0,"Standard",0,0,0,0,1,0.535714285714286,10302.6666666667,0,24102
"STU004634",2016,"Male","White",0,1,0,0,1,3.20834893351821,1,1,"Standard",0,0,0,0,1,0.75,8789.19047619048,1,64502
"STU004635",2016,"Male","White",0,1,0,0,0,2.62234691718087,0,0,"Standard",1,0,0,1,0,0,NA,0,0
"STU004636",2016,"Male","White",0,0,0,0,1,2.28877120073871,1,0,"Standard",0,0,0,0,1,0.678571428571429,12203.6315789474,0,54541
"STU004637",2016,"Male","MultiRacial",0,0,1,0,1,3.37886210686581,1,0,"Standard",1,0,0,1,1,0.785714285714286,7605.54545454545,1,45818
"STU004638",2016,"Female","Hispanic",0,1,0,0,0,3.57907871425954,0,0,"Advanced",1,0,0,1,1,0.928571428571429,21654.5769230769,1,104244
"STU004639",2016,"Female","White",0,1,0,0,0,2.16646554280666,0,1,"Standard",0,0,0,0,1,0.5,11077.0714285714,0,26787
"STU004640",2016,"Male","Hispanic",1,1,0,0,0,3.11978809840859,0,1,"Standard",1,0,0,1,1,0.714285714285714,13257.25,0,47965
"STU004641",2016,"Male","White",0,1,1,0,0,2.86603066126867,0,1,"Standard",1,0,0,1,1,0.392857142857143,12285.3636363636,0,47128
"STU004642",2016,"Female","White",1,0,0,0,0,3.35200032951381,0,0,"Standard",0,0,0,0,1,0.571428571428571,9610.5,0,19223
"STU004643",2016,"Female","White",1,0,0,0,0,3.05988304187943,0,0,"Standard",1,0,0,1,0,0,NA,0,0
"STU004644",2016,"Female","AmericanIndian",0,0,0,0,0,3.04305419804936,0,1,"Standard",0,0,0,0,1,0.5,14527.3571428571,1,75801
"STU004645",2016,"Male","Asian",0,1,0,0,0,2.44017576507304,0,0,"Standard",0,0,0,0,1,0.75,10498.1904761905,0,41832
"STU004646",2016,"Female","White",0,0,0,0,0,2.47037117745014,0,0,"Standard",0,0,0,0,1,0.642857142857143,11039.7222222222,0,38610
"STU004647",2016,"Male","Hispanic",0,1,0,0,1,2.97128074739094,1,1,"Standard",0,0,0,0,1,0.285714285714286,10281.375,0,0
"STU004648",2016,"Female","AmericanIndian",0,0,0,1,0,2.99204816735657,0,0,"Standard",1,0,1,0,1,0.571428571428571,12734.625,1,78187
"STU004649",2016,"Male","White",1,0,0,0,0,2.91056540325486,0,0,"Standard",0,0,0,0,1,0.5,11032.8571428571,0,31889
"STU004650",2016,"Female","White",1,0,0,0,0,2.50464611988992,0,1,"Standard",0,0,0,0,1,0.464285714285714,9699.84615384615,0,44139
"STU004651",2016,"Female","White",0,0,0,0,0,3.13788121909633,0,0,"Standard",1,0,0,1,1,0.571428571428571,14872,0,0
"STU004652",2016,"Male","White",0,0,0,0,1,2.5167025090344,1,0,"Standard",1,0,0,1,1,0.428571428571429,13047.8333333333,0,63874
"STU004653",2016,"Female","White",1,1,0,0,1,2.40992839050232,1,0,"Standard",0,0,0,0,1,0.464285714285714,13217.9230769231,0,32780
"STU004654",2016,"Male","White",0,1,0,0,0,2.54570473963738,0,0,"Standard",1,1,1,0,1,0.285714285714286,13278.75,1,59737
"STU004655",2016,"Male","White",1,0,0,1,0,2.40519467980362,0,0,"Standard",0,0,0,0,1,0.535714285714286,7887,0,17196
"STU004656",2016,"NonBinary_Other","White",0,0,0,0,0,NA,0,0,"Standard",0,0,0,0,1,0.392857142857143,7506.09090909091,0,0
"STU004657",2016,"Female","Hispanic",0,0,0,1,1,2.2951221047589,1,0,"Standard",0,0,0,0,1,0.928571428571429,14154.5,1,68114
"STU004658",2016,"Male","White",0,0,0,0,0,3.91554518080209,0,0,"Advanced",1,0,1,1,1,0.714285714285714,10693.75,0,56020
"STU004659",2016,"Male","Asian",1,0,0,0,0,3.1264046212081,0,0,"Standard",1,0,0,1,1,0.535714285714286,15757.3333333333,1,70171
"STU004660",2016,"Female","Black",1,1,0,1,1,2.42701433716778,1,0,"Standard",0,0,0,0,1,0.285714285714286,11465.5,0,15290
"STU004661",2016,"Female","Hispanic",1,1,0,0,0,2.2207988462022,0,0,"Standard",0,0,0,0,1,0.5,11790.2857142857,0,23384
"STU004662",2016,"Female","White",1,0,0,0,0,2.7882466020412,0,0,"Standard",0,0,0,0,1,0.214285714285714,10662.5,1,44673
"STU004663",2016,"Female","White",0,1,0,1,0,2.90227859992049,0,0,"Standard",1,0,1,1,1,0.25,7321.42857142857,0,0
"STU004664",2016,"Female","MultiRacial",1,0,0,1,0,2.27631372748046,0,0,"Standard",0,0,0,0,1,0.714285714285714,8017.45,1,40044
"STU004665",2016,"Female","Hispanic",0,1,0,0,0,2.64725852764875,0,0,"Standard",0,0,0,0,1,0.607142857142857,9934.41176470588,0,14664
"STU004666",2016,"Female","Black",1,1,0,0,0,3.10667796404996,0,0,"Standard",0,0,0,0,1,0.535714285714286,14414.7333333333,0,43132
"STU004667",2016,"Female","Asian",1,1,0,0,0,3.17390404349368,0,0,"Standard",0,0,0,0,1,0.714285714285714,10266.6,1,45200
"STU004668",2016,"Male","Black",1,0,1,0,1,2.50134317732683,1,0,"Standard",0,0,0,0,1,0.178571428571429,12962.8,0,40138
"STU004669",2016,"Male","White",1,1,0,0,0,3.29494467546805,0,0,"Standard",1,0,1,0,1,0.428571428571429,9201.16666666667,0,18184
"STU004670",2016,"Female","White",0,0,0,0,1,2.50015227149072,1,0,"NonCompletion",0,0,0,0,0,0,NA,0,0
"STU004671",2016,"Male","White",0,1,0,0,0,2.27692724668856,0,0,"Standard",0,0,0,0,1,0.5,10500,0,27897
"STU004672",2016,"Female","Hispanic",0,0,0,0,0,1.73717292145926,0,0,"Standard",0,0,0,0,1,0.178571428571429,14995.8,0,31073
"STU004673",2016,"Female","Asian",0,0,0,0,1,2.99166939811791,1,0,"Standard",0,0,0,0,1,0.607142857142857,12768,0,12465
"STU004674",2016,"Female","White",0,1,0,0,0,NA,0,1,"Standard",1,0,0,1,1,0.357142857142857,9865,0,0
"STU004675",2016,"Male","White",1,1,0,0,1,2.02926334418739,1,0,"Standard",0,0,0,0,1,0.392857142857143,7190.54545454545,0,22720
"STU004676",2016,"Female","Black",0,1,0,0,1,2.30310968659771,1,0,"Standard",0,0,0,0,1,0.535714285714286,9493.6,0,27778
"STU004677",2016,"Female","White",1,1,0,0,0,2.23469548011958,0,1,"Standard",0,0,0,0,1,0.642857142857143,9313.44444444445,1,42602
"STU004678",2016,"Male","White",1,1,1,0,0,2.61966729090506,0,1,"Standard",0,0,0,0,1,0.821428571428571,13208.2173913043,1,77460
"STU004679",2016,"Female","Black",0,1,0,0,1,3.25004492150879,1,0,"Standard",0,0,0,0,1,0.678571428571429,12145.5789473684,0,14214
"STU004680",2016,"Female","White",1,1,1,0,0,2.20982678208194,0,0,"Standard",1,0,1,0,1,0.821428571428571,14620.4782608696,1,77745
"STU004681",2016,"Male","White",0,1,0,1,0,3.07022980305022,0,0,"Standard",1,1,1,0,1,0.607142857142857,12995.5294117647,0,30040
"STU004682",2016,"Male","White",0,0,0,0,1,2.09990078724497,1,0,"Standard",0,0,0,0,1,0.464285714285714,12088.0769230769,0,20719
"STU004683",2016,"Female","White",0,0,0,0,1,2.47449237468184,1,0,"Standard",0,0,0,0,1,0.964285714285714,15066.1481481481,0,49623
"STU004684",2016,"Female","Asian",1,0,0,0,1,3.14958741426604,1,0,"Standard",1,0,0,1,1,0.5,7587.42857142857,0,27978
"STU004685",2016,"Male","Asian",1,1,0,0,0,2.91141562672077,0,0,"Standard",0,0,0,0,1,0.571428571428571,11703.4375,0,29543
"STU004686",2016,"Female","MultiRacial",1,0,0,0,1,2.4589515112304,1,0,"Standard",0,0,0,0,1,0.428571428571429,12554.75,0,40995
"STU004687",2016,"Female","White",0,1,0,0,1,2.13825881924559,1,1,"Standard",0,0,0,0,1,0.678571428571429,9092.63157894737,1,40799
"STU004688",2016,"Female","MultiRacial",0,1,1,0,0,2.69625357567144,0,0,"Standard",0,0,0,0,1,0.714285714285714,9174.65,0,36258
"STU004689",2016,"Male","Hispanic",1,0,1,0,1,1.44232994355216,1,1,"Standard",0,0,0,0,1,0.607142857142857,7153.35294117647,1,34472
"STU004690",2016,"Female","White",1,0,0,0,0,3.64813868467224,0,1,"Advanced",1,0,1,1,0,0,NA,0,0
"STU004691",2016,"Female","White",0,1,0,0,0,3.00689088581526,0,0,"Standard",0,0,0,0,1,0.607142857142857,11188.7058823529,1,50198
"STU004692",2016,"Female","White",0,1,0,1,0,1.94231745823564,0,1,"Standard",0,0,0,0,1,0.75,12732.4761904762,1,51957
"STU004693",2016,"Male","White",0,1,0,0,0,NA,0,1,"Standard",1,0,0,1,1,0.285714285714286,23629,0,50871
"STU004694",2016,"Male","Hispanic",0,0,0,0,1,2.91624991066168,1,0,"Standard",0,0,0,0,1,0.535714285714286,9970.46666666667,0,24634
"STU004695",2016,"Female","Hispanic",0,0,0,0,1,2.41802616710409,1,0,"Standard",0,0,0,0,1,0.642857142857143,14793.4444444444,0,55025
"STU004696",2016,"Female","White",0,1,0,1,0,2.84719474892792,0,0,"Standard",0,0,0,0,1,0.642857142857143,9938.55555555555,0,31546
"STU004697",2016,"Female","Hispanic",0,1,0,0,0,2.80696604663104,0,0,"Standard",0,0,0,0,1,0.464285714285714,10494.3846153846,0,12666
"STU004698",2016,"Male","MultiRacial",0,0,0,0,0,2.98693243958048,0,0,"Standard",0,0,0,0,1,0.0714285714285714,15102,0,0
"STU004699",2016,"Male","White",1,0,0,0,0,2.56503527725178,0,0,"Standard",1,0,1,0,1,0.357142857142857,4476.6,0,0
"STU004700",2016,"Female","White",0,0,1,0,0,2.47616002616866,0,0,"Standard",1,1,0,0,1,0.428571428571429,13874.75,0,0
"STU004701",2016,"Male","Hispanic",0,1,0,0,1,3.53008216798281,1,1,"Advanced",1,0,0,1,1,0.428571428571429,14469.6666666667,0,26032
"STU004702",2016,"Male","White",0,0,0,0,1,2.92745546614987,1,0,"Standard",0,0,0,0,1,0.785714285714286,9078.81818181818,1,36328
"STU004703",2016,"Male","White",0,0,0,0,0,2.59217412761601,0,0,"Standard",0,0,0,0,1,0.714285714285714,15593.6,1,63468
"STU004704",2016,"Male","Hispanic",1,1,0,1,0,2.00557362352503,0,0,"Standard",0,0,0,0,1,0.428571428571429,12568.25,0,0
"STU004705",2016,"Female","Hispanic",1,0,1,0,1,2.10709866651541,1,0,"NonCompletion",0,0,0,0,1,0.357142857142857,13180.7,0,22807
"STU004706",2016,"Male","Hispanic",0,0,0,0,0,3.29254780779413,0,0,"Standard",1,0,0,1,0,0,NA,0,0
"STU004707",2016,"Male","White",0,0,0,0,1,2.59610847009147,1,0,"Standard",0,0,0,0,1,0.285714285714286,7780.125,1,33630
"STU004708",2016,"Female","Hispanic",0,0,0,0,1,2.71887152401833,1,0,"Standard",1,0,0,1,1,0.571428571428571,7864.6875,0,9892
"STU004709",2016,"Female","Asian",0,1,0,0,1,1.85215828709389,1,0,"NonCompletion",0,0,0,0,1,0.678571428571429,10308.7368421053,0,33054
"STU004710",2016,"Female","White",0,0,0,0,0,2.49464141476349,0,0,"NonCompletion",0,0,0,0,1,0.5,9771,0,18265
"STU004711",2016,"Male","AmericanIndian",0,0,1,0,1,2.17838690478823,1,0,"Standard",0,0,0,0,1,0.535714285714286,9127.46666666667,0,21267
"STU004712",2016,"Female","White",0,0,0,0,0,3.82803999147842,0,0,"Advanced",1,0,0,1,1,0.5,18376.2857142857,0,21873
"STU004713",2016,"Male","White",0,0,0,0,0,3.08583986293243,0,0,"Standard",0,0,0,0,1,0.678571428571429,11269.6842105263,1,43882
"STU004714",2016,"Male","White",1,1,1,0,0,3.58723430059362,0,0,"Advanced",1,0,1,0,1,0.178571428571429,13385.4,0,10932
"STU004715",2016,"Female","Black",0,0,1,0,1,2.40299898755135,1,0,"Standard",0,0,0,0,1,0.857142857142857,10416,0,39751
"STU004716",2016,"Female","White",1,1,0,0,0,2.82532541976034,0,0,"Standard",0,0,0,0,1,0.321428571428571,10900.1111111111,0,37081
"STU004717",2016,"Male","Black",0,1,0,0,0,2.32943676065753,0,0,"Standard",0,0,0,0,1,0.821428571428571,10004.8260869565,0,34042
"STU004718",2016,"Male","Hispanic",1,1,0,1,0,3.41067802273307,0,1,"Standard",1,0,0,1,1,0.75,11354.1904761905,1,79993
"STU004719",2016,"Female","Other",1,1,0,1,1,2.50497639692335,1,1,"Standard",0,0,0,0,0,0,NA,0,0
"STU004720",2016,"Female","White",0,1,0,0,1,3.3427301912877,1,0,"Standard",1,1,1,0,1,0.392857142857143,13748.3636363636,0,46934
"STU004721",2016,"Male","Black",0,1,0,0,0,3.7265664080142,0,1,"Advanced",1,0,0,1,1,0.642857142857143,11006.0555555556,0,35174
"STU004722",2016,"Male","Hispanic",0,0,1,0,1,1.26474902379026,1,1,"Standard",0,0,0,0,1,0.607142857142857,9872.05882352941,1,36675
"STU004723",2016,"Male","White",0,1,1,1,1,2.35266714616067,1,0,"Standard",0,0,0,0,1,0.785714285714286,10341.2727272727,1,54940
"STU004724",2016,"Female","White",0,0,0,0,0,2.87682762060184,0,0,"Standard",0,0,0,0,1,0.678571428571429,10250.3684210526,1,47817
"STU004725",2016,"Female","White",1,0,0,0,0,3.24018374237799,0,1,"Standard",1,0,0,1,1,0.714285714285714,15666.2,1,89978
"STU004726",2016,"Female","White",1,0,0,0,0,3.45431346379385,0,0,"Standard",1,0,0,1,1,0.25,18599.4285714286,0,10818
"STU004727",2016,"Male","MultiRacial",0,0,0,0,1,2.12491332864691,1,0,"Standard",0,0,0,0,1,0.678571428571429,9769.42105263158,1,38501
"STU004728",2016,"Female","Black",1,0,0,0,0,2.51743731020132,0,0,"Standard",0,0,0,0,1,0.535714285714286,11979.6666666667,1,53764
"STU004729",2016,"Male","White",0,0,1,0,0,2.5728720856508,0,0,"Standard",0,0,0,0,1,0.535714285714286,13381.4,0,41795
"STU004730",2016,"Male","Hispanic",0,0,0,0,0,4,0,0,"Advanced",1,0,0,1,0,0,NA,0,0
"STU004731",2016,"Female","White",0,1,0,0,1,2.53369575832386,1,0,"Standard",0,0,0,0,1,0.5,10852.8571428571,0,0
"STU004732",2016,"Male","Asian",1,0,0,0,0,3.46192356519431,0,1,"Standard",0,0,0,0,1,0.571428571428571,11326.5625,0,0
"STU004733",2016,"Male","Hispanic",0,0,0,0,0,2.67220188163267,0,0,"Standard",1,0,1,0,1,0.785714285714286,10937.4090909091,1,55813
"STU004734",2016,"Female","Hispanic",0,0,1,0,0,2.31588530064914,0,0,"Standard",0,0,0,0,1,0.5,10389.5,0,10972
"STU004735",2016,"Female","Hispanic",0,1,1,0,1,3.03406365429158,1,0,"Standard",1,0,1,0,1,0.357142857142857,7789.6,0,0
"STU004736",2016,"Male","Other",0,1,0,0,1,2.48487172296682,1,0,"Standard",0,0,0,0,1,0.714285714285714,9295.25,0,37413
"STU004737",2016,"Male","White",0,0,0,0,0,2.55920433044984,0,0,"Standard",0,0,0,0,1,0.607142857142857,11297.9411764706,0,22228
"STU004738",2016,"Female","Asian",1,0,0,1,1,3.0352637052507,1,0,"Standard",1,0,0,1,1,0.464285714285714,12148.6153846154,0,30439
"STU004739",2016,"Female","MultiRacial",0,0,0,0,0,3.22108984703991,0,0,"Standard",0,0,0,0,0,0,NA,0,0
"STU004740",2016,"Female","White",0,0,0,0,0,2.82437279012053,0,0,"Standard",0,0,0,0,1,0.785714285714286,11291.3181818182,0,41515
"STU004741",2016,"Female","White",1,1,0,0,0,2.37156939242079,0,0,"Standard",0,0,0,0,1,0.285714285714286,8949.375,0,10367
"STU004742",2016,"Male","White",0,0,0,0,0,2.55934894183763,0,0,"Standard",1,0,1,0,1,0.571428571428571,8860.4375,0,9539
"STU004743",2016,"Male","MultiRacial",0,0,0,0,1,2.15504298173691,1,0,"Standard",0,0,0,0,1,0.321428571428571,12078,1,50599
"STU004744",2016,"Male","AmericanIndian",1,0,0,0,1,1.27408641284508,1,0,"NonCompletion",0,0,0,0,1,0.428571428571429,10351.5,0,0
"STU004745",2016,"Male","White",0,0,0,0,0,2.48036406499244,0,0,"Standard",0,0,0,0,0,0,NA,0,0
"STU004746",2016,"Female","Other",0,1,0,0,0,NA,0,0,"Standard",1,0,0,1,1,0.607142857142857,7011.11764705882,0,24315
"STU004747",2016,"Female","Hispanic",0,1,0,1,0,2.88614314772027,0,0,"Standard",0,0,0,0,1,0.535714285714286,8171.86666666667,1,48294
"STU004748",2016,"Male","Black",1,0,0,0,1,2.60537235109849,1,0,"Standard",1,0,1,0,1,0.607142857142857,8194.58823529412,0,44198
"STU004749",2016,"Male","White",1,1,0,1,0,3.69932255908116,0,0,"Advanced",1,0,0,1,1,0.607142857142857,11195.7058823529,0,51143
"STU004750",2016,"Female","Asian",0,1,0,0,0,2.91301690592457,0,0,"Standard",1,1,0,0,1,0.214285714285714,15778.1666666667,0,49414
"STU004751",2016,"Female","Black",0,0,1,0,1,1.47574026445977,1,1,"Standard",0,0,0,0,1,0.535714285714286,10399.6,0,21616
"STU004752",2016,"Male","Hispanic",0,1,0,1,0,2.54017198675088,0,0,"Standard",1,1,1,0,1,0.0714285714285714,31642,0,63284
"STU004753",2016,"Female","White",0,0,0,0,0,2.97317545999484,0,0,"Standard",1,0,1,0,1,0.214285714285714,16638,0,0
"STU004754",2016,"Male","AmericanIndian",1,1,0,0,1,2.50848367719301,1,0,"Standard",0,0,0,0,1,0.464285714285714,8721.23076923077,0,0
"STU004755",2016,"Female","Hispanic",1,1,0,0,1,2.86298099081026,1,0,"Standard",1,0,0,1,1,0.642857142857143,11261.4444444444,1,59418
"STU004756",2016,"Male","Asian",1,0,0,0,1,2.75195214259774,1,0,"Standard",1,1,0,0,1,0.0714285714285714,17416,0,34832
"STU004757",2016,"Female","MultiRacial",0,0,0,0,0,2.58372816436703,0,0,"Standard",0,0,0,0,0,0,NA,0,0
"STU004758",2016,"Male","Hispanic",0,1,0,0,1,2.10869467322758,1,0,"Standard",0,0,0,0,1,0.678571428571429,11157.9473684211,0,26630
"STU004759",2016,"Female","White",0,1,0,0,0,3.19201879522175,0,0,"Standard",1,0,0,1,0,0,NA,0,0
"STU004760",2016,"Female","Hispanic",0,0,1,0,1,2.50202469635864,1,0,"Standard",0,0,0,0,1,0.821428571428571,8419.34782608696,1,37210
"STU004761",2016,"Female","Hispanic",1,0,0,0,1,2.68301899867509,1,0,"Standard",1,0,1,1,1,0.607142857142857,12969.6470588235,0,42914
"STU004762",2016,"Female","Asian",0,0,0,0,0,2.85910131943291,0,0,"Standard",0,0,0,0,1,0.75,13782.9047619048,0,58953
"STU004763",2016,"Female","Hispanic",0,1,0,1,1,2.74725890506001,1,1,"Standard",1,1,0,0,1,0.607142857142857,11825.5882352941,0,41795
"STU004764",2016,"Female","White",0,0,0,0,1,2.29035765389788,1,0,"Standard",0,0,0,0,0,0,NA,0,0
"STU004765",2016,"Male","AmericanIndian",1,0,0,0,0,2.61266761316555,0,0,"Standard",0,0,0,0,1,0.142857142857143,10960,0,10550
"STU004766",2016,"Female","Hispanic",0,0,0,0,1,2.45551550175458,1,0,"Standard",0,0,0,0,1,0.821428571428571,10377.652173913,1,56245
"STU004767",2016,"Male","White",0,1,0,0,0,2.65226245542009,0,1,"Standard",1,1,1,0,1,0.714285714285714,11639.05,1,49416
"STU004768",2016,"Male","MultiRacial",1,0,0,0,1,2.99008679699703,1,0,"Standard",0,0,0,0,1,0.428571428571429,9460.41666666667,1,42859
"STU004769",2016,"Male","Asian",0,0,1,0,0,2.38029120524846,0,0,"Standard",1,0,1,1,1,0.214285714285714,23896.6666666667,1,92154
"STU004770",2016,"Female","White",0,0,0,0,0,3.58780640842268,0,1,"Advanced",1,0,1,0,1,0.428571428571429,12562.5,0,44526
"STU004771",2016,"Male","Black",0,0,0,0,0,2.63270278506711,0,0,"Standard",0,0,0,0,1,0.0357142857142857,7004,0,7004
"STU004772",2016,"Female","White",0,0,1,0,0,3.82414132786684,0,1,"Advanced",1,0,0,1,1,0.571428571428571,16682.6875,0,79033
"STU004773",2016,"NonBinary_Other","White",0,1,0,0,0,3.15176678782681,0,1,"Standard",1,0,0,1,1,0.571428571428571,11933.0625,1,71190
"STU004774",2016,"Female","Asian",1,0,0,0,0,2.3466282878572,0,0,"Standard",1,0,0,1,1,0.607142857142857,8467.23529411765,1,47658
"STU004775",2016,"Male","White",0,0,0,0,0,2.7993461967482,0,0,"Standard",0,0,0,0,1,0.535714285714286,10323.3333333333,1,52965
"STU004776",2016,"Male","Other",0,0,0,0,1,2.05177681694862,1,0,"NonCompletion",0,0,0,0,1,0.857142857142857,8911.70833333333,0,30473
"STU004777",2016,"Female","Hispanic",0,0,0,0,1,2.49879327732331,1,0,"Standard",0,0,0,0,1,0.321428571428571,13596.6666666667,0,0
"STU004778",2016,"Female","Hispanic",0,0,0,0,1,3.21967470904449,1,1,"Standard",1,0,1,0,1,0.785714285714286,14758.6818181818,1,72844
"STU004779",2016,"Male","Black",0,1,0,0,0,3.30417239833038,0,0,"Standard",0,0,0,0,1,0.571428571428571,8462.6875,0,21296
"STU004780",2016,"Female","White",1,0,0,0,1,1.96433006496961,1,0,"Standard",0,0,0,0,1,0.5,14967.4285714286,0,24995
"STU004781",2016,"Female","White",1,0,0,0,1,2.49844034763899,1,1,"Standard",0,0,0,0,1,0.178571428571429,8024.2,0,15929
"STU004782",2016,"Female","White",1,1,0,0,0,2.34970259813074,0,0,"Standard",0,0,0,0,1,0.642857142857143,9178.44444444445,1,40359
"STU004783",2016,"Female","White",0,0,0,1,1,2.80296309318772,1,1,"Standard",0,0,0,0,1,0.535714285714286,10755.6,0,37814
"STU004784",2016,"Female","Black",0,0,0,0,0,2.8635339652358,0,0,"Standard",0,0,0,0,1,0.642857142857143,12697.5555555556,0,44709
"STU004785",2016,"NonBinary_Other","Hispanic",0,0,1,0,1,2.23674625901062,1,0,"Standard",0,0,0,0,1,0.142857142857143,14319.25,0,12948
"STU004786",2016,"Female","White",0,1,0,0,0,2.55639784437859,0,1,"Standard",0,0,0,0,1,0.892857142857143,11948.24,1,46723
"STU004787",2016,"Female","White",1,1,0,0,1,2.56756328292925,1,0,"Standard",0,0,0,0,1,0.714285714285714,7251.5,0,16516
"STU004788",2016,"NonBinary_Other","Hispanic",0,1,0,0,1,1.84153408239837,1,0,"Standard",0,0,0,0,1,0.607142857142857,13837.5294117647,0,38278
"STU004789",2016,"Male","Hispanic",1,1,0,0,1,2.65441939007763,1,1,"Standard",0,0,0,0,1,0.428571428571429,11512.1666666667,0,0
"STU004790",2016,"NonBinary_Other","Black",0,0,0,0,1,2.61987785790338,1,0,"Standard",1,0,1,1,1,0.571428571428571,9499.375,0,41608
"STU004791",2016,"Male","MultiRacial",1,0,0,0,0,3.35784855272854,0,0,"Standard",1,0,0,1,1,0.285714285714286,9574.75,0,28631
"STU004792",2016,"Female","MultiRacial",0,1,0,0,0,2.79469334184037,0,1,"Standard",1,0,0,1,1,0.535714285714286,7320.66666666667,1,40912
"STU004793",2016,"Female","Hispanic",0,0,0,0,1,2.84646909701678,1,0,"Standard",1,1,1,0,1,0.642857142857143,14491.1666666667,0,30122
"STU004794",2016,"Male","White",0,1,0,0,0,3.30419478937895,0,0,"Standard",0,0,0,0,1,0.535714285714286,8556.13333333333,0,26194
"STU004795",2016,"Female","MultiRacial",0,0,1,0,1,3.37843241782711,1,0,"Standard",1,0,0,1,1,0.535714285714286,25886.0666666667,0,38322
"STU004796",2016,"Male","White",0,1,0,0,0,2.93851653851938,0,0,"Standard",0,0,0,0,1,0.678571428571429,12090.8947368421,0,33724
"STU004797",2016,"Female","White",0,0,0,0,1,3.07838682673722,1,1,"Standard",1,0,0,1,1,0.714285714285714,16978.15,1,92345
"STU004798",2016,"Male","Black",0,1,0,0,1,1.88289266555512,1,0,"Standard",0,0,0,0,1,0.357142857142857,9046.6,0,19286
"STU004799",2016,"Female","Hispanic",1,0,0,0,1,2.12713180377992,1,0,"Standard",0,0,0,0,1,0.357142857142857,10513.9,0,0
"STU004800",2016,"Male","Asian",0,1,0,0,0,2.38788125229825,0,0,"Standard",1,1,1,0,1,0.607142857142857,11460.2352941176,0,0
"STU004801",2016,"Male","White",1,0,1,0,0,2.1419246754424,0,0,"NonCompletion",0,0,0,0,1,0.571428571428571,10539.625,0,6241
"STU004802",2016,"Female","Hispanic",0,0,0,0,0,2.97310278442226,0,0,"Standard",1,1,1,0,1,0.214285714285714,16527,0,22003
"STU004803",2016,"Female","Hispanic",0,0,0,0,1,1.86965767502608,1,0,"Standard",1,1,0,0,1,0.571428571428571,12466.0625,0,34007
"STU004804",2016,"Female","White",0,0,1,0,1,2.76510175204863,1,0,"Standard",0,0,0,0,1,0.25,10016.8571428571,1,35711
"STU004805",2016,"Female","White",1,0,0,1,0,3.05031301119839,0,0,"Standard",0,0,0,0,1,0.321428571428571,10389,0,31850
"STU004806",2016,"Male","Hispanic",1,1,0,1,1,3.52782297288483,1,1,"Advanced",1,0,0,1,1,0.642857142857143,18486.3888888889,0,0
"STU004807",2016,"Male","AmericanIndian",0,0,0,0,1,2.7753442607861,1,0,"Standard",0,0,0,0,1,0.5,9622.92857142857,0,32817
"STU004808",2016,"Female","White",0,0,0,0,1,2.64795096884274,1,1,"Standard",1,0,0,1,1,0.464285714285714,9975.61538461538,1,55453
"STU004809",2016,"Male","White",1,0,0,0,0,1.97933394107118,0,0,"Standard",0,0,0,0,1,0.571428571428571,11820.5,1,52832
"STU004810",2016,"Male","White",1,1,0,0,0,3.60091717432134,0,0,"Advanced",1,0,0,1,1,0.535714285714286,10076.5333333333,1,45245
"STU004811",2016,"Female","White",1,1,0,0,0,2.57437421795493,0,0,"Standard",1,0,1,0,1,0.607142857142857,13282,0,38070
"STU004812",2016,"Male","Hispanic",0,0,0,0,1,2.6239044571484,1,0,"Standard",1,0,0,1,1,0.0714285714285714,18522.5,0,19644
"STU004813",2016,"Female","White",0,1,0,0,0,3.87180275833726,0,0,"Advanced",1,0,0,1,1,0.535714285714286,13570,0,20961
"STU004814",2016,"Female","Asian",1,0,1,0,0,3.18134499006704,0,0,"Standard",1,0,0,1,1,0.857142857142857,18637.0416666667,1,111713
"STU004815",2016,"Male","Hispanic",0,1,1,0,0,2.09324102919173,0,0,"Standard",0,0,0,0,1,0.357142857142857,10760,0,36274
"STU004816",2016,"Female","White",1,0,0,0,0,2.75830537187611,0,0,"Standard",0,0,0,0,0,0,NA,0,0
"STU004817",2016,"Female","White",0,0,0,0,0,1.9868859960275,0,0,"Standard",0,0,0,0,1,0.107142857142857,17553.3333333333,0,17860
"STU004818",2016,"Female","Hispanic",0,0,1,0,1,1.79852880962761,1,0,"Standard",0,0,0,0,1,0.5,11219.2142857143,1,52338
"STU004819",2016,"Male","Black",0,1,0,0,1,1.53558092669084,1,1,"NonCompletion",0,0,0,0,1,0.535714285714286,12036.2666666667,0,34191
"STU004820",2016,"Male","Hispanic",0,0,0,0,1,2.62904126226151,1,0,"Standard",0,0,0,0,1,0.714285714285714,8323.45,0,9574
"STU004821",2016,"Female","White",0,0,0,0,1,3.11681317178442,1,1,"Standard",1,0,0,1,1,0.107142857142857,25089,0,30302
"STU004822",2016,"Male","White",0,1,0,0,1,3.60304237830354,1,1,"Advanced",1,0,0,1,1,0.392857142857143,15760.5454545455,0,0
"STU004823",2016,"Male","Black",0,1,0,0,1,2.26711351679891,1,0,"Standard",0,0,0,0,1,0.714285714285714,15317.4,1,99180
"STU004824",2016,"Female","White",0,1,0,0,0,2.42720052576847,0,0,"Standard",0,0,0,0,1,0.821428571428571,12362.2173913043,0,45513
"STU004825",2016,"Male","Hispanic",0,1,0,0,1,1.70918543888774,1,0,"Standard",0,0,0,0,1,0.5,14317.7857142857,1,63754
"STU004826",2016,"Female","White",1,0,0,0,0,3.00983945514205,0,0,"Standard",0,0,0,0,1,0.607142857142857,15007.0588235294,0,42670
"STU004827",2016,"Male","Asian",0,1,0,0,0,3.35020610245772,0,0,"Standard",1,0,0,1,1,0.0357142857142857,45319,0,45319
"STU004828",2016,"Male","White",1,0,0,0,0,2.80743421702445,0,0,"Standard",0,0,0,0,1,0.392857142857143,11154.3636363636,0,0
"STU004829",2016,"Male","White",0,0,0,0,0,1.27316259390081,0,0,"NonCompletion",0,0,0,0,1,0.892857142857143,10737.4,1,35530
"STU004830",2016,"Male","White",1,1,0,0,0,3.29441401889788,0,0,"Standard",0,0,0,0,1,0.75,13733.4761904762,0,16826
"STU004831",2016,"Male","Black",1,0,0,0,0,3.26281295152829,0,1,"Standard",1,0,0,1,1,0.214285714285714,22191.5,1,86077
"STU004832",2016,"Female","Hispanic",1,0,1,0,0,2.55863808111913,0,0,"Standard",0,0,0,0,1,0.714285714285714,14558.4,1,73139
"STU004833",2016,"Male","Hispanic",1,0,0,1,1,2.50212299538812,1,1,"Standard",0,0,0,0,1,0.214285714285714,15908.8333333333,0,32845
"STU004834",2016,"Female","Black",1,0,0,0,1,2.13493411294996,1,0,"Standard",0,0,0,0,1,0.428571428571429,16144.25,0,48451
"STU004835",2016,"Male","White",0,1,0,0,0,3.52044185653202,0,1,"Advanced",1,0,0,1,1,0.714285714285714,19255.5,1,92035
"STU004836",2016,"Male","Asian",0,0,0,0,1,3.97808486679055,1,0,"Advanced",1,0,0,1,1,0.928571428571429,20916.7307692308,1,98921
"STU004837",2016,"Female","Hispanic",0,1,0,0,1,3.01306889472018,1,0,"Standard",1,0,0,1,1,0.178571428571429,19072.8,1,74576
"STU004838",2016,"Female","White",1,0,1,0,0,2.95224794191888,0,0,"Standard",0,0,0,0,1,0.107142857142857,11414,0,16186
"STU004839",2016,"Male","Asian",0,0,0,0,0,2.80656152446218,0,0,"Standard",0,0,0,0,1,0.607142857142857,14227.5294117647,1,74823
"STU004840",2016,"Male","AmericanIndian",1,0,0,0,1,2.3763802128893,1,0,"Standard",1,1,0,0,0,0,NA,0,0
"STU004841",2016,"Female","White",0,0,0,0,1,1.90582732807449,1,0,"Standard",0,0,0,0,1,0.785714285714286,12618.0909090909,0,30683
"STU004842",2016,"Male","White",0,0,0,0,0,3.21781774327608,0,1,"Standard",1,0,1,0,1,0.607142857142857,15855.9411764706,0,36114
"STU004843",2016,"Male","Asian",0,1,0,0,0,3.13869837241038,0,0,"Standard",0,0,0,0,1,0.535714285714286,7698.73333333333,1,41879
"STU004844",2016,"Female","AmericanIndian",0,0,0,0,1,3.30321116611457,1,0,"Standard",1,0,0,1,1,0.857142857142857,16613.125,0,59318
"STU004845",2016,"Male","Hispanic",0,1,0,0,1,3.42959729726273,1,1,"Standard",0,0,0,0,1,0.178571428571429,20514.6,0,0
"STU004846",2016,"Female","Asian",0,0,0,0,0,2.68260488600368,0,0,"Standard",0,0,0,0,1,0.571428571428571,17264.6875,0,28386
"STU004847",2016,"Female","White",0,1,0,0,0,3.31109018080884,0,1,"Standard",1,0,0,1,1,0.5,20039.2857142857,0,58788
"STU004848",2016,"Female","Black",0,0,0,0,1,2.24320308047761,1,1,"Standard",1,1,0,0,1,0.928571428571429,13654.1538461538,1,71932
"STU004849",2016,"Male","Hispanic",0,1,0,0,1,2.00042569481005,1,0,"Standard",1,0,0,1,1,0.678571428571429,11405.6315789474,0,38092
"STU004850",2016,"Male","Hispanic",0,0,0,0,1,2.97403847462919,1,0,"Standard",0,0,0,0,1,0.392857142857143,11929.4545454545,0,39797
"STU004851",2016,"Female","AmericanIndian",0,1,0,0,1,1.86014537293705,1,0,"Standard",1,0,1,0,1,0.321428571428571,11697.6666666667,1,41956
"STU004852",2016,"Female","White",0,1,0,0,1,2.30879729807878,1,0,"Standard",0,0,0,0,1,0.5,10707.4285714286,0,0
"STU004853",2016,"Female","White",0,1,0,0,0,2.22206084610943,0,1,"Standard",0,0,0,0,0,0,NA,0,0
"STU004854",2016,"NonBinary_Other","White",1,0,0,0,1,3.00004923691541,1,0,"Standard",0,0,0,0,1,0.535714285714286,13481.6,1,77211
"STU004855",2016,"Female","White",0,1,0,1,0,2.66366597114773,0,0,"Standard",1,1,0,0,1,1,17748.8928571429,1,86704
"STU004856",2016,"Male","White",0,0,0,0,1,2.80408556055118,1,0,"Standard",0,0,0,0,1,0.571428571428571,11262,0,26942
"STU004857",2016,"Female","Hispanic",1,1,0,0,1,2.74430751536175,1,0,"Standard",0,0,0,0,1,0.535714285714286,8309.4,0,26893
"STU004858",2016,"Male","White",0,0,0,0,0,2.52193989435949,0,0,"Standard",1,1,0,0,1,0.607142857142857,17428.8235294118,0,42006
"STU004859",2016,"Female","White",1,0,0,0,0,2.42140346095091,0,1,"Standard",0,0,0,0,1,0.464285714285714,8254.84615384615,1,35380
"STU004860",2016,"Male","Other",0,0,0,0,0,2.11821667067954,0,0,"NonCompletion",0,0,0,0,1,0.464285714285714,9240,0,0
"STU004861",2016,"Female","Hispanic",0,0,0,0,1,2.0889556909795,1,0,"Standard",0,0,0,0,1,0.571428571428571,14269.75,0,0
"STU004862",2016,"Male","White",0,1,0,0,1,2.39515863924059,1,0,"Standard",0,0,0,0,1,0.607142857142857,13118,1,51729
"STU004863",2016,"Male","White",1,1,0,0,0,1.84255958164794,0,0,"NonCompletion",0,0,0,0,1,0.571428571428571,9910,0,0
"STU004864",2016,"Male","White",0,0,0,0,0,3.08952418263708,0,1,"Standard",1,0,1,1,1,0.607142857142857,13457.7058823529,1,76275
"STU004865",2016,"Female","White",0,1,0,0,1,2.91969669798137,1,0,"Standard",1,0,0,1,1,0.464285714285714,19276.6923076923,0,41464
"STU004866",2016,"Male","Hispanic",0,0,1,0,1,1.48356052478538,1,0,"NonCompletion",0,0,0,0,1,0.321428571428571,16351.4444444444,0,14514
"STU004867",2016,"Male","Hispanic",0,0,0,0,1,2.77721294437352,1,0,"Standard",1,1,1,0,1,0.857142857142857,21473.4166666667,0,63085
"STU004868",2016,"Female","Hispanic",1,0,0,0,0,2.23265377133629,0,1,"NonCompletion",0,0,0,0,1,0.571428571428571,9163.8125,0,24551
"STU004869",2016,"Male","Other",0,0,0,0,1,2.84362434865119,1,0,"Standard",0,0,0,0,1,0.678571428571429,9545.52631578947,0,27815
"STU004870",2016,"Male","AmericanIndian",0,1,1,0,1,2.34280773593389,1,0,"Standard",1,0,0,1,1,0.214285714285714,20693.6666666667,0,70178
"STU004871",2016,"Female","White",0,1,0,0,1,3.08153500096377,1,0,"Standard",1,1,0,0,1,0.107142857142857,13242.6666666667,0,39728
"STU004872",2016,"Female","Hispanic",1,1,0,0,0,2.24514547263304,0,1,"Standard",0,0,0,0,1,0.535714285714286,10160.2,0,12151
"STU004873",2016,"Male","White",0,1,0,0,0,2.93792080152717,0,0,"Standard",0,0,0,0,1,0.714285714285714,11038.5,0,41408
"STU004874",2016,"Male","MultiRacial",0,1,0,0,0,2.95177905813234,0,1,"Standard",1,0,1,0,1,0.535714285714286,15132.5333333333,1,76484
"STU004875",2016,"Male","Hispanic",1,1,0,0,1,2.13704332093766,1,0,"Standard",0,0,0,0,1,0.607142857142857,8825.17647058824,0,35508
"STU004876",2016,"Female","White",1,0,0,0,0,3.36564921117863,0,1,"Standard",0,0,0,0,1,0.428571428571429,10189.4166666667,0,0
"STU004877",2016,"Male","White",0,0,0,0,0,2.23745931955289,0,0,"Standard",0,0,0,0,1,0.535714285714286,7477.66666666667,0,14649
"STU004878",2016,"Female","White",0,1,1,0,1,2.20012567899555,1,0,"Standard",0,0,0,0,1,0.678571428571429,12239.7368421053,1,51035
"STU004879",2016,"Female","Asian",0,0,0,0,1,2.97575814451458,1,1,"Standard",1,1,0,0,1,0.75,15762.9047619048,0,0
"STU004880",2016,"Male","White",0,0,0,0,0,3.98814091608212,0,1,"Advanced",1,0,0,1,1,0.607142857142857,22137.1764705882,0,93696
"STU004881",2016,"Male","White",0,0,0,0,0,2.68786843028559,0,0,"Standard",1,0,0,1,1,0.25,8768,1,41443
"STU004882",2016,"Female","Asian",1,0,0,0,1,2.75951771030837,1,0,"Standard",0,0,0,0,1,0.321428571428571,7486.33333333333,0,6137
"STU004883",2016,"Female","MultiRacial",0,1,0,0,1,2.3702459011514,1,0,"Standard",0,0,0,0,1,0.535714285714286,10297.4,0,7889
"STU004884",2016,"Male","Asian",0,0,0,0,0,3.96388076749987,0,1,"Advanced",1,0,0,1,1,0.107142857142857,14790.3333333333,0,27006
"STU004885",2016,"Male","White",0,1,0,1,0,2.3084882587273,0,1,"Standard",1,0,1,1,1,0.0714285714285714,17505.5,0,35011
"STU004886",2016,"Male","White",1,0,0,0,0,2.34784246797839,0,0,"Standard",1,1,0,0,1,0.571428571428571,15355.25,0,35577
"STU004887",2016,"Female","White",0,1,0,0,1,3.0343773608214,1,0,"Standard",0,0,0,0,1,0.607142857142857,7448.52941176471,0,19838
"STU004888",2016,"Male","White",0,0,1,0,1,2.0711822060999,1,1,"Standard",0,0,0,0,1,0.678571428571429,8115.21052631579,1,36185
"STU004889",2016,"Female","Black",0,1,0,0,0,3.2656447072974,0,0,"Standard",1,1,1,0,1,0.321428571428571,18650.3333333333,0,36336
"STU004890",2016,"Male","Hispanic",1,0,0,0,1,3.13673040232988,1,0,"Standard",0,0,0,0,1,0.0357142857142857,22142,0,22142
"STU004891",2016,"Male","White",0,0,0,0,0,3.0105745298045,0,1,"Standard",1,1,0,0,1,0.571428571428571,18869.4375,0,24601
"STU004892",2016,"Female","White",1,1,1,0,0,2.74677434955702,0,1,"Standard",1,0,0,1,1,0.321428571428571,11299.2222222222,0,16256
"STU004893",2016,"NonBinary_Other","White",1,0,0,0,0,2.45319357725389,0,0,"Standard",0,0,0,0,1,0.821428571428571,12300.347826087,1,49588
"STU004894",2016,"Female","Hispanic",0,0,0,0,1,2.77034354231046,1,0,"Standard",0,0,0,0,1,0.642857142857143,7622.5,1,33537
"STU004895",2016,"Male","Other",1,0,0,0,0,3.31283830260563,0,0,"Standard",0,0,0,0,1,0.285714285714286,8167.125,0,0
"STU004896",2016,"Female","MultiRacial",1,0,0,0,1,2.36250582570526,1,0,"Standard",0,0,0,0,1,0.678571428571429,9238.63157894737,1,44089
"STU004897",2016,"Female","White",0,1,0,0,1,NA,1,1,"Standard",1,0,0,1,1,0.5,9832.85714285714,0,51298
"STU004898",2016,"Male","White",0,1,0,0,0,3.49432553286123,0,0,"Standard",0,0,0,0,1,0.821428571428571,9078.65217391304,1,45043
"STU004899",2016,"Male","MultiRacial",0,0,0,0,0,2.6738969573078,0,0,"Standard",0,0,0,0,1,0.571428571428571,10023.5,1,55749
"STU004900",2016,"Male","Hispanic",1,1,0,0,1,2.37876835845625,1,0,"Standard",0,0,0,0,1,0.821428571428571,10156.8695652174,0,34883
"STU004901",2016,"Female","White",1,0,0,0,0,2.57932693691559,0,0,"Standard",1,1,1,0,1,0.535714285714286,13310.8,1,59913
"STU004902",2016,"Female","Hispanic",0,0,0,0,1,3.46584968135986,1,1,"Standard",1,0,0,1,1,0.571428571428571,15394.4375,0,52595
"STU004903",2016,"Male","Hispanic",0,0,0,0,0,2.75778132073536,0,1,"Standard",0,0,0,0,1,0.642857142857143,11138.1666666667,1,50766
"STU004904",2016,"Female","MultiRacial",0,0,1,0,0,2.55769665137714,0,0,"Standard",0,0,0,0,1,0.285714285714286,11836.875,1,52391
"STU004905",2016,"Female","Hispanic",0,1,0,0,1,NA,1,0,"Standard",0,0,0,0,1,0.5,9573,0,45964
"STU004906",2016,"Male","Black",0,1,0,0,0,2.44509619383588,0,0,"Standard",0,0,0,0,1,0.678571428571429,9172.1052631579,0,43990
"STU004907",2016,"Female","MultiRacial",0,0,0,0,1,2.73548795503205,1,1,"Standard",0,0,0,0,1,0.785714285714286,13318.7727272727,1,44181
"STU004908",2016,"Female","White",1,1,0,0,1,2.95961421635184,1,1,"Standard",1,0,1,0,1,0.535714285714286,17166.7333333333,1,73230
"STU004909",2016,"Male","White",1,0,0,0,0,1.78439724865295,0,0,"Standard",0,0,0,0,1,0.214285714285714,8575.66666666667,0,0
"STU004910",2016,"Male","White",0,1,0,1,1,2.17525203202299,1,0,"Standard",0,0,0,0,1,0.214285714285714,8118.66666666667,0,17128
"STU004911",2016,"Male","White",0,0,0,0,0,3.28182645405546,0,0,"Standard",1,0,0,1,1,0.535714285714286,14662.4666666667,0,13811
"STU004912",2016,"Male","Hispanic",0,1,0,1,1,2.63745921239026,1,1,"Standard",0,0,0,0,1,0.142857142857143,10896.75,0,8874
"STU004913",2016,"Female","White",0,0,0,0,1,2.9648910531664,1,0,"Standard",0,0,0,0,1,0.428571428571429,8508.91666666667,1,35556
"STU004914",2016,"Male","Hispanic",0,1,0,0,1,2.26792143106086,1,0,"Standard",0,0,0,0,1,0.25,15773.5714285714,0,31184
"STU004915",2016,"Female","White",0,1,1,0,1,2.86113519123375,1,0,"Standard",0,0,0,0,1,0.571428571428571,8996.9375,1,51657
"STU004916",2016,"Female","Hispanic",0,0,0,0,1,2.68527711837073,1,0,"Standard",0,0,0,0,1,0.714285714285714,13036.5,0,50637
"STU004917",2016,"Male","White",1,1,0,0,0,2.03701492715402,0,0,"Standard",0,0,0,0,1,0.535714285714286,11257.6,0,27659
"STU004918",2016,"Female","Other",1,0,0,0,1,2.77869208303346,1,0,"Standard",0,0,0,0,1,0.785714285714286,10465.9090909091,1,45100
"STU004919",2016,"Female","White",0,1,0,0,0,2.96635907995577,0,1,"Standard",0,0,0,0,1,0.714285714285714,9349.3,0,9330
"STU004920",2016,"Male","Hispanic",1,0,0,0,1,3.40838853722755,1,1,"Standard",1,0,0,1,1,0.642857142857143,14030.6111111111,0,14771
"STU004921",2016,"Female","White",0,0,0,0,0,3.18385330786938,0,0,"Standard",0,0,0,0,1,0.821428571428571,11287.0869565217,1,46401
"STU004922",2016,"Male","Black",0,0,0,1,0,2.87963556329013,0,0,"Standard",0,0,0,0,1,0.571428571428571,11246.6875,0,40826
"STU004923",2016,"Female","White",0,0,0,0,0,2.05577969728061,0,0,"NonCompletion",0,0,0,0,1,0.285714285714286,14390.875,0,11233
"STU004924",2016,"Male","Asian",0,0,0,0,0,2.4613047650211,0,0,"NonCompletion",0,0,0,0,0,0,NA,0,0
"STU004925",2016,"Female","Hispanic",0,0,1,0,1,2.21357786058903,1,0,"Standard",0,0,0,0,1,0.714285714285714,11568.2,1,50482
"STU004926",2016,"Female","Black",0,0,0,0,1,2.21781793323095,1,0,"Standard",1,1,0,0,1,0.642857142857143,19691.0555555556,0,24790
"STU004927",2016,"Male","MultiRacial",0,0,0,0,1,2.31661846788561,1,0,"Standard",0,0,0,0,1,0.607142857142857,9298.70588235294,0,9243
"STU004928",2016,"Male","Hispanic",0,0,0,0,1,2.62058169837619,1,0,"Standard",0,0,0,0,1,0.321428571428571,10097.5555555556,0,11824
"STU004929",2016,"Female","White",0,0,1,0,0,1.87656800942601,0,0,"Standard",0,0,0,0,1,0.714285714285714,8225.1,0,29506
"STU004930",2016,"Female","MultiRacial",1,0,0,0,0,2.96458746036202,0,0,"Standard",0,0,0,0,1,0.75,10441.0476190476,1,54384
"STU004931",2016,"Female","Hispanic",0,1,1,0,1,1.91584406053488,1,0,"NonCompletion",0,0,0,0,1,0.0714285714285714,11253.5,0,22507
"STU004932",2016,"Female","Hispanic",1,0,0,0,1,2.03517637053875,1,0,"Standard",0,0,0,0,1,0.714285714285714,13640.85,1,68643
"STU004933",2016,"Male","White",0,0,0,1,0,2.33403468500031,0,0,"Standard",0,0,0,0,1,0.75,12472.7619047619,0,0
"STU004934",2016,"Male","White",0,1,0,0,0,4,0,1,"Advanced",1,0,0,1,1,0.428571428571429,18141.6666666667,1,69059
"STU004935",2016,"Female","Hispanic",1,1,0,0,1,1.66896905117968,1,0,"Standard",0,0,0,0,0,0,NA,0,0
"STU004936",2016,"Male","MultiRacial",0,0,0,0,0,3.05130944794896,0,0,"Standard",1,0,1,0,1,0.75,13477.2380952381,0,28903
"STU004937",2016,"Female","White",1,1,0,1,0,2.79512577954595,0,0,"Standard",0,0,0,0,1,0.142857142857143,11459.75,1,45839
"STU004938",2016,"Male","Asian",0,0,0,0,1,3.61405634572804,1,1,"Advanced",1,0,0,1,1,0.464285714285714,13229.6153846154,0,57689
"STU004939",2016,"Male","Black",1,0,0,0,1,2.61036528933573,1,0,"Standard",0,0,0,0,1,0.75,13502.1428571429,1,55906
"STU004940",2016,"Male","Hispanic",0,0,0,0,1,2.23428821361477,1,0,"Standard",0,0,0,0,1,0.535714285714286,8719.46666666667,0,20985
"STU004941",2016,"Male","White",1,1,0,0,0,2.68484706514267,0,0,"Standard",0,0,0,0,1,0.821428571428571,9190.78260869565,1,54962
"STU004942",2016,"Male","White",1,0,0,0,0,2.27962892206865,0,0,"Standard",0,0,0,0,1,0.607142857142857,13741.3529411765,0,9521
"STU004943",2016,"Female","White",0,0,0,0,0,1.7572936365254,0,0,"Standard",0,0,0,0,1,0.178571428571429,15049.4,0,0
"STU004944",2016,"Female","White",0,1,1,0,1,2.72152105709872,1,0,"Standard",0,0,0,0,1,0.321428571428571,14356.3333333333,0,0
"STU004945",2016,"Female","White",0,0,0,0,0,2.95284906331004,0,0,"Standard",1,1,1,0,1,0.535714285714286,12002.5333333333,0,39121
"STU004946",2016,"Male","White",0,0,0,0,0,1.22730324413751,0,0,"Standard",0,0,0,0,1,0.678571428571429,11134.6315789474,1,55750
"STU004947",2016,"Female","Black",0,1,0,0,1,3.28572861341643,1,1,"Standard",1,0,0,1,1,0.785714285714286,20887.9090909091,0,51660
"STU004948",2016,"Male","White",0,1,0,0,0,2.09003943027749,0,0,"Standard",0,0,0,0,1,0.5,11814.9285714286,0,0
"STU004949",2016,"Male","AmericanIndian",1,0,0,0,1,3.19440614864744,1,0,"Standard",1,0,0,1,1,0.714285714285714,14694.6,0,62426
"STU004950",2016,"Male","White",0,0,0,0,0,2.39997872911727,0,0,"Standard",0,0,0,0,1,0.464285714285714,13937.2307692308,0,0
"STU004951",2016,"Female","White",1,0,1,0,0,2.81470486977138,0,0,"Standard",0,0,0,0,1,0.571428571428571,11603,1,52950
"STU004952",2016,"Male","Black",0,1,0,0,0,3.50276454736559,0,0,"Advanced",1,0,0,1,0,0,NA,0,0
"STU004953",2016,"Male","White",0,0,0,0,1,3.25315215408474,1,1,"Standard",1,0,1,0,1,0.571428571428571,18225.4375,0,62115
"STU004954",2016,"Male","White",1,1,0,1,1,3.38810192576182,1,0,"Standard",0,0,0,0,1,0.107142857142857,22824.3333333333,0,51595
"STU004955",2016,"Male","White",0,1,0,0,0,2.58808956399885,0,0,"Standard",0,0,0,0,1,0.535714285714286,10121.8666666667,0,0
"STU004956",2016,"Female","Hispanic",1,1,0,0,1,2.92750097844483,1,0,"NonCompletion",0,0,0,0,1,0.821428571428571,8815.4347826087,1,33126
"STU004957",2016,"Female","White",0,0,0,0,0,2.44764501701104,0,0,"Standard",0,0,0,0,1,0.607142857142857,11067.0588235294,0,34153
"STU004958",2016,"Female","White",1,0,0,0,1,2.5117252593198,1,1,"Standard",0,0,0,0,1,0.571428571428571,13498.0625,0,42667
"STU004959",2016,"Female","Asian",0,1,0,0,1,3.85813874789946,1,1,"Advanced",1,0,1,1,1,0.714285714285714,9382.55,1,54434
"STU004960",2016,"Female","White",0,0,0,0,0,NA,0,0,"NonCompletion",0,0,0,0,1,0.5,10706.9285714286,0,20477
"STU004961",2016,"Female","White",0,0,0,0,0,3.25904345673951,0,1,"Standard",1,0,0,1,1,0.392857142857143,18848.2727272727,0,44082
"STU004962",2016,"NonBinary_Other","White",0,1,0,0,1,2.32954735775111,1,0,"NonCompletion",0,0,0,0,1,0.607142857142857,12991.4705882353,0,9853
"STU004963",2016,"Male","Black",0,1,0,1,0,2.53600879471267,0,1,"Standard",1,0,0,1,1,0.5,7339.07142857143,0,15263
"STU004964",2016,"Female","Hispanic",1,0,0,0,1,2.29643319998779,1,0,"Standard",0,0,0,0,1,0.428571428571429,8526.08333333333,0,18548
"STU004965",2016,"Female","White",0,0,1,0,1,1.44225144647605,1,1,"Standard",0,0,0,0,1,0.392857142857143,10609.5454545455,0,0
"STU004966",2016,"Female","White",1,1,0,0,0,3.32517695625666,0,1,"Standard",1,0,0,1,1,0.178571428571429,17674.6,0,49260
"STU004967",2016,"Female","Asian",0,0,1,0,1,3.9959716176464,1,0,"Advanced",1,0,0,1,1,0.0714285714285714,19012.5,0,38025
"STU004968",2016,"Male","White",0,1,0,0,0,3.32546314048409,0,0,"Standard",1,0,1,0,1,0.142857142857143,21572.75,1,86291
"STU004969",2016,"Male","Hispanic",0,1,0,0,1,2.31205005321757,1,0,"Standard",0,0,0,0,1,0.535714285714286,15928.2,1,80843
"STU004970",2016,"Female","White",0,1,0,0,0,2.66651891292214,0,0,"Standard",1,0,1,0,1,0.321428571428571,13125.8888888889,0,40804
"STU004971",2016,"Female","Black",0,1,0,1,1,1.87717310557817,1,0,"NonCompletion",0,0,0,0,1,0.75,10356.9047619048,1,45562
"STU004972",2016,"Female","White",1,0,0,0,0,3.58429713919234,0,0,"Advanced",1,0,0,1,1,0.75,18141.2380952381,0,77128
"STU004973",2016,"Male","Asian",0,1,1,0,0,2.12340930191133,0,0,"Standard",0,0,0,0,1,0.607142857142857,7065,1,31735
"STU004974",2016,"Female","White",0,1,0,1,0,2.5798741187536,0,0,"Standard",1,0,1,0,1,0.678571428571429,9973,0,23563
"STU004975",2016,"Male","White",1,1,0,1,0,2.45346900686201,0,0,"NonCompletion",0,0,0,0,1,0.857142857142857,11985.9583333333,0,26446
"STU004976",2016,"Male","White",0,1,0,0,0,3.0941348805056,0,0,"Standard",0,0,0,0,1,0.607142857142857,8370.05882352941,0,31086
"STU004977",2016,"Male","White",0,0,0,0,1,2.70153972380632,1,0,"Standard",0,0,0,0,1,0.5,10859.7857142857,0,0
"STU004978",2016,"Female","White",0,0,0,0,1,2.32797457708492,1,0,"Standard",0,0,0,0,1,0.321428571428571,12642.1111111111,0,0
"STU004979",2016,"Female","Hispanic",0,1,0,0,0,2.93562217408251,0,0,"Standard",0,0,0,0,1,0.428571428571429,8362.5,0,20403
"STU004980",2016,"Female","Black",0,0,0,0,0,3.06708961412317,0,0,"Standard",1,0,1,0,1,0.392857142857143,10793.6363636364,0,16094
"STU004981",2016,"Male","White",0,0,0,0,0,2.35317240114893,0,0,"Standard",0,0,0,0,1,0.464285714285714,10434.1538461538,0,9718
"STU004982",2016,"Male","Hispanic",0,1,1,0,0,2.28935421540369,0,0,"Standard",0,0,0,0,1,0.428571428571429,11909,0,21391
"STU004983",2016,"Male","Hispanic",1,0,0,0,1,2.9087206904146,1,1,"NonCompletion",0,0,0,0,1,0.714285714285714,10052.6,0,20731
"STU004984",2016,"Male","Hispanic",0,0,0,0,1,2.16680663760209,1,0,"Standard",0,0,0,0,1,0.642857142857143,9269.22222222222,0,0
"STU004985",2016,"Male","White",0,0,0,0,0,4,0,1,"Advanced",1,0,0,1,1,0.0357142857142857,22225,0,22225
"STU004986",2016,"Female","Hispanic",0,0,0,0,1,2.26115130368431,1,0,"Standard",0,0,0,0,1,0.357142857142857,16608.4,0,62951
"STU004987",2016,"Female","White",0,0,0,0,1,2.10342553449981,1,0,"Standard",0,0,0,0,1,0.5,10543.2857142857,0,34195
"STU004988",2016,"Male","White",0,0,0,0,1,2.69261280739598,1,0,"Standard",0,0,0,0,1,0.75,9007.66666666667,1,41729
"STU004989",2016,"NonBinary_Other","Hispanic",1,0,0,0,1,2.24493665350086,1,0,"Standard",0,0,0,0,1,0.642857142857143,10077.6666666667,0,22698
"STU004990",2016,"Male","Hispanic",0,1,0,0,0,3.28165656221347,0,0,"Standard",1,0,0,1,1,0.571428571428571,18061.5,0,65182
"STU004991",2016,"Male","White",0,0,0,0,1,3.56721672987841,1,0,"Advanced",0,0,0,0,1,0.392857142857143,12941.6363636364,1,66287
"STU004992",2016,"Female","Hispanic",0,0,0,0,0,2.52902851356902,0,0,"Standard",1,0,1,0,1,0.25,10590.4285714286,0,13808
"STU004993",2016,"Female","Other",1,0,0,1,0,2.7103978882744,0,0,"Standard",0,0,0,0,1,0.571428571428571,12692.6875,0,34502
"STU004994",2016,"Female","White",0,0,0,1,0,2.65849098256625,0,0,"Standard",0,0,0,0,1,0.821428571428571,8813.04347826087,1,42420
"STU004995",2016,"Female","White",0,0,1,1,0,1.79736086447816,0,1,"Standard",0,0,0,0,1,0.607142857142857,8950.17647058824,0,0
"STU004996",2016,"Male","White",0,0,0,0,0,2.4548443880847,0,0,"Standard",0,0,0,0,1,0.714285714285714,11514.05,1,63165
"STU004997",2016,"Female","Black",0,1,0,0,1,2.06941901896995,1,0,"Standard",0,0,0,0,1,0.642857142857143,9115.33333333333,0,0
"STU004998",2016,"Male","White",0,0,0,1,0,2.28918492856894,0,0,"Standard",0,0,0,0,1,0.821428571428571,13422.4782608696,0,35224
"STU004999",2016,"Male","White",1,0,0,0,0,2.62463891083214,0,0,"Standard",0,0,0,0,1,0.571428571428571,15867.0625,1,71514
"STU005000",2016,"Female","White",0,1,0,0,0,3.26367965862141,0,0,"Standard",1,0,1,0,1,0.178571428571429,10066.6,1,43507
