"student_id","term_1","term_2","term_3","term_4","term_5","term_6","term_7","term_8","term_9","term_10","term_11","term_12","term_13","term_14","term_15","term_16","term_17","term_18","term_19","term_20","term_21","term_22","term_23","term_24","term_25","term_26","term_27","term_28"
"STU000001","CTC","CTC","CTC","CTC","None","CTC","None","None","None","None","None","None","None","None","None","None","None","None","None","None","None","None","None","None","None","None","None","None"
"STU000002","None","CTC","CTC","CTC","CTC","None","None","None","None","None","None","None","None","None","None","None","None","None","None","None","None","None","None","None","None","None","None","None"
"STU000003","4YR","4YR","4YR","4YR","4YR","4YR","4YR","4YR","4YR","4YR","4YR","4YR","4YR","4YR","4YR","CTC","4YR","4YR","4YR","4YR","4YR","None","None","None","None","None","None","None"
"STU000004","None","None","CTC","CTC","None","CTC","None","None","None","None","None","None","None","None","None","None","None","None","None","None","None","None","None","None","None","None","None","None"
"STU000005","None","None","None","None","None","None","None","None","None","None","None","None","None","None","None","None","None","None","None","None","None","None","None","None","None","None","None","None"
"STU000006","4YR","4YR","4YR","4YR","4YR","4YR","4YR","4YR","4YR","4YR","4YR","4YR","4YR","4YR","4YR","4YR","4YR","4YR","4YR","4YR","None","None","None","None","None","None","None","None"
"STU000007","None","None","None","None","None","None","None","None","None","None","None","None","None","None","None","None","None","None","None","None","None","CTC","None","None","None","None","None","None"
"STU000008","4YR","4YR","4YR","4YR","None","4YR","4YR","4YR","4YR","4YR","4YR","None","4YR","4YR","4YR","4YR","None","None","None","None","None","None","None","None","None","None","None","None"
"STU000009","None","4YR","4YR","CTC","4YR","4YR","4YR","CTC","4YR","4YR","4YR","4YR","4YR","4YR","4YR","4YR","4YR","4YR","4YR","4YR","4YR","4YR","None","None","None","None","None","None"
"STU000010","4YR","4YR","4YR","4YR","4YR","4YR","4YR","4YR","4YR","None","None","None","None","None","None","None","None","None","None","None","None","None","None","None","None","None","None","None"
"STU000011","None","None","None","None","None","None","None","None","None","None","None","None","None","None","None","None","None","None","None","None","None","None","None","None","None","None","None","None"
"STU000012","None","None","None","None","4YR","4YR","4YR","4YR","4YR","4YR","4YR","4YR","4YR","4YR","None","None","None","None","None","None","None","None","None","None","None","None","None","None"
"STU000013","4YR","4YR","4YR","CTC","4YR","None","None","4YR","None","CTC","4YR","4YR","4YR","None","None","None","None","None","None","None","None","None","None","None","None","None","None","None"
"STU000014","4YR","4YR","4YR","None","4YR","4YR","4YR","4YR","4YR","4YR","None","4YR","4YR","4YR","None","None","None","None","None","None","None","None","None","None","None","None","None","None"
"STU000015","None","None","None","None","None","None","None","None","None","None","None","None","None","None","None","None","None","None","None","None","None","None","None","None","None","None","None","None"
"STU000016","None","None","None","None","CTC","CTC","CTC","None","None","None","None","None","None","None","None","None","None","None","None","None","None","None","None","None","None","None","None","None"
"STU000017","CTC","CTC","CTC","CTC","CTC","CTC","None","None","None","None","None","None","None","None","None","None","None","None","None","None","None","None","None","None","None","None","None","None"
"STU000018","4YR","4YR","4YR","4YR","4YR","4YR","4YR","4YR","4YR","4YR","4YR","4YR","4YR","None","None","4YR","4YR","4YR","4YR","4YR","4YR","4YR","None","None","None","None","None","None"
"STU000019","None","None","CTC","CTC","CTC","None","None","None","None","None","None","None","None","None","None","None","None","None","None","None","None","None","None","None","None","None","None","None"
"STU000020","CTC","CTC","CTC","CTC","CTC","CTC","None","CTC","CTC","CTC","CTC","CTC","CTC","CTC","CTC","4YR","None","None","None","None","None","None","None","None","None","None","None","None"
"STU000021","4YR","4YR","4YR","4YR","None","None","None","None","None","None","None","None","None","None","None","None","None","None","None","None","None","None","None","None","None","None","None","None"
"STU000022","None","None","None","None","None","None","None","None","None","None","None","None","None","None","None","None","None","None","None","None","None","None","None","None","None","None","None","None"
"STU000023","CTC","CTC","CTC","CTC","CTC","CTC","None","None","None","None","None","None","None","None","None","None","None","None","None","None","None","None","None","None","None","None","None","None"
"STU000024","CTC","CTC","CTC","CTC","CTC","CTC","CTC","CTC","CTC","CTC","CTC","4YR","CTC","CTC","CTC","CTC","CTC","CTC","CTC","CTC","None","None","None","None","None","None","None","None"
"STU000025","4YR","4YR","4YR","4YR","4YR","4YR","4YR","4YR","4YR","4YR","4YR","4YR","4YR","4YR","4YR","4YR","None","None","None","None","None","None","None","None","None","None","None","None"
"STU000026","None","CTC","CTC","CTC","CTC","CTC","CTC","None","None","CTC","CTC","CTC","None","None","None","None","None","None","None","None","None","None","None","None","None","None","None","None"
"STU000027","None","None","None","None","CTC","CTC","CTC","CTC","None","None","None","CTC","CTC","CTC","CTC","CTC","CTC","4YR","None","None","None","None","None","None","None","None","None","None"
"STU000028","None","None","None","None","None","None","None","None","None","None","None","None","None","None","None","None","None","None","None","None","None","None","None","None","None","None","None","None"
"STU000029","None","None","None","None","None","None","None","None","None","None","None","None","None","None","None","None","None","None","None","None","None","None","None","None","None","None","None","None"
"STU000030","CTC","4YR","4YR","4YR","4YR","None","4YR","4YR","4YR","CTC","4YR","4YR","4YR","None","4YR","4YR","None","None","None","None","None","None","None","None","None","None","None","None"
"STU000031","CTC","CTC","CTC","CTC","CTC","CTC","CTC","CTC","CTC","CTC","CTC","CTC","CTC","CTC","CTC","None","None","None","None","None","None","None","None","None","None","None","None","None"
"STU000032","None","CTC","CTC","CTC","None","None","None","None","None","None","None","None","None","None","None","None","None","None","None","None","None","None","None","None","None","None","None","None"
"STU000033","CTC","CTC","CTC","CTC","CTC","CTC","None","None","None","None","None","None","None","None","None","None","None","None","None","None","None","None","None","None","None","None","None","None"
"STU000034","None","None","None","None","None","None","None","None","None","None","None","None","None","None","None","None","None","None","None","None","None","None","None","None","None","None","None","None"
"STU000035","None","4YR","4YR","4YR","4YR","4YR","4YR","4YR","4YR","4YR","4YR","4YR","4YR","4YR","4YR","4YR","None","None","None","None","None","None","None","None","None","None","None","None"
"STU000036","CTC","CTC","CTC","CTC","CTC","CTC","CTC","CTC","CTC","CTC","None","None","None","None","None","None","None","None","None","None","None","None","None","None","None","None","None","None"
"STU000037","4YR","4YR","4YR","4YR","4YR","4YR","4YR","4YR","4YR","4YR","4YR","4YR","None","4YR","4YR","4YR","4YR","4YR","None","None","None","None","None","None","None","None","None","None"
"STU000038","None","None","None","CTC","CTC","CTC","CTC","CTC","None","None","None","None","None","None","None","None","None","None","None","None","None","None","None","None","None","None","None","None"
"STU000039","4YR","4YR","4YR","4YR","4YR","4YR","4YR","4YR","4YR","4YR","4YR","4YR","4YR","4YR","None","None","None","None","None","None","None","None","None","None","None","None","None","None"
"STU000040","None","None","None","None","None","None","None","None","None","None","None","None","None","None","None","None","None","None","None","None","None","None","None","None","None","None","None","None"
"STU000041","None","CTC","CTC","CTC","CTC","CTC","None","None","None","None","CTC","CTC","CTC","CTC","None","None","None","None","None","None","None","None","None","None","None","None","None","None"
"STU000042","4YR","4YR","4YR","4YR","4YR","4YR","4YR","4YR","4YR","4YR","4YR","None","4YR","4YR","None","None","None","None","None","None","None","None","None","None","None","None","None","None"
"STU000043","None","None","None","None","None","None","None","None","None","None","None","None","None","None","None","None","None","None","None","None","None","None","None","None","None","None","None","None"
"STU000044","CTC","CTC","CTC","CTC","CTC","CTC","CTC","CTC","CTC","CTC","CTC","CTC","CTC","CTC","CTC","CTC","CTC","CTC","CTC","None","None","None","None","None","None","None","None","None"
"STU000045","4YR","4YR","4YR","4YR","4YR","4YR","4YR","4YR","None","4YR","4YR","4YR","4YR","4YR","4YR","4YR","4YR","4YR","4YR","None","None","None","None","None","None","None","None","None"
"STU000046","None","CTC","CTC","CTC","CTC","None","None","None","None","None","None","None","None","None","None","None","None","None","None","None","None","None","None","None","None","None","None","None"
"STU000047","None","None","None","None","None","None","None","None","None","None","None","None","None","None","None","None","None","None","None","None","None","None","None","None","None","None","None","None"
"STU000048","None","CTC","CTC","4YR","CTC","CTC","CTC","CTC","4YR","4YR","4YR","4YR","4YR","4YR","4YR","4YR","4YR","4YR","4YR","4YR","None","None","None","None","None","None","None","None"
"STU000049","CTC","CTC","CTC","CTC","CTC","None","None","None","None","None","None","None","None","None","None","None","None","None","None","None","None","None","None","None","None","None","None","None"
"STU000050","CTC","CTC","CTC","CTC","None","CTC","CTC","CTC","4YR","4YR","CTC","4YR","None","4YR","4YR","4YR","4YR","4YR","None","None","None","None","None","None","None","None","None","None"
"STU000051","None","None","None","None","CTC","CTC","CTC","None","None","None","None","None","None","None","None","None","None","None","None","None","None","None","None","None","None","None","None","None"
"STU000052","None","CTC","CTC","CTC","CTC","CTC","CTC","CTC","4YR","4YR","4YR","4YR","4YR","4YR","4YR","4YR","4YR","None","None","None","None","None","None","None","None","None","None","None"
"STU000053","None","None","None","None","None","None","None","None","None","None","None","None","None","None","None","None","None","None","None","None","None","None","None","None","None","None","None","None"
"STU000054","4YR","4YR","4YR","4YR","4YR","4YR","4YR","4YR","None","4YR","4YR","4YR","4YR","4YR","None","4YR","4YR","4YR","None","4YR","4YR","None","None","None","None","None","None","None"
"STU000055","None","CTC","CTC","CTC","CTC","CTC","None","None","None","None","None","None","None","None","None","None","None","None","None","None","None","None","None","None","None","None","None","None"
"STU000056","CTC","CTC","4YR","CTC","CTC","CTC","CTC","CTC","CTC","CTC","None","None","None","None","None","None","None","None","None","None","None","None","None","None","None","None","None","None"
"STU000057","4YR","4YR","4YR","4YR","4YR","4YR","4YR","4YR","4YR","4YR","4YR","4YR","None","4YR","4YR","None","None","None","None","None","None","None","None","None","None","None","None","None"
"STU000058","4YR","4YR","4YR","4YR","4YR","4YR","4YR","4YR","4YR","4YR","4YR","4YR","4YR","4YR","4YR","CTC","4YR","4YR","4YR","CTC","4YR","None","None","None","None","None","None","None"
"STU000059","4YR","4YR","4YR","4YR","4YR","4YR","4YR","4YR","4YR","4YR","4YR","4YR","CTC","4YR","None","None","None","None","None","None","None","None","None","None","None","None","None","None"
"STU000060","CTC","CTC","CTC","CTC","CTC","CTC","CTC","CTC","CTC","None","None","None","None","None","None","None","None","None","None","None","None","None","None","None","None","None","None","None"
"STU000061","4YR","4YR","4YR","4YR","4YR","4YR","4YR","None","4YR","4YR","4YR","4YR","4YR","4YR","4YR","4YR","None","None","None","None","None","None","None","None","None","None","None","None"
"STU000062","None","None","None","None","None","None","None","None","None","None","None","None","None","None","None","None","None","CTC","None","None","None","None","None","None","None","None","None","None"
"STU000063","CTC","CTC","CTC","None","None","None","None","None","None","None","None","None","None","None","None","None","None","None","None","None","None","None","None","None","None","None","None","None"
"STU000064","None","None","CTC","CTC","CTC","CTC","CTC","CTC","CTC","CTC","None","CTC","CTC","CTC","None","None","None","None","None","None","None","None","None","None","None","None","None","None"
"STU000065","None","CTC","CTC","None","None","CTC","CTC","CTC","CTC","None","None","None","None","None","None","None","None","None","None","None","None","None","None","None","None","None","None","None"
"STU000066","None","None","None","None","CTC","CTC","CTC","CTC","CTC","CTC","CTC","None","None","None","None","None","None","None","None","None","None","None","None","None","None","None","None","None"
"STU000067","None","None","None","None","None","None","None","None","None","None","None","None","None","None","None","None","None","None","None","None","None","None","None","None","None","None","None","None"
"STU000068","4YR","4YR","4YR","4YR","4YR","CTC","CTC","CTC","CTC","CTC","CTC","CTC","None","CTC","None","None","None","None","None","None","None","None","None","None","None","None","None","None"
"STU000069","None","4YR","4YR","4YR","CTC","4YR","4YR","4YR","4YR","4YR","4YR","4YR","4YR","4YR","4YR","4YR","4YR","CTC","4YR","4YR","4YR","4YR","4YR","4YR","4YR","None","None","None"
"STU000070","CTC","CTC","4YR","4YR","None","CTC","CTC","4YR","4YR","4YR","4YR","None","4YR","None","4YR","4YR","None","None","4YR","None","None","None","None","None","None","None","None","None"
"STU000071","None","None","4YR","4YR","4YR","4YR","4YR","4YR","4YR","None","None","None","None","None","None","None","None","None","None","None","None","None","None","None","None","None","None","None"
"STU000072","CTC","CTC","4YR","CTC","CTC","CTC","CTC","CTC","CTC","CTC","None","None","None","None","None","None","None","None","None","None","None","None","None","None","None","None","None","None"
"STU000073","CTC","CTC","None","CTC","CTC","CTC","CTC","CTC","CTC","CTC","CTC","CTC","CTC","CTC","CTC","CTC","None","CTC","None","None","None","None","None","None","None","None","None","None"
"STU000074","None","None","None","None","None","None","None","None","None","None","None","None","None","None","None","None","None","None","None","None","None","None","None","None","None","None","None","None"
"STU000075","None","CTC","CTC","CTC","CTC","CTC","CTC","None","None","None","None","None","None","None","None","None","None","None","None","None","None","None","None","None","None","None","None","None"
"STU000076","CTC","CTC","CTC","CTC","CTC","CTC","CTC","CTC","CTC","CTC","4YR","None","4YR","4YR","4YR","4YR","4YR","None","None","None","None","None","None","None","None","None","None","None"
"STU000077","None","None","None","None","None","None","None","None","None","None","None","None","None","None","None","None","None","None","None","None","None","None","None","None","None","None","None","None"
"STU000078","CTC","CTC","CTC","CTC","None","CTC","CTC","CTC","None","None","None","None","None","None","None","None","None","None","None","None","None","None","None","None","None","None","None","None"
"STU000079","None","None","None","None","None","None","None","None","None","None","None","None","None","None","None","None","None","None","None","None","None","None","None","None","None","None","None","None"
"STU000080","CTC","CTC","CTC","None","None","None","None","None","None","None","None","None","None","None","None","None","None","None","None","None","None","None","None","None","None","None","None","None"
"STU000081","CTC","CTC","CTC","None","CTC","CTC","4YR","CTC","CTC","CTC","CTC","CTC","CTC","CTC","CTC","CTC","CTC","CTC","CTC","CTC","None","None","None","None","None","None","None","None"
"STU000082","CTC","None","None","None","None","None","None","None","None","None","None","None","None","None","None","None","None","None","None","None","None","None","None","None","None","None","None","None"
"STU000083","CTC","None","None","None","None","None","None","None","None","None","None","None","None","None","None","None","None","None","None","None","None","None","None","None","None","None","None","None"
"STU000084","4YR","4YR","4YR","4YR","4YR","4YR","4YR","4YR","4YR","4YR","4YR","4YR","4YR","4YR","None","None","None","None","None","None","None","None","None","None","None","None","None","None"
"STU000085","CTC","CTC","CTC","CTC","CTC","CTC","4YR","4YR","4YR","4YR","4YR","4YR","4YR","None","4YR","4YR","CTC","4YR","None","None","None","None","None","None","None","None","None","None"
"STU000086","CTC","CTC","None","None","None","None","None","None","None","None","None","None","None","None","None","None","None","None","None","None","None","None","None","None","None","None","None","None"
"STU000087","4YR","4YR","4YR","4YR","4YR","4YR","4YR","4YR","4YR","4YR","4YR","4YR","4YR","4YR","4YR","None","None","None","None","None","None","None","None","None","None","None","None","None"
"STU000088","None","None","None","None","None","None","None","None","None","None","None","None","None","None","None","None","None","None","None","None","None","None","None","None","None","None","None","None"
"STU000089","None","None","None","None","None","None","None","None","None","None","None","None","None","None","None","None","None","None","None","None","None","None","None","None","None","None","None","None"
"STU000090","None","None","None","None","None","None","None","None","None","None","None","None","None","None","None","None","None","None","None","None","None","None","None","None","None","None","None","None"
"STU000091","None","None","None","None","CTC","CTC","CTC","CTC","CTC","CTC","CTC","None","None","None","None","None","None","None","None","None","None","None","None","None","None","None","None","None"
"STU000092","4YR","4YR","4YR","4YR","4YR","4YR","None","4YR","None","None","None","None","None","None","None","None","None","None","None","None","None","None","None","None","None","None","None","None"
"STU000093","None","None","None","CTC","CTC","CTC","CTC","None","None","None","None","None","None","None","None","None","None","None","None","None","None","None","None","None","None","None","None","None"
"STU000094","None","None","None","None","None","None","None","None","None","None","None","None","None","None","None","None","None","None","None","None","None","None","None","None","None","None","None","None"
"STU000095","None","None","None","None","None","None","None","None","None","None","None","None","None","None","None","None","None","None","None","None","None","None","None","None","None","None","None","None"
"STU000096","CTC","CTC","CTC","CTC","CTC","CTC","CTC","CTC","CTC","CTC","CTC","CTC","CTC","CTC","None","4YR","CTC","None","None","None","None","None","None","None","None","None","None","None"
"STU000097","4YR","4YR","4YR","4YR","CTC","CTC","CTC","CTC","CTC","CTC","CTC","CTC","None","None","None","None","None","None","None","None","None","None","None","None","None","None","None","None"
"STU000098","4YR","4YR","None","None","None","None","None","None","None","None","None","None","None","None","None","None","None","None","None","None","None","None","None","None","None","None","None","None"
"STU000099","None","CTC","CTC","CTC","CTC","CTC","CTC","4YR","CTC","CTC","None","None","None","None","None","None","None","None","None","None","None","None","None","None","None","None","None","None"
"STU000100","None","None","None","None","None","None","None","None","None","None","None","None","None","None","None","None","None","None","None","None","None","None","None","None","None","None","None","None"
"STU000101","None","CTC","CTC","CTC","CTC","None","None","CTC","CTC","None","CTC","CTC","CTC","None","None","None","None","None","None","None","None","None","None","None","None","None","None","None"
"STU000102","CTC","CTC","CTC","None","None","None","None","None","None","None","None","None","None","None","None","None","None","None","None","None","None","None","None","None","None","None","None","None"
"STU000103","None","None","None","None","None","None","None","None","None","None","None","None","None","None","None","None","None","None","None","None","None","None","None","None","None","None","None","None"
"STU000104","CTC","CTC","CTC","CTC","CTC","CTC","None","None","None","None","None","None","None","None","None","None","None","None","None","None","None","None","None","None","None","None","None","None"
"STU000105","None","None","None","4YR","4YR","4YR","None","None","None","None","None","None","None","None","None","None","None","None","None","None","None","None","None","None","None","None","None","None"
"STU000106","None","None","None","None","CTC","CTC","CTC","CTC","None","None","None","None","None","None","None","None","None","None","None","None","None","None","None","None","None","None","None","None"
"STU000107","4YR","4YR","4YR","4YR","None","4YR","None","CTC","4YR","4YR","4YR","4YR","4YR","4YR","4YR","4YR","None","None","None","None","None","None","None","None","None","None","None","None"
"STU000108","4YR","4YR","4YR","4YR","CTC","CTC","4YR","4YR","4YR","4YR","4YR","4YR","4YR","4YR","4YR","4YR","None","None","None","None","None","None","None","None","None","None","None","None"
"STU000109","4YR","4YR","None","4YR","4YR","4YR","4YR","4YR","4YR","4YR","4YR","4YR","4YR","4YR","4YR","4YR","None","None","None","None","None","None","None","None","None","None","None","None"
"STU000110","CTC","CTC","CTC","CTC","CTC","None","CTC","CTC","None","None","None","None","None","None","None","None","None","None","None","None","None","None","None","None","None","None","None","None"
"STU000111","CTC","CTC","CTC","CTC","CTC","CTC","CTC","4YR","4YR","4YR","4YR","None","4YR","4YR","4YR","4YR","4YR","4YR","None","None","None","None","None","None","None","None","None","None"
"STU000112","4YR","4YR","4YR","None","4YR","4YR","4YR","4YR","None","None","None","None","None","None","None","None","None","None","None","None","None","None","None","None","None","None","None","None"
"STU000113","None","None","CTC","CTC","CTC","CTC","CTC","None","None","CTC","CTC","CTC","CTC","4YR","None","None","None","None","None","None","None","None","None","None","None","None","None","None"
"STU000114","None","None","4YR","4YR","4YR","CTC","4YR","4YR","4YR","None","4YR","None","None","None","None","None","None","None","None","None","None","None","None","None","None","None","None","None"
"STU000115","CTC","CTC","CTC","None","None","None","None","None","None","None","None","None","None","None","None","None","None","None","None","None","None","None","None","None","None","None","None","None"
"STU000116","None","4YR","4YR","4YR","CTC","4YR","4YR","4YR","4YR","4YR","4YR","4YR","4YR","4YR","4YR","None","None","None","None","None","None","None","None","None","None","None","None","None"
"STU000117","CTC","CTC","CTC","None","None","None","None","None","None","None","None","None","None","None","None","None","None","None","None","None","None","None","None","None","None","None","None","None"
"STU000118","CTC","None","CTC","4YR","CTC","CTC","None","None","None","None","None","None","None","None","None","None","None","None","None","None","None","None","None","None","None","None","None","None"
"STU000119","4YR","4YR","4YR","4YR","4YR","4YR","4YR","4YR","4YR","4YR","4YR","4YR","None","None","None","None","None","None","None","None","None","None","None","None","None","None","None","None"
"STU000120","4YR","4YR","4YR","4YR","4YR","4YR","4YR","4YR","None","4YR","4YR","4YR","4YR","4YR","4YR","4YR","None","None","None","None","None","None","None","None","None","None","None","None"
"STU000121","None","None","CTC","CTC","CTC","CTC","CTC","None","None","None","None","None","None","None","None","None","None","None","None","None","None","None","None","None","None","None","None","None"
"STU000122","CTC","CTC","CTC","CTC","CTC","CTC","CTC","4YR","4YR","4YR","4YR","4YR","4YR","4YR","4YR","4YR","None","None","None","None","None","None","None","None","None","None","None","None"
"STU000123","None","None","None","None","None","None","None","None","None","None","None","None","None","None","None","None","None","None","None","None","None","None","None","None","None","None","None","None"
"STU000124","4YR","4YR","4YR","4YR","4YR","4YR","4YR","4YR","4YR","4YR","4YR","4YR","4YR","4YR","4YR","4YR","4YR","4YR","4YR","None","None","None","None","None","None","None","None","None"
"STU000125","4YR","None","4YR","None","4YR","4YR","4YR","4YR","4YR","4YR","4YR","4YR","4YR","4YR","4YR","CTC","4YR","4YR","CTC","None","4YR","4YR","4YR","None","None","None","None","None"
"STU000126","CTC","CTC","CTC","CTC","CTC","CTC","None","None","None","None","None","None","None","None","None","None","None","None","None","None","None","None","None","None","None","None","None","None"
"STU000127","None","CTC","CTC","CTC","4YR","CTC","None","CTC","CTC","CTC","None","None","None","None","None","None","None","None","None","None","None","None","None","None","None","None","None","None"
"STU000128","4YR","4YR","4YR","4YR","4YR","4YR","CTC","4YR","4YR","4YR","4YR","4YR","4YR","4YR","None","None","None","None","None","None","None","None","None","None","None","None","None","None"
"STU000129","None","None","None","None","CTC","CTC","CTC","CTC","CTC","CTC","CTC","CTC","CTC","CTC","None","None","None","CTC","CTC","CTC","CTC","None","None","None","None","None","None","None"
"STU000130","None","None","None","None","None","None","None","None","None","None","None","None","None","None","None","None","None","None","None","None","None","None","None","None","None","None","None","None"
"STU000131","CTC","CTC","CTC","CTC","CTC","CTC","CTC","CTC","CTC","CTC","CTC","CTC","CTC","CTC","None","None","None","None","None","None","None","None","None","None","None","None","None","None"
"STU000132","None","None","None","None","None","None","None","None","None","None","None","None","None","None","None","None","None","None","None","None","None","None","None","None","None","None","None","None"
"STU000133","None","None","None","None","None","None","None","None","None","None","None","None","None","None","None","None","None","None","None","None","None","None","None","None","None","None","None","None"
"STU000134","None","None","None","None","None","None","None","None","None","None","None","None","None","None","None","None","None","None","None","None","None","None","None","None","None","None","None","None"
"STU000135","CTC","CTC","CTC","CTC","CTC","CTC","CTC","CTC","CTC","CTC","CTC","CTC","None","CTC","None","None","None","None","None","None","None","None","None","None","None","None","None","None"
"STU000136","CTC","CTC","CTC","CTC","CTC","CTC","CTC","CTC","CTC","CTC","CTC","CTC","None","None","None","None","None","None","None","None","None","None","None","None","None","None","None","None"
"STU000137","CTC","None","None","None","None","None","None","None","None","None","None","None","None","None","None","None","None","None","None","None","None","None","None","None","None","None","None","None"
"STU000138","None","CTC","CTC","CTC","CTC","CTC","CTC","None","None","None","None","None","None","None","None","None","None","None","None","None","None","None","None","None","None","None","None","None"
"STU000139","None","None","CTC","CTC","CTC","CTC","CTC","CTC","None","CTC","None","None","None","None","None","None","None","None","None","None","None","None","None","None","None","None","None","None"
"STU000140","CTC","CTC","CTC","CTC","CTC","CTC","None","None","None","CTC","CTC","CTC","CTC","CTC","CTC","CTC","None","None","None","None","None","None","None","None","None","None","None","None"
"STU000141","CTC","CTC","None","None","None","CTC","CTC","CTC","4YR","CTC","None","None","None","None","None","None","None","None","None","None","None","None","None","None","None","None","None","None"
"STU000142","None","None","None","None","None","None","None","None","None","None","None","None","None","None","None","None","None","None","None","None","None","None","None","None","None","None","None","None"
"STU000143","CTC","CTC","CTC","CTC","CTC","CTC","None","CTC","CTC","CTC","CTC","CTC","CTC","CTC","CTC","CTC","CTC","CTC","CTC","CTC","None","None","None","None","None","None","None","None"
"STU000144","CTC","CTC","CTC","CTC","CTC","CTC","CTC","CTC","CTC","CTC","CTC","CTC","CTC","CTC","CTC","None","CTC","CTC","None","None","None","None","None","None","None","None","None","None"
"STU000145","CTC","CTC","CTC","CTC","CTC","CTC","CTC","CTC","CTC","CTC","CTC","CTC","CTC","None","None","None","None","None","None","None","None","None","None","None","None","None","None","None"
"STU000146","CTC","CTC","CTC","CTC","CTC","CTC","CTC","None","None","None","None","None","None","None","None","None","None","None","None","None","None","None","None","None","None","None","None","None"
"STU000147","CTC","CTC","CTC","CTC","CTC","CTC","CTC","CTC","CTC","CTC","CTC","CTC","CTC","CTC","CTC","CTC","None","None","None","None","None","None","None","None","None","None","None","None"
"STU000148","None","None","None","CTC","CTC","CTC","None","None","None","None","None","None","None","None","None","None","None","None","None","None","None","None","None","None","None","None","None","None"
"STU000149","None","None","None","None","CTC","CTC","CTC","CTC","CTC","CTC","CTC","CTC","CTC","None","None","None","None","None","None","None","None","None","None","None","None","None","None","None"
"STU000150","4YR","4YR","4YR","4YR","CTC","4YR","4YR","4YR","4YR","4YR","4YR","4YR","4YR","4YR","4YR","4YR","4YR","4YR","4YR","4YR","4YR","4YR","4YR","None","None","None","None","None"
"STU000151","None","None","None","None","None","None","None","None","None","None","None","None","None","None","None","None","None","None","None","None","None","None","None","None","None","None","None","None"
"STU000152","4YR","4YR","4YR","CTC","4YR","4YR","4YR","4YR","None","4YR","4YR","4YR","4YR","4YR","4YR","4YR","4YR","4YR","None","4YR","4YR","4YR","4YR","4YR","CTC","4YR","4YR","None"
"STU000153","4YR","4YR","4YR","4YR","4YR","4YR","CTC","4YR","4YR","4YR","None","4YR","4YR","4YR","4YR","CTC","4YR","4YR","4YR","None","4YR","4YR","None","None","None","None","None","None"
"STU000154","None","None","None","None","None","None","None","None","None","None","None","None","None","None","None","None","None","None","None","None","None","None","None","None","None","None","None","None"
"STU000155","None","None","CTC","CTC","CTC","None","None","None","None","None","None","None","None","None","None","None","None","None","None","None","None","None","None","None","None","None","None","None"
"STU000156","4YR","4YR","4YR","4YR","4YR","4YR","4YR","4YR","4YR","None","None","None","None","None","None","None","None","None","None","None","None","None","None","None","None","None","None","None"
"STU000157","None","None","CTC","CTC","CTC","CTC","CTC","CTC","None","None","None","CTC","CTC","CTC","None","None","None","None","None","None","None","None","None","None","None","None","None","None"
"STU000158","4YR","4YR","4YR","4YR","4YR","4YR","4YR","4YR","4YR","4YR","4YR","4YR","4YR","None","4YR","4YR","None","None","None","None","None","None","None","None","None","None","None","None"
"STU000159","CTC","CTC","CTC","CTC","CTC","CTC","CTC","4YR","4YR","4YR","4YR","4YR","4YR","4YR","4YR","4YR","4YR","None","None","None","None","None","None","None","None","None","None","None"
"STU000160","None","None","None","None","None","None","None","None","None","None","None","None","None","None","None","None","None","None","None","None","None","None","None","None","None","None","None","None"
"STU000161","None","None","None","None","None","None","None","None","None","None","None","None","None","None","None","None","None","None","None","None","None","None","None","None","None","None","None","None"
"STU000162","None","None","None","None","None","None","None","None","None","None","None","None","None","None","None","None","None","None","None","None","None","None","None","None","None","None","None","None"
"STU000163","None","None","None","None","4YR","None","4YR","4YR","None","None","None","None","None","None","None","None","None","None","None","None","None","None","None","None","None","None","None","None"
"STU000164","None","4YR","4YR","4YR","4YR","4YR","4YR","4YR","4YR","None","None","None","None","None","None","None","None","None","None","None","None","None","None","None","None","None","None","None"
"STU000165","4YR","4YR","4YR","None","4YR","4YR","4YR","4YR","4YR","4YR","4YR","4YR","4YR","4YR","4YR","4YR","4YR","4YR","4YR","4YR","4YR","4YR","CTC","4YR","4YR","4YR","None","None"
"STU000166","4YR","4YR","None","4YR","4YR","4YR","4YR","4YR","4YR","4YR","4YR","4YR","None","4YR","None","None","None","None","None","None","None","None","None","None","None","None","None","None"
"STU000167","None","None","None","CTC","CTC","None","None","None","None","None","None","None","None","None","None","None","None","None","None","None","None","None","None","None","None","None","None","None"
"STU000168","CTC","CTC","None","CTC","CTC","CTC","CTC","4YR","4YR","4YR","4YR","4YR","4YR","4YR","4YR","4YR","4YR","4YR","4YR","None","None","None","None","None","None","None","None","None"
"STU000169","None","None","None","None","None","None","None","None","None","None","None","None","None","None","None","None","None","None","None","None","None","None","None","None","None","None","None","None"
"STU000170","None","None","4YR","4YR","4YR","4YR","4YR","4YR","4YR","None","None","None","None","None","None","None","None","None","None","None","None","None","None","None","None","None","None","None"
"STU000171","None","None","None","None","None","None","None","None","None","None","None","None","None","None","None","None","None","None","None","None","None","None","None","None","None","None","None","None"
"STU000172","None","None","None","None","None","None","None","None","None","None","None","None","None","None","None","None","None","None","None","CTC","None","None","None","None","None","None","None","None"
"STU000173","CTC","CTC","CTC","None","None","None","None","None","None","None","None","None","None","None","None","None","None","None","None","None","None","None","None","None","None","None","None","None"
"STU000174","CTC","CTC","CTC","CTC","CTC","CTC","CTC","4YR","4YR","4YR","4YR","4YR","CTC","4YR","4YR","4YR","4YR","CTC","4YR","4YR","None","None","None","None","None","None","None","None"
"STU000175","4YR","4YR","4YR","4YR","4YR","4YR","4YR","4YR","None","None","None","None","None","None","None","None","None","None","None","None","None","None","None","None","None","None","None","None"
"STU000176","None","None","None","None","CTC","None","CTC","CTC","None","None","CTC","None","CTC","CTC","None","None","None","None","None","None","None","None","None","None","None","None","None","None"
"STU000177","4YR","4YR","4YR","None","None","None","None","None","None","None","None","None","None","None","None","None","None","None","None","None","None","None","None","None","None","None","None","None"
"STU000178","CTC","CTC","None","None","None","None","None","None","None","None","None","None","None","None","None","None","None","None","None","None","None","None","None","None","None","None","None","None"
"STU000179","None","None","None","None","CTC","CTC","CTC","CTC","CTC","CTC","CTC","None","None","None","CTC","CTC","CTC","None","None","None","None","None","None","None","None","None","None","None"
"STU000180","4YR","CTC","4YR","4YR","None","4YR","4YR","4YR","4YR","CTC","4YR","4YR","4YR","4YR","4YR","4YR","None","None","None","None","None","None","None","None","None","None","None","None"
"STU000181","None","None","None","CTC","CTC","None","CTC","None","CTC","CTC","CTC","CTC","CTC","None","None","None","None","None","None","None","None","None","None","None","None","None","None","None"
"STU000182","4YR","4YR","None","4YR","4YR","None","4YR","4YR","4YR","4YR","4YR","4YR","None","4YR","4YR","None","None","None","None","None","None","None","None","None","None","None","None","None"
"STU000183","None","None","None","None","None","None","None","None","None","None","None","None","None","None","None","None","None","None","None","None","None","None","None","None","None","None","None","None"
"STU000184","4YR","4YR","4YR","4YR","4YR","CTC","4YR","4YR","4YR","4YR","4YR","4YR","4YR","4YR","4YR","4YR","CTC","4YR","4YR","4YR","4YR","4YR","4YR","None","None","None","None","None"
"STU000185","4YR","4YR","4YR","4YR","None","4YR","4YR","4YR","None","None","None","None","None","None","None","None","None","None","None","None","None","None","None","None","None","None","None","None"
"STU000186","None","None","None","None","None","None","None","None","None","None","None","None","None","None","None","None","None","None","None","CTC","None","None","None","None","None","None","None","None"
"STU000187","None","None","None","None","None","None","None","None","None","None","None","None","None","None","None","None","None","None","None","None","None","None","None","None","None","None","None","None"
"STU000188","None","None","None","None","4YR","4YR","4YR","4YR","4YR","4YR","4YR","4YR","4YR","None","None","None","None","None","None","None","None","None","None","None","None","None","None","None"
"STU000189","None","None","None","None","None","CTC","CTC","CTC","CTC","None","None","None","None","None","None","None","None","None","None","None","None","None","None","None","None","None","None","None"
"STU000190","4YR","4YR","4YR","4YR","4YR","4YR","4YR","4YR","4YR","CTC","4YR","4YR","4YR","4YR","None","None","None","None","None","None","None","None","None","None","None","None","None","None"
"STU000191","None","None","None","None","None","None","None","None","None","None","None","None","None","None","None","None","None","None","None","None","None","None","None","None","None","None","None","None"
"STU000192","None","None","None","CTC","CTC","CTC","CTC","CTC","CTC","None","None","None","None","None","None","None","None","None","None","None","None","None","None","None","None","None","None","None"
"STU000193","None","None","None","None","None","None","None","None","None","None","None","None","None","None","None","None","None","None","None","None","None","None","None","None","None","None","None","None"
"STU000194","CTC","CTC","CTC","CTC","None","4YR","CTC","None","None","None","None","None","None","None","None","None","None","None","None","None","None","None","None","None","None","None","None","None"
"STU000195","None","None","None","None","None","None","None","None","None","None","None","None","None","None","None","None","None","None","None","None","None","None","None","None","None","None","None","None"
"STU000196","CTC","CTC","CTC","CTC","CTC","None","CTC","CTC","4YR","None","4YR","4YR","4YR","None","4YR","4YR","4YR","None","None","None","None","None","None","None","None","None","None","None"
"STU000197","None","None","None","None","None","None","None","None","None","None","None","None","None","None","None","None","None","None","None","None","None","None","None","None","None","None","None","None"
"STU000198","4YR","4YR","4YR","4YR","4YR","4YR","4YR","4YR","4YR","4YR","4YR","4YR","4YR","4YR","4YR","4YR","4YR","4YR","CTC","None","None","None","None","None","None","None","None","None"
"STU000199","None","None","None","None","None","None","None","None","None","None","None","None","None","None","None","None","None","None","None","None","None","None","None","None","None","None","None","None"
"STU000200","CTC","CTC","CTC","CTC","CTC","CTC","CTC","CTC","4YR","4YR","4YR","None","4YR","4YR","4YR","None","4YR","4YR","None","None","None","None","None","None","None","None","None","None"
"STU000201","None","None","None","None","None","None","None","None","None","None","None","None","None","None","None","None","None","None","None","None","None","None","None","None","None","None","None","None"
"STU000202","None","None","None","None","None","None","None","None","None","None","None","None","None","None","None","None","None","None","None","None","None","None","None","None","None","None","None","None"
"STU000203","None","None","None","None","None","None","None","None","None","None","None","None","None","None","None","None","None","None","None","None","None","None","None","None","None","None","None","None"
"STU000204","None","None","None","None","None","None","None","None","None","None","None","None","None","None","None","None","None","None","None","None","None","None","None","None","None","None","None","None"
"STU000205","None","None","4YR","4YR","4YR","4YR","4YR","4YR","4YR","4YR","4YR","4YR","None","4YR","4YR","None","None","None","None","None","None","None","None","None","None","None","None","None"
"STU000206","CTC","CTC","CTC","CTC","CTC","CTC","None","None","None","None","None","None","None","None","None","None","None","None","None","None","None","None","None","None","None","None","None","None"
"STU000207","None","None","None","CTC","CTC","CTC","CTC","CTC","None","None","None","None","None","None","None","None","None","None","None","None","None","None","None","None","None","None","None","None"
"STU000208","CTC","CTC","CTC","CTC","CTC","CTC","None","None","None","None","None","None","None","None","None","None","None","None","None","None","None","None","None","None","None","None","None","None"
"STU000209","None","None","None","None","None","None","None","None","None","None","None","None","None","None","None","None","None","None","None","None","None","None","None","None","None","None","None","None"
"STU000210","None","None","None","4YR","4YR","None","None","None","None","None","None","None","None","None","None","None","None","None","None","None","None","None","None","None","None","None","None","None"
"STU000211","4YR","CTC","4YR","None","4YR","4YR","4YR","4YR","4YR","None","4YR","4YR","None","4YR","None","None","None","None","None","None","None","None","None","None","None","None","None","None"
"STU000212","CTC","CTC","CTC","CTC","CTC","4YR","CTC","CTC","CTC","CTC","CTC","CTC","CTC","None","None","None","None","None","None","None","None","None","None","None","None","None","None","None"
"STU000213","CTC","CTC","CTC","None","CTC","None","CTC","CTC","CTC","CTC","CTC","CTC","CTC","CTC","None","None","None","None","None","None","None","None","None","None","None","None","None","None"
"STU000214","CTC","CTC","CTC","CTC","CTC","CTC","None","None","None","None","None","None","None","None","None","None","None","None","None","None","None","None","None","None","None","None","None","None"
"STU000215","None","None","None","None","None","None","None","None","None","None","None","None","None","None","None","None","None","None","None","None","None","None","None","None","None","None","None","None"
"STU000216","CTC","None","None","None","None","None","None","None","None","None","None","None","None","None","None","None","None","None","None","None","None","None","None","None","None","None","None","None"
"STU000217","None","None","None","None","CTC","CTC","CTC","CTC","CTC","CTC","CTC","None","None","None","None","None","None","None","None","None","None","None","None","None","None","None","None","None"
"STU000218","None","4YR","4YR","4YR","4YR","4YR","4YR","4YR","4YR","4YR","4YR","4YR","4YR","4YR","None","None","None","None","None","None","None","None","None","None","None","None","None","None"
"STU000219","CTC","CTC","CTC","None","CTC","CTC","None","CTC","CTC","CTC","None","CTC","CTC","CTC","CTC","None","None","None","None","None","None","None","None","None","None","None","None","None"
"STU000220","4YR","4YR","4YR","None","4YR","4YR","4YR","4YR","4YR","4YR","4YR","4YR","4YR","CTC","4YR","4YR","4YR","4YR","4YR","None","None","None","None","None","None","None","None","None"
"STU000221","None","None","None","None","CTC","CTC","CTC","CTC","None","None","None","None","None","None","None","None","None","None","None","None","None","None","None","None","None","None","None","None"
"STU000222","None","CTC","CTC","CTC","None","None","None","None","None","None","None","None","None","None","None","None","None","None","None","None","None","None","None","None","None","None","None","None"
"STU000223","4YR","4YR","4YR","4YR","4YR","4YR","4YR","None","CTC","4YR","4YR","4YR","4YR","4YR","4YR","4YR","None","4YR","4YR","4YR","4YR","4YR","4YR","4YR","None","None","None","None"
"STU000224","None","None","None","4YR","4YR","4YR","4YR","CTC","4YR","4YR","4YR","4YR","4YR","None","None","None","None","None","None","None","None","None","None","None","None","None","None","None"
"STU000225","None","None","None","None","None","None","None","None","None","None","None","None","None","None","None","None","None","None","None","None","None","None","None","None","None","None","None","None"
"STU000226","None","None","None","None","None","None","None","None","None","None","None","None","None","None","None","None","None","None","None","None","None","None","None","None","None","None","None","None"
"STU000227","None","None","4YR","4YR","4YR","4YR","4YR","4YR","None","None","None","None","None","None","None","None","None","None","None","None","None","None","None","None","None","None","None","None"
"STU000228","None","CTC","CTC","None","None","None","None","None","None","None","None","None","None","None","None","None","None","None","None","None","None","None","None","None","None","None","None","None"
"STU000229","4YR","4YR","4YR","4YR","4YR","4YR","4YR","4YR","4YR","4YR","4YR","4YR","4YR","4YR","CTC","None","None","None","None","None","None","None","None","None","None","None","None","None"
"STU000230","4YR","4YR","4YR","4YR","4YR","4YR","4YR","4YR","4YR","4YR","4YR","CTC","4YR","4YR","4YR","4YR","4YR","CTC","4YR","4YR","None","None","None","None","None","None","None","None"
"STU000231","None","None","None","None","None","None","None","None","None","None","None","None","None","None","None","None","None","None","None","None","None","None","None","None","None","None","None","None"
"STU000232","4YR","4YR","4YR","4YR","4YR","4YR","None","None","4YR","CTC","4YR","4YR","4YR","4YR","4YR","4YR","None","None","None","None","None","None","None","None","None","None","None","None"
"STU000233","CTC","CTC","CTC","CTC","CTC","None","None","None","None","None","None","None","None","None","None","None","None","None","None","None","None","None","None","None","None","None","None","None"
"STU000234","4YR","4YR","4YR","4YR","4YR","4YR","4YR","4YR","4YR","4YR","4YR","4YR","4YR","CTC","4YR","4YR","CTC","None","4YR","None","None","None","None","None","None","None","None","None"
"STU000235","None","None","None","4YR","None","4YR","None","None","None","4YR","4YR","4YR","4YR","4YR","4YR","None","None","None","None","None","None","None","None","None","None","None","None","None"
"STU000236","4YR","4YR","4YR","CTC","4YR","None","4YR","4YR","4YR","4YR","4YR","4YR","4YR","4YR","4YR","4YR","4YR","None","None","None","None","None","None","None","None","None","None","None"
"STU000237","None","None","None","None","None","None","None","None","None","None","None","None","None","None","None","None","None","None","None","None","None","None","None","None","None","None","None","None"
"STU000238","None","None","None","None","None","CTC","None","CTC","CTC","None","CTC","CTC","None","None","None","None","None","None","None","None","None","None","None","None","None","None","None","None"
"STU000239","None","None","None","None","None","None","None","None","None","None","None","None","None","None","None","None","None","None","None","None","None","None","None","None","None","None","None","None"
"STU000240","None","None","None","None","None","None","None","None","None","None","None","None","None","None","None","None","None","None","None","None","None","None","None","None","None","None","None","None"
"STU000241","None","None","4YR","4YR","None","None","None","None","None","None","None","None","None","None","None","None","None","None","None","None","None","None","None","None","None","None","None","None"
"STU000242","CTC","CTC","CTC","CTC","CTC","None","CTC","CTC","CTC","CTC","CTC","CTC","CTC","CTC","CTC","None","None","None","None","None","None","None","None","None","None","None","None","None"
"STU000243","CTC","CTC","CTC","CTC","CTC","CTC","CTC","CTC","CTC","CTC","CTC","CTC","CTC","CTC","CTC","CTC","CTC","None","None","None","None","None","None","None","None","None","None","None"
"STU000244","4YR","4YR","4YR","4YR","4YR","4YR","4YR","4YR","4YR","4YR","4YR","4YR","4YR","4YR","4YR","4YR","None","None","None","None","None","None","None","None","None","None","None","None"
"STU000245","4YR","4YR","None","4YR","4YR","4YR","4YR","None","4YR","CTC","4YR","4YR","4YR","4YR","None","None","None","None","None","None","None","None","None","None","None","None","None","None"
"STU000246","4YR","4YR","4YR","4YR","4YR","4YR","4YR","4YR","4YR","4YR","4YR","4YR","4YR","4YR","None","None","None","None","None","None","None","None","None","None","None","None","None","None"
"STU000247","None","None","None","None","None","None","None","None","None","None","None","None","None","None","None","None","None","None","None","None","None","None","None","None","None","None","None","None"
"STU000248","4YR","4YR","4YR","4YR","None","4YR","4YR","4YR","None","4YR","4YR","4YR","4YR","4YR","4YR","4YR","4YR","CTC","4YR","None","None","None","None","None","None","None","None","None"
"STU000249","CTC","4YR","CTC","CTC","4YR","CTC","None","4YR","4YR","4YR","None","4YR","4YR","4YR","4YR","CTC","CTC","4YR","None","None","None","None","None","None","None","None","None","None"
"STU000250","CTC","CTC","CTC","CTC","CTC","CTC","CTC","CTC","CTC","CTC","CTC","CTC","CTC","CTC","None","CTC","CTC","CTC","CTC","None","None","None","None","None","None","None","None","None"
"STU000251","None","4YR","4YR","4YR","4YR","4YR","4YR","4YR","None","None","None","None","None","None","None","None","None","None","None","None","None","None","None","None","None","None","None","None"
"STU000252","4YR","4YR","4YR","4YR","4YR","4YR","None","None","None","None","4YR","4YR","4YR","None","None","None","None","None","None","None","None","None","None","None","None","None","None","None"
"STU000253","4YR","4YR","4YR","4YR","4YR","4YR","4YR","4YR","4YR","4YR","4YR","4YR","4YR","None","CTC","4YR","4YR","4YR","4YR","4YR","4YR","4YR","4YR","4YR","4YR","4YR","4YR","None"
"STU000254","None","None","CTC","CTC","CTC","CTC","CTC","CTC","CTC","4YR","None","None","None","None","None","None","None","None","None","None","None","None","None","None","None","None","None","None"
"STU000255","4YR","4YR","4YR","4YR","4YR","4YR","4YR","4YR","4YR","4YR","4YR","4YR","4YR","4YR","4YR","4YR","4YR","4YR","4YR","4YR","4YR","4YR","None","4YR","None","None","None","None"
"STU000256","4YR","4YR","4YR","4YR","4YR","4YR","4YR","None","4YR","None","4YR","4YR","4YR","4YR","4YR","None","None","None","None","None","None","None","None","None","None","None","None","None"
"STU000257","None","None","None","None","4YR","None","4YR","None","None","None","None","None","None","None","None","None","None","None","None","None","None","None","None","None","None","None","None","None"
"STU000258","None","None","CTC","CTC","CTC","CTC","CTC","CTC","CTC","None","None","None","None","None","None","None","None","None","None","None","None","None","None","None","None","None","None","None"
"STU000259","CTC","None","CTC","CTC","None","None","None","None","None","None","None","None","None","None","None","None","None","None","None","None","None","None","None","None","None","None","None","None"
"STU000260","CTC","CTC","CTC","None","None","None","None","None","None","None","None","None","None","None","None","None","None","None","None","None","None","None","None","None","None","None","None","None"
"STU000261","4YR","4YR","4YR","4YR","4YR","4YR","CTC","4YR","4YR","4YR","None","None","None","None","None","None","None","None","None","None","None","None","None","None","None","None","None","None"
"STU000262","4YR","4YR","4YR","4YR","None","None","None","4YR","4YR","4YR","None","None","None","None","None","None","None","None","None","None","None","None","None","None","None","None","None","None"
"STU000263","CTC","CTC","CTC","CTC","None","CTC","None","None","None","None","None","None","None","None","None","None","None","None","None","None","None","None","None","None","None","None","None","None"
"STU000264","None","None","CTC","CTC","CTC","CTC","None","CTC","CTC","CTC","None","None","None","None","None","None","None","None","None","None","None","None","None","None","None","None","None","None"
"STU000265","CTC","CTC","CTC","CTC","None","None","None","None","None","None","None","None","None","None","None","None","None","None","None","None","None","None","None","None","None","None","None","None"
"STU000266","CTC","CTC","CTC","CTC","None","CTC","CTC","CTC","4YR","4YR","None","4YR","4YR","4YR","4YR","4YR","4YR","4YR","CTC","4YR","4YR","None","None","None","None","None","None","None"
"STU000267","None","None","None","None","None","None","None","None","None","None","None","None","None","None","None","None","None","None","None","None","None","None","None","None","None","None","None","None"
"STU000268","CTC","CTC","CTC","None","None","None","None","None","None","None","None","None","None","None","None","None","None","None","None","None","None","None","None","None","None","None","None","None"
"STU000269","CTC","CTC","CTC","None","None","None","None","None","None","None","None","None","None","None","None","None","None","None","None","None","None","None","None","None","None","None","None","None"
"STU000270","None","None","None","None","None","None","None","None","None","None","None","None","None","None","None","None","None","None","None","None","None","None","None","None","None","None","None","None"
"STU000271","CTC","CTC","CTC","CTC","CTC","CTC","None","CTC","4YR","4YR","4YR","4YR","4YR","4YR","4YR","None","4YR","4YR","4YR","4YR","4YR","None","None","None","None","None","None","None"
"STU000272","None","None","None","4YR","4YR","None","None","4YR","4YR","4YR","4YR","None","None","None","None","None","None","None","None","None","None","None","None","None","None","None","None","None"
"STU000273","4YR","4YR","4YR","4YR","4YR","4YR","4YR","None","4YR","4YR","4YR","4YR","4YR","4YR","None","None","None","None","None","None","None","None","None","None","None","None","None","None"
"STU000274","None","None","None","None","None","None","None","None","None","None","None","None","None","None","None","None","None","None","None","None","None","None","None","None","None","None","None","None"
"STU000275","CTC","CTC","4YR","4YR","4YR","4YR","4YR","4YR","4YR","4YR","4YR","4YR","4YR","4YR","4YR","4YR","4YR","4YR","4YR","4YR","4YR","4YR","4YR","4YR","4YR","4YR","None","None"
"STU000276","CTC","None","CTC","CTC","CTC","CTC","4YR","4YR","4YR","4YR","4YR","4YR","4YR","4YR","4YR","4YR","None","None","None","None","None","None","None","None","None","None","None","None"
"STU000277","None","None","CTC","CTC","CTC","CTC","None","None","None","None","None","None","None","None","None","None","None","None","None","None","None","None","None","None","None","None","None","None"
"STU000278","4YR","4YR","None","4YR","4YR","4YR","4YR","4YR","None","4YR","4YR","4YR","4YR","None","CTC","4YR","4YR","4YR","4YR","4YR","CTC","4YR","4YR","4YR","None","None","None","None"
"STU000279","None","CTC","CTC","CTC","CTC","CTC","CTC","CTC","CTC","None","None","None","None","None","None","None","None","None","None","None","None","None","None","None","None","None","None","None"
"STU000280","CTC","CTC","None","None","None","None","None","None","None","None","None","None","None","None","None","None","None","None","None","None","None","None","None","None","None","None","None","None"
"STU000281","4YR","4YR","None","None","None","None","None","None","None","None","None","None","None","None","None","None","None","None","None","None","None","None","None","None","None","None","None","None"
"STU000282","4YR","4YR","4YR","4YR","4YR","4YR","4YR","CTC","4YR","4YR","4YR","4YR","4YR","4YR","4YR","4YR","4YR","4YR","4YR","4YR","4YR","4YR","4YR","4YR","None","None","None","None"
"STU000283","4YR","CTC","CTC","CTC","CTC","CTC","CTC","CTC","CTC","CTC","CTC","CTC","CTC","4YR","None","None","None","None","None","None","None","None","None","None","None","None","None","None"
"STU000284","CTC","CTC","4YR","None","CTC","CTC","CTC","None","None","None","None","None","None","None","None","None","None","None","None","None","None","None","None","None","None","None","None","None"
"STU000285","CTC","CTC","CTC","CTC","CTC","CTC","CTC","CTC","CTC","CTC","CTC","CTC","CTC","None","CTC","CTC","None","None","None","None","None","None","None","None","None","None","None","None"
"STU000286","None","None","None","None","None","None","None","None","None","None","None","None","None","None","None","None","None","None","None","None","None","None","None","None","None","None","None","None"
"STU000287","None","None","CTC","CTC","CTC","CTC","CTC","4YR","CTC","CTC","CTC","None","None","None","None","None","None","None","None","None","None","None","None","None","None","None","None","None"
"STU000288","4YR","4YR","4YR","4YR","4YR","4YR","4YR","4YR","4YR","4YR","4YR","4YR","4YR","4YR","4YR","4YR","None","None","None","None","None","None","None","None","None","None","None","None"
"STU000289","4YR","None","4YR","4YR","4YR","4YR","4YR","4YR","4YR","4YR","4YR","4YR","4YR","4YR","4YR","4YR","None","None","None","None","None","None","None","None","None","None","None","None"
"STU000290","4YR","4YR","4YR","4YR","4YR","4YR","4YR","4YR","4YR","4YR","4YR","4YR","4YR","4YR","4YR","None","None","None","None","None","None","None","None","None","None","None","None","None"
"STU000291","4YR","4YR","4YR","4YR","4YR","CTC","4YR","4YR","4YR","4YR","4YR","4YR","CTC","4YR","4YR","4YR","None","4YR","4YR","None","None","None","None","None","None","None","None","None"
"STU000292","4YR","None","4YR","4YR","4YR","4YR","4YR","4YR","4YR","4YR","4YR","4YR","4YR","4YR","4YR","4YR","None","None","None","None","None","None","None","None","None","None","None","None"
"STU000293","None","None","4YR","4YR","None","4YR","4YR","None","None","CTC","4YR","4YR","None","None","None","None","None","None","None","None","None","None","None","None","None","None","None","None"
"STU000294","None","None","None","CTC","None","CTC","CTC","CTC","CTC","None","CTC","CTC","CTC","None","None","None","None","None","None","None","None","None","None","None","None","None","None","None"
"STU000295","CTC","CTC","CTC","CTC","CTC","CTC","CTC","CTC","CTC","CTC","CTC","CTC","CTC","CTC","CTC","CTC","None","None","None","None","None","None","None","None","None","None","None","None"
"STU000296","CTC","CTC","CTC","CTC","CTC","CTC","CTC","CTC","None","None","None","None","None","None","None","None","None","None","None","None","None","None","None","None","None","None","None","None"
"STU000297","None","None","None","None","CTC","CTC","CTC","None","CTC","CTC","None","None","CTC","CTC","None","CTC","CTC","CTC","None","None","None","None","None","None","None","None","None","None"
"STU000298","None","None","CTC","CTC","CTC","CTC","CTC","None","CTC","CTC","None","None","None","CTC","CTC","CTC","None","None","None","None","None","None","None","None","None","None","None","None"
"STU000299","None","CTC","CTC","CTC","CTC","None","CTC","CTC","None","None","None","None","None","None","None","None","None","None","None","None","None","None","None","None","None","None","None","None"
"STU000300","4YR","4YR","4YR","4YR","4YR","4YR","4YR","4YR","CTC","CTC","4YR","4YR","4YR","4YR","4YR","4YR","4YR","4YR","None","None","None","None","None","None","None","None","None","None"
"STU000301","None","None","None","None","None","None","None","None","None","None","None","None","None","None","None","None","None","None","None","None","None","None","None","None","None","None","None","None"
"STU000302","CTC","CTC","CTC","CTC","CTC","CTC","None","None","None","None","None","None","None","None","None","None","None","None","None","None","None","None","None","None","None","None","None","None"
"STU000303","4YR","None","4YR","4YR","4YR","4YR","4YR","4YR","4YR","4YR","4YR","4YR","4YR","4YR","4YR","None","4YR","4YR","4YR","4YR","4YR","CTC","None","None","None","None","None","None"
"STU000304","CTC","CTC","None","CTC","CTC","CTC","CTC","CTC","None","None","None","None","None","None","None","None","None","None","None","None","None","None","None","None","None","None","None","None"
"STU000305","None","None","None","CTC","CTC","CTC","CTC","None","None","None","None","None","None","None","None","None","None","None","None","None","None","None","None","None","None","None","None","None"
"STU000306","CTC","CTC","CTC","CTC","CTC","CTC","CTC","None","None","None","None","None","None","None","None","None","None","None","None","None","None","None","None","None","None","None","None","None"
"STU000307","CTC","CTC","CTC","CTC","CTC","CTC","None","None","None","None","None","None","None","None","None","None","None","None","None","None","None","None","None","None","None","None","None","None"
"STU000308","4YR","4YR","4YR","4YR","4YR","4YR","None","None","None","None","None","None","None","None","None","None","None","None","None","None","None","None","None","None","None","None","None","None"
"STU000309","None","None","CTC","CTC","None","None","None","None","None","None","None","None","None","None","None","None","None","None","None","None","None","None","None","None","None","None","None","None"
"STU000310","None","None","None","None","None","None","None","None","None","None","None","None","None","None","None","None","None","None","None","None","None","None","None","None","None","None","None","None"
"STU000311","None","None","None","CTC","CTC","CTC","4YR","4YR","None","None","CTC","CTC","CTC","CTC","CTC","CTC","CTC","None","None","None","None","None","None","None","None","None","None","None"
"STU000312","None","None","None","None","CTC","CTC","CTC","CTC","CTC","CTC","CTC","None","None","None","None","CTC","CTC","CTC","None","None","None","None","None","None","None","None","None","None"
"STU000313","None","None","None","None","None","None","None","None","None","None","None","None","None","None","None","None","None","None","None","None","None","None","None","None","None","None","None","None"
"STU000314","None","CTC","4YR","CTC","CTC","CTC","CTC","CTC","None","None","None","None","None","None","None","None","None","None","None","None","None","None","None","None","None","None","None","None"
"STU000315","None","4YR","4YR","4YR","4YR","CTC","CTC","CTC","CTC","CTC","CTC","CTC","None","None","None","None","None","None","None","None","None","None","None","None","None","None","None","None"
"STU000316","None","None","None","CTC","CTC","CTC","CTC","CTC","CTC","None","None","None","None","None","None","None","None","None","None","None","None","None","None","None","None","None","None","None"
"STU000317","None","4YR","4YR","4YR","4YR","4YR","4YR","4YR","4YR","4YR","None","4YR","4YR","4YR","None","4YR","4YR","4YR","4YR","4YR","4YR","4YR","None","4YR","4YR","4YR","None","None"
"STU000318","CTC","CTC","CTC","CTC","None","None","None","None","None","None","None","None","None","None","None","None","None","None","None","None","None","None","None","None","None","None","None","None"
"STU000319","4YR","4YR","None","4YR","4YR","4YR","4YR","CTC","4YR","4YR","4YR","4YR","4YR","4YR","4YR","None","None","None","None","None","None","None","None","None","None","None","None","None"
"STU000320","CTC","CTC","CTC","CTC","None","None","None","None","None","None","None","None","None","None","None","None","None","None","None","None","None","None","None","None","None","None","None","None"
"STU000321","4YR","CTC","CTC","CTC","CTC","None","CTC","CTC","CTC","None","CTC","CTC","None","None","None","None","None","None","None","None","None","None","None","None","None","None","None","None"
"STU000322","4YR","4YR","4YR","4YR","4YR","4YR","4YR","4YR","4YR","4YR","None","4YR","None","None","None","4YR","4YR","None","None","None","None","None","None","None","None","None","None","None"
"STU000323","None","4YR","4YR","None","4YR","4YR","4YR","4YR","4YR","4YR","4YR","None","None","None","None","None","None","None","None","None","None","None","None","None","None","None","None","None"
"STU000324","4YR","4YR","4YR","4YR","None","4YR","None","4YR","4YR","4YR","None","None","None","None","None","None","None","None","None","None","None","None","None","None","None","None","None","None"
"STU000325","CTC","CTC","CTC","4YR","CTC","CTC","CTC","CTC","CTC","CTC","CTC","CTC","CTC","CTC","None","None","None","None","None","None","None","None","None","None","None","None","None","None"
"STU000326","CTC","CTC","CTC","CTC","CTC","CTC","CTC","CTC","4YR","4YR","4YR","4YR","4YR","4YR","4YR","4YR","4YR","None","None","None","None","None","None","None","None","None","None","None"
"STU000327","4YR","4YR","4YR","4YR","4YR","4YR","4YR","4YR","4YR","4YR","4YR","4YR","4YR","CTC","4YR","None","None","None","None","None","None","None","None","None","None","None","None","None"
"STU000328","4YR","4YR","4YR","4YR","4YR","4YR","4YR","None","4YR","4YR","4YR","4YR","4YR","4YR","4YR","4YR","None","None","None","None","None","None","None","None","None","None","None","None"
"STU000329","None","None","None","None","None","None","None","None","None","None","None","None","None","None","None","None","None","None","None","None","None","None","None","None","None","None","None","None"
"STU000330","None","None","None","None","None","None","None","None","None","None","None","None","None","None","None","None","None","None","None","None","None","None","None","None","None","None","None","None"
"STU000331","4YR","4YR","4YR","4YR","4YR","4YR","4YR","4YR","4YR","4YR","4YR","None","4YR","4YR","None","None","None","None","None","None","None","None","None","None","None","None","None","None"
"STU000332","None","None","None","None","CTC","CTC","CTC","None","None","None","None","None","None","None","None","None","None","None","None","None","None","None","None","None","None","None","None","None"
"STU000333","CTC","CTC","CTC","CTC","None","CTC","CTC","CTC","CTC","CTC","CTC","CTC","CTC","None","None","None","None","None","None","None","None","None","None","None","None","None","None","None"
"STU000334","None","None","None","None","None","None","None","None","None","None","None","None","None","None","None","None","None","None","None","None","None","None","None","None","None","None","None","None"
"STU000335","None","4YR","4YR","4YR","4YR","None","4YR","4YR","None","None","None","None","None","None","None","None","None","None","None","None","None","None","None","None","None","None","None","None"
"STU000336","CTC","CTC","CTC","CTC","CTC","CTC","CTC","CTC","CTC","None","None","None","None","None","None","None","None","None","None","None","None","None","None","None","None","None","None","None"
"STU000337","None","CTC","CTC","CTC","CTC","None","None","CTC","CTC","CTC","CTC","None","None","None","None","None","None","None","None","None","None","None","None","None","None","None","None","None"
"STU000338","CTC","CTC","CTC","CTC","CTC","CTC","CTC","CTC","None","None","None","None","None","None","None","None","None","None","None","None","None","None","None","None","None","None","None","None"
"STU000339","CTC","CTC","CTC","CTC","CTC","CTC","CTC","CTC","None","None","None","None","None","None","None","None","None","None","None","None","None","None","None","None","None","None","None","None"
"STU000340","4YR","4YR","4YR","4YR","4YR","4YR","CTC","4YR","4YR","CTC","4YR","4YR","4YR","4YR","4YR","4YR","4YR","4YR","4YR","4YR","4YR","None","4YR","4YR","4YR","None","None","None"
"STU000341","None","None","None","None","None","None","None","None","None","None","None","None","None","None","None","None","None","CTC","CTC","None","None","None","None","None","None","None","None","None"
"STU000342","None","None","None","None","None","None","None","None","None","None","None","None","None","None","None","None","None","None","None","None","None","None","None","None","None","None","None","None"
"STU000343","CTC","CTC","CTC","CTC","CTC","CTC","CTC","CTC","CTC","None","CTC","CTC","CTC","CTC","CTC","None","None","None","None","None","None","None","None","None","None","None","None","None"
"STU000344","CTC","CTC","CTC","CTC","CTC","CTC","CTC","None","None","None","None","None","None","None","None","None","None","None","None","None","None","None","None","None","None","None","None","None"
"STU000345","None","None","None","None","None","None","None","None","None","None","None","None","None","None","None","None","None","None","None","None","None","None","None","None","None","None","None","None"
"STU000346","4YR","4YR","4YR","4YR","4YR","4YR","4YR","4YR","4YR","4YR","4YR","4YR","4YR","4YR","None","4YR","None","None","None","None","None","None","None","None","None","None","None","None"
"STU000347","None","CTC","CTC","CTC","CTC","CTC","CTC","CTC","CTC","CTC","CTC","CTC","CTC","CTC","CTC","CTC","CTC","CTC","CTC","CTC","CTC","None","None","None","None","None","None","None"
"STU000348","4YR","4YR","4YR","CTC","4YR","4YR","4YR","4YR","4YR","4YR","4YR","4YR","4YR","4YR","4YR","4YR","4YR","4YR","None","4YR","4YR","None","None","None","None","None","None","None"
"STU000349","None","None","CTC","CTC","CTC","CTC","4YR","None","None","None","None","None","None","None","None","None","None","None","None","None","None","None","None","None","None","None","None","None"
"STU000350","4YR","4YR","4YR","4YR","4YR","None","4YR","4YR","4YR","None","4YR","4YR","4YR","4YR","4YR","4YR","None","None","None","None","None","None","None","None","None","None","None","None"
"STU000351","None","4YR","4YR","None","4YR","None","None","None","None","None","None","None","None","None","None","None","None","None","None","None","None","None","None","None","None","None","None","None"
"STU000352","4YR","4YR","4YR","CTC","4YR","4YR","4YR","CTC","CTC","None","CTC","CTC","CTC","CTC","CTC","CTC","CTC","CTC","None","None","None","None","None","None","None","None","None","None"
"STU000353","CTC","CTC","None","None","None","None","None","None","None","None","None","None","None","None","None","None","None","None","None","None","None","None","None","None","None","None","None","None"
"STU000354","None","None","4YR","4YR","4YR","CTC","4YR","4YR","4YR","None","None","None","None","None","None","None","None","None","None","None","None","None","None","None","None","None","None","None"
"STU000355","CTC","CTC","CTC","CTC","None","None","None","None","None","None","None","None","None","None","None","None","None","None","None","None","None","None","None","None","None","None","None","None"
"STU000356","None","4YR","CTC","CTC","CTC","None","None","None","None","None","None","None","None","None","None","None","None","None","None","None","None","None","None","None","None","None","None","None"
"STU000357","None","None","None","None","None","None","None","None","None","None","None","None","None","None","None","None","None","None","None","None","None","None","None","None","None","None","None","None"
"STU000358","4YR","CTC","CTC","CTC","CTC","None","4YR","4YR","4YR","4YR","CTC","CTC","None","4YR","4YR","None","None","None","None","None","None","None","None","None","None","None","None","None"
"STU000359","4YR","4YR","4YR","4YR","4YR","None","4YR","4YR","4YR","4YR","4YR","None","4YR","4YR","None","None","None","None","None","None","None","None","None","None","None","None","None","None"
"STU000360","CTC","CTC","CTC","CTC","None","CTC","CTC","CTC","None","None","None","None","None","None","None","None","None","None","None","None","None","None","None","None","None","None","None","None"
"STU000361","None","None","None","None","None","None","None","None","None","None","None","None","None","None","None","None","None","None","None","None","None","None","None","None","None","None","None","None"
"STU000362","CTC","CTC","CTC","CTC","CTC","CTC","CTC","None","CTC","CTC","None","None","None","None","None","None","None","None","None","None","None","None","None","None","None","None","None","None"
"STU000363","CTC","CTC","CTC","CTC","CTC","CTC","CTC","CTC","CTC","CTC","CTC","CTC","CTC","CTC","None","None","None","None","None","None","None","None","None","None","None","None","None","None"
"STU000364","None","None","CTC","CTC","None","CTC","4YR","4YR","4YR","4YR","4YR","4YR","4YR","4YR","4YR","4YR","4YR","None","4YR","4YR","None","None","None","None","None","None","None","None"
"STU000365","None","None","None","None","None","None","None","None","None","None","None","None","None","None","None","None","None","None","None","None","None","None","None","CTC","None","None","None","None"
"STU000366","CTC","CTC","CTC","CTC","CTC","4YR","CTC","None","None","None","None","None","None","None","None","None","None","None","None","None","None","None","None","None","None","None","None","None"
"STU000367","None","None","None","None","None","None","None","None","None","None","None","None","None","None","None","None","None","None","None","None","None","None","None","None","None","None","None","None"
"STU000368","CTC","CTC","CTC","CTC","CTC","CTC","CTC","CTC","CTC","CTC","CTC","CTC","CTC","None","CTC","None","None","CTC","None","None","None","None","None","None","None","None","None","None"
"STU000369","None","None","None","None","None","None","None","None","None","None","None","None","None","None","None","None","None","None","None","None","None","None","None","None","None","None","None","None"
"STU000370","CTC","CTC","CTC","CTC","CTC","CTC","None","None","None","None","None","None","None","None","None","None","None","None","None","None","None","None","None","None","None","None","None","None"
"STU000371","None","None","CTC","None","CTC","CTC","None","CTC","None","CTC","CTC","CTC","None","None","None","CTC","CTC","CTC","CTC","None","None","None","None","None","None","None","None","None"
"STU000372","None","None","None","None","None","None","None","None","None","None","None","None","None","None","None","None","None","None","None","None","None","None","None","None","None","None","None","None"
"STU000373","None","None","None","None","None","None","None","None","None","None","None","None","None","None","None","None","None","None","None","None","None","None","None","None","None","None","None","None"
"STU000374","4YR","4YR","4YR","4YR","4YR","4YR","CTC","None","CTC","None","CTC","CTC","CTC","CTC","CTC","CTC","CTC","CTC","None","None","None","None","None","None","None","None","None","None"
"STU000375","None","CTC","CTC","CTC","CTC","CTC","None","None","None","None","None","None","None","None","None","None","None","None","None","None","None","None","None","None","None","None","None","None"
"STU000376","None","None","CTC","CTC","CTC","None","CTC","CTC","CTC","CTC","CTC","CTC","CTC","None","None","None","None","None","None","None","None","None","None","None","None","None","None","None"
"STU000377","4YR","4YR","4YR","4YR","4YR","4YR","4YR","4YR","4YR","4YR","4YR","4YR","4YR","4YR","None","None","None","None","None","None","None","None","None","None","None","None","None","None"
"STU000378","CTC","CTC","CTC","None","None","CTC","CTC","CTC","CTC","None","None","None","None","None","None","None","None","None","None","None","None","None","None","None","None","None","None","None"
"STU000379","CTC","CTC","CTC","CTC","CTC","CTC","CTC","4YR","4YR","4YR","4YR","4YR","4YR","4YR","CTC","4YR","4YR","4YR","4YR","None","None","None","None","None","None","None","None","None"
"STU000380","None","CTC","CTC","CTC","CTC","CTC","CTC","CTC","CTC","CTC","None","None","None","None","None","None","None","None","None","None","None","None","None","None","None","None","None","None"
"STU000381","None","None","None","None","CTC","CTC","None","None","None","None","None","None","None","None","None","None","None","None","None","None","None","None","None","None","None","None","None","None"
"STU000382","CTC","CTC","CTC","None","None","None","None","None","None","None","None","None","None","None","None","None","None","None","None","None","None","None","None","None","None","None","None","None"
"STU000383","4YR","4YR","4YR","4YR","4YR","4YR","4YR","4YR","4YR","4YR","4YR","4YR","4YR","4YR","None","None","None","None","None","None","None","None","None","None","None","None","None","None"
"STU000384","None","None","4YR","4YR","4YR","4YR","4YR","None","4YR","4YR","4YR","4YR","4YR","4YR","4YR","None","None","None","None","None","None","None","None","None","None","None","None","None"
"STU000385","None","None","None","None","CTC","CTC","CTC","CTC","4YR","None","None","None","None","None","None","None","None","None","None","None","None","None","None","None","None","None","None","None"
"STU000386","CTC","CTC","CTC","None","None","None","None","None","None","None","None","None","None","None","None","None","None","None","None","None","None","None","None","None","None","None","None","None"
"STU000387","CTC","4YR","CTC","CTC","CTC","CTC","None","None","None","None","None","None","None","None","None","None","None","None","None","None","None","None","None","None","None","None","None","None"
"STU000388","None","None","CTC","CTC","CTC","CTC","CTC","CTC","CTC","CTC","None","None","None","None","None","None","None","None","None","None","None","None","None","None","None","None","None","None"
"STU000389","None","None","CTC","CTC","None","CTC","CTC","4YR","None","None","None","None","None","None","None","None","None","None","None","None","None","None","None","None","None","None","None","None"
"STU000390","None","CTC","4YR","4YR","4YR","4YR","4YR","4YR","4YR","4YR","4YR","4YR","4YR","4YR","4YR","4YR","None","4YR","4YR","None","None","None","None","None","None","None","None","None"
"STU000391","4YR","4YR","4YR","4YR","4YR","4YR","4YR","4YR","4YR","4YR","None","None","4YR","4YR","4YR","4YR","4YR","4YR","4YR","4YR","4YR","4YR","4YR","4YR","None","4YR","4YR","None"
"STU000392","4YR","4YR","None","4YR","4YR","4YR","4YR","4YR","4YR","4YR","4YR","4YR","4YR","4YR","None","None","None","None","None","None","None","None","None","None","None","None","None","None"
"STU000393","None","None","None","None","None","None","None","None","None","None","None","None","None","None","None","None","None","None","None","None","None","None","None","None","None","None","None","None"
"STU000394","4YR","4YR","4YR","4YR","4YR","4YR","4YR","4YR","4YR","4YR","None","4YR","4YR","4YR","None","None","None","None","None","None","None","None","None","None","None","None","None","None"
"STU000395","None","None","CTC","CTC","CTC","CTC","CTC","CTC","None","None","CTC","CTC","CTC","CTC","CTC","CTC","CTC","None","None","None","None","None","None","None","None","None","None","None"
"STU000396","CTC","CTC","None","CTC","CTC","None","None","None","None","None","None","None","None","None","None","None","None","None","None","None","None","None","None","None","None","None","None","None"
"STU000397","None","None","4YR","4YR","4YR","4YR","4YR","4YR","4YR","4YR","None","None","4YR","4YR","None","4YR","4YR","4YR","None","None","None","None","None","None","None","None","None","None"
"STU000398","None","None","None","None","None","None","None","None","None","None","None","None","None","None","None","None","None","None","None","None","None","None","None","None","None","None","None","None"
"STU000399","None","CTC","CTC","CTC","CTC","CTC","CTC","CTC","CTC","CTC","None","None","None","None","None","None","None","None","None","None","None","None","None","None","None","None","None","None"
"STU000400","None","None","None","None","CTC","CTC","CTC","CTC","CTC","CTC","CTC","CTC","None","None","None","None","None","None","None","None","None","None","None","None","None","None","None","None"
"STU000401","None","CTC","CTC","CTC","CTC","CTC","None","None","None","None","None","None","None","None","None","None","None","None","None","None","None","None","None","None","None","None","None","None"
"STU000402","None","None","None","None","4YR","4YR","4YR","4YR","None","4YR","4YR","4YR","4YR","4YR","4YR","None","None","None","None","None","None","None","None","None","None","None","None","None"
"STU000403","None","None","4YR","4YR","None","4YR","4YR","4YR","4YR","4YR","None","None","None","None","None","None","None","None","None","None","None","None","None","None","None","None","None","None"
"STU000404","CTC","CTC","None","None","None","CTC","CTC","CTC","CTC","CTC","CTC","None","None","None","None","None","None","None","None","None","None","None","None","None","None","None","None","None"
"STU000405","4YR","4YR","4YR","4YR","4YR","None","None","None","None","None","None","None","None","None","None","None","None","None","None","None","None","None","None","None","None","None","None","None"
"STU000406","CTC","CTC","None","CTC","CTC","CTC","None","CTC","CTC","CTC","CTC","None","CTC","None","None","None","None","None","None","None","None","None","None","None","None","None","None","None"
"STU000407","None","None","None","4YR","4YR","4YR","4YR","4YR","4YR","4YR","None","None","None","None","None","None","None","None","None","None","None","None","None","None","None","None","None","None"
"STU000408","4YR","4YR","4YR","4YR","4YR","4YR","4YR","4YR","4YR","4YR","4YR","4YR","4YR","4YR","4YR","4YR","None","None","None","None","None","None","None","None","None","None","None","None"
"STU000409","None","None","None","None","CTC","CTC","CTC","None","None","CTC","CTC","CTC","None","None","None","None","None","None","None","None","None","None","None","None","None","None","None","None"
"STU000410","CTC","4YR","4YR","4YR","4YR","4YR","4YR","4YR","4YR","4YR","4YR","4YR","4YR","4YR","None","None","None","None","None","None","None","None","None","None","None","None","None","None"
"STU000411","CTC","CTC","CTC","CTC","CTC","CTC","CTC","CTC","CTC","CTC","None","None","None","None","None","None","None","None","None","None","None","None","None","None","None","None","None","None"
"STU000412","None","None","CTC","CTC","None","None","None","None","None","None","None","None","None","None","None","None","None","None","None","None","None","None","None","None","None","None","None","None"
"STU000413","None","None","CTC","CTC","CTC","CTC","CTC","None","None","None","None","None","None","None","None","None","None","None","None","None","None","None","None","None","None","None","None","None"
"STU000414","CTC","CTC","CTC","CTC","None","None","None","None","None","None","None","None","None","None","None","None","None","None","None","None","None","None","None","None","None","None","None","None"
"STU000415","None","CTC","CTC","None","None","None","None","None","None","None","None","None","None","None","None","None","None","None","None","None","None","None","None","None","None","None","None","None"
"STU000416","None","None","None","None","None","None","None","None","None","None","None","None","None","None","None","None","None","None","None","None","None","None","None","None","None","None","None","None"
"STU000417","CTC","CTC","CTC","CTC","CTC","CTC","CTC","CTC","CTC","CTC","CTC","4YR","CTC","None","None","None","None","None","None","None","None","None","None","None","None","None","None","None"
"STU000418","None","None","None","4YR","4YR","4YR","4YR","4YR","None","4YR","4YR","4YR","4YR","None","None","None","4YR","4YR","4YR","None","None","None","None","None","None","None","None","None"
"STU000419","CTC","CTC","CTC","CTC","CTC","CTC","CTC","CTC","CTC","CTC","CTC","CTC","CTC","CTC","None","None","None","None","None","None","None","None","None","None","None","None","None","None"
"STU000420","None","4YR","4YR","4YR","4YR","4YR","4YR","4YR","4YR","None","None","None","None","None","None","None","None","None","None","None","None","None","None","None","None","None","None","None"
"STU000421","None","None","CTC","CTC","CTC","CTC","CTC","CTC","CTC","CTC","None","None","None","None","None","None","None","None","None","None","None","None","None","None","None","None","None","None"
"STU000422","None","None","None","None","None","None","None","None","None","None","None","None","None","None","None","None","None","None","None","None","None","None","None","None","None","None","None","None"
"STU000423","CTC","None","None","CTC","CTC","CTC","CTC","CTC","CTC","CTC","None","None","None","None","None","None","None","None","None","None","None","None","None","None","None","None","None","None"
"STU000424","None","None","None","None","None","None","None","None","None","None","None","None","None","None","None","None","None","None","None","None","None","None","None","None","None","None","None","None"
"STU000425","4YR","4YR","4YR","4YR","CTC","CTC","CTC","CTC","CTC","CTC","CTC","None","CTC","CTC","CTC","4YR","CTC","None","None","None","None","None","None","None","None","None","None","None"
"STU000426","None","None","None","None","None","None","None","None","None","None","None","None","None","None","None","None","None","None","None","None","None","None","None","None","None","None","None","None"
"STU000427","4YR","None","4YR","4YR","None","4YR","4YR","4YR","4YR","4YR","4YR","None","4YR","4YR","4YR","None","None","None","None","None","None","None","None","None","None","None","None","None"
"STU000428","None","CTC","CTC","None","CTC","CTC","CTC","4YR","CTC","CTC","None","None","None","None","None","None","None","None","None","None","None","None","None","None","None","None","None","None"
"STU000429","4YR","4YR","4YR","4YR","None","4YR","4YR","4YR","None","None","None","None","None","None","None","None","None","None","None","None","None","None","None","None","None","None","None","None"
"STU000430","4YR","4YR","4YR","4YR","4YR","None","None","None","None","None","None","None","None","None","None","None","None","None","None","None","None","None","None","None","None","None","None","None"
"STU000431","None","None","None","None","CTC","CTC","None","CTC","CTC","None","None","None","None","None","None","None","None","None","None","None","None","None","None","None","None","None","None","None"
"STU000432","4YR","4YR","4YR","4YR","4YR","4YR","4YR","None","4YR","4YR","4YR","4YR","4YR","4YR","4YR","4YR","None","None","None","None","None","None","None","None","None","None","None","None"
"STU000433","CTC","CTC","CTC","None","None","None","None","None","None","None","None","None","None","None","None","None","None","None","None","None","None","None","None","None","None","None","None","None"
"STU000434","None","None","None","None","None","None","None","None","None","None","None","None","None","None","None","None","None","None","None","None","None","None","None","None","None","None","None","None"
"STU000435","4YR","4YR","4YR","4YR","4YR","None","4YR","None","4YR","4YR","4YR","4YR","4YR","CTC","4YR","None","4YR","4YR","4YR","4YR","4YR","None","None","None","None","None","None","None"
"STU000436","None","None","4YR","4YR","None","None","None","None","None","None","None","None","None","None","None","None","None","None","None","None","None","None","None","None","None","None","None","None"
"STU000437","None","None","None","CTC","CTC","CTC","CTC","CTC","CTC","None","None","None","CTC","CTC","CTC","CTC","None","CTC","None","None","None","None","None","None","None","None","None","None"
"STU000438","None","CTC","CTC","CTC","CTC","None","None","CTC","CTC","CTC","CTC","None","None","None","None","None","None","None","None","None","None","None","None","None","None","None","None","None"
"STU000439","None","4YR","4YR","None","4YR","4YR","4YR","4YR","CTC","CTC","CTC","None","CTC","CTC","CTC","CTC","CTC","None","None","None","None","None","None","None","None","None","None","None"
"STU000440","None","None","None","None","None","None","None","None","None","None","None","None","None","None","None","None","None","None","None","None","None","None","None","None","None","None","None","None"
"STU000441","CTC","CTC","CTC","CTC","CTC","CTC","CTC","CTC","CTC","None","None","None","None","None","None","None","None","None","None","None","None","None","None","None","None","None","None","None"
"STU000442","4YR","4YR","4YR","4YR","4YR","4YR","4YR","CTC","4YR","4YR","4YR","None","4YR","4YR","4YR","4YR","4YR","4YR","4YR","4YR","4YR","4YR","None","None","None","None","None","None"
"STU000443","CTC","CTC","CTC","CTC","CTC","None","None","None","None","None","None","None","None","None","None","None","None","None","None","None","None","None","None","None","None","None","None","None"
"STU000444","4YR","4YR","4YR","4YR","4YR","4YR","4YR","4YR","None","None","None","None","None","None","None","None","None","None","None","None","None","None","None","None","None","None","None","None"
"STU000445","None","None","None","None","None","None","None","None","None","None","None","None","None","None","None","None","None","None","None","None","None","None","None","None","None","None","None","None"
"STU000446","None","None","None","CTC","CTC","CTC","None","CTC","None","None","None","None","None","None","None","None","None","None","None","None","None","None","None","None","None","None","None","None"
"STU000447","None","None","None","None","None","None","None","None","None","None","None","None","None","None","None","None","None","None","None","None","None","None","None","None","None","None","None","None"
"STU000448","4YR","4YR","4YR","4YR","4YR","4YR","4YR","4YR","4YR","None","None","None","None","None","None","None","None","None","None","None","None","None","None","None","None","None","None","None"
"STU000449","None","CTC","4YR","CTC","CTC","CTC","CTC","CTC","4YR","4YR","4YR","4YR","4YR","4YR","4YR","4YR","4YR","None","None","None","None","None","None","None","None","None","None","None"
"STU000450","CTC","CTC","CTC","CTC","CTC","CTC","None","None","None","None","None","None","None","None","None","None","None","None","None","None","None","None","None","None","None","None","None","None"
"STU000451","None","4YR","4YR","4YR","4YR","4YR","None","4YR","4YR","4YR","4YR","None","None","4YR","None","4YR","CTC","4YR","4YR","None","None","None","None","None","None","None","None","None"
"STU000452","None","None","None","None","None","None","None","None","None","None","None","None","None","None","None","None","None","None","None","None","None","None","None","None","None","None","None","None"
"STU000453","4YR","4YR","CTC","4YR","4YR","4YR","4YR","4YR","4YR","4YR","4YR","4YR","4YR","4YR","None","None","None","None","None","None","None","None","None","None","None","None","None","None"
"STU000454","CTC","CTC","CTC","CTC","CTC","4YR","None","None","None","None","None","None","None","None","None","None","None","None","None","None","None","None","None","None","None","None","None","None"
"STU000455","CTC","CTC","CTC","CTC","CTC","CTC","CTC","CTC","4YR","4YR","4YR","4YR","None","4YR","4YR","4YR","4YR","None","None","None","None","None","None","None","None","None","None","None"
"STU000456","None","None","None","None","None","None","None","None","None","None","None","None","None","None","None","None","None","None","None","None","None","None","None","None","None","None","None","None"
"STU000457","None","None","None","None","None","None","None","None","None","None","None","None","None","None","None","None","None","None","None","None","None","None","None","None","None","None","None","None"
"STU000458","None","None","None","None","None","None","None","None","None","None","None","None","None","None","None","None","None","None","None","None","None","None","None","None","None","None","None","None"
"STU000459","None","None","None","None","None","None","None","None","None","None","None","None","None","None","None","None","None","None","None","None","None","None","None","None","None","None","None","None"
"STU000460","None","None","None","None","None","None","None","None","None","None","None","None","None","None","None","None","None","None","None","None","None","None","None","None","None","None","None","None"
"STU000461","4YR","CTC","CTC","CTC","CTC","4YR","None","None","None","None","None","None","None","None","None","None","None","None","None","None","None","None","None","None","None","None","None","None"
"STU000462","4YR","4YR","4YR","None","4YR","CTC","4YR","4YR","4YR","4YR","4YR","4YR","4YR","4YR","4YR","4YR","4YR","4YR","4YR","4YR","4YR","4YR","None","None","None","None","None","None"
"STU000463","None","None","None","CTC","CTC","CTC","CTC","CTC","CTC","CTC","CTC","CTC","None","None","None","None","None","None","None","None","None","None","None","None","None","None","None","None"
"STU000464","None","None","None","None","None","None","None","None","None","None","None","None","None","None","None","None","None","None","None","None","None","None","None","None","None","None","None","None"
"STU000465","CTC","CTC","CTC","CTC","4YR","CTC","4YR","4YR","None","4YR","4YR","4YR","4YR","4YR","4YR","None","4YR","4YR","4YR","None","None","None","None","None","None","None","None","None"
"STU000466","None","None","None","None","None","None","None","None","None","None","None","None","None","None","None","None","None","None","None","None","None","None","None","None","None","None","None","None"
"STU000467","4YR","4YR","4YR","4YR","4YR","4YR","4YR","4YR","4YR","4YR","4YR","4YR","4YR","4YR","4YR","4YR","None","4YR","4YR","4YR","4YR","4YR","4YR","4YR","None","None","None","None"
"STU000468","CTC","CTC","CTC","CTC","CTC","CTC","None","None","None","None","None","None","None","None","None","None","None","None","None","None","None","None","None","None","None","None","None","None"
"STU000469","4YR","4YR","4YR","4YR","4YR","4YR","4YR","4YR","None","4YR","4YR","4YR","4YR","4YR","None","None","None","None","None","None","None","None","None","None","None","None","None","None"
"STU000470","None","None","None","None","None","None","None","None","None","None","None","None","None","None","None","None","None","None","None","None","None","None","None","None","None","None","None","None"
"STU000471","4YR","CTC","CTC","CTC","CTC","4YR","CTC","CTC","CTC","None","None","None","None","None","None","None","None","None","None","None","None","None","None","None","None","None","None","None"
"STU000472","CTC","CTC","CTC","4YR","None","None","None","None","None","None","None","None","None","None","None","None","None","None","None","None","None","None","None","None","None","None","None","None"
"STU000473","None","None","None","None","None","None","None","None","None","None","None","None","None","None","None","None","None","CTC","CTC","None","None","None","None","None","None","None","None","None"
"STU000474","CTC","CTC","CTC","CTC","CTC","CTC","CTC","CTC","CTC","CTC","CTC","CTC","None","None","None","None","None","None","None","None","None","None","None","None","None","None","None","None"
"STU000475","None","None","None","None","None","None","None","None","None","None","None","None","None","None","None","None","None","None","None","None","None","None","None","None","None","None","None","None"
"STU000476","None","None","None","None","None","None","None","None","None","None","None","None","None","None","None","None","None","None","None","None","None","None","None","None","None","None","None","None"
"STU000477","4YR","4YR","4YR","4YR","4YR","4YR","4YR","4YR","4YR","4YR","4YR","4YR","4YR","4YR","4YR","None","4YR","4YR","None","CTC","None","None","None","None","None","None","None","None"
"STU000478","None","None","None","None","None","None","None","None","None","None","None","None","None","None","None","None","None","None","None","None","None","None","None","None","None","None","None","None"
"STU000479","CTC","CTC","4YR","CTC","CTC","CTC","CTC","CTC","None","CTC","CTC","CTC","CTC","None","None","None","None","None","None","None","None","None","None","None","None","None","None","None"
"STU000480","CTC","CTC","CTC","None","CTC","CTC","CTC","CTC","None","CTC","None","None","None","None","None","None","None","None","None","None","None","None","None","None","None","None","None","None"
"STU000481","None","None","None","None","None","None","None","None","None","None","None","None","None","None","None","None","None","None","None","None","None","None","None","None","None","None","None","None"
"STU000482","CTC","CTC","CTC","CTC","CTC","CTC","CTC","CTC","None","CTC","CTC","CTC","CTC","CTC","None","CTC","CTC","CTC","None","None","None","None","None","None","None","None","None","None"
"STU000483","None","None","None","None","None","None","None","None","None","None","None","None","None","None","None","None","None","None","None","None","None","None","None","None","None","None","None","None"
"STU000484","None","None","None","None","None","None","None","None","None","None","None","None","None","None","None","None","None","None","None","None","None","None","None","None","None","None","None","None"
"STU000485","None","None","CTC","CTC","CTC","None","4YR","CTC","CTC","None","CTC","None","CTC","CTC","CTC","CTC","CTC","CTC","None","None","None","None","None","None","None","None","None","None"
"STU000486","None","None","None","None","None","None","None","None","None","None","None","None","None","None","None","None","None","None","None","None","None","None","None","None","None","None","None","None"
"STU000487","4YR","4YR","4YR","4YR","4YR","4YR","4YR","4YR","4YR","4YR","4YR","4YR","4YR","4YR","None","None","None","None","None","None","None","None","None","None","None","None","None","None"
"STU000488","4YR","4YR","4YR","4YR","4YR","4YR","4YR","4YR","4YR","4YR","4YR","4YR","4YR","4YR","4YR","4YR","None","4YR","4YR","4YR","4YR","4YR","None","None","None","None","None","None"
"STU000489","CTC","None","CTC","CTC","CTC","CTC","CTC","4YR","4YR","None","4YR","4YR","4YR","4YR","4YR","4YR","None","4YR","4YR","None","None","None","None","None","None","None","None","None"
"STU000490","4YR","4YR","4YR","4YR","4YR","CTC","CTC","CTC","CTC","CTC","CTC","CTC","CTC","CTC","CTC","None","None","None","None","None","None","None","None","None","None","None","None","None"
"STU000491","CTC","CTC","CTC","CTC","CTC","CTC","CTC","CTC","None","None","None","None","None","None","None","None","None","None","None","None","None","None","None","None","None","None","None","None"
"STU000492","4YR","4YR","4YR","4YR","4YR","None","4YR","4YR","4YR","4YR","4YR","4YR","None","4YR","4YR","4YR","4YR","4YR","4YR","4YR","None","None","None","None","None","None","None","None"
"STU000493","CTC","CTC","None","None","None","None","None","None","None","None","None","None","None","None","None","None","None","None","None","None","None","None","None","None","None","None","None","None"
"STU000494","4YR","4YR","4YR","4YR","4YR","4YR","4YR","4YR","4YR","4YR","4YR","None","4YR","4YR","None","4YR","None","None","None","None","None","None","None","None","None","None","None","None"
"STU000495","None","None","4YR","4YR","4YR","4YR","CTC","None","None","None","None","None","None","None","None","None","None","None","None","None","None","None","None","None","None","None","None","None"
"STU000496","None","None","None","None","CTC","CTC","CTC","CTC","CTC","CTC","None","None","None","None","None","None","None","None","None","None","None","None","None","None","None","None","None","None"
"STU000497","None","None","None","CTC","CTC","CTC","None","CTC","CTC","CTC","CTC","None","None","CTC","CTC","CTC","CTC","CTC","None","None","None","None","None","None","None","None","None","None"
"STU000498","4YR","4YR","4YR","4YR","4YR","4YR","4YR","4YR","4YR","4YR","4YR","4YR","4YR","4YR","4YR","4YR","4YR","None","4YR","4YR","None","4YR","4YR","4YR","4YR","4YR","4YR","4YR"
"STU000499","4YR","4YR","4YR","4YR","4YR","4YR","4YR","CTC","4YR","None","4YR","4YR","4YR","4YR","4YR","4YR","4YR","4YR","4YR","4YR","4YR","4YR","4YR","4YR","4YR","4YR","4YR","4YR"
"STU000500","4YR","4YR","4YR","4YR","4YR","None","4YR","4YR","4YR","None","4YR","4YR","4YR","4YR","4YR","4YR","4YR","4YR","4YR","None","None","None","None","None","None","None","None","None"
"STU000501","None","None","None","CTC","CTC","None","CTC","CTC","CTC","CTC","CTC","None","None","None","None","None","None","None","None","None","None","None","None","None","None","None","None","None"
"STU000502","4YR","4YR","4YR","4YR","4YR","None","None","None","None","None","None","None","None","None","None","None","None","None","None","None","None","None","None","None","None","None","None","None"
"STU000503","None","None","None","None","None","None","None","None","None","None","None","None","None","None","None","None","None","None","None","None","None","None","None","None","None","None","None","None"
"STU000504","CTC","CTC","CTC","CTC","CTC","CTC","CTC","CTC","CTC","CTC","CTC","CTC","None","CTC","CTC","CTC","CTC","CTC","None","None","None","None","None","None","None","None","None","None"
"STU000505","None","None","None","None","CTC","CTC","CTC","CTC","CTC","None","None","CTC","None","CTC","None","None","None","None","None","None","None","None","None","None","None","None","None","None"
"STU000506","4YR","4YR","4YR","4YR","4YR","4YR","CTC","None","4YR","4YR","None","None","None","None","None","None","None","None","None","None","None","None","None","None","None","None","None","None"
"STU000507","None","None","None","None","None","None","None","None","None","None","None","None","None","None","None","None","None","None","None","None","None","None","None","None","None","None","None","None"
"STU000508","4YR","4YR","4YR","4YR","4YR","4YR","4YR","4YR","4YR","4YR","4YR","4YR","4YR","4YR","4YR","4YR","4YR","4YR","4YR","4YR","4YR","4YR","None","4YR","4YR","4YR","4YR","4YR"
"STU000509","CTC","CTC","None","CTC","CTC","CTC","CTC","CTC","None","4YR","None","4YR","4YR","None","None","4YR","4YR","4YR","4YR","4YR","None","None","None","None","None","None","None","None"
"STU000510","None","None","None","None","4YR","4YR","4YR","4YR","None","None","None","None","None","None","None","None","None","None","None","None","None","None","None","None","None","None","None","None"
"STU000511","None","None","CTC","CTC","CTC","CTC","CTC","None","None","None","None","None","None","None","None","None","None","None","None","None","None","None","None","None","None","None","None","None"
"STU000512","CTC","CTC","CTC","None","CTC","CTC","None","None","None","None","None","None","None","None","None","None","None","None","None","None","None","None","None","None","None","None","None","None"
"STU000513","4YR","4YR","4YR","4YR","4YR","4YR","4YR","4YR","None","4YR","4YR","4YR","4YR","4YR","None","4YR","4YR","4YR","4YR","4YR","4YR","4YR","4YR","4YR","4YR","None","4YR","None"
"STU000514","None","CTC","CTC","CTC","CTC","CTC","CTC","CTC","None","None","None","None","None","None","None","None","None","None","None","None","None","None","None","None","None","None","None","None"
"STU000515","CTC","CTC","CTC","CTC","CTC","CTC","None","None","None","None","None","None","None","None","None","None","None","None","None","None","None","None","None","None","None","None","None","None"
"STU000516","None","CTC","CTC","CTC","CTC","CTC","CTC","CTC","CTC","None","None","CTC","CTC","CTC","CTC","CTC","CTC","CTC","None","None","None","None","None","None","None","None","None","None"
"STU000517","CTC","4YR","None","CTC","CTC","None","None","None","None","None","None","None","None","None","None","None","None","None","None","None","None","None","None","None","None","None","None","None"
"STU000518","None","None","CTC","CTC","CTC","None","CTC","None","CTC","CTC","CTC","CTC","None","None","CTC","CTC","CTC","None","None","None","None","None","None","None","None","None","None","None"
"STU000519","None","CTC","CTC","CTC","CTC","CTC","CTC","CTC","CTC","CTC","CTC","CTC","CTC","CTC","CTC","CTC","4YR","CTC","None","None","None","None","None","None","None","None","None","None"
"STU000520","None","CTC","CTC","None","None","None","None","None","None","None","None","None","None","None","None","None","None","None","None","None","None","None","None","None","None","None","None","None"
"STU000521","None","None","None","None","CTC","CTC","CTC","CTC","CTC","None","None","None","None","None","None","None","None","None","None","None","None","None","None","None","None","None","None","None"
"STU000522","CTC","CTC","CTC","CTC","CTC","CTC","4YR","CTC","CTC","CTC","None","None","None","None","None","None","None","None","None","None","None","None","None","None","None","None","None","None"
"STU000523","CTC","CTC","CTC","CTC","CTC","CTC","CTC","4YR","4YR","4YR","4YR","4YR","4YR","4YR","4YR","4YR","4YR","4YR","4YR","4YR","None","None","None","None","None","None","None","None"
"STU000524","CTC","CTC","CTC","CTC","CTC","CTC","CTC","None","CTC","CTC","CTC","CTC","CTC","CTC","CTC","None","None","None","None","None","None","None","None","None","None","None","None","None"
"STU000525","None","None","None","None","None","None","None","None","None","None","None","None","None","None","None","None","None","None","None","None","None","None","None","None","None","None","None","None"
"STU000526","None","None","None","None","None","None","None","None","None","None","None","None","None","None","None","None","None","None","None","None","None","None","None","None","None","None","None","None"
"STU000527","None","None","None","None","4YR","4YR","4YR","4YR","4YR","None","None","None","None","None","None","None","None","None","None","None","None","None","None","None","None","None","None","None"
"STU000528","None","None","None","None","None","None","None","None","None","None","None","None","None","None","None","None","None","None","None","None","None","None","None","None","None","None","None","None"
"STU000529","4YR","4YR","4YR","4YR","4YR","4YR","4YR","4YR","4YR","4YR","4YR","CTC","4YR","4YR","4YR","4YR","4YR","4YR","4YR","4YR","4YR","4YR","4YR","4YR","4YR","4YR","None","None"
"STU000530","CTC","CTC","CTC","CTC","CTC","CTC","CTC","4YR","None","4YR","4YR","CTC","4YR","4YR","None","4YR","4YR","None","None","None","None","None","None","None","None","None","None","None"
"STU000531","None","None","None","None","None","None","None","None","None","None","None","None","None","None","None","None","None","None","None","None","None","None","None","None","None","None","None","None"
"STU000532","CTC","CTC","CTC","None","None","None","None","None","None","None","None","None","None","None","None","None","None","None","None","None","None","None","None","None","None","None","None","None"
"STU000533","CTC","CTC","CTC","None","CTC","CTC","4YR","4YR","4YR","4YR","4YR","4YR","4YR","4YR","4YR","4YR","None","None","None","None","None","None","None","None","None","None","None","None"
"STU000534","None","None","CTC","4YR","CTC","CTC","CTC","CTC","None","None","None","None","None","None","None","None","None","None","None","None","None","None","None","None","None","None","None","None"
"STU000535","4YR","4YR","4YR","4YR","4YR","4YR","4YR","4YR","4YR","4YR","4YR","None","CTC","4YR","None","None","None","None","None","None","None","None","None","None","None","None","None","None"
"STU000536","4YR","CTC","4YR","4YR","4YR","4YR","4YR","4YR","4YR","4YR","4YR","None","4YR","4YR","4YR","4YR","4YR","4YR","4YR","4YR","4YR","4YR","4YR","4YR","4YR","4YR","4YR","None"
"STU000537","CTC","CTC","CTC","CTC","CTC","CTC","CTC","4YR","4YR","4YR","4YR","4YR","4YR","4YR","4YR","4YR","4YR","CTC","CTC","None","None","None","None","None","None","None","None","None"
"STU000538","4YR","4YR","4YR","4YR","4YR","4YR","4YR","4YR","4YR","4YR","4YR","4YR","4YR","None","None","None","None","None","None","None","None","None","None","None","None","None","None","None"
"STU000539","None","None","CTC","4YR","None","None","None","None","None","None","None","None","None","None","None","None","None","None","None","None","None","None","None","None","None","None","None","None"
"STU000540","None","4YR","4YR","4YR","4YR","4YR","4YR","4YR","4YR","4YR","4YR","4YR","4YR","4YR","4YR","4YR","None","None","None","None","None","None","None","None","None","None","None","None"
"STU000541","4YR","4YR","4YR","4YR","4YR","4YR","4YR","4YR","4YR","4YR","None","4YR","4YR","4YR","4YR","None","None","None","None","None","None","None","None","None","None","None","None","None"
"STU000542","CTC","CTC","CTC","CTC","CTC","CTC","None","None","None","None","None","None","None","None","None","None","None","None","None","None","None","None","None","None","None","None","None","None"
"STU000543","CTC","CTC","CTC","CTC","CTC","None","CTC","CTC","4YR","4YR","None","4YR","4YR","4YR","4YR","4YR","4YR","None","None","None","None","None","None","None","None","None","None","None"
"STU000544","None","CTC","CTC","CTC","CTC","None","None","None","None","None","None","None","None","None","None","None","None","None","None","None","None","None","None","None","None","None","None","None"
"STU000545","None","None","CTC","CTC","CTC","CTC","4YR","4YR","4YR","4YR","4YR","None","CTC","4YR","4YR","4YR","4YR","4YR","None","None","None","None","None","None","None","None","None","None"
"STU000546","4YR","4YR","4YR","4YR","4YR","4YR","4YR","4YR","4YR","4YR","4YR","None","4YR","4YR","4YR","CTC","None","None","None","None","None","None","None","None","None","None","None","None"
"STU000547","None","None","None","4YR","4YR","4YR","4YR","4YR","4YR","None","None","None","None","None","None","None","None","None","None","None","None","None","None","None","None","None","None","None"
"STU000548","4YR","4YR","4YR","4YR","4YR","4YR","4YR","4YR","4YR","None","4YR","4YR","4YR","4YR","4YR","None","None","None","None","None","None","None","None","None","None","None","None","None"
"STU000549","None","None","None","None","None","None","None","None","None","None","None","None","None","None","None","None","None","None","None","None","None","None","None","None","None","None","None","None"
"STU000550","None","4YR","4YR","4YR","4YR","4YR","4YR","4YR","4YR","None","None","None","None","None","None","None","None","None","None","None","None","None","None","None","None","None","None","None"
"STU000551","None","None","None","None","None","None","None","None","None","None","None","None","None","None","None","None","None","None","None","None","None","None","None","None","None","None","None","None"
"STU000552","None","None","None","None","None","None","None","None","None","None","None","None","None","None","None","None","None","None","None","None","None","None","None","None","None","None","None","None"
"STU000553","None","None","None","None","None","None","None","None","None","None","None","None","None","None","None","None","None","None","None","None","None","None","None","None","None","None","None","None"
"STU000554","None","CTC","4YR","4YR","None","CTC","CTC","None","CTC","CTC","None","CTC","CTC","CTC","None","None","None","None","None","None","None","None","None","None","None","None","None","None"
"STU000555","None","None","None","None","None","None","None","None","None","None","None","None","None","None","None","None","None","None","None","None","None","None","None","None","None","None","None","None"
"STU000556","CTC","None","CTC","CTC","CTC","None","None","None","None","None","None","None","None","None","None","None","None","None","None","None","None","None","None","None","None","None","None","None"
"STU000557","None","None","CTC","CTC","CTC","CTC","None","None","CTC","CTC","CTC","None","None","None","None","None","None","None","None","None","None","None","None","None","None","None","None","None"
"STU000558","CTC","CTC","CTC","CTC","CTC","CTC","CTC","CTC","CTC","CTC","CTC","None","None","None","None","None","None","None","None","None","None","None","None","None","None","None","None","None"
"STU000559","None","None","None","CTC","CTC","CTC","CTC","None","CTC","CTC","CTC","None","None","None","None","None","None","None","None","None","None","None","None","None","None","None","None","None"
"STU000560","CTC","CTC","CTC","CTC","4YR","CTC","CTC","CTC","4YR","4YR","4YR","4YR","CTC","None","4YR","4YR","4YR","4YR","None","None","None","None","None","None","None","None","None","None"
"STU000561","None","None","None","None","None","None","None","None","None","None","None","None","None","None","None","None","None","None","None","None","None","None","CTC","None","None","None","None","None"
"STU000562","CTC","CTC","CTC","CTC","CTC","CTC","CTC","CTC","None","4YR","CTC","CTC","None","CTC","CTC","CTC","None","None","None","None","None","None","None","None","None","None","None","None"
"STU000563","4YR","None","4YR","4YR","4YR","4YR","4YR","4YR","CTC","4YR","4YR","4YR","4YR","4YR","4YR","None","None","None","None","None","None","None","None","None","None","None","None","None"
"STU000564","None","None","None","None","None","None","None","None","None","None","None","None","None","None","None","None","None","None","None","None","None","None","None","None","None","None","None","None"
"STU000565","CTC","CTC","CTC","CTC","CTC","CTC","CTC","CTC","CTC","CTC","None","None","None","None","None","None","None","None","None","None","None","None","None","None","None","None","None","None"
"STU000566","CTC","CTC","None","CTC","CTC","CTC","CTC","None","None","None","None","None","None","None","None","None","None","None","None","None","None","None","None","None","None","None","None","None"
"STU000567","CTC","CTC","CTC","CTC","CTC","CTC","CTC","CTC","CTC","CTC","CTC","4YR","None","None","None","None","None","None","None","None","None","None","None","None","None","None","None","None"
"STU000568","None","None","None","None","CTC","CTC","CTC","CTC","CTC","CTC","CTC","CTC","None","None","None","None","None","None","None","None","None","None","None","None","None","None","None","None"
"STU000569","CTC","CTC","4YR","CTC","CTC","CTC","None","None","None","None","None","None","None","None","None","None","None","None","None","None","None","None","None","None","None","None","None","None"
"STU000570","None","None","None","None","None","None","None","None","None","None","None","None","None","None","None","None","None","None","None","None","None","None","None","None","None","None","None","None"
"STU000571","4YR","4YR","4YR","4YR","4YR","4YR","4YR","4YR","4YR","4YR","4YR","4YR","4YR","4YR","4YR","None","None","None","None","None","None","None","None","None","None","None","None","None"
"STU000572","None","None","CTC","CTC","CTC","None","None","None","None","None","None","None","None","None","None","None","None","None","None","None","None","None","None","None","None","None","None","None"
"STU000573","4YR","4YR","4YR","4YR","None","4YR","4YR","4YR","4YR","4YR","4YR","4YR","4YR","4YR","4YR","None","4YR","4YR","4YR","4YR","4YR","4YR","4YR","4YR","4YR","4YR","None","None"
"STU000574","CTC","CTC","CTC","CTC","CTC","CTC","CTC","None","None","None","None","None","None","None","None","None","None","None","None","None","None","None","None","None","None","None","None","None"
"STU000575","None","None","None","None","None","None","None","None","None","None","None","None","None","None","None","None","None","None","None","None","None","None","None","None","None","None","None","None"
"STU000576","CTC","CTC","4YR","CTC","CTC","CTC","CTC","None","None","None","None","None","None","None","None","None","None","None","None","None","None","None","None","None","None","None","None","None"
"STU000577","None","4YR","None","4YR","4YR","None","4YR","4YR","4YR","4YR","4YR","4YR","4YR","4YR","4YR","None","None","None","None","None","None","None","None","None","None","None","None","None"
"STU000578","4YR","4YR","4YR","4YR","4YR","4YR","4YR","4YR","4YR","4YR","4YR","4YR","CTC","4YR","4YR","4YR","4YR","4YR","4YR","4YR","4YR","4YR","4YR","4YR","4YR","4YR","4YR","4YR"
"STU000579","None","None","None","None","None","None","None","None","None","None","None","None","None","None","None","None","None","None","None","None","None","None","None","None","None","None","None","None"
"STU000580","None","None","None","None","None","None","None","None","None","None","None","None","None","None","None","None","None","None","None","None","None","None","None","None","None","None","None","None"
"STU000581","None","None","None","None","4YR","4YR","4YR","4YR","4YR","4YR","4YR","4YR","4YR","4YR","None","None","None","None","None","None","None","None","None","None","None","None","None","None"
"STU000582","CTC","CTC","None","CTC","CTC","None","CTC","CTC","CTC","CTC","CTC","CTC","CTC","CTC","CTC","CTC","CTC","None","None","None","None","None","None","None","None","None","None","None"
"STU000583","4YR","4YR","4YR","None","4YR","4YR","4YR","4YR","4YR","CTC","4YR","4YR","4YR","4YR","4YR","4YR","4YR","4YR","4YR","None","None","None","None","None","None","None","None","None"
"STU000584","4YR","4YR","4YR","4YR","4YR","4YR","CTC","4YR","4YR","4YR","4YR","4YR","4YR","4YR","4YR","4YR","4YR","4YR","4YR","4YR","None","None","None","None","None","None","None","None"
"STU000585","CTC","CTC","4YR","CTC","CTC","CTC","None","None","None","None","None","None","None","None","None","None","None","None","None","None","None","None","None","None","None","None","None","None"
"STU000586","None","None","None","None","None","None","None","None","None","None","None","None","None","None","None","None","None","None","None","None","None","None","None","None","None","None","None","None"
"STU000587","None","None","None","None","None","None","None","None","None","None","None","None","None","None","None","None","None","None","None","None","None","None","None","None","None","None","None","None"
"STU000588","4YR","4YR","4YR","4YR","4YR","4YR","4YR","4YR","None","None","None","None","None","None","None","None","None","None","None","None","None","None","None","None","None","None","None","None"
"STU000589","None","None","None","CTC","CTC","CTC","CTC","None","None","None","CTC","None","CTC","CTC","CTC","None","None","None","None","None","None","None","None","None","None","None","None","None"
"STU000590","CTC","CTC","CTC","CTC","CTC","CTC","CTC","CTC","CTC","CTC","CTC","CTC","CTC","None","None","None","None","None","None","None","None","None","None","None","None","None","None","None"
"STU000591","None","None","None","None","None","None","None","None","None","None","None","None","None","None","None","None","None","None","None","None","None","None","None","None","None","None","None","None"
"STU000592","4YR","4YR","4YR","4YR","None","4YR","4YR","4YR","4YR","4YR","4YR","4YR","4YR","None","None","None","None","None","None","None","None","None","None","None","None","None","None","None"
"STU000593","4YR","4YR","4YR","4YR","4YR","4YR","4YR","4YR","4YR","4YR","4YR","4YR","4YR","4YR","4YR","4YR","None","None","None","None","None","None","None","None","None","None","None","None"
"STU000594","4YR","4YR","4YR","4YR","4YR","4YR","4YR","4YR","None","4YR","4YR","4YR","CTC","4YR","None","None","None","None","None","None","None","None","None","None","None","None","None","None"
"STU000595","4YR","4YR","4YR","4YR","4YR","4YR","4YR","4YR","4YR","4YR","None","4YR","4YR","CTC","4YR","4YR","None","None","None","None","None","None","None","None","None","None","None","None"
"STU000596","None","None","None","None","None","None","None","None","None","None","None","None","None","None","None","None","None","None","None","None","None","None","None","None","None","None","None","None"
"STU000597","CTC","CTC","CTC","CTC","None","None","None","None","None","None","None","None","None","None","None","None","None","None","None","None","None","None","None","None","None","None","None","None"
"STU000598","None","CTC","None","CTC","None","None","None","None","None","None","None","None","None","None","None","None","None","None","None","None","None","None","None","None","None","None","None","None"
"STU000599","None","CTC","CTC","CTC","CTC","CTC","CTC","CTC","None","None","None","None","None","None","None","None","None","None","None","None","None","None","None","None","None","None","None","None"
"STU000600","CTC","CTC","CTC","CTC","CTC","CTC","None","None","None","None","None","None","None","None","None","None","None","None","None","None","None","None","None","None","None","None","None","None"
"STU000601","None","None","None","None","None","None","None","None","None","None","None","None","None","None","None","None","None","None","None","None","None","None","None","None","None","None","None","None"
"STU000602","4YR","4YR","4YR","4YR","4YR","4YR","4YR","4YR","4YR","4YR","4YR","4YR","4YR","4YR","4YR","4YR","4YR","4YR","CTC","None","None","None","None","None","None","None","None","None"
"STU000603","None","None","None","None","None","None","None","None","None","None","None","None","None","None","None","None","None","None","None","None","None","None","None","None","None","None","None","None"
"STU000604","None","CTC","CTC","CTC","4YR","None","None","None","None","None","None","None","None","None","None","None","None","None","None","None","None","None","None","None","None","None","None","None"
"STU000605","None","None","None","None","None","None","None","None","None","None","None","None","None","None","None","None","None","None","None","None","None","None","None","None","None","None","None","None"
"STU000606","CTC","None","None","None","None","None","None","None","None","None","None","None","None","None","None","None","None","None","None","None","None","None","None","None","None","None","None","None"
"STU000607","4YR","4YR","4YR","4YR","4YR","4YR","4YR","4YR","4YR","4YR","4YR","4YR","4YR","4YR","4YR","4YR","4YR","4YR","4YR","4YR","4YR","4YR","None","None","None","None","None","None"
"STU000608","CTC","CTC","CTC","CTC","CTC","CTC","CTC","None","None","None","None","None","None","None","None","None","None","None","None","None","None","None","None","None","None","None","None","None"
"STU000609","4YR","4YR","4YR","4YR","4YR","4YR","4YR","4YR","4YR","4YR","4YR","None","4YR","4YR","4YR","4YR","None","None","None","None","None","None","None","None","None","None","None","None"
"STU000610","4YR","4YR","4YR","4YR","4YR","4YR","4YR","4YR","4YR","4YR","4YR","4YR","4YR","4YR","4YR","4YR","None","None","None","None","None","None","None","None","None","None","None","None"
"STU000611","4YR","4YR","4YR","4YR","4YR","4YR","4YR","4YR","CTC","4YR","4YR","None","4YR","4YR","4YR","4YR","None","None","None","None","None","None","None","None","None","None","None","None"
"STU000612","CTC","CTC","None","4YR","CTC","CTC","CTC","CTC","None","None","None","None","None","None","None","None","None","None","None","None","None","None","None","None","None","None","None","None"
"STU000613","None","None","None","None","CTC","CTC","None","None","None","None","None","None","None","None","None","None","None","None","None","None","None","None","None","None","None","None","None","None"
"STU000614","4YR","4YR","4YR","4YR","4YR","4YR","4YR","4YR","4YR","4YR","4YR","4YR","4YR","4YR","None","None","None","None","None","None","None","None","None","None","None","None","None","None"
"STU000615","None","None","None","None","None","None","None","None","None","None","None","None","None","None","None","None","None","None","None","None","None","None","None","None","None","None","None","None"
"STU000616","CTC","CTC","CTC","CTC","None","None","None","None","None","None","None","None","None","None","None","None","None","None","None","None","None","None","None","None","None","None","None","None"
"STU000617","None","None","None","None","None","None","None","None","None","None","None","None","None","None","None","None","None","None","None","None","None","None","None","None","None","None","None","None"
"STU000618","None","None","None","None","4YR","4YR","4YR","None","None","None","None","None","None","None","None","None","None","None","None","None","None","None","None","None","None","None","None","None"
"STU000619","4YR","CTC","CTC","CTC","CTC","CTC","CTC","CTC","CTC","CTC","CTC","CTC","CTC","CTC","None","CTC","CTC","CTC","None","None","None","None","None","None","None","None","None","None"
"STU000620","None","None","None","None","None","None","None","None","None","None","None","None","None","None","None","None","CTC","None","None","None","None","None","None","None","None","None","None","None"
"STU000621","None","None","None","None","None","None","None","None","None","None","None","None","None","None","None","None","None","None","None","None","None","None","None","None","None","None","None","None"
"STU000622","None","None","None","None","4YR","4YR","None","4YR","4YR","None","None","None","4YR","4YR","4YR","4YR","None","None","None","None","None","None","None","None","None","None","None","None"
"STU000623","None","None","CTC","CTC","None","None","None","None","None","None","None","None","None","None","None","None","None","None","None","None","None","None","None","None","None","None","None","None"
"STU000624","CTC","CTC","CTC","CTC","CTC","CTC","None","4YR","CTC","CTC","CTC","None","None","None","None","None","None","None","None","None","None","None","None","None","None","None","None","None"
"STU000625","None","None","None","None","None","None","None","None","None","None","None","None","None","None","None","None","None","None","None","None","None","None","None","None","None","None","None","None"
"STU000626","CTC","CTC","None","CTC","CTC","CTC","CTC","None","None","None","None","None","None","None","None","None","None","None","None","None","None","None","None","None","None","None","None","None"
"STU000627","None","None","None","None","CTC","4YR","CTC","CTC","None","None","None","None","None","None","None","None","None","None","None","None","None","None","None","None","None","None","None","None"
"STU000628","None","None","None","None","None","None","None","None","None","None","None","None","None","None","None","None","None","None","None","None","None","None","None","None","None","None","None","None"
"STU000629","None","None","None","None","None","None","None","None","None","None","None","None","None","None","None","None","None","None","None","None","None","None","None","None","None","None","None","None"
"STU000630","CTC","4YR","CTC","CTC","CTC","CTC","CTC","None","4YR","4YR","4YR","4YR","CTC","4YR","4YR","4YR","4YR","4YR","None","None","None","None","None","None","None","None","None","None"
"STU000631","CTC","CTC","CTC","CTC","CTC","CTC","CTC","4YR","4YR","4YR","4YR","4YR","4YR","4YR","4YR","4YR","None","None","None","None","None","None","None","None","None","None","None","None"
"STU000632","4YR","CTC","CTC","CTC","CTC","None","CTC","CTC","4YR","4YR","4YR","4YR","4YR","4YR","4YR","4YR","4YR","4YR","None","None","None","None","None","None","None","None","None","None"
"STU000633","None","None","None","None","None","None","None","None","None","None","None","None","None","None","None","None","None","None","None","None","None","None","None","None","None","None","None","None"
"STU000634","4YR","4YR","4YR","CTC","None","4YR","4YR","4YR","4YR","4YR","4YR","4YR","4YR","None","4YR","4YR","None","None","None","None","None","None","None","None","None","None","None","None"
"STU000635","None","None","None","None","None","None","None","None","None","None","None","None","None","None","None","None","None","None","None","None","None","None","None","None","None","None","None","None"
"STU000636","4YR","4YR","4YR","4YR","4YR","4YR","4YR","4YR","4YR","4YR","4YR","4YR","4YR","4YR","4YR","None","None","None","None","None","None","None","None","None","None","None","None","None"
"STU000637","4YR","4YR","None","None","None","None","None","None","None","None","None","None","None","None","None","None","None","None","None","None","None","None","None","None","None","None","None","None"
"STU000638","CTC","CTC","CTC","None","None","CTC","CTC","CTC","CTC","CTC","None","None","None","None","None","None","None","None","None","None","None","None","None","None","None","None","None","None"
"STU000639","None","None","None","CTC","CTC","CTC","None","None","None","None","None","None","None","None","None","None","None","None","None","None","None","None","None","None","None","None","None","None"
"STU000640","None","4YR","4YR","None","None","None","4YR","4YR","4YR","None","None","None","None","None","None","None","None","None","None","None","None","None","None","None","None","None","None","None"
"STU000641","CTC","CTC","CTC","CTC","CTC","CTC","CTC","CTC","None","None","None","None","None","None","None","None","None","None","None","None","None","None","None","None","None","None","None","None"
"STU000642","CTC","CTC","CTC","None","None","CTC","CTC","4YR","4YR","4YR","4YR","4YR","4YR","4YR","4YR","4YR","None","None","None","None","None","None","None","None","None","None","None","None"
"STU000643","4YR","4YR","4YR","4YR","4YR","4YR","4YR","4YR","4YR","4YR","4YR","4YR","4YR","4YR","4YR","4YR","4YR","None","4YR","4YR","4YR","None","None","None","None","None","None","None"
"STU000644","None","None","None","None","CTC","CTC","CTC","CTC","CTC","CTC","None","None","None","None","None","None","None","None","None","None","None","None","None","None","None","None","None","None"
"STU000645","None","None","None","None","None","None","None","None","None","None","None","None","None","None","None","None","None","None","None","None","None","None","None","None","None","None","None","None"
"STU000646","CTC","CTC","CTC","None","None","None","None","None","None","None","None","None","None","None","None","None","None","None","None","None","None","None","None","None","None","None","None","None"
"STU000647","CTC","CTC","CTC","CTC","CTC","CTC","CTC","CTC","CTC","None","CTC","CTC","None","CTC","CTC","CTC","CTC","None","None","None","None","None","None","None","None","None","None","None"
"STU000648","None","None","None","4YR","4YR","4YR","None","4YR","4YR","4YR","4YR","None","4YR","4YR","4YR","None","None","None","None","None","None","None","None","None","None","None","None","None"
"STU000649","None","None","CTC","CTC","CTC","CTC","CTC","CTC","CTC","None","None","None","None","None","None","None","None","None","None","None","None","None","None","None","None","None","None","None"
"STU000650","None","None","None","None","None","None","None","None","None","None","None","None","None","None","None","None","None","None","None","None","None","None","None","None","None","None","None","None"
"STU000651","None","None","None","None","None","None","None","None","None","None","None","None","None","None","None","None","None","None","None","None","None","None","None","None","None","None","None","None"
"STU000652","CTC","CTC","CTC","CTC","CTC","CTC","None","None","None","None","None","None","None","None","None","None","None","None","None","None","None","None","None","None","None","None","None","None"
"STU000653","None","None","None","CTC","CTC","CTC","CTC","CTC","CTC","CTC","CTC","CTC","None","None","None","None","None","None","None","None","None","None","None","None","None","None","None","None"
"STU000654","None","None","None","None","None","None","None","None","None","None","None","None","None","None","None","None","None","None","None","None","None","None","None","None","None","None","None","None"
"STU000655","None","4YR","4YR","4YR","4YR","4YR","4YR","CTC","4YR","4YR","4YR","4YR","4YR","4YR","None","None","None","None","None","None","None","None","None","None","None","None","None","None"
"STU000656","4YR","4YR","4YR","4YR","4YR","4YR","4YR","None","4YR","4YR","4YR","4YR","4YR","4YR","4YR","4YR","4YR","4YR","4YR","None","4YR","4YR","4YR","4YR","4YR","None","None","None"
"STU000657","CTC","CTC","CTC","CTC","CTC","CTC","CTC","CTC","CTC","CTC","CTC","CTC","CTC","CTC","CTC","None","None","None","None","None","None","None","None","None","None","None","None","None"
"STU000658","CTC","CTC","CTC","CTC","CTC","CTC","CTC","None","CTC","None","CTC","CTC","CTC","CTC","None","CTC","CTC","None","None","None","None","None","None","None","None","None","None","None"
"STU000659","CTC","CTC","CTC","CTC","4YR","CTC","None","None","None","None","None","None","None","None","None","None","None","None","None","None","None","None","None","None","None","None","None","None"
"STU000660","CTC","CTC","CTC","CTC","CTC","CTC","CTC","CTC","CTC","None","None","None","None","None","None","None","None","None","None","None","None","None","None","None","None","None","None","None"
"STU000661","None","None","None","None","None","4YR","4YR","4YR","4YR","4YR","4YR","None","None","None","None","None","None","None","None","None","None","None","None","None","None","None","None","None"
"STU000662","None","None","None","CTC","CTC","CTC","None","CTC","CTC","CTC","None","None","None","None","None","None","None","None","None","None","None","None","None","None","None","None","None","None"
"STU000663","None","None","None","None","None","None","None","None","None","None","None","None","None","None","None","None","None","None","None","None","None","None","None","None","None","None","None","None"
"STU000664","None","None","None","4YR","4YR","4YR","4YR","4YR","None","None","None","None","None","None","None","None","None","None","None","None","None","None","None","None","None","None","None","None"
"STU000665","CTC","CTC","None","CTC","CTC","CTC","CTC","None","None","None","None","None","None","None","None","None","None","None","None","None","None","None","None","None","None","None","None","None"
"STU000666","None","None","None","None","None","None","None","None","None","None","None","None","None","None","None","None","None","None","None","None","None","None","None","None","None","None","None","None"
"STU000667","4YR","4YR","4YR","4YR","4YR","4YR","4YR","4YR","4YR","None","None","4YR","4YR","4YR","4YR","None","None","None","None","None","None","None","None","None","None","None","None","None"
"STU000668","4YR","4YR","4YR","4YR","4YR","4YR","4YR","4YR","CTC","4YR","4YR","4YR","4YR","4YR","4YR","4YR","CTC","4YR","4YR","None","None","None","None","None","None","None","None","None"
"STU000669","None","None","None","None","None","None","None","None","None","None","None","None","None","None","None","None","None","None","None","None","None","None","None","None","None","None","None","None"
"STU000670","CTC","CTC","CTC","CTC","CTC","CTC","CTC","CTC","None","None","None","None","None","None","None","None","None","None","None","None","None","None","None","None","None","None","None","None"
"STU000671","4YR","4YR","4YR","4YR","4YR","4YR","4YR","4YR","4YR","4YR","4YR","4YR","4YR","4YR","4YR","None","None","None","None","None","None","None","None","None","None","None","None","None"
"STU000672","None","4YR","4YR","4YR","CTC","4YR","None","None","None","None","None","None","None","None","None","None","None","None","None","None","None","None","None","None","None","None","None","None"
"STU000673","4YR","4YR","4YR","4YR","4YR","4YR","4YR","4YR","4YR","4YR","4YR","4YR","4YR","4YR","None","None","None","None","None","None","None","None","None","None","None","None","None","None"
"STU000674","CTC","CTC","CTC","CTC","CTC","CTC","CTC","CTC","None","CTC","CTC","None","CTC","None","None","None","None","None","None","None","None","None","None","None","None","None","None","None"
"STU000675","CTC","CTC","CTC","CTC","CTC","CTC","CTC","4YR","None","None","None","None","None","None","None","None","None","None","None","None","None","None","None","None","None","None","None","None"
"STU000676","None","None","CTC","4YR","None","CTC","CTC","None","None","CTC","CTC","CTC","None","None","None","None","None","None","None","None","None","None","None","None","None","None","None","None"
"STU000677","4YR","4YR","4YR","4YR","CTC","4YR","None","4YR","4YR","4YR","4YR","4YR","4YR","None","4YR","None","None","None","None","None","None","None","None","None","None","None","None","None"
"STU000678","CTC","CTC","CTC","CTC","CTC","None","None","None","None","None","None","None","None","None","None","None","None","None","None","None","None","None","None","None","None","None","None","None"
"STU000679","None","None","None","None","None","None","None","None","None","None","None","None","None","None","None","None","CTC","None","None","None","None","None","None","None","None","None","None","None"
"STU000680","None","None","None","None","None","None","None","None","None","None","None","None","None","None","None","None","None","None","None","None","None","None","None","None","None","None","None","None"
"STU000681","CTC","CTC","CTC","CTC","CTC","CTC","CTC","CTC","None","None","None","None","None","None","None","None","None","None","None","None","None","None","None","None","None","None","None","None"
"STU000682","None","None","None","None","4YR","4YR","4YR","4YR","None","None","None","None","None","None","None","None","None","None","None","None","None","None","None","None","None","None","None","None"
"STU000683","4YR","4YR","4YR","4YR","4YR","4YR","4YR","4YR","4YR","4YR","4YR","4YR","4YR","4YR","4YR","None","None","None","None","None","None","None","None","None","None","None","None","None"
"STU000684","CTC","CTC","CTC","CTC","CTC","CTC","CTC","CTC","4YR","4YR","4YR","4YR","4YR","4YR","4YR","4YR","None","4YR","4YR","4YR","4YR","None","None","None","None","None","None","None"
"STU000685","4YR","4YR","4YR","4YR","CTC","4YR","4YR","4YR","4YR","4YR","4YR","4YR","4YR","4YR","4YR","4YR","4YR","4YR","4YR","4YR","4YR","4YR","4YR","4YR","4YR","None","None","None"
"STU000686","4YR","4YR","4YR","4YR","4YR","4YR","4YR","4YR","CTC","None","4YR","4YR","None","4YR","4YR","4YR","4YR","4YR","None","None","None","None","None","None","None","None","None","None"
"STU000687","CTC","CTC","CTC","CTC","CTC","CTC","None","None","None","None","None","None","None","None","None","None","None","None","None","None","None","None","None","None","None","None","None","None"
"STU000688","CTC","None","None","None","None","None","None","None","None","None","None","None","None","None","None","None","None","None","None","None","None","None","None","None","None","None","None","None"
"STU000689","None","None","None","None","None","None","None","None","None","None","None","None","None","None","None","None","None","None","None","None","None","None","None","None","None","None","None","None"
"STU000690","CTC","None","None","None","None","None","None","None","None","None","None","None","None","None","None","None","None","None","None","None","None","None","None","None","None","None","None","None"
"STU000691","CTC","CTC","CTC","CTC","CTC","CTC","CTC","None","None","None","None","None","None","None","None","None","None","None","None","None","None","None","None","None","None","None","None","None"
"STU000692","4YR","4YR","4YR","4YR","CTC","CTC","CTC","CTC","CTC","CTC","None","CTC","CTC","CTC","CTC","CTC","CTC","None","None","None","None","None","None","None","None","None","None","None"
"STU000693","None","None","None","None","None","None","None","None","None","None","None","None","None","None","None","None","None","None","None","None","None","None","None","None","None","None","None","None"
"STU000694","4YR","4YR","4YR","4YR","4YR","4YR","4YR","4YR","4YR","4YR","4YR","4YR","4YR","4YR","4YR","4YR","4YR","4YR","4YR","4YR","4YR","4YR","4YR","None","None","None","None","None"
"STU000695","None","CTC","CTC","CTC","CTC","CTC","CTC","CTC","CTC","CTC","None","None","None","None","None","None","None","None","None","None","None","None","None","None","None","None","None","None"
"STU000696","CTC","CTC","CTC","CTC","CTC","CTC","CTC","4YR","None","CTC","None","None","None","None","None","None","None","None","None","None","None","None","None","None","None","None","None","None"
"STU000697","None","None","None","4YR","4YR","4YR","4YR","4YR","CTC","4YR","None","None","None","None","None","None","None","None","None","None","None","None","None","None","None","None","None","None"
"STU000698","None","None","None","None","None","None","None","None","None","None","None","None","None","None","None","None","None","None","None","None","None","None","None","None","None","None","None","None"
"STU000699","CTC","None","CTC","None","CTC","CTC","None","None","None","None","None","None","None","None","None","None","None","None","None","None","None","None","None","None","None","None","None","None"
"STU000700","None","None","None","None","None","None","None","None","None","None","None","None","None","None","None","None","None","None","None","None","None","None","None","None","None","None","None","None"
"STU000701","4YR","None","4YR","4YR","4YR","CTC","4YR","4YR","4YR","4YR","4YR","None","4YR","4YR","4YR","None","None","None","None","None","None","None","None","None","None","None","None","None"
"STU000702","None","None","CTC","CTC","CTC","CTC","CTC","CTC","4YR","CTC","CTC","None","None","None","None","None","None","None","None","None","None","None","None","None","None","None","None","None"
"STU000703","None","None","None","None","None","None","None","None","None","None","None","None","None","None","None","None","None","None","None","None","None","None","None","None","None","None","None","None"
"STU000704","None","None","None","None","None","None","None","None","None","None","None","None","None","None","None","None","None","None","None","None","None","None","None","None","None","None","None","None"
"STU000705","4YR","4YR","None","None","4YR","4YR","4YR","4YR","4YR","None","4YR","4YR","4YR","4YR","4YR","4YR","4YR","4YR","4YR","4YR","4YR","4YR","CTC","4YR","4YR","4YR","4YR","None"
"STU000706","None","None","None","None","CTC","CTC","CTC","CTC","CTC","CTC","CTC","CTC","None","None","CTC","CTC","CTC","CTC","None","None","None","None","None","None","None","None","None","None"
"STU000707","None","CTC","CTC","CTC","None","None","None","None","None","None","None","None","None","None","None","None","None","None","None","None","None","None","None","None","None","None","None","None"
"STU000708","CTC","CTC","CTC","CTC","CTC","CTC","4YR","4YR","4YR","4YR","4YR","4YR","4YR","4YR","None","4YR","4YR","4YR","4YR","None","None","None","None","None","None","None","None","None"
"STU000709","None","None","CTC","None","None","CTC","CTC","CTC","CTC","CTC","None","None","None","None","None","None","None","None","None","None","None","None","None","None","None","None","None","None"
"STU000710","None","4YR","4YR","4YR","4YR","4YR","4YR","4YR","None","4YR","CTC","4YR","None","4YR","None","None","None","None","None","None","None","None","None","None","None","None","None","None"
"STU000711","4YR","4YR","4YR","4YR","4YR","4YR","4YR","CTC","4YR","4YR","4YR","4YR","4YR","4YR","4YR","4YR","None","None","None","None","None","None","None","None","None","None","None","None"
"STU000712","None","None","None","CTC","CTC","CTC","None","None","None","None","CTC","CTC","CTC","CTC","CTC","CTC","CTC","None","None","None","None","None","None","None","None","None","None","None"
"STU000713","4YR","4YR","4YR","4YR","None","4YR","None","4YR","4YR","4YR","4YR","4YR","4YR","4YR","None","None","None","None","None","None","None","None","None","None","None","None","None","None"
"STU000714","CTC","4YR","4YR","4YR","4YR","4YR","4YR","4YR","4YR","4YR","4YR","4YR","4YR","4YR","4YR","4YR","None","None","None","None","None","None","None","None","None","None","None","None"
"STU000715","CTC","None","CTC","CTC","CTC","4YR","CTC","4YR","4YR","4YR","4YR","4YR","4YR","4YR","4YR","4YR","None","None","None","None","None","None","None","None","None","None","None","None"
"STU000716","None","None","None","None","None","None","None","None","None","None","None","None","None","None","None","None","None","None","None","None","None","None","None","None","None","None","None","None"
"STU000717","CTC","CTC","None","None","None","CTC","CTC","CTC","None","None","None","None","None","None","None","None","None","None","None","None","None","None","None","None","None","None","None","None"
"STU000718","None","None","None","None","None","None","None","None","None","None","None","None","None","None","None","None","None","None","None","None","None","None","None","None","None","None","None","None"
"STU000719","4YR","4YR","4YR","None","4YR","4YR","4YR","4YR","4YR","4YR","4YR","4YR","4YR","4YR","4YR","4YR","4YR","4YR","4YR","4YR","4YR","4YR","4YR","4YR","None","4YR","4YR","None"
"STU000720","None","None","None","None","None","None","None","None","None","None","None","None","None","None","None","None","None","None","None","None","None","None","None","None","None","None","None","None"
"STU000721","None","4YR","4YR","4YR","4YR","4YR","4YR","4YR","CTC","None","4YR","4YR","4YR","4YR","4YR","None","None","None","None","None","None","None","None","None","None","None","None","None"
"STU000722","None","None","None","None","None","None","None","None","None","None","None","None","None","None","None","None","None","None","None","None","None","None","None","None","None","None","None","None"
"STU000723","None","None","CTC","CTC","None","CTC","CTC","4YR","CTC","None","None","None","None","None","None","None","None","None","None","None","None","None","None","None","None","None","None","None"
"STU000724","4YR","4YR","4YR","4YR","4YR","4YR","None","4YR","4YR","None","4YR","4YR","4YR","4YR","4YR","None","None","None","None","None","None","None","None","None","None","None","None","None"
"STU000725","CTC","CTC","CTC","CTC","CTC","CTC","CTC","CTC","CTC","CTC","CTC","CTC","CTC","None","CTC","CTC","CTC","None","None","None","None","None","None","None","None","None","None","None"
"STU000726","None","None","None","None","None","None","None","None","None","None","None","None","None","None","None","CTC","None","None","None","None","None","None","None","None","None","None","None","None"
"STU000727","CTC","4YR","4YR","4YR","None","4YR","4YR","4YR","4YR","4YR","4YR","4YR","4YR","4YR","4YR","4YR","None","None","None","None","None","None","None","None","None","None","None","None"
"STU000728","4YR","4YR","4YR","4YR","4YR","4YR","CTC","CTC","CTC","CTC","CTC","CTC","CTC","CTC","CTC","CTC","CTC","CTC","None","None","None","None","None","None","None","None","None","None"
"STU000729","4YR","CTC","CTC","CTC","CTC","CTC","CTC","4YR","CTC","CTC","CTC","CTC","None","CTC","CTC","CTC","CTC","None","None","None","None","None","None","None","None","None","None","None"
"STU000730","4YR","4YR","4YR","4YR","4YR","4YR","4YR","4YR","4YR","4YR","4YR","4YR","4YR","4YR","4YR","None","None","None","None","None","None","None","None","None","None","None","None","None"
"STU000731","4YR","4YR","4YR","4YR","CTC","None","4YR","4YR","None","None","None","None","4YR","None","4YR","4YR","CTC","4YR","None","None","None","None","None","None","None","None","None","None"
"STU000732","None","CTC","CTC","None","None","None","None","None","None","None","None","None","None","None","None","None","None","None","None","None","None","None","None","None","None","None","None","None"
"STU000733","4YR","None","4YR","4YR","4YR","4YR","4YR","4YR","None","None","None","None","None","None","None","None","None","None","None","None","None","None","None","None","None","None","None","None"
"STU000734","None","None","None","None","None","None","None","None","None","None","None","None","None","None","None","None","None","None","None","None","None","None","None","None","None","None","None","None"
"STU000735","None","CTC","CTC","CTC","CTC","CTC","CTC","CTC","CTC","CTC","CTC","CTC","CTC","CTC","None","CTC","None","None","None","None","None","None","None","None","None","None","None","None"
"STU000736","None","None","CTC","CTC","CTC","CTC","CTC","4YR","CTC","CTC","CTC","None","None","None","CTC","CTC","None","None","None","None","None","None","None","None","None","None","None","None"
"STU000737","CTC","4YR","4YR","None","None","None","None","None","None","None","None","None","None","None","None","None","None","None","None","None","None","None","None","None","None","None","None","None"
"STU000738","None","4YR","4YR","4YR","4YR","4YR","None","None","None","None","None","None","None","None","None","None","None","None","None","None","None","None","None","None","None","None","None","None"
"STU000739","None","None","CTC","None","CTC","CTC","None","None","None","None","CTC","CTC","4YR","CTC","None","CTC","None","None","None","None","None","None","None","None","None","None","None","None"
"STU000740","None","CTC","CTC","CTC","None","None","None","None","None","None","None","None","None","None","None","None","None","None","None","None","None","None","None","None","None","None","None","None"
"STU000741","None","None","CTC","CTC","None","CTC","CTC","CTC","CTC","CTC","CTC","CTC","CTC","None","None","None","None","None","None","None","None","None","None","None","None","None","None","None"
"STU000742","None","4YR","4YR","4YR","4YR","4YR","4YR","4YR","4YR","4YR","None","CTC","None","4YR","4YR","4YR","4YR","4YR","4YR","4YR","4YR","4YR","4YR","4YR","4YR","4YR","None","None"
"STU000743","None","None","None","None","None","None","None","None","None","None","None","None","None","None","None","None","None","None","None","CTC","CTC","None","None","None","None","None","None","None"
"STU000744","None","None","None","None","None","CTC","None","CTC","CTC","CTC","CTC","CTC","CTC","None","None","None","None","None","None","None","None","None","None","None","None","None","None","None"
"STU000745","None","4YR","4YR","4YR","4YR","4YR","4YR","4YR","4YR","4YR","4YR","4YR","4YR","4YR","4YR","CTC","4YR","4YR","4YR","None","None","None","None","None","None","None","None","None"
"STU000746","CTC","CTC","None","None","None","None","None","None","None","None","None","None","None","None","None","None","None","None","None","None","None","None","None","None","None","None","None","None"
"STU000747","CTC","CTC","None","CTC","CTC","CTC","CTC","CTC","CTC","None","None","None","None","None","None","None","None","None","None","None","None","None","None","None","None","None","None","None"
"STU000748","None","None","None","None","None","None","None","None","None","None","None","None","None","None","None","None","None","None","None","None","None","None","None","None","None","None","None","None"
"STU000749","None","None","None","None","None","None","None","None","None","None","None","None","None","None","None","None","None","None","None","None","None","None","None","None","None","None","None","None"
"STU000750","CTC","CTC","CTC","CTC","CTC","CTC","CTC","None","None","None","None","None","None","None","None","None","None","None","None","None","None","None","None","None","None","None","None","None"
"STU000751","CTC","CTC","CTC","None","CTC","CTC","CTC","CTC","4YR","4YR","4YR","4YR","4YR","4YR","4YR","4YR","4YR","None","4YR","4YR","None","None","None","None","None","None","None","None"
"STU000752","4YR","4YR","4YR","4YR","4YR","4YR","4YR","4YR","4YR","4YR","4YR","4YR","4YR","4YR","4YR","4YR","None","None","None","None","None","None","None","None","None","None","None","None"
"STU000753","CTC","CTC","None","CTC","CTC","CTC","CTC","CTC","None","None","None","None","None","None","None","None","None","None","None","None","None","None","None","None","None","None","None","None"
"STU000754","CTC","CTC","CTC","CTC","CTC","CTC","CTC","CTC","None","None","None","None","None","None","None","None","None","None","None","None","None","None","None","None","None","None","None","None"
"STU000755","None","None","None","None","None","None","None","None","None","None","None","None","None","None","None","None","None","None","None","None","None","None","None","None","None","None","None","None"
"STU000756","CTC","CTC","CTC","CTC","CTC","CTC","CTC","CTC","CTC","CTC","CTC","CTC","CTC","CTC","CTC","4YR","CTC","None","None","None","None","None","None","None","None","None","None","None"
"STU000757","None","None","None","None","4YR","4YR","4YR","4YR","4YR","4YR","4YR","4YR","None","None","None","None","None","None","None","None","None","None","None","None","None","None","None","None"
"STU000758","None","None","None","None","None","None","None","None","None","None","None","None","None","None","None","None","None","None","None","None","None","None","None","None","None","None","None","None"
"STU000759","None","None","None","None","None","None","None","None","None","None","None","None","None","None","None","None","None","None","None","None","None","None","None","None","None","None","None","None"
"STU000760","None","None","None","CTC","CTC","CTC","CTC","CTC","CTC","None","None","None","None","None","None","None","None","None","None","None","None","None","None","None","None","None","None","None"
"STU000761","None","None","None","None","None","None","None","None","None","None","None","None","None","None","None","None","None","None","None","None","None","None","None","None","None","None","None","None"
"STU000762","None","None","None","None","4YR","None","4YR","4YR","4YR","4YR","CTC","CTC","CTC","None","None","None","None","None","None","None","None","None","None","None","None","None","None","None"
"STU000763","None","None","None","None","None","None","None","None","None","None","None","None","None","None","None","None","None","None","None","None","None","None","None","None","None","None","None","None"
"STU000764","CTC","CTC","CTC","CTC","CTC","CTC","CTC","CTC","4YR","4YR","4YR","4YR","4YR","4YR","4YR","4YR","4YR","4YR","4YR","4YR","None","None","None","None","None","None","None","None"
"STU000765","None","CTC","CTC","CTC","CTC","CTC","None","None","None","None","None","None","None","None","None","None","None","None","None","None","None","None","None","None","None","None","None","None"
"STU000766","None","4YR","4YR","4YR","4YR","4YR","4YR","CTC","4YR","4YR","4YR","None","None","4YR","4YR","4YR","4YR","4YR","4YR","4YR","None","None","None","None","None","None","None","None"
"STU000767","CTC","CTC","CTC","CTC","CTC","CTC","CTC","None","None","None","None","None","None","None","None","None","None","None","None","None","None","None","None","None","None","None","None","None"
"STU000768","None","None","None","None","CTC","CTC","CTC","None","None","None","None","None","None","None","None","None","None","None","None","None","None","None","None","None","None","None","None","None"
"STU000769","None","None","None","None","None","None","None","None","None","None","None","None","None","None","None","None","None","None","None","None","None","None","None","None","None","None","None","None"
"STU000770","4YR","4YR","4YR","4YR","4YR","4YR","4YR","4YR","4YR","4YR","4YR","4YR","None","4YR","None","None","None","None","None","None","None","None","None","None","None","None","None","None"
"STU000771","4YR","4YR","4YR","4YR","4YR","4YR","4YR","4YR","4YR","4YR","4YR","4YR","4YR","4YR","None","None","None","None","None","None","None","None","None","None","None","None","None","None"
"STU000772","None","None","None","None","None","None","None","None","None","None","None","None","None","None","None","None","None","None","None","None","None","None","None","None","None","None","None","None"
"STU000773","None","None","CTC","CTC","CTC","CTC","CTC","None","None","None","None","None","None","None","None","None","None","None","None","None","None","None","None","None","None","None","None","None"
"STU000774","None","None","None","None","CTC","CTC","CTC","CTC","CTC","CTC","CTC","CTC","CTC","None","None","None","None","None","None","None","None","None","None","None","None","None","None","None"
"STU000775","None","None","None","CTC","CTC","None","None","None","None","None","None","None","None","None","None","None","None","None","None","None","None","None","None","None","None","None","None","None"
"STU000776","4YR","4YR","4YR","4YR","4YR","4YR","4YR","4YR","4YR","4YR","4YR","None","4YR","4YR","4YR","4YR","None","None","None","None","None","None","None","None","None","None","None","None"
"STU000777","None","None","None","CTC","CTC","CTC","CTC","CTC","CTC","CTC","CTC","None","None","None","None","None","None","None","None","None","None","None","None","None","None","None","None","None"
"STU000778","None","None","None","None","4YR","4YR","4YR","None","CTC","4YR","4YR","None","None","None","None","None","None","None","None","None","None","None","None","None","None","None","None","None"
"STU000779","None","None","None","4YR","4YR","None","4YR","4YR","4YR","4YR","4YR","4YR","None","None","None","None","None","None","None","None","None","None","None","None","None","None","None","None"
"STU000780","CTC","CTC","CTC","CTC","CTC","CTC","None","CTC","None","None","None","None","None","None","None","None","None","None","None","None","None","None","None","None","None","None","None","None"
"STU000781","4YR","4YR","4YR","4YR","4YR","4YR","4YR","4YR","4YR","CTC","None","4YR","4YR","4YR","None","None","None","None","None","None","None","None","None","None","None","None","None","None"
"STU000782","CTC","CTC","CTC","CTC","CTC","CTC","CTC","None","CTC","CTC","CTC","CTC","CTC","CTC","CTC","CTC","CTC","None","None","None","None","None","None","None","None","None","None","None"
"STU000783","4YR","4YR","4YR","4YR","CTC","CTC","CTC","CTC","CTC","CTC","CTC","None","None","None","None","None","None","None","None","None","None","None","None","None","None","None","None","None"
"STU000784","CTC","CTC","CTC","CTC","CTC","CTC","CTC","CTC","CTC","CTC","CTC","CTC","CTC","CTC","CTC","None","None","None","None","None","None","None","None","None","None","None","None","None"
"STU000785","CTC","CTC","CTC","CTC","CTC","CTC","CTC","None","None","None","None","None","None","None","None","None","None","None","None","None","None","None","None","None","None","None","None","None"
"STU000786","None","CTC","CTC","CTC","CTC","CTC","CTC","CTC","None","None","None","None","None","None","None","None","None","None","None","None","None","None","None","None","None","None","None","None"
"STU000787","CTC","CTC","CTC","CTC","None","CTC","None","None","None","None","None","None","None","None","None","None","None","None","None","None","None","None","None","None","None","None","None","None"
"STU000788","CTC","None","CTC","CTC","CTC","None","None","None","None","None","None","None","None","None","None","None","None","None","None","None","None","None","None","None","None","None","None","None"
"STU000789","4YR","CTC","4YR","4YR","4YR","4YR","4YR","4YR","None","4YR","None","4YR","4YR","4YR","4YR","None","None","None","None","None","None","None","None","None","None","None","None","None"
"STU000790","None","None","CTC","CTC","CTC","None","CTC","CTC","CTC","None","None","CTC","CTC","CTC","CTC","None","CTC","CTC","None","None","None","None","None","None","None","None","None","None"
"STU000791","None","None","None","None","None","None","None","None","None","None","None","None","None","None","None","None","None","None","None","None","None","None","None","None","None","None","None","None"
"STU000792","CTC","CTC","CTC","CTC","CTC","4YR","4YR","4YR","4YR","4YR","4YR","4YR","4YR","CTC","4YR","4YR","None","None","None","None","None","None","None","None","None","None","None","None"
"STU000793","4YR","4YR","4YR","4YR","4YR","4YR","None","4YR","None","4YR","4YR","4YR","4YR","4YR","4YR","4YR","4YR","4YR","None","None","None","None","None","None","None","None","None","None"
"STU000794","None","None","None","None","None","None","None","None","None","None","None","None","None","None","None","None","None","None","None","None","None","None","None","None","None","None","None","None"
"STU000795","None","None","None","CTC","CTC","CTC","CTC","None","None","None","None","None","None","None","None","None","None","None","None","None","None","None","None","None","None","None","None","None"
"STU000796","CTC","CTC","CTC","CTC","CTC","None","CTC","CTC","CTC","None","None","None","None","None","None","None","None","None","None","None","None","None","None","None","None","None","None","None"
"STU000797","None","None","None","None","None","None","None","None","None","None","None","None","None","None","None","None","None","None","None","None","None","None","None","None","None","None","None","None"
"STU000798","CTC","CTC","CTC","CTC","CTC","None","CTC","CTC","CTC","CTC","CTC","CTC","CTC","CTC","CTC","CTC","CTC","CTC","CTC","CTC","None","None","None","None","None","None","None","None"
"STU000799","None","None","None","None","None","None","None","None","None","None","None","None","None","None","None","None","None","None","None","None","None","None","None","None","None","None","None","None"
"STU000800","4YR","4YR","4YR","4YR","4YR","4YR","4YR","4YR","4YR","4YR","4YR","4YR","4YR","4YR","4YR","None","None","None","None","None","None","None","None","None","None","None","None","None"
"STU000801","4YR","4YR","None","4YR","4YR","4YR","4YR","4YR","4YR","4YR","4YR","4YR","4YR","None","None","None","None","None","None","None","None","None","None","None","None","None","None","None"
"STU000802","None","None","None","None","None","None","None","None","None","None","None","None","None","None","None","None","None","None","None","None","None","None","None","None","None","None","None","None"
"STU000803","None","None","None","None","None","None","None","None","None","None","None","None","None","None","None","None","None","None","None","None","None","None","None","None","None","None","None","None"
"STU000804","4YR","4YR","4YR","4YR","4YR","4YR","None","None","None","None","None","None","None","None","None","None","None","None","None","None","None","None","None","None","None","None","None","None"
"STU000805","None","None","CTC","CTC","CTC","CTC","CTC","None","None","None","None","None","None","None","None","None","None","None","None","None","None","None","None","None","None","None","None","None"
"STU000806","None","None","None","None","None","None","None","None","None","None","None","None","None","None","None","None","None","None","None","None","None","None","None","None","None","None","None","None"
"STU000807","None","CTC","CTC","CTC","CTC","CTC","None","None","None","None","None","None","None","None","None","None","None","None","None","None","None","None","None","None","None","None","None","None"
"STU000808","None","None","None","None","4YR","4YR","4YR","4YR","4YR","None","None","None","None","None","None","None","None","None","None","None","None","None","None","None","None","None","None","None"
"STU000809","None","None","None","CTC","CTC","None","None","None","None","None","None","None","None","None","None","None","None","None","None","None","None","None","None","None","None","None","None","None"
"STU000810","None","None","None","None","CTC","CTC","CTC","None","CTC","None","None","None","None","None","None","None","None","None","None","None","None","None","None","None","None","None","None","None"
"STU000811","4YR","None","4YR","4YR","4YR","4YR","4YR","None","None","None","None","None","None","None","None","None","None","None","None","None","None","None","None","None","None","None","None","None"
"STU000812","4YR","4YR","4YR","4YR","4YR","4YR","4YR","4YR","4YR","4YR","4YR","4YR","4YR","CTC","4YR","4YR","None","None","None","None","None","None","None","None","None","None","None","None"
"STU000813","4YR","4YR","4YR","4YR","4YR","4YR","4YR","None","None","None","None","None","None","None","None","None","None","None","None","None","None","None","None","None","None","None","None","None"
"STU000814","None","None","4YR","CTC","CTC","CTC","CTC","CTC","None","CTC","CTC","None","None","CTC","CTC","4YR","CTC","CTC","None","CTC","None","None","None","None","None","None","None","None"
"STU000815","CTC","4YR","4YR","4YR","4YR","None","4YR","4YR","4YR","4YR","4YR","None","4YR","4YR","4YR","None","None","None","None","None","None","None","None","None","None","None","None","None"
"STU000816","4YR","4YR","4YR","4YR","4YR","4YR","4YR","4YR","CTC","4YR","4YR","4YR","4YR","4YR","4YR","4YR","CTC","4YR","CTC","4YR","4YR","4YR","4YR","CTC","4YR","4YR","None","None"
"STU000817","None","4YR","4YR","None","None","None","None","None","None","None","None","None","None","None","None","None","None","None","None","None","None","None","None","None","None","None","None","None"
"STU000818","4YR","4YR","4YR","4YR","CTC","None","CTC","None","CTC","CTC","CTC","CTC","CTC","None","None","None","None","None","None","None","None","None","None","None","None","None","None","None"
"STU000819","CTC","CTC","CTC","4YR","CTC","CTC","CTC","4YR","CTC","CTC","None","None","None","None","None","None","None","None","None","None","None","None","None","None","None","None","None","None"
"STU000820","None","None","CTC","CTC","CTC","CTC","CTC","CTC","CTC","None","None","CTC","CTC","CTC","None","None","None","None","None","None","None","None","None","None","None","None","None","None"
"STU000821","CTC","CTC","CTC","CTC","CTC","CTC","CTC","CTC","None","None","None","None","None","None","None","None","None","None","None","None","None","None","None","None","None","None","None","None"
"STU000822","4YR","4YR","4YR","4YR","4YR","4YR","4YR","CTC","CTC","CTC","CTC","None","CTC","CTC","CTC","CTC","CTC","None","None","None","None","None","None","None","None","None","None","None"
"STU000823","CTC","CTC","None","None","None","None","None","None","None","None","None","None","None","None","None","None","None","None","None","None","None","None","None","None","None","None","None","None"
"STU000824","CTC","CTC","CTC","CTC","CTC","CTC","None","CTC","None","None","None","None","None","None","None","None","None","None","None","None","None","None","None","None","None","None","None","None"
"STU000825","None","None","None","None","None","None","None","None","None","None","None","None","None","None","None","None","None","None","None","None","None","None","None","None","None","None","None","None"
"STU000826","None","None","CTC","CTC","CTC","None","None","None","None","None","None","None","None","None","None","None","None","None","None","None","None","None","None","None","None","None","None","None"
"STU000827","CTC","CTC","CTC","CTC","CTC","None","None","None","None","None","None","None","None","None","None","None","None","None","None","None","None","None","None","None","None","None","None","None"
"STU000828","CTC","CTC","CTC","CTC","CTC","None","CTC","CTC","CTC","CTC","None","None","None","CTC","CTC","CTC","CTC","CTC","None","CTC","CTC","None","None","None","None","None","None","None"
"STU000829","CTC","CTC","CTC","CTC","CTC","CTC","CTC","None","None","None","None","None","None","None","None","None","None","None","None","None","None","None","None","None","None","None","None","None"
"STU000830","4YR","4YR","4YR","4YR","None","4YR","None","4YR","4YR","4YR","4YR","4YR","4YR","4YR","None","4YR","4YR","4YR","4YR","None","4YR","None","None","None","None","None","None","None"
"STU000831","None","None","None","None","CTC","CTC","CTC","CTC","CTC","CTC","None","None","None","None","None","None","None","None","None","None","None","None","None","None","None","None","None","None"
"STU000832","4YR","None","4YR","4YR","4YR","4YR","CTC","4YR","4YR","4YR","4YR","4YR","4YR","4YR","4YR","None","None","None","None","None","None","None","None","None","None","None","None","None"
"STU000833","CTC","CTC","CTC","CTC","CTC","CTC","CTC","None","None","None","None","None","None","None","None","None","None","None","None","None","None","None","None","None","None","None","None","None"
"STU000834","None","CTC","CTC","None","None","None","None","None","None","None","None","None","None","None","None","None","None","None","None","None","None","None","None","None","None","None","None","None"
"STU000835","4YR","4YR","CTC","4YR","4YR","4YR","4YR","4YR","4YR","4YR","4YR","4YR","4YR","4YR","4YR","4YR","4YR","4YR","None","None","None","None","None","None","None","None","None","None"
"STU000836","4YR","4YR","4YR","4YR","4YR","4YR","4YR","None","None","None","None","None","None","None","None","None","None","None","None","None","None","None","None","None","None","None","None","None"
"STU000837","None","None","None","None","None","None","None","None","None","None","None","None","None","None","None","None","None","None","None","None","None","None","None","None","None","None","None","None"
"STU000838","None","None","None","None","None","None","None","None","None","None","None","None","None","None","None","None","None","None","None","None","None","None","None","None","None","None","None","None"
"STU000839","None","None","CTC","CTC","CTC","None","CTC","CTC","CTC","CTC","CTC","CTC","None","None","None","None","None","None","None","None","None","None","None","None","None","None","None","None"
"STU000840","CTC","CTC","CTC","None","CTC","None","4YR","4YR","4YR","4YR","4YR","4YR","4YR","4YR","4YR","None","None","None","None","None","None","None","None","None","None","None","None","None"
"STU000841","4YR","4YR","4YR","4YR","CTC","None","4YR","4YR","4YR","4YR","CTC","4YR","4YR","4YR","4YR","4YR","4YR","4YR","4YR","4YR","4YR","4YR","4YR","4YR","None","4YR","4YR","CTC"
"STU000842","None","CTC","CTC","CTC","CTC","CTC","CTC","CTC","CTC","CTC","None","None","None","CTC","CTC","CTC","CTC","None","None","None","None","None","None","None","None","None","None","None"
"STU000843","CTC","CTC","CTC","None","CTC","CTC","CTC","CTC","CTC","CTC","None","None","None","None","None","None","None","None","None","None","None","None","None","None","None","None","None","None"
"STU000844","None","None","CTC","CTC","CTC","CTC","CTC","CTC","CTC","CTC","CTC","CTC","None","None","None","None","None","None","None","None","None","None","None","None","None","None","None","None"
"STU000845","None","None","None","None","CTC","CTC","CTC","CTC","CTC","None","None","None","None","None","None","None","None","None","None","None","None","None","None","None","None","None","None","None"
"STU000846","CTC","CTC","CTC","CTC","CTC","CTC","CTC","CTC","CTC","CTC","CTC","CTC","None","None","None","None","None","None","None","None","None","None","None","None","None","None","None","None"
"STU000847","None","None","None","None","None","None","None","None","None","None","None","None","None","None","None","None","None","None","None","None","None","None","None","None","None","None","None","None"
"STU000848","CTC","CTC","CTC","None","None","None","None","None","None","None","None","None","None","None","None","None","None","None","None","None","None","None","None","None","None","None","None","None"
"STU000849","CTC","CTC","CTC","CTC","4YR","CTC","CTC","CTC","None","None","None","None","None","None","None","None","None","None","None","None","None","None","None","None","None","None","None","None"
"STU000850","4YR","4YR","4YR","4YR","4YR","4YR","4YR","4YR","4YR","4YR","None","4YR","4YR","4YR","4YR","None","None","None","None","None","None","None","None","None","None","None","None","None"
"STU000851","None","None","None","None","None","None","None","None","None","None","None","None","None","None","None","None","None","None","None","None","None","None","None","None","None","None","None","None"
"STU000852","4YR","4YR","4YR","4YR","4YR","4YR","CTC","4YR","None","4YR","4YR","4YR","4YR","CTC","4YR","None","None","None","None","None","None","None","None","None","None","None","None","None"
"STU000853","CTC","CTC","None","CTC","CTC","CTC","4YR","4YR","4YR","4YR","4YR","4YR","4YR","4YR","4YR","4YR","None","None","None","None","None","None","None","None","None","None","None","None"
"STU000854","None","None","None","None","None","None","None","None","None","None","None","None","None","None","None","None","None","None","None","None","None","None","None","None","None","None","None","None"
"STU000855","None","None","None","None","None","None","None","None","None","None","None","None","None","None","None","None","None","None","None","None","None","None","None","None","None","None","None","None"
"STU000856","None","None","None","None","4YR","4YR","None","None","None","None","None","None","None","None","None","None","None","None","None","None","None","None","None","None","None","None","None","None"
"STU000857","None","None","None","CTC","4YR","CTC","CTC","CTC","CTC","None","None","None","None","None","None","None","None","None","None","None","None","None","None","None","None","None","None","None"
"STU000858","None","None","None","CTC","CTC","CTC","CTC","CTC","CTC","None","None","None","CTC","4YR","CTC","CTC","CTC","None","CTC","None","None","None","None","None","None","None","None","None"
"STU000859","4YR","4YR","4YR","4YR","None","None","4YR","4YR","4YR","4YR","4YR","None","4YR","4YR","4YR","4YR","4YR","4YR","4YR","4YR","4YR","None","4YR","4YR","4YR","4YR","None","None"
"STU000860","None","None","None","None","CTC","CTC","CTC","None","CTC","CTC","CTC","CTC","None","None","None","None","None","None","None","None","None","None","None","None","None","None","None","None"
"STU000861","CTC","CTC","4YR","CTC","4YR","CTC","CTC","CTC","CTC","CTC","None","None","None","None","None","None","None","None","None","None","None","None","None","None","None","None","None","None"
"STU000862","CTC","CTC","CTC","CTC","None","CTC","CTC","CTC","CTC","CTC","None","None","None","None","None","None","None","None","None","None","None","None","None","None","None","None","None","None"
"STU000863","None","None","None","None","None","None","None","None","None","None","None","None","None","None","None","None","None","None","None","None","None","None","None","None","None","None","None","None"
"STU000864","None","None","None","CTC","CTC","CTC","CTC","CTC","CTC","CTC","CTC","CTC","CTC","None","None","CTC","CTC","CTC","CTC","CTC","CTC","None","None","None","None","None","None","None"
"STU000865","4YR","4YR","4YR","4YR","None","4YR","4YR","4YR","4YR","4YR","4YR","4YR","4YR","None","4YR","4YR","4YR","4YR","4YR","CTC","None","4YR","4YR","4YR","4YR","None","None","None"
"STU000866","None","None","None","None","None","None","None","None","None","None","None","None","None","None","None","None","None","None","None","None","None","None","None","None","None","None","None","None"
"STU000867","None","CTC","CTC","CTC","CTC","None","CTC","CTC","CTC","CTC","CTC","CTC","CTC","None","CTC","CTC","None","None","None","None","None","None","None","None","None","None","None","None"
"STU000868","None","None","None","None","None","None","None","None","None","None","None","None","None","None","None","None","None","None","None","None","None","None","None","None","None","None","None","None"
"STU000869","CTC","CTC","CTC","CTC","CTC","CTC","CTC","None","None","None","None","None","None","None","None","None","None","None","None","None","None","None","None","None","None","None","None","None"
"STU000870","None","None","None","None","None","None","None","None","None","None","None","None","None","None","None","None","None","None","None","None","None","None","None","None","None","None","None","None"
"STU000871","None","None","None","None","None","None","None","None","None","None","None","None","None","None","None","None","None","None","None","None","None","None","None","None","None","None","None","None"
"STU000872","None","None","None","None","None","None","None","None","None","None","None","None","None","None","None","None","None","None","None","None","None","None","None","None","None","None","None","None"
"STU000873","None","CTC","CTC","CTC","CTC","CTC","None","CTC","CTC","None","None","None","None","None","None","None","None","None","None","None","None","None","None","None","None","None","None","None"
"STU000874","CTC","CTC","CTC","CTC","CTC","CTC","CTC","None","CTC","CTC","CTC","CTC","CTC","None","None","None","None","None","None","None","None","None","None","None","None","None","None","None"
"STU000875","None","CTC","CTC","CTC","CTC","CTC","CTC","CTC","CTC","CTC","None","None","None","CTC","CTC","CTC","CTC","CTC","CTC","CTC","None","None","None","None","None","None","None","None"
"STU000876","CTC","CTC","CTC","CTC","CTC","CTC","None","None","None","CTC","CTC","CTC","CTC","None","None","None","None","None","None","None","None","None","None","None","None","None","None","None"
"STU000877","None","None","None","None","4YR","CTC","4YR","None","None","None","None","None","None","None","None","None","None","None","None","None","None","None","None","None","None","None","None","None"
"STU000878","4YR","4YR","4YR","4YR","None","CTC","4YR","4YR","4YR","4YR","4YR","None","4YR","4YR","4YR","4YR","4YR","4YR","4YR","4YR","4YR","4YR","None","4YR","4YR","4YR","4YR","None"
"STU000879","None","None","None","None","None","None","None","None","None","None","None","None","None","None","None","None","None","None","None","None","None","None","None","None","None","None","None","None"
"STU000880","None","None","None","None","None","None","None","None","None","None","None","None","None","None","None","None","None","None","None","None","None","None","None","None","None","None","None","None"
"STU000881","CTC","CTC","4YR","CTC","CTC","CTC","None","None","None","None","None","None","None","None","None","None","None","None","None","None","None","None","None","None","None","None","None","None"
"STU000882","None","None","None","None","None","4YR","None","None","None","None","None","None","None","None","None","None","None","None","None","None","None","None","None","None","None","None","None","None"
"STU000883","4YR","4YR","4YR","4YR","4YR","4YR","4YR","4YR","4YR","4YR","4YR","None","4YR","4YR","4YR","None","CTC","4YR","4YR","4YR","4YR","4YR","4YR","4YR","None","None","None","None"
"STU000884","None","None","4YR","4YR","4YR","4YR","4YR","4YR","4YR","None","None","None","4YR","4YR","4YR","4YR","None","None","None","None","None","None","None","None","None","None","None","None"
"STU000885","None","None","None","None","None","None","None","None","None","None","None","None","None","None","None","None","None","None","None","None","None","None","None","None","None","None","None","None"
"STU000886","CTC","CTC","CTC","CTC","CTC","CTC","CTC","CTC","None","None","CTC","CTC","CTC","CTC","None","None","None","None","None","None","None","None","None","None","None","None","None","None"
"STU000887","CTC","CTC","CTC","CTC","CTC","CTC","CTC","CTC","4YR","4YR","4YR","4YR","4YR","4YR","4YR","4YR","4YR","4YR","None","None","None","None","None","None","None","None","None","None"
"STU000888","None","None","None","4YR","None","CTC","CTC","CTC","CTC","CTC","None","None","None","None","None","None","None","None","None","None","None","None","None","None","None","None","None","None"
"STU000889","CTC","CTC","CTC","CTC","4YR","CTC","CTC","CTC","None","None","None","None","None","None","None","None","None","None","None","None","None","None","None","None","None","None","None","None"
"STU000890","4YR","4YR","4YR","4YR","4YR","None","None","None","None","None","None","None","None","None","None","None","None","None","None","None","None","None","None","None","None","None","None","None"
"STU000891","None","None","None","None","None","None","None","None","None","None","None","None","None","None","None","None","None","None","None","None","None","None","None","None","None","None","None","None"
"STU000892","None","None","None","None","CTC","CTC","CTC","CTC","None","None","None","None","None","None","None","None","None","None","None","None","None","None","None","None","None","None","None","None"
"STU000893","None","None","None","None","None","None","None","None","None","None","None","None","None","None","None","None","None","None","None","None","None","None","None","None","None","None","None","None"
"STU000894","None","CTC","CTC","CTC","CTC","None","None","None","None","None","None","None","None","None","None","None","None","None","None","None","None","None","None","None","None","None","None","None"
"STU000895","CTC","CTC","CTC","CTC","CTC","CTC","None","None","None","None","None","None","None","None","None","None","None","None","None","None","None","None","None","None","None","None","None","None"
"STU000896","None","None","None","None","CTC","CTC","CTC","CTC","None","None","None","None","None","None","None","None","None","None","None","None","None","None","None","None","None","None","None","None"
"STU000897","CTC","CTC","CTC","CTC","CTC","CTC","CTC","None","4YR","4YR","4YR","4YR","4YR","4YR","4YR","None","4YR","4YR","4YR","None","None","None","None","None","None","None","None","None"
"STU000898","None","None","None","None","CTC","CTC","CTC","CTC","None","None","None","None","None","None","None","None","None","None","None","None","None","None","None","None","None","None","None","None"
"STU000899","None","None","None","None","None","None","None","None","None","None","None","None","None","None","None","None","None","None","None","None","None","None","None","None","None","None","None","None"
"STU000900","4YR","4YR","CTC","4YR","CTC","4YR","4YR","4YR","4YR","4YR","4YR","4YR","4YR","4YR","None","None","None","None","None","None","None","None","None","None","None","None","None","None"
"STU000901","None","None","None","None","None","None","None","None","None","None","None","None","None","None","None","None","None","None","None","None","None","None","None","None","None","None","None","None"
"STU000902","4YR","4YR","4YR","CTC","4YR","4YR","4YR","4YR","CTC","CTC","CTC","CTC","CTC","CTC","CTC","CTC","CTC","None","None","None","None","None","None","None","None","None","None","None"
"STU000903","4YR","CTC","CTC","None","None","None","None","None","None","None","None","None","None","None","None","None","None","None","None","None","None","None","None","None","None","None","None","None"
"STU000904","4YR","4YR","4YR","4YR","4YR","4YR","4YR","4YR","4YR","4YR","4YR","None","None","4YR","4YR","None","None","None","None","None","None","None","None","None","None","None","None","None"
"STU000905","CTC","CTC","CTC","None","CTC","CTC","CTC","CTC","4YR","4YR","4YR","4YR","4YR","4YR","4YR","4YR","4YR","4YR","4YR","None","None","None","None","None","None","None","None","None"
"STU000906","None","None","None","None","None","None","None","None","None","None","None","None","None","None","None","None","None","None","None","None","None","None","None","None","None","None","None","None"
"STU000907","CTC","4YR","CTC","CTC","None","CTC","None","None","None","None","None","None","None","None","None","None","None","None","None","None","None","None","None","None","None","None","None","None"
"STU000908","4YR","4YR","4YR","None","4YR","4YR","4YR","4YR","4YR","4YR","4YR","4YR","4YR","CTC","4YR","4YR","4YR","None","4YR","4YR","4YR","4YR","4YR","4YR","4YR","None","None","None"
"STU000909","None","None","None","CTC","CTC","CTC","None","CTC","None","None","None","None","CTC","CTC","None","None","None","None","None","None","None","None","None","None","None","None","None","None"
"STU000910","CTC","CTC","CTC","None","None","CTC","CTC","None","None","None","None","None","None","None","None","None","None","None","None","None","None","None","None","None","None","None","None","None"
"STU000911","CTC","CTC","CTC","CTC","CTC","CTC","CTC","CTC","CTC","CTC","CTC","None","CTC","CTC","CTC","None","None","None","None","None","None","None","None","None","None","None","None","None"
"STU000912","None","None","4YR","4YR","4YR","4YR","None","None","None","None","None","None","None","None","None","None","None","None","None","None","None","None","None","None","None","None","None","None"
"STU000913","CTC","CTC","None","None","None","None","None","None","None","None","None","None","None","None","None","None","None","None","None","None","None","None","None","None","None","None","None","None"
"STU000914","CTC","4YR","4YR","4YR","None","4YR","None","4YR","None","4YR","4YR","4YR","4YR","None","4YR","4YR","4YR","4YR","4YR","4YR","4YR","None","None","None","None","None","None","None"
"STU000915","None","None","None","None","None","None","None","None","None","None","None","None","None","None","None","None","None","None","None","None","None","None","None","None","None","None","None","None"
"STU000916","None","None","None","None","None","None","None","None","None","None","None","None","None","None","None","None","None","None","None","None","None","None","None","None","None","None","None","None"
"STU000917","4YR","4YR","4YR","4YR","4YR","4YR","4YR","4YR","4YR","4YR","4YR","None","4YR","4YR","4YR","4YR","4YR","4YR","None","None","None","None","None","None","None","None","None","None"
"STU000918","None","4YR","4YR","CTC","4YR","4YR","4YR","4YR","4YR","4YR","None","None","None","None","None","None","None","None","None","None","None","None","None","None","None","None","None","None"
"STU000919","None","None","None","None","None","None","None","None","None","None","None","None","None","None","None","None","None","None","None","None","None","None","None","None","None","None","None","None"
"STU000920","CTC","CTC","CTC","4YR","CTC","CTC","CTC","None","None","CTC","CTC","CTC","CTC","CTC","CTC","CTC","None","4YR","CTC","None","None","None","None","None","None","None","None","None"
"STU000921","None","CTC","CTC","CTC","CTC","CTC","CTC","CTC","None","None","None","None","None","None","None","None","None","None","None","None","None","None","None","None","None","None","None","None"
"STU000922","None","None","None","None","CTC","CTC","CTC","CTC","None","CTC","CTC","CTC","CTC","CTC","CTC","CTC","CTC","None","None","None","None","None","None","None","None","None","None","None"
"STU000923","None","None","None","None","4YR","4YR","4YR","4YR","4YR","4YR","4YR","4YR","None","None","None","None","None","None","None","None","None","None","None","None","None","None","None","None"
"STU000924","CTC","CTC","CTC","CTC","CTC","CTC","CTC","CTC","CTC","CTC","CTC","CTC","CTC","CTC","CTC","CTC","CTC","CTC","CTC","CTC","None","None","None","None","None","None","None","None"
"STU000925","4YR","4YR","4YR","4YR","4YR","4YR","None","4YR","4YR","4YR","None","4YR","4YR","4YR","4YR","4YR","4YR","CTC","4YR","4YR","4YR","4YR","4YR","4YR","4YR","4YR","None","None"
"STU000926","CTC","CTC","CTC","CTC","CTC","CTC","CTC","CTC","CTC","None","None","None","None","None","None","None","None","None","None","None","None","None","None","None","None","None","None","None"
"STU000927","4YR","CTC","CTC","CTC","CTC","None","None","None","None","None","None","None","None","None","None","None","None","None","None","None","None","None","None","None","None","None","None","None"
"STU000928","None","None","None","None","None","None","None","None","None","None","None","None","None","None","None","None","None","None","None","None","None","None","None","None","None","None","None","None"
"STU000929","CTC","None","None","None","None","None","None","None","None","None","None","None","None","None","None","None","None","None","None","None","None","None","None","None","None","None","None","None"
"STU000930","None","None","None","None","None","None","None","None","None","None","None","None","None","None","None","None","None","None","None","None","None","None","None","None","None","None","None","None"
"STU000931","None","None","None","None","CTC","CTC","4YR","CTC","CTC","CTC","None","None","None","None","None","None","None","None","None","None","None","None","None","None","None","None","None","None"
"STU000932","None","4YR","4YR","4YR","4YR","4YR","4YR","4YR","4YR","4YR","4YR","4YR","4YR","4YR","4YR","4YR","None","4YR","4YR","4YR","4YR","4YR","4YR","4YR","None","None","None","None"
"STU000933","CTC","CTC","CTC","4YR","CTC","CTC","CTC","CTC","CTC","CTC","CTC","CTC","CTC","CTC","CTC","CTC","CTC","CTC","CTC","None","None","None","None","None","None","None","None","None"
"STU000934","None","None","None","CTC","CTC","CTC","CTC","CTC","CTC","4YR","None","None","None","None","None","None","None","None","None","None","None","None","None","None","None","None","None","None"
"STU000935","None","None","None","None","None","None","None","None","None","None","None","None","None","None","None","None","None","None","None","None","None","None","None","None","None","None","None","None"
"STU000936","None","None","None","None","None","None","None","None","None","None","None","None","None","None","None","None","None","None","None","None","None","None","None","None","None","None","None","None"
"STU000937","4YR","CTC","4YR","4YR","4YR","4YR","4YR","4YR","4YR","4YR","4YR","4YR","None","4YR","4YR","4YR","4YR","4YR","4YR","4YR","4YR","4YR","4YR","4YR","4YR","4YR","None","None"
"STU000938","CTC","CTC","None","CTC","CTC","CTC","CTC","CTC","4YR","4YR","4YR","4YR","4YR","4YR","4YR","4YR","None","4YR","None","None","None","None","None","None","None","None","None","None"
"STU000939","CTC","CTC","CTC","CTC","CTC","CTC","CTC","4YR","4YR","None","4YR","4YR","4YR","4YR","None","4YR","4YR","None","None","None","None","None","None","None","None","None","None","None"
"STU000940","4YR","4YR","4YR","4YR","4YR","4YR","4YR","4YR","None","4YR","4YR","4YR","4YR","4YR","4YR","4YR","None","None","None","None","None","None","None","None","None","None","None","None"
"STU000941","CTC","CTC","CTC","CTC","4YR","CTC","None","4YR","4YR","4YR","4YR","4YR","4YR","4YR","4YR","4YR","4YR","4YR","4YR","None","None","None","None","None","None","None","None","None"
"STU000942","None","4YR","4YR","4YR","None","4YR","4YR","4YR","CTC","4YR","4YR","None","4YR","4YR","4YR","4YR","4YR","4YR","None","None","None","None","None","None","None","None","None","None"
"STU000943","4YR","4YR","4YR","4YR","4YR","4YR","CTC","4YR","4YR","4YR","4YR","4YR","4YR","4YR","4YR","4YR","4YR","4YR","4YR","4YR","4YR","4YR","4YR","4YR","None","None","None","None"
"STU000944","None","None","None","4YR","4YR","4YR","4YR","None","None","None","None","None","None","None","None","None","None","None","None","None","None","None","None","None","None","None","None","None"
"STU000945","4YR","4YR","4YR","None","4YR","4YR","4YR","4YR","4YR","4YR","None","None","None","None","None","None","None","None","None","None","None","None","None","None","None","None","None","None"
"STU000946","CTC","CTC","CTC","CTC","CTC","CTC","CTC","CTC","CTC","None","None","None","None","None","None","None","None","None","None","None","None","None","None","None","None","None","None","None"
"STU000947","None","4YR","4YR","4YR","4YR","4YR","4YR","4YR","4YR","4YR","4YR","4YR","4YR","4YR","4YR","4YR","None","4YR","4YR","4YR","4YR","4YR","None","None","None","None","None","None"
"STU000948","None","CTC","CTC","None","None","None","None","None","None","None","None","None","None","None","None","None","None","None","None","None","None","None","None","None","None","None","None","None"
"STU000949","None","None","CTC","CTC","CTC","None","None","None","None","None","None","None","None","None","None","None","None","None","None","None","None","None","None","None","None","None","None","None"
"STU000950","4YR","4YR","4YR","None","4YR","4YR","4YR","4YR","4YR","None","4YR","4YR","CTC","4YR","4YR","CTC","None","None","None","None","None","None","None","None","None","None","None","None"
"STU000951","None","None","None","CTC","CTC","CTC","CTC","CTC","CTC","CTC","None","None","None","None","None","None","None","None","None","None","None","None","None","None","None","None","None","None"
"STU000952","CTC","CTC","CTC","CTC","CTC","CTC","CTC","None","4YR","CTC","4YR","4YR","4YR","4YR","4YR","4YR","4YR","4YR","None","None","None","None","None","None","None","None","None","None"
"STU000953","CTC","CTC","CTC","CTC","CTC","CTC","CTC","CTC","CTC","None","None","None","None","None","None","None","None","None","None","None","None","None","None","None","None","None","None","None"
"STU000954","CTC","4YR","4YR","4YR","4YR","None","4YR","4YR","4YR","4YR","4YR","4YR","4YR","4YR","4YR","None","None","None","None","None","None","None","None","None","None","None","None","None"
"STU000955","None","None","None","None","None","None","None","None","None","None","None","None","None","None","None","None","None","None","None","None","None","None","None","None","None","None","None","None"
"STU000956","None","None","None","None","None","None","None","None","None","None","None","None","None","None","None","None","None","None","None","None","None","None","None","None","None","None","None","None"
"STU000957","None","None","None","None","None","None","None","None","None","None","None","None","None","None","None","None","None","None","None","None","None","None","None","None","None","None","None","None"
"STU000958","None","None","CTC","CTC","CTC","CTC","4YR","None","None","None","CTC","CTC","CTC","None","None","None","None","None","None","None","None","None","None","None","None","None","None","None"
"STU000959","4YR","4YR","4YR","4YR","4YR","None","4YR","4YR","4YR","4YR","4YR","4YR","4YR","4YR","4YR","None","None","None","None","None","None","None","None","None","None","None","None","None"
"STU000960","None","None","None","None","None","None","None","None","None","None","None","None","None","None","None","None","None","None","None","None","None","None","None","None","None","None","None","None"
"STU000961","CTC","CTC","CTC","CTC","CTC","CTC","4YR","4YR","4YR","4YR","4YR","4YR","4YR","4YR","4YR","4YR","4YR","None","None","None","None","None","None","None","None","None","None","None"
"STU000962","CTC","CTC","CTC","None","CTC","CTC","CTC","CTC","CTC","CTC","CTC","CTC","4YR","CTC","CTC","CTC","CTC","None","None","None","None","None","None","None","None","None","None","None"
"STU000963","None","None","None","CTC","CTC","CTC","CTC","CTC","None","None","None","None","None","None","None","None","None","None","None","None","None","None","None","None","None","None","None","None"
"STU000964","4YR","4YR","4YR","4YR","CTC","CTC","CTC","CTC","CTC","CTC","CTC","CTC","None","None","None","None","None","None","None","None","None","None","None","None","None","None","None","None"
"STU000965","CTC","CTC","CTC","CTC","CTC","CTC","None","4YR","4YR","4YR","4YR","None","4YR","4YR","4YR","4YR","4YR","None","None","None","None","None","None","None","None","None","None","None"
"STU000966","None","None","None","None","4YR","4YR","4YR","4YR","4YR","None","None","None","None","None","None","None","None","None","None","None","None","None","None","None","None","None","None","None"
"STU000967","4YR","4YR","4YR","4YR","4YR","4YR","None","4YR","None","4YR","4YR","4YR","4YR","4YR","4YR","4YR","4YR","4YR","4YR","4YR","4YR","4YR","4YR","None","4YR","None","None","None"
"STU000968","4YR","4YR","4YR","4YR","None","4YR","CTC","4YR","4YR","4YR","4YR","4YR","4YR","4YR","4YR","4YR","None","None","None","None","None","None","None","None","None","None","None","None"
"STU000969","4YR","4YR","4YR","None","None","None","None","None","None","None","None","None","None","None","None","None","None","None","None","None","None","None","None","None","None","None","None","None"
"STU000970","CTC","CTC","CTC","CTC","CTC","CTC","CTC","None","None","None","None","None","None","None","None","None","None","None","None","None","None","None","None","None","None","None","None","None"
"STU000971","4YR","4YR","4YR","4YR","4YR","4YR","None","None","None","None","None","None","None","None","None","None","None","None","None","None","None","None","None","None","None","None","None","None"
"STU000972","None","CTC","None","None","None","None","None","None","None","None","None","None","None","None","None","None","None","None","None","None","None","None","None","None","None","None","None","None"
"STU000973","None","None","None","None","None","None","None","None","None","None","None","None","None","None","None","None","None","None","None","None","None","None","None","None","None","None","None","None"
"STU000974","CTC","CTC","CTC","4YR","None","CTC","CTC","CTC","CTC","CTC","None","None","None","None","None","None","None","None","None","None","None","None","None","None","None","None","None","None"
"STU000975","4YR","4YR","4YR","4YR","4YR","4YR","4YR","4YR","4YR","4YR","4YR","4YR","4YR","4YR","None","None","None","None","None","None","None","None","None","None","None","None","None","None"
"STU000976","CTC","CTC","CTC","None","CTC","CTC","4YR","CTC","CTC","CTC","None","None","CTC","CTC","CTC","CTC","CTC","CTC","None","None","None","None","None","None","None","None","None","None"
"STU000977","None","CTC","CTC","CTC","CTC","None","None","None","None","None","None","None","None","None","None","None","None","None","None","None","None","None","None","None","None","None","None","None"
"STU000978","CTC","CTC","CTC","CTC","CTC","None","None","CTC","4YR","4YR","4YR","4YR","None","CTC","4YR","4YR","4YR","4YR","None","None","None","None","None","None","None","None","None","None"
"STU000979","4YR","4YR","4YR","4YR","CTC","4YR","4YR","4YR","4YR","4YR","4YR","4YR","4YR","4YR","None","None","None","None","None","None","None","None","None","None","None","None","None","None"
"STU000980","None","4YR","4YR","4YR","4YR","4YR","4YR","4YR","4YR","4YR","4YR","4YR","4YR","4YR","None","None","None","None","None","None","None","None","None","None","None","None","None","None"
"STU000981","None","4YR","4YR","4YR","None","None","None","None","None","None","None","None","None","None","None","None","None","None","None","None","None","None","None","None","None","None","None","None"
"STU000982","None","None","None","None","None","None","None","None","None","None","None","None","None","None","None","None","None","None","None","None","None","None","None","None","None","None","None","None"
"STU000983","4YR","4YR","4YR","4YR","4YR","4YR","4YR","4YR","4YR","4YR","4YR","4YR","4YR","4YR","4YR","4YR","None","4YR","4YR","4YR","4YR","None","None","4YR","CTC","4YR","4YR","None"
"STU000984","None","CTC","CTC","CTC","CTC","CTC","4YR","CTC","CTC","CTC","CTC","CTC","CTC","None","CTC","None","None","None","None","None","None","None","None","None","None","None","None","None"
"STU000985","CTC","CTC","CTC","CTC","CTC","CTC","CTC","None","None","None","None","None","None","None","None","None","None","None","None","None","None","None","None","None","None","None","None","None"
"STU000986","None","None","None","None","None","None","None","None","None","None","None","None","None","None","None","None","None","None","None","None","None","None","None","None","None","None","None","None"
"STU000987","4YR","4YR","4YR","4YR","None","4YR","4YR","4YR","4YR","4YR","4YR","4YR","4YR","4YR","None","None","None","None","None","None","None","None","None","None","None","None","None","None"
"STU000988","CTC","CTC","None","CTC","CTC","CTC","CTC","4YR","4YR","None","4YR","4YR","4YR","4YR","None","4YR","4YR","4YR","CTC","None","None","None","None","None","None","None","None","None"
"STU000989","4YR","4YR","4YR","4YR","4YR","None","4YR","4YR","4YR","None","None","None","None","None","None","None","None","None","None","None","None","None","None","None","None","None","None","None"
"STU000990","CTC","None","CTC","CTC","CTC","CTC","None","None","None","None","None","None","None","None","None","None","None","None","None","None","None","None","None","None","None","None","None","None"
"STU000991","4YR","None","4YR","4YR","4YR","CTC","4YR","CTC","4YR","4YR","4YR","4YR","4YR","4YR","4YR","4YR","4YR","4YR","4YR","4YR","4YR","4YR","4YR","None","None","None","None","None"
"STU000992","None","None","None","4YR","CTC","CTC","CTC","None","None","None","None","None","None","None","None","None","None","None","None","None","None","None","None","None","None","None","None","None"
"STU000993","4YR","4YR","4YR","4YR","4YR","4YR","4YR","4YR","4YR","4YR","4YR","4YR","4YR","4YR","4YR","4YR","None","None","None","None","None","None","None","None","None","None","None","None"
"STU000994","CTC","4YR","4YR","4YR","4YR","CTC","CTC","CTC","CTC","None","4YR","None","None","None","None","None","None","None","None","None","None","None","None","None","None","None","None","None"
"STU000995","None","4YR","4YR","None","4YR","4YR","None","None","4YR","4YR","4YR","4YR","4YR","4YR","4YR","None","None","None","None","None","None","None","None","None","None","None","None","None"
"STU000996","CTC","CTC","CTC","CTC","CTC","CTC","CTC","CTC","None","None","None","None","None","None","None","None","None","None","None","None","None","None","None","None","None","None","None","None"
"STU000997","4YR","4YR","4YR","4YR","4YR","4YR","4YR","4YR","4YR","4YR","4YR","4YR","4YR","4YR","None","None","None","None","None","None","None","None","None","None","None","None","None","None"
"STU000998","4YR","4YR","4YR","4YR","4YR","CTC","4YR","4YR","4YR","4YR","4YR","4YR","4YR","None","None","4YR","4YR","4YR","4YR","4YR","4YR","4YR","None","None","None","None","None","None"
"STU000999","4YR","4YR","4YR","4YR","None","4YR","4YR","4YR","4YR","4YR","4YR","4YR","4YR","4YR","4YR","4YR","4YR","4YR","4YR","4YR","4YR","None","4YR","4YR","4YR","4YR","4YR","4YR"
"STU001000","None","None","None","None","None","None","None","None","None","None","None","None","None","None","None","None","None","None","None","None","None","None","None","None","None","None","None","None"
"STU001001","4YR","4YR","4YR","4YR","None","4YR","4YR","4YR","4YR","4YR","4YR","4YR","4YR","4YR","None","4YR","None","None","None","None","None","None","None","None","None","None","None","None"
"STU001002","None","None","None","None","None","None","None","None","None","None","None","None","None","None","None","None","None","None","None","None","None","None","None","None","None","None","None","None"
"STU001003","None","None","CTC","None","CTC","None","None","CTC","None","None","None","None","None","None","None","None","None","None","None","None","None","None","None","None","None","None","None","None"
"STU001004","CTC","4YR","4YR","4YR","4YR","None","None","None","None","None","None","None","None","None","None","None","None","None","None","None","None","None","None","None","None","None","None","None"
"STU001005","None","None","None","None","None","None","None","None","None","None","None","None","None","None","None","None","None","None","None","None","None","None","None","None","None","None","None","None"
"STU001006","CTC","CTC","None","None","None","None","None","None","None","None","None","None","None","None","None","None","None","None","None","None","None","None","None","None","None","None","None","None"
"STU001007","None","None","None","None","None","None","None","None","None","None","None","None","None","None","None","None","None","None","None","None","None","None","None","None","None","None","None","None"
"STU001008","None","None","4YR","4YR","4YR","4YR","4YR","4YR","4YR","4YR","4YR","None","None","None","None","None","None","None","None","None","None","None","None","None","None","None","None","None"
"STU001009","4YR","4YR","4YR","4YR","4YR","4YR","4YR","CTC","CTC","CTC","CTC","CTC","CTC","CTC","CTC","CTC","CTC","None","None","None","None","None","None","None","None","None","None","None"
"STU001010","CTC","CTC","CTC","CTC","CTC","None","None","None","None","None","None","None","None","None","None","None","None","None","None","None","None","None","None","None","None","None","None","None"
"STU001011","4YR","4YR","4YR","4YR","4YR","4YR","4YR","4YR","4YR","4YR","CTC","4YR","4YR","4YR","4YR","None","None","None","None","None","None","None","None","None","None","None","None","None"
"STU001012","None","None","None","None","None","None","None","None","None","None","None","None","None","None","None","None","None","None","None","None","None","None","None","None","None","None","None","None"
"STU001013","None","None","None","None","None","None","None","None","None","None","None","None","None","None","None","None","None","None","None","None","None","None","None","None","None","None","None","None"
"STU001014","4YR","4YR","4YR","4YR","4YR","4YR","4YR","4YR","4YR","4YR","4YR","4YR","None","4YR","None","4YR","4YR","None","4YR","4YR","4YR","4YR","4YR","4YR","None","None","None","None"
"STU001015","None","None","None","None","None","None","None","None","None","None","None","None","None","None","None","None","None","None","None","None","None","None","None","None","None","None","None","None"
"STU001016","None","None","None","None","None","None","None","None","None","None","None","None","None","None","None","None","None","None","None","None","None","None","None","None","None","None","None","None"
"STU001017","CTC","CTC","CTC","CTC","None","None","None","None","None","None","None","None","None","None","None","None","None","None","None","None","None","None","None","None","None","None","None","None"
"STU001018","None","CTC","CTC","CTC","CTC","CTC","None","CTC","4YR","4YR","4YR","4YR","4YR","4YR","4YR","4YR","4YR","4YR","4YR","4YR","4YR","None","None","None","None","None","None","None"
"STU001019","None","None","None","None","None","None","None","None","None","None","None","None","None","None","None","None","None","None","None","None","None","None","None","None","None","None","None","None"
"STU001020","CTC","CTC","CTC","CTC","CTC","CTC","4YR","4YR","4YR","4YR","4YR","4YR","4YR","4YR","4YR","None","4YR","None","None","None","None","None","None","None","None","None","None","None"
"STU001021","None","None","None","None","None","None","None","None","None","None","None","None","None","None","None","None","None","None","None","None","None","None","None","None","None","None","None","None"
"STU001022","None","None","None","None","None","None","None","None","None","None","None","None","None","None","None","None","None","None","None","None","None","None","None","None","None","None","None","None"
"STU001023","None","None","None","CTC","CTC","CTC","CTC","CTC","4YR","CTC","None","None","CTC","CTC","CTC","CTC","CTC","CTC","CTC","None","None","None","None","None","None","None","None","None"
"STU001024","4YR","None","4YR","4YR","4YR","None","4YR","4YR","4YR","4YR","4YR","4YR","4YR","4YR","None","None","None","None","None","None","None","None","None","None","None","None","None","None"
"STU001025","None","None","None","None","None","None","None","None","None","None","None","None","None","None","None","None","None","None","None","None","None","None","None","None","None","None","None","None"
"STU001026","None","4YR","4YR","4YR","4YR","4YR","None","4YR","CTC","4YR","4YR","4YR","CTC","4YR","None","4YR","None","4YR","None","4YR","4YR","4YR","4YR","None","4YR","4YR","4YR","None"
"STU001027","4YR","4YR","4YR","4YR","4YR","4YR","CTC","CTC","CTC","CTC","CTC","CTC","CTC","CTC","CTC","CTC","None","None","None","None","None","None","None","None","None","None","None","None"
"STU001028","CTC","None","None","None","None","None","None","None","None","None","None","None","None","None","None","None","None","None","None","None","None","None","None","None","None","None","None","None"
"STU001029","4YR","4YR","4YR","4YR","None","4YR","4YR","4YR","CTC","4YR","4YR","4YR","CTC","4YR","4YR","None","None","None","None","None","None","None","None","None","None","None","None","None"
"STU001030","CTC","CTC","CTC","CTC","CTC","None","CTC","CTC","None","None","None","None","None","None","None","None","None","None","None","None","None","None","None","None","None","None","None","None"
"STU001031","4YR","4YR","4YR","4YR","4YR","4YR","None","4YR","4YR","4YR","4YR","4YR","4YR","4YR","4YR","4YR","4YR","4YR","4YR","4YR","4YR","4YR","4YR","4YR","4YR","4YR","None","None"
"STU001032","None","None","None","4YR","CTC","None","None","None","None","None","None","None","None","None","None","None","None","None","None","None","None","None","None","None","None","None","None","None"
"STU001033","None","None","None","None","None","None","None","None","None","None","None","None","None","None","None","None","None","None","None","None","None","None","None","None","None","None","None","None"
"STU001034","CTC","CTC","CTC","CTC","CTC","CTC","4YR","None","4YR","4YR","4YR","4YR","4YR","4YR","4YR","None","None","None","None","None","None","None","None","None","None","None","None","None"
"STU001035","None","None","None","None","None","None","None","None","None","None","None","None","None","None","None","None","None","None","None","None","None","None","None","None","None","None","None","None"
"STU001036","4YR","4YR","4YR","4YR","None","4YR","4YR","4YR","4YR","4YR","4YR","4YR","4YR","4YR","4YR","4YR","None","None","None","None","None","None","None","None","None","None","None","None"
"STU001037","CTC","4YR","None","CTC","CTC","CTC","CTC","None","None","None","None","None","None","None","None","None","None","None","None","None","None","None","None","None","None","None","None","None"
"STU001038","None","None","None","None","None","None","None","None","None","None","None","None","None","None","None","None","None","None","None","None","None","None","None","None","None","None","None","None"
"STU001039","CTC","CTC","CTC","CTC","CTC","CTC","CTC","CTC","CTC","CTC","CTC","CTC","CTC","CTC","4YR","CTC","CTC","CTC","CTC","CTC","None","None","None","None","None","None","None","None"
"STU001040","None","None","None","None","None","None","None","None","None","None","None","None","None","None","None","None","None","None","None","None","None","None","None","None","None","None","None","None"
"STU001041","4YR","4YR","4YR","4YR","4YR","4YR","4YR","4YR","4YR","4YR","None","4YR","4YR","4YR","4YR","4YR","4YR","None","None","4YR","CTC","4YR","None","None","None","None","None","None"
"STU001042","4YR","4YR","4YR","CTC","4YR","4YR","None","4YR","4YR","4YR","4YR","4YR","None","None","None","None","None","None","None","None","None","None","None","None","None","None","None","None"
"STU001043","None","None","None","CTC","CTC","CTC","CTC","None","None","None","CTC","CTC","CTC","CTC","CTC","CTC","CTC","None","None","None","None","None","None","None","None","None","None","None"
"STU001044","None","None","None","None","None","None","None","None","None","None","None","None","None","None","None","None","None","None","None","None","None","None","None","None","None","None","None","None"
"STU001045","None","None","None","None","None","None","None","None","None","None","None","None","None","None","None","None","None","None","None","None","None","None","None","None","None","None","None","None"
"STU001046","None","CTC","CTC","CTC","None","CTC","CTC","CTC","CTC","None","None","None","None","None","None","None","None","None","None","None","None","None","None","None","None","None","None","None"
"STU001047","None","None","None","4YR","CTC","CTC","None","None","None","None","None","None","None","None","None","None","None","None","None","None","None","None","None","None","None","None","None","None"
"STU001048","CTC","CTC","CTC","CTC","None","None","None","None","None","None","None","None","None","None","None","None","None","None","None","None","None","None","None","None","None","None","None","None"
"STU001049","CTC","None","4YR","CTC","CTC","CTC","4YR","4YR","CTC","4YR","4YR","4YR","4YR","4YR","None","None","None","None","None","None","None","None","None","None","None","None","None","None"
"STU001050","None","CTC","CTC","CTC","None","4YR","None","CTC","CTC","CTC","CTC","CTC","CTC","CTC","None","None","None","None","None","None","None","None","None","None","None","None","None","None"
"STU001051","4YR","4YR","None","4YR","None","4YR","None","None","None","None","None","None","None","None","None","None","None","None","None","None","None","None","None","None","None","None","None","None"
"STU001052","4YR","4YR","4YR","4YR","CTC","4YR","4YR","4YR","4YR","4YR","4YR","4YR","4YR","4YR","4YR","None","4YR","4YR","4YR","None","None","None","None","None","None","None","None","None"
"STU001053","None","4YR","4YR","4YR","4YR","4YR","4YR","None","None","4YR","None","4YR","None","4YR","None","None","None","None","None","None","None","None","None","None","None","None","None","None"
"STU001054","None","None","None","None","None","None","None","None","None","None","None","None","None","None","None","None","None","None","None","None","None","None","None","None","None","None","None","None"
"STU001055","CTC","None","None","None","None","None","None","None","None","None","None","None","None","None","None","None","None","None","None","None","None","None","None","None","None","None","None","None"
"STU001056","CTC","CTC","CTC","CTC","CTC","CTC","4YR","4YR","4YR","4YR","4YR","4YR","4YR","4YR","4YR","None","4YR","CTC","None","None","None","None","None","None","None","None","None","None"
"STU001057","None","None","None","None","None","None","None","None","None","None","None","None","None","None","None","None","None","None","None","None","None","None","None","None","None","None","None","None"
"STU001058","None","None","None","None","None","None","None","None","None","None","None","None","None","None","None","None","None","None","None","None","None","None","None","None","None","None","None","None"
"STU001059","None","None","None","None","None","None","None","None","None","None","None","None","None","None","None","None","None","None","None","None","None","None","None","None","None","None","None","None"
"STU001060","CTC","CTC","CTC","CTC","CTC","CTC","None","4YR","4YR","4YR","4YR","4YR","4YR","4YR","None","None","None","None","None","None","None","None","None","None","None","None","None","None"
"STU001061","CTC","CTC","None","CTC","CTC","CTC","None","None","None","None","None","None","None","None","None","None","None","None","None","None","None","None","None","None","None","None","None","None"
"STU001062","CTC","None","CTC","CTC","None","CTC","CTC","CTC","CTC","CTC","CTC","CTC","CTC","CTC","CTC","CTC","None","None","None","None","None","None","None","None","None","None","None","None"
"STU001063","CTC","CTC","None","CTC","CTC","CTC","CTC","CTC","CTC","CTC","4YR","CTC","CTC","CTC","CTC","CTC","CTC","CTC","CTC","None","None","None","None","None","None","None","None","None"
"STU001064","None","CTC","CTC","CTC","None","None","None","None","None","None","None","None","None","None","None","None","None","None","None","None","None","None","None","None","None","None","None","None"
"STU001065","None","None","None","None","None","None","None","None","None","None","None","None","None","None","None","None","None","None","None","None","None","None","None","None","None","None","None","None"
"STU001066","CTC","CTC","CTC","CTC","CTC","CTC","None","None","None","None","None","None","None","None","None","None","None","None","None","None","None","None","None","None","None","None","None","None"
"STU001067","CTC","CTC","CTC","CTC","CTC","CTC","CTC","CTC","None","CTC","CTC","CTC","CTC","None","None","None","None","None","None","None","None","None","None","None","None","None","None","None"
"STU001068","CTC","CTC","None","CTC","CTC","CTC","None","None","None","None","None","None","None","None","None","None","None","None","None","None","None","None","None","None","None","None","None","None"
"STU001069","4YR","4YR","4YR","4YR","4YR","4YR","CTC","4YR","4YR","None","None","None","None","None","None","None","None","None","None","None","None","None","None","None","None","None","None","None"
"STU001070","None","None","None","None","None","None","None","None","None","None","None","None","None","None","None","None","None","None","None","None","None","None","None","None","None","None","None","None"
"STU001071","None","None","None","None","CTC","CTC","CTC","CTC","CTC","None","4YR","CTC","CTC","CTC","None","None","None","None","None","None","None","None","None","None","None","None","None","None"
"STU001072","None","None","None","None","None","None","None","None","None","None","None","None","None","None","None","None","None","None","None","None","None","None","None","None","None","None","None","None"
"STU001073","None","None","None","None","None","None","None","None","None","None","None","None","None","None","None","None","None","None","None","CTC","None","None","None","None","None","None","None","None"
"STU001074","None","None","None","None","None","None","None","None","None","None","None","None","None","None","None","None","None","None","None","None","None","None","None","None","None","None","None","None"
"STU001075","CTC","CTC","CTC","CTC","CTC","CTC","4YR","4YR","4YR","4YR","4YR","None","4YR","4YR","4YR","4YR","4YR","None","None","None","None","None","None","None","None","None","None","None"
"STU001076","4YR","4YR","4YR","4YR","4YR","4YR","4YR","None","None","None","None","None","None","None","None","None","None","None","None","None","None","None","None","None","None","None","None","None"
"STU001077","None","None","None","None","None","None","None","None","None","None","None","None","None","None","None","None","None","None","None","None","None","None","None","None","None","None","None","None"
"STU001078","4YR","4YR","4YR","None","4YR","4YR","4YR","4YR","4YR","4YR","4YR","4YR","4YR","4YR","4YR","None","None","None","None","None","None","None","None","None","None","None","None","None"
"STU001079","None","CTC","CTC","None","None","CTC","CTC","CTC","CTC","None","None","None","None","None","None","None","None","None","None","None","None","None","None","None","None","None","None","None"
"STU001080","None","None","None","None","None","None","None","None","None","None","None","None","None","None","None","None","None","None","None","None","None","None","None","None","None","None","None","None"
"STU001081","CTC","CTC","4YR","CTC","CTC","None","None","None","None","None","None","None","None","None","None","None","None","None","None","None","None","None","None","None","None","None","None","None"
"STU001082","4YR","4YR","4YR","4YR","4YR","4YR","4YR","4YR","4YR","4YR","4YR","4YR","None","None","4YR","4YR","4YR","4YR","4YR","4YR","4YR","4YR","4YR","4YR","None","None","None","None"
"STU001083","CTC","None","CTC","CTC","CTC","CTC","CTC","None","CTC","CTC","CTC","None","CTC","CTC","CTC","CTC","CTC","CTC","CTC","CTC","None","None","None","None","None","None","None","None"
"STU001084","CTC","CTC","CTC","None","CTC","CTC","CTC","CTC","CTC","CTC","None","None","CTC","CTC","CTC","CTC","CTC","None","None","None","None","None","None","None","None","None","None","None"
"STU001085","None","None","None","None","None","None","None","None","None","None","None","None","None","None","None","None","None","None","None","None","None","None","None","None","None","None","None","None"
"STU001086","None","None","CTC","CTC","CTC","None","None","None","None","None","None","None","None","None","None","None","None","None","None","None","None","None","None","None","None","None","None","None"
"STU001087","CTC","CTC","CTC","4YR","CTC","None","CTC","CTC","CTC","CTC","CTC","CTC","CTC","CTC","CTC","None","None","None","None","None","None","None","None","None","None","None","None","None"
"STU001088","4YR","4YR","CTC","4YR","4YR","4YR","4YR","4YR","4YR","4YR","4YR","4YR","4YR","4YR","4YR","None","None","None","None","None","None","None","None","None","None","None","None","None"
"STU001089","None","None","4YR","4YR","4YR","4YR","4YR","None","None","None","4YR","4YR","4YR","4YR","4YR","4YR","None","None","None","None","None","None","None","None","None","None","None","None"
"STU001090","None","None","None","None","CTC","CTC","None","None","None","None","None","None","None","None","None","None","None","None","None","None","None","None","None","None","None","None","None","None"
"STU001091","CTC","None","CTC","CTC","None","CTC","CTC","4YR","4YR","4YR","4YR","4YR","4YR","4YR","None","4YR","None","None","None","None","None","None","None","None","None","None","None","None"
"STU001092","4YR","4YR","4YR","None","4YR","4YR","4YR","4YR","4YR","4YR","4YR","4YR","4YR","4YR","4YR","4YR","None","None","None","None","None","None","None","None","None","None","None","None"
"STU001093","None","None","None","None","None","None","None","None","None","None","None","None","None","None","None","None","None","None","None","None","None","None","None","None","None","None","None","None"
"STU001094","None","CTC","CTC","CTC","None","None","None","None","None","None","None","None","None","None","None","None","None","None","None","None","None","None","None","None","None","None","None","None"
"STU001095","None","None","None","None","None","None","None","None","None","None","None","None","None","None","None","None","None","None","None","None","None","None","None","None","None","None","None","None"
"STU001096","None","None","None","None","None","None","None","None","None","None","None","None","None","None","None","None","None","None","None","None","None","None","None","None","None","None","None","None"
"STU001097","None","None","None","None","None","None","None","None","None","None","None","None","None","None","None","None","None","None","None","None","None","None","None","None","None","None","None","None"
"STU001098","None","None","None","None","CTC","CTC","CTC","CTC","CTC","CTC","CTC","CTC","CTC","CTC","None","None","None","CTC","4YR","CTC","None","None","None","None","None","None","None","None"
"STU001099","None","None","None","None","4YR","4YR","4YR","4YR","4YR","4YR","None","None","None","None","None","None","None","None","None","None","None","None","None","None","None","None","None","None"
"STU001100","4YR","4YR","4YR","4YR","4YR","4YR","4YR","4YR","4YR","4YR","4YR","4YR","4YR","4YR","None","None","None","None","None","None","None","None","None","None","None","None","None","None"
"STU001101","None","CTC","CTC","None","None","None","None","None","None","None","None","None","None","None","None","None","None","None","None","None","None","None","None","None","None","None","None","None"
"STU001102","CTC","CTC","CTC","CTC","None","CTC","None","None","None","None","None","None","None","None","None","None","None","None","None","None","None","None","None","None","None","None","None","None"
"STU001103","CTC","CTC","None","CTC","CTC","CTC","None","None","None","None","None","None","None","None","None","None","None","None","None","None","None","None","None","None","None","None","None","None"
"STU001104","None","None","None","None","None","None","None","None","None","None","None","None","None","None","None","None","None","None","None","None","None","None","None","None","None","None","None","None"
"STU001105","CTC","CTC","CTC","CTC","CTC","CTC","CTC","CTC","None","None","None","None","None","None","None","None","None","None","None","None","None","None","None","None","None","None","None","None"
"STU001106","4YR","4YR","None","None","None","None","None","None","None","None","None","None","None","None","None","None","None","None","None","None","None","None","None","None","None","None","None","None"
"STU001107","None","CTC","CTC","CTC","CTC","CTC","CTC","CTC","4YR","4YR","4YR","4YR","4YR","4YR","4YR","4YR","4YR","4YR","4YR","4YR","None","None","None","None","None","None","None","None"
"STU001108","None","None","4YR","CTC","CTC","None","CTC","CTC","CTC","CTC","CTC","None","None","None","None","None","None","None","None","None","None","None","None","None","None","None","None","None"
"STU001109","4YR","4YR","None","4YR","None","4YR","4YR","4YR","4YR","4YR","4YR","4YR","None","4YR","4YR","None","4YR","4YR","4YR","4YR","None","None","None","None","None","None","None","None"
"STU001110","CTC","CTC","CTC","CTC","CTC","CTC","CTC","4YR","4YR","4YR","4YR","4YR","4YR","4YR","None","None","None","None","None","None","None","None","None","None","None","None","None","None"
"STU001111","None","None","None","None","None","CTC","CTC","None","CTC","None","None","None","CTC","CTC","CTC","CTC","CTC","CTC","CTC","None","None","None","None","None","None","None","None","None"
"STU001112","None","None","None","None","None","None","None","None","None","None","None","None","None","None","None","None","None","None","None","None","None","None","None","None","None","None","None","None"
"STU001113","None","None","None","None","None","None","None","None","None","None","None","None","None","None","None","None","None","None","None","None","None","None","None","None","None","None","None","None"
"STU001114","4YR","4YR","4YR","4YR","4YR","4YR","4YR","4YR","4YR","4YR","4YR","4YR","4YR","4YR","None","None","None","None","None","None","None","None","None","None","None","None","None","None"
"STU001115","CTC","CTC","CTC","CTC","4YR","CTC","4YR","CTC","4YR","None","4YR","4YR","None","4YR","4YR","4YR","4YR","CTC","4YR","None","None","None","None","None","None","None","None","None"
"STU001116","None","None","None","None","None","None","None","None","None","None","None","None","None","None","None","None","None","None","None","None","None","None","None","None","None","None","None","None"
"STU001117","CTC","CTC","CTC","CTC","4YR","CTC","CTC","CTC","None","None","None","None","None","None","None","None","None","None","None","None","None","None","None","None","None","None","None","None"
"STU001118","CTC","CTC","CTC","CTC","CTC","4YR","4YR","4YR","4YR","None","4YR","4YR","4YR","4YR","4YR","4YR","4YR","None","None","None","None","None","None","None","None","None","None","None"
"STU001119","4YR","4YR","4YR","None","4YR","4YR","4YR","4YR","4YR","4YR","4YR","4YR","4YR","4YR","4YR","None","None","None","None","None","None","None","None","None","None","None","None","None"
"STU001120","None","None","None","CTC","CTC","CTC","CTC","CTC","None","CTC","None","None","None","None","None","None","None","None","None","None","None","None","None","None","None","None","None","None"
"STU001121","None","None","None","None","None","None","None","None","None","None","None","None","None","None","None","None","None","None","None","None","None","None","None","None","None","None","None","None"
"STU001122","CTC","CTC","CTC","CTC","CTC","None","CTC","CTC","CTC","CTC","CTC","CTC","CTC","CTC","CTC","CTC","None","None","None","None","None","None","None","None","None","None","None","None"
"STU001123","4YR","4YR","4YR","4YR","None","4YR","4YR","4YR","4YR","4YR","None","4YR","4YR","4YR","None","4YR","4YR","None","4YR","4YR","4YR","4YR","4YR","4YR","4YR","4YR","4YR","None"
"STU001124","4YR","4YR","4YR","4YR","4YR","4YR","4YR","4YR","None","4YR","4YR","4YR","4YR","4YR","4YR","None","4YR","4YR","4YR","4YR","4YR","4YR","4YR","None","None","None","None","None"
"STU001125","CTC","CTC","None","None","None","None","None","None","None","None","None","None","None","None","None","None","None","None","None","None","None","None","None","None","None","None","None","None"
"STU001126","CTC","CTC","CTC","None","None","None","None","None","None","None","None","None","None","None","None","None","None","None","None","None","None","None","None","None","None","None","None","None"
"STU001127","None","None","None","None","None","None","None","None","None","None","None","None","None","None","None","None","None","None","None","None","None","None","None","None","None","None","None","None"
"STU001128","None","None","None","None","CTC","CTC","None","None","None","None","None","None","None","None","None","None","None","None","None","None","None","None","None","None","None","None","None","None"
"STU001129","4YR","4YR","4YR","4YR","4YR","4YR","4YR","4YR","CTC","4YR","4YR","None","4YR","4YR","4YR","4YR","None","None","None","None","None","None","None","None","None","None","None","None"
"STU001130","4YR","4YR","4YR","4YR","4YR","4YR","4YR","4YR","4YR","4YR","None","None","None","None","None","None","None","None","None","None","None","None","None","None","None","None","None","None"
"STU001131","4YR","None","4YR","4YR","4YR","4YR","4YR","4YR","4YR","4YR","4YR","4YR","CTC","4YR","None","None","None","None","None","None","None","None","None","None","None","None","None","None"
"STU001132","None","None","None","None","CTC","CTC","CTC","CTC","CTC","CTC","None","None","None","None","None","None","None","None","None","None","None","None","None","None","None","None","None","None"
"STU001133","None","None","None","None","None","None","None","None","None","None","None","None","None","None","None","None","None","None","None","None","None","None","None","None","None","None","None","None"
"STU001134","CTC","CTC","CTC","CTC","CTC","CTC","CTC","CTC","None","4YR","4YR","4YR","4YR","4YR","4YR","4YR","None","4YR","4YR","None","None","None","None","None","None","None","None","None"
"STU001135","CTC","4YR","CTC","4YR","None","None","None","None","None","None","None","None","None","None","None","None","None","None","None","None","None","None","None","None","None","None","None","None"
"STU001136","CTC","CTC","CTC","CTC","CTC","4YR","CTC","CTC","4YR","4YR","4YR","4YR","4YR","4YR","4YR","4YR","4YR","4YR","None","None","None","None","None","None","None","None","None","None"
"STU001137","None","None","None","None","CTC","CTC","CTC","CTC","CTC","None","None","None","None","None","None","None","None","None","None","None","None","None","None","None","None","None","None","None"
"STU001138","None","None","4YR","4YR","4YR","4YR","4YR","4YR","4YR","4YR","None","None","None","None","None","None","None","None","None","None","None","None","None","None","None","None","None","None"
"STU001139","None","None","None","None","None","None","None","None","None","None","None","None","None","None","None","None","None","None","None","None","None","None","None","None","None","None","None","None"
"STU001140","None","None","None","None","None","None","None","None","None","None","None","None","None","None","None","None","None","None","None","None","None","None","None","None","None","None","None","None"
"STU001141","CTC","4YR","CTC","CTC","CTC","CTC","None","None","None","None","None","None","None","None","None","None","None","None","None","None","None","None","None","None","None","None","None","None"
"STU001142","CTC","CTC","CTC","None","CTC","CTC","CTC","None","None","None","None","None","None","None","None","None","None","None","None","None","None","None","None","None","None","None","None","None"
"STU001143","None","None","None","None","None","None","None","None","None","None","None","None","None","None","None","None","None","None","None","None","None","None","None","None","None","None","None","None"
"STU001144","None","None","None","CTC","CTC","CTC","None","None","None","None","None","None","None","None","None","None","None","None","None","None","None","None","None","None","None","None","None","None"
"STU001145","None","None","CTC","CTC","CTC","CTC","CTC","CTC","None","None","None","None","None","None","None","None","None","None","None","None","None","None","None","None","None","None","None","None"
"STU001146","None","None","CTC","CTC","None","None","None","None","None","None","None","None","None","None","None","None","None","None","None","None","None","None","None","None","None","None","None","None"
"STU001147","None","None","None","None","None","None","None","None","None","None","None","None","None","None","None","None","None","None","None","None","None","None","None","None","None","None","None","None"
"STU001148","4YR","4YR","4YR","4YR","4YR","None","4YR","4YR","4YR","None","4YR","4YR","4YR","4YR","4YR","4YR","4YR","None","None","4YR","4YR","4YR","4YR","4YR","4YR","None","None","None"
"STU001149","None","None","None","None","None","CTC","None","None","None","None","None","None","None","None","None","None","None","None","None","None","None","None","None","None","None","None","None","None"
"STU001150","None","CTC","CTC","None","None","None","None","None","None","None","None","None","None","None","None","None","None","None","None","None","None","None","None","None","None","None","None","None"
"STU001151","4YR","4YR","4YR","4YR","4YR","4YR","4YR","4YR","4YR","4YR","4YR","4YR","4YR","4YR","4YR","4YR","4YR","None","None","None","None","None","None","None","None","None","None","None"
"STU001152","CTC","CTC","CTC","CTC","CTC","CTC","CTC","4YR","CTC","CTC","None","CTC","CTC","None","None","None","None","None","None","None","None","None","None","None","None","None","None","None"
"STU001153","None","None","None","None","CTC","CTC","CTC","CTC","CTC","CTC","CTC","CTC","None","CTC","CTC","CTC","CTC","CTC","CTC","CTC","None","None","None","None","None","None","None","None"
"STU001154","4YR","4YR","4YR","4YR","4YR","4YR","4YR","None","CTC","4YR","4YR","None","4YR","4YR","4YR","4YR","None","None","None","None","None","None","None","None","None","None","None","None"
"STU001155","4YR","4YR","4YR","4YR","4YR","4YR","4YR","4YR","None","4YR","4YR","4YR","4YR","4YR","CTC","CTC","4YR","4YR","4YR","4YR","None","4YR","4YR","4YR","4YR","4YR","None","4YR"
"STU001156","None","CTC","CTC","None","None","None","None","None","None","None","None","None","None","None","None","None","None","None","None","None","None","None","None","None","None","None","None","None"
"STU001157","4YR","4YR","4YR","4YR","4YR","4YR","4YR","4YR","4YR","4YR","4YR","4YR","4YR","CTC","None","None","None","None","None","None","None","None","None","None","None","None","None","None"
"STU001158","None","None","None","None","None","None","None","None","None","None","None","None","None","None","None","None","None","None","None","None","None","None","None","None","None","None","None","None"
"STU001159","4YR","4YR","4YR","4YR","4YR","4YR","4YR","4YR","4YR","None","4YR","4YR","4YR","4YR","None","None","None","None","None","None","None","None","None","None","None","None","None","None"
"STU001160","4YR","4YR","None","4YR","None","4YR","None","None","None","None","None","None","None","None","None","None","None","None","None","None","None","None","None","None","None","None","None","None"
"STU001161","None","None","None","CTC","None","None","None","None","None","None","None","None","None","None","None","None","None","None","None","None","None","None","None","None","None","None","None","None"
"STU001162","CTC","CTC","CTC","CTC","CTC","CTC","CTC","CTC","4YR","4YR","4YR","4YR","4YR","4YR","4YR","4YR","4YR","4YR","4YR","4YR","None","None","None","None","None","None","None","None"
"STU001163","None","CTC","CTC","CTC","CTC","CTC","CTC","CTC","CTC","CTC","CTC","CTC","CTC","CTC","CTC","CTC","None","CTC","CTC","CTC","None","None","None","None","None","None","None","None"
"STU001164","None","CTC","CTC","CTC","None","CTC","CTC","CTC","CTC","CTC","CTC","None","None","None","None","None","None","None","None","None","None","None","None","None","None","None","None","None"
"STU001165","4YR","4YR","4YR","4YR","4YR","4YR","4YR","4YR","4YR","4YR","4YR","4YR","4YR","4YR","4YR","4YR","4YR","4YR","4YR","4YR","CTC","4YR","None","None","None","None","None","None"
"STU001166","None","None","CTC","CTC","None","None","None","None","None","None","None","None","None","None","None","None","None","None","None","None","None","None","None","None","None","None","None","None"
"STU001167","None","None","None","None","None","None","None","None","None","None","None","None","None","None","None","None","None","None","None","None","None","None","None","None","None","None","None","None"
"STU001168","None","None","None","None","None","None","None","None","None","None","None","None","None","None","None","None","None","None","None","None","None","None","None","None","None","None","None","None"
"STU001169","None","None","None","None","None","None","None","None","None","None","None","None","None","None","None","None","None","None","None","None","None","None","None","None","None","None","None","None"
"STU001170","None","None","CTC","None","None","None","None","None","None","None","None","None","None","None","None","None","None","None","None","None","None","None","None","None","None","None","None","None"
"STU001171","4YR","4YR","4YR","None","4YR","4YR","4YR","4YR","None","4YR","4YR","4YR","4YR","4YR","4YR","4YR","4YR","CTC","4YR","4YR","4YR","None","4YR","None","None","None","None","None"
"STU001172","4YR","4YR","4YR","4YR","4YR","4YR","4YR","4YR","4YR","4YR","4YR","4YR","None","4YR","4YR","4YR","4YR","4YR","4YR","4YR","4YR","CTC","4YR","4YR","4YR","4YR","None","4YR"
"STU001173","None","None","None","None","CTC","CTC","None","CTC","CTC","CTC","CTC","CTC","CTC","CTC","None","CTC","CTC","CTC","CTC","CTC","CTC","None","None","None","None","None","None","None"
"STU001174","CTC","CTC","CTC","CTC","4YR","CTC","CTC","None","None","None","None","None","None","None","None","None","None","None","None","None","None","None","None","None","None","None","None","None"
"STU001175","4YR","4YR","4YR","4YR","4YR","None","4YR","4YR","None","None","None","None","None","None","None","None","None","None","None","None","None","None","None","None","None","None","None","None"
"STU001176","None","CTC","CTC","CTC","CTC","None","None","None","None","None","None","None","None","None","None","None","None","None","None","None","None","None","None","None","None","None","None","None"
"STU001177","4YR","4YR","4YR","4YR","4YR","4YR","4YR","4YR","4YR","4YR","4YR","4YR","4YR","4YR","None","None","None","None","None","None","None","None","None","None","None","None","None","None"
"STU001178","None","None","None","None","None","None","None","None","None","None","None","None","None","None","None","None","None","None","None","None","None","CTC","None","None","None","None","None","None"
"STU001179","4YR","4YR","4YR","4YR","4YR","4YR","4YR","4YR","4YR","4YR","4YR","4YR","4YR","4YR","4YR","None","None","None","None","None","None","None","None","None","None","None","None","None"
"STU001180","None","None","None","None","None","None","None","None","None","None","None","None","None","None","None","None","None","None","None","None","None","None","None","None","None","None","None","None"
"STU001181","CTC","CTC","CTC","None","None","None","None","None","None","None","None","None","None","None","None","None","None","None","None","None","None","None","None","None","None","None","None","None"
"STU001182","4YR","4YR","4YR","4YR","4YR","4YR","None","4YR","4YR","4YR","4YR","4YR","None","4YR","4YR","None","None","None","None","None","None","None","None","None","None","None","None","None"
"STU001183","CTC","CTC","CTC","CTC","CTC","None","CTC","4YR","None","4YR","4YR","4YR","4YR","4YR","4YR","4YR","None","None","None","None","None","None","None","None","None","None","None","None"
"STU001184","4YR","4YR","4YR","4YR","4YR","4YR","4YR","4YR","None","4YR","4YR","4YR","4YR","None","4YR","4YR","4YR","4YR","4YR","None","None","None","None","None","None","None","None","None"
"STU001185","CTC","CTC","CTC","CTC","CTC","CTC","CTC","CTC","CTC","CTC","CTC","CTC","CTC","CTC","None","None","None","None","None","None","None","None","None","None","None","None","None","None"
"STU001186","CTC","CTC","CTC","None","CTC","CTC","CTC","CTC","None","None","None","None","None","None","None","None","None","None","None","None","None","None","None","None","None","None","None","None"
"STU001187","CTC","CTC","None","None","None","None","None","None","None","None","None","None","None","None","None","None","None","None","None","None","None","None","None","None","None","None","None","None"
"STU001188","None","None","None","None","CTC","CTC","CTC","CTC","CTC","CTC","CTC","CTC","CTC","CTC","None","None","None","None","None","None","None","None","None","None","None","None","None","None"
"STU001189","None","4YR","CTC","4YR","None","CTC","CTC","4YR","CTC","None","None","None","None","None","None","None","None","None","None","None","None","None","None","None","None","None","None","None"
"STU001190","None","None","None","None","None","None","None","None","None","None","None","None","None","None","None","None","None","None","None","None","None","None","None","None","None","None","None","None"
"STU001191","None","CTC","CTC","CTC","CTC","CTC","CTC","CTC","CTC","CTC","None","None","None","None","None","None","None","None","None","None","None","None","None","None","None","None","None","None"
"STU001192","4YR","4YR","4YR","None","CTC","CTC","CTC","CTC","CTC","CTC","CTC","CTC","CTC","CTC","CTC","CTC","CTC","None","None","None","None","None","None","None","None","None","None","None"
"STU001193","None","None","CTC","CTC","CTC","CTC","None","None","CTC","None","CTC","CTC","CTC","CTC","None","None","None","None","None","None","None","None","None","None","None","None","None","None"
"STU001194","None","None","None","None","None","None","None","None","None","None","None","None","None","None","None","None","None","None","None","None","None","None","None","None","None","None","None","None"
"STU001195","None","None","None","None","None","None","None","None","None","None","None","None","None","None","None","None","None","None","None","None","None","None","None","None","None","None","None","None"
"STU001196","4YR","4YR","None","None","4YR","4YR","4YR","4YR","4YR","4YR","4YR","4YR","4YR","4YR","None","None","None","None","None","None","None","None","None","None","None","None","None","None"
"STU001197","None","None","None","CTC","CTC","CTC","CTC","CTC","CTC","CTC","CTC","CTC","CTC","None","None","None","None","None","None","None","None","None","None","None","None","None","None","None"
"STU001198","CTC","CTC","CTC","None","None","None","None","None","None","None","None","None","None","None","None","None","None","None","None","None","None","None","None","None","None","None","None","None"
"STU001199","None","None","None","None","None","None","None","None","None","None","None","None","None","None","None","None","None","None","None","None","None","None","None","None","None","None","None","None"
"STU001200","None","None","None","None","None","None","None","None","None","None","None","None","None","None","None","None","None","None","None","None","None","None","None","None","None","None","None","None"
"STU001201","CTC","CTC","CTC","CTC","CTC","CTC","None","None","None","None","None","None","None","None","None","None","None","None","None","None","None","None","None","None","None","None","None","None"
"STU001202","None","None","None","None","None","None","None","None","None","None","None","None","None","None","None","None","None","None","None","None","None","None","None","None","None","None","None","None"
"STU001203","CTC","CTC","CTC","CTC","None","None","CTC","CTC","CTC","4YR","CTC","None","None","None","None","None","None","None","None","None","None","None","None","None","None","None","None","None"
"STU001204","CTC","CTC","CTC","CTC","CTC","None","None","None","None","None","None","None","None","None","None","None","None","None","None","None","None","None","None","None","None","None","None","None"
"STU001205","None","None","None","None","None","None","None","None","None","None","None","None","None","None","None","None","None","None","None","None","None","None","None","None","None","None","None","None"
"STU001206","CTC","4YR","4YR","4YR","4YR","4YR","4YR","4YR","4YR","4YR","4YR","4YR","4YR","4YR","4YR","None","None","None","None","None","None","None","None","None","None","None","None","None"
"STU001207","CTC","CTC","CTC","CTC","None","CTC","CTC","4YR","4YR","4YR","4YR","4YR","4YR","4YR","4YR","4YR","None","None","None","None","None","None","None","None","None","None","None","None"
"STU001208","4YR","4YR","4YR","4YR","4YR","4YR","4YR","4YR","4YR","4YR","None","4YR","4YR","4YR","4YR","None","None","None","None","None","None","None","None","None","None","None","None","None"
"STU001209","4YR","4YR","4YR","4YR","4YR","4YR","4YR","4YR","4YR","4YR","4YR","CTC","4YR","4YR","4YR","4YR","4YR","4YR","4YR","4YR","4YR","4YR","4YR","4YR","4YR","None","None","None"
"STU001210","None","None","None","None","None","None","None","None","None","None","None","None","None","None","None","None","None","None","None","None","None","None","None","None","None","None","None","None"
"STU001211","CTC","CTC","CTC","CTC","CTC","None","CTC","None","None","None","None","None","None","None","None","None","None","None","None","None","None","None","None","None","None","None","None","None"
"STU001212","4YR","4YR","4YR","4YR","4YR","4YR","4YR","4YR","None","CTC","4YR","4YR","4YR","4YR","4YR","None","4YR","4YR","4YR","None","None","None","None","None","None","None","None","None"
"STU001213","4YR","4YR","4YR","4YR","4YR","4YR","4YR","4YR","None","CTC","4YR","4YR","None","4YR","4YR","4YR","4YR","4YR","4YR","4YR","None","4YR","4YR","4YR","4YR","4YR","4YR","4YR"
"STU001214","4YR","4YR","4YR","4YR","4YR","4YR","4YR","None","None","None","None","None","None","None","None","None","None","None","None","None","None","None","None","None","None","None","None","None"
"STU001215","CTC","None","CTC","CTC","CTC","CTC","CTC","CTC","CTC","CTC","CTC","None","CTC","CTC","CTC","CTC","CTC","CTC","CTC","None","None","None","None","None","None","None","None","None"
"STU001216","4YR","4YR","4YR","4YR","4YR","None","4YR","4YR","4YR","4YR","4YR","4YR","None","4YR","None","None","None","None","None","None","None","None","None","None","None","None","None","None"
"STU001217","None","None","None","None","None","None","None","None","None","None","None","None","None","None","None","None","None","None","None","None","None","None","None","None","None","None","None","None"
"STU001218","None","None","None","CTC","CTC","CTC","CTC","CTC","CTC","CTC","None","None","None","None","None","None","None","None","None","None","None","None","None","None","None","None","None","None"
"STU001219","4YR","CTC","4YR","4YR","4YR","4YR","4YR","4YR","4YR","CTC","4YR","4YR","4YR","4YR","4YR","4YR","4YR","4YR","4YR","4YR","4YR","4YR","4YR","4YR","None","None","None","None"
"STU001220","None","None","None","None","None","None","None","None","None","None","None","None","None","None","None","None","None","None","None","None","None","None","None","None","None","None","None","None"
"STU001221","None","None","None","4YR","4YR","4YR","4YR","4YR","None","None","4YR","4YR","None","4YR","4YR","4YR","4YR","None","None","None","None","None","None","None","None","None","None","None"
"STU001222","4YR","4YR","4YR","4YR","4YR","4YR","None","4YR","4YR","4YR","None","4YR","4YR","4YR","4YR","None","None","None","None","None","None","None","None","None","None","None","None","None"
"STU001223","None","None","None","None","None","None","None","None","None","None","None","None","None","None","None","None","None","None","None","None","None","None","None","None","None","None","None","None"
"STU001224","None","None","None","None","None","None","None","None","None","None","None","None","None","None","None","None","None","None","None","None","None","None","None","None","None","None","None","None"
"STU001225","None","None","None","None","None","None","None","None","None","None","None","None","None","None","None","None","None","None","None","None","None","None","None","None","None","None","None","None"
"STU001226","CTC","None","None","None","None","None","None","None","None","None","None","None","None","None","None","None","None","None","None","None","None","None","None","None","None","None","None","None"
"STU001227","None","None","None","None","None","None","None","None","None","None","None","None","None","None","None","None","None","None","None","None","None","None","None","None","None","None","None","None"
"STU001228","4YR","4YR","4YR","CTC","4YR","4YR","4YR","4YR","4YR","4YR","None","None","None","None","None","None","None","None","None","None","None","None","None","None","None","None","None","None"
"STU001229","4YR","4YR","4YR","4YR","4YR","4YR","4YR","4YR","4YR","4YR","4YR","4YR","4YR","4YR","4YR","None","None","None","None","None","None","None","None","None","None","None","None","None"
"STU001230","None","None","None","None","None","None","None","None","None","None","None","None","None","None","None","None","None","None","None","None","None","None","None","None","None","None","None","None"
"STU001231","None","None","None","None","None","None","None","None","None","None","None","None","None","None","None","None","None","None","None","None","None","None","None","None","None","None","None","None"
"STU001232","4YR","4YR","4YR","4YR","4YR","4YR","4YR","4YR","CTC","CTC","CTC","CTC","CTC","CTC","CTC","CTC","CTC","CTC","CTC","CTC","CTC","None","None","None","None","None","None","None"
"STU001233","CTC","CTC","CTC","CTC","CTC","None","None","None","None","None","None","None","None","None","None","None","None","None","None","None","None","None","None","None","None","None","None","None"
"STU001234","None","CTC","CTC","CTC","CTC","CTC","None","None","None","CTC","CTC","CTC","None","None","CTC","CTC","None","None","None","None","None","None","None","None","None","None","None","None"
"STU001235","4YR","4YR","4YR","4YR","4YR","CTC","4YR","None","4YR","4YR","4YR","CTC","4YR","4YR","4YR","4YR","None","4YR","None","None","None","None","None","None","None","None","None","None"
"STU001236","CTC","None","CTC","None","None","None","None","None","None","None","None","None","None","None","None","None","None","None","None","None","None","None","None","None","None","None","None","None"
"STU001237","CTC","None","CTC","None","CTC","CTC","CTC","4YR","4YR","4YR","4YR","4YR","4YR","4YR","4YR","4YR","None","None","None","None","None","None","None","None","None","None","None","None"
"STU001238","4YR","4YR","4YR","4YR","4YR","4YR","4YR","4YR","None","4YR","4YR","4YR","4YR","CTC","4YR","4YR","4YR","4YR","4YR","4YR","4YR","None","None","None","None","None","None","None"
"STU001239","None","None","None","None","None","None","None","None","None","None","None","None","None","None","None","None","None","None","None","None","None","None","None","None","None","None","None","None"
"STU001240","4YR","4YR","4YR","4YR","4YR","4YR","4YR","4YR","4YR","4YR","4YR","4YR","4YR","4YR","4YR","4YR","4YR","CTC","4YR","4YR","None","4YR","CTC","4YR","4YR","4YR","None","None"
"STU001241","CTC","CTC","CTC","CTC","None","None","None","None","None","None","None","None","None","None","None","None","None","None","None","None","None","None","None","None","None","None","None","None"
"STU001242","CTC","CTC","CTC","CTC","CTC","None","None","None","None","None","None","None","None","None","None","None","None","None","None","None","None","None","None","None","None","None","None","None"
"STU001243","4YR","4YR","None","CTC","CTC","4YR","None","4YR","4YR","4YR","4YR","4YR","4YR","4YR","None","None","None","None","None","None","None","None","None","None","None","None","None","None"
"STU001244","None","None","None","None","None","None","None","None","None","None","None","None","None","None","None","None","None","None","None","None","None","None","None","None","None","None","None","None"
"STU001245","4YR","CTC","CTC","CTC","None","CTC","None","None","None","None","None","None","None","None","None","None","None","None","None","None","None","None","None","None","None","None","None","None"
"STU001246","4YR","4YR","4YR","4YR","4YR","4YR","4YR","4YR","4YR","4YR","4YR","None","4YR","4YR","4YR","4YR","None","None","None","None","None","None","None","None","None","None","None","None"
"STU001247","CTC","CTC","CTC","CTC","None","None","None","None","None","None","None","None","None","None","None","None","None","None","None","None","None","None","None","None","None","None","None","None"
"STU001248","CTC","CTC","CTC","CTC","CTC","CTC","CTC","CTC","CTC","None","None","None","None","None","None","None","None","None","None","None","None","None","None","None","None","None","None","None"
"STU001249","None","None","None","4YR","4YR","None","4YR","4YR","4YR","4YR","4YR","4YR","4YR","None","None","None","None","None","None","None","None","None","None","None","None","None","None","None"
"STU001250","CTC","None","None","None","None","None","None","None","None","None","None","None","None","None","None","None","None","None","None","None","None","None","None","None","None","None","None","None"
"STU001251","None","None","None","CTC","CTC","CTC","CTC","CTC","CTC","None","None","None","None","None","None","None","None","None","None","None","None","None","None","None","None","None","None","None"
"STU001252","4YR","4YR","4YR","4YR","4YR","4YR","4YR","4YR","4YR","4YR","4YR","4YR","4YR","4YR","4YR","4YR","4YR","4YR","4YR","4YR","None","None","None","None","None","None","None","None"
"STU001253","4YR","4YR","None","4YR","4YR","4YR","4YR","4YR","4YR","4YR","None","4YR","4YR","4YR","None","None","None","None","None","None","None","None","None","None","None","None","None","None"
"STU001254","None","None","None","None","None","None","None","None","None","None","None","None","None","None","None","None","None","None","None","None","None","None","None","None","None","None","None","None"
"STU001255","CTC","CTC","CTC","CTC","CTC","None","None","None","None","None","None","None","None","None","None","None","None","None","None","None","None","None","None","None","None","None","None","None"
"STU001256","None","None","None","CTC","None","CTC","CTC","CTC","CTC","CTC","CTC","None","None","None","None","None","None","None","None","None","None","None","None","None","None","None","None","None"
"STU001257","None","CTC","CTC","None","4YR","CTC","CTC","CTC","CTC","4YR","None","None","None","None","None","None","None","None","None","None","None","None","None","None","None","None","None","None"
"STU001258","CTC","CTC","CTC","CTC","CTC","CTC","CTC","CTC","None","None","None","None","None","None","None","None","None","None","None","None","None","None","None","None","None","None","None","None"
"STU001259","CTC","CTC","CTC","CTC","CTC","None","None","4YR","4YR","4YR","4YR","4YR","4YR","4YR","4YR","CTC","4YR","4YR","4YR","None","None","None","None","None","None","None","None","None"
"STU001260","CTC","CTC","CTC","CTC","CTC","CTC","CTC","CTC","None","None","None","None","None","None","None","None","None","None","None","None","None","None","None","None","None","None","None","None"
"STU001261","CTC","CTC","CTC","None","None","None","None","None","None","None","None","None","None","None","None","None","None","None","None","None","None","None","None","None","None","None","None","None"
"STU001262","None","None","None","None","None","None","None","None","None","None","None","None","None","None","None","None","None","None","None","None","None","None","None","None","None","None","None","None"
"STU001263","None","None","None","None","None","None","None","None","None","None","None","None","None","None","None","None","None","None","None","None","None","None","None","None","None","None","None","None"
"STU001264","CTC","None","CTC","CTC","CTC","CTC","None","None","None","None","None","None","None","None","None","None","None","None","None","None","None","None","None","None","None","None","None","None"
"STU001265","None","CTC","CTC","None","CTC","CTC","CTC","CTC","CTC","CTC","None","None","None","None","None","None","None","None","None","None","None","None","None","None","None","None","None","None"
"STU001266","None","None","None","None","None","None","None","None","None","None","None","None","None","None","None","None","None","None","None","None","None","None","None","None","None","None","None","None"
"STU001267","None","CTC","CTC","None","None","None","None","None","None","None","None","None","None","None","None","None","None","None","None","None","None","None","None","None","None","None","None","None"
"STU001268","4YR","4YR","4YR","4YR","4YR","4YR","4YR","4YR","4YR","4YR","4YR","4YR","4YR","4YR","4YR","4YR","CTC","4YR","4YR","4YR","4YR","4YR","4YR","4YR","4YR","None","None","None"
"STU001269","4YR","4YR","4YR","4YR","4YR","4YR","4YR","4YR","4YR","4YR","4YR","4YR","4YR","4YR","4YR","4YR","4YR","4YR","4YR","4YR","4YR","4YR","4YR","4YR","4YR","4YR","4YR","None"
"STU001270","CTC","CTC","None","CTC","CTC","CTC","CTC","CTC","CTC","CTC","CTC","CTC","CTC","CTC","CTC","CTC","CTC","CTC","None","None","None","None","None","None","None","None","None","None"
"STU001271","None","CTC","CTC","CTC","CTC","CTC","CTC","4YR","None","CTC","CTC","CTC","CTC","CTC","CTC","None","None","None","None","None","None","None","None","None","None","None","None","None"
"STU001272","CTC","CTC","CTC","CTC","CTC","CTC","CTC","CTC","None","None","None","None","None","None","None","None","None","None","None","None","None","None","None","None","None","None","None","None"
"STU001273","4YR","4YR","4YR","None","None","4YR","4YR","4YR","None","4YR","None","None","None","None","None","None","None","None","None","None","None","None","None","None","None","None","None","None"
"STU001274","None","None","None","None","None","None","None","None","None","None","None","None","None","None","None","None","None","None","None","None","None","None","None","None","None","None","None","None"
"STU001275","None","None","None","None","CTC","CTC","CTC","CTC","CTC","CTC","None","None","None","None","None","None","None","None","None","None","None","None","None","None","None","None","None","None"
"STU001276","4YR","4YR","4YR","4YR","4YR","4YR","4YR","4YR","4YR","4YR","4YR","4YR","4YR","4YR","4YR","4YR","4YR","4YR","CTC","4YR","4YR","4YR","4YR","4YR","4YR","4YR","4YR","None"
"STU001277","None","CTC","None","None","None","CTC","None","None","None","None","None","None","None","None","None","None","None","None","None","None","None","None","None","None","None","None","None","None"
"STU001278","None","None","CTC","None","CTC","CTC","CTC","CTC","CTC","None","CTC","None","None","None","None","None","None","None","None","None","None","None","None","None","None","None","None","None"
"STU001279","None","None","CTC","CTC","CTC","CTC","None","CTC","CTC","CTC","CTC","CTC","None","None","None","None","None","None","None","None","None","None","None","None","None","None","None","None"
"STU001280","CTC","CTC","CTC","None","None","None","None","None","None","None","None","None","None","None","None","None","None","None","None","None","None","None","None","None","None","None","None","None"
"STU001281","4YR","4YR","4YR","4YR","4YR","4YR","4YR","4YR","4YR","None","None","None","None","None","None","None","None","None","None","None","None","None","None","None","None","None","None","None"
"STU001282","None","None","None","4YR","4YR","4YR","4YR","4YR","None","None","None","None","None","None","None","None","None","None","None","None","None","None","None","None","None","None","None","None"
"STU001283","4YR","4YR","4YR","4YR","4YR","4YR","4YR","4YR","4YR","4YR","4YR","4YR","4YR","4YR","4YR","None","None","None","None","None","None","None","None","None","None","None","None","None"
"STU001284","None","None","None","None","None","None","None","None","None","None","None","None","None","None","None","None","None","None","None","None","None","None","None","None","None","None","None","None"
"STU001285","None","None","None","None","None","None","None","None","None","None","None","None","None","None","None","None","None","None","None","None","None","None","None","None","None","None","None","None"
"STU001286","None","None","None","CTC","None","CTC","CTC","CTC","CTC","None","CTC","CTC","None","None","None","None","None","None","None","None","None","None","None","None","None","None","None","None"
"STU001287","CTC","CTC","CTC","CTC","CTC","CTC","None","None","None","None","None","None","None","None","None","None","None","None","None","None","None","None","None","None","None","None","None","None"
"STU001288","None","None","None","CTC","CTC","CTC","CTC","None","None","None","CTC","CTC","CTC","CTC","None","CTC","None","None","None","None","None","None","None","None","None","None","None","None"
"STU001289","CTC","CTC","CTC","CTC","CTC","CTC","CTC","CTC","None","None","None","None","None","None","None","None","None","None","None","None","None","None","None","None","None","None","None","None"
"STU001290","None","None","None","None","None","None","None","None","None","None","None","None","None","None","None","None","None","None","None","None","None","None","None","None","None","None","None","None"
"STU001291","4YR","None","4YR","4YR","4YR","4YR","4YR","4YR","4YR","4YR","4YR","4YR","4YR","4YR","None","None","None","None","None","None","None","None","None","None","None","None","None","None"
"STU001292","CTC","CTC","CTC","CTC","CTC","None","None","None","None","None","None","None","None","None","None","None","None","None","None","None","None","None","None","None","None","None","None","None"
"STU001293","None","None","None","None","None","None","None","None","None","None","None","None","None","None","None","None","None","None","None","None","None","None","None","None","None","None","None","None"
"STU001294","None","None","4YR","4YR","4YR","None","4YR","4YR","4YR","4YR","None","None","None","None","None","None","None","None","None","None","None","None","None","None","None","None","None","None"
"STU001295","None","None","None","None","None","None","None","None","None","None","None","None","None","None","None","None","None","None","None","None","None","None","None","None","None","None","None","None"
"STU001296","4YR","4YR","4YR","4YR","4YR","4YR","4YR","4YR","4YR","4YR","4YR","None","4YR","4YR","4YR","4YR","4YR","4YR","4YR","4YR","4YR","4YR","4YR","4YR","4YR","4YR","4YR","None"
"STU001297","None","None","None","None","4YR","4YR","4YR","4YR","4YR","4YR","4YR","4YR","None","None","None","None","None","None","None","None","None","None","None","None","None","None","None","None"
"STU001298","None","None","CTC","CTC","CTC","CTC","CTC","CTC","None","None","None","None","None","None","None","None","None","None","None","None","None","None","None","None","None","None","None","None"
"STU001299","CTC","CTC","CTC","CTC","CTC","CTC","4YR","CTC","CTC","CTC","CTC","CTC","CTC","None","None","None","None","None","None","None","None","None","None","None","None","None","None","None"
"STU001300","4YR","4YR","4YR","4YR","4YR","4YR","4YR","CTC","4YR","None","None","None","None","None","None","None","None","None","None","None","None","None","None","None","None","None","None","None"
"STU001301","CTC","CTC","CTC","CTC","CTC","CTC","CTC","CTC","4YR","4YR","4YR","None","4YR","4YR","4YR","4YR","4YR","4YR","4YR","4YR","None","None","None","None","None","None","None","None"
"STU001302","None","None","4YR","4YR","4YR","4YR","4YR","4YR","4YR","None","None","4YR","4YR","4YR","4YR","None","None","None","None","None","None","None","None","None","None","None","None","None"
"STU001303","4YR","4YR","4YR","4YR","4YR","None","4YR","4YR","4YR","None","None","None","None","None","None","None","None","None","None","None","None","None","None","None","None","None","None","None"
"STU001304","4YR","4YR","4YR","CTC","4YR","4YR","4YR","4YR","4YR","CTC","4YR","None","4YR","4YR","None","None","None","None","None","None","None","None","None","None","None","None","None","None"
"STU001305","None","None","None","CTC","CTC","CTC","CTC","CTC","CTC","CTC","4YR","CTC","CTC","None","None","None","None","None","None","None","None","None","None","None","None","None","None","None"
"STU001306","None","None","None","None","None","None","None","None","None","None","None","None","None","None","None","None","None","None","None","None","None","None","None","None","None","None","None","None"
"STU001307","CTC","CTC","CTC","CTC","CTC","CTC","CTC","CTC","None","None","None","None","None","None","None","None","None","None","None","None","None","None","None","None","None","None","None","None"
"STU001308","None","CTC","CTC","CTC","CTC","CTC","4YR","4YR","CTC","None","None","None","None","None","None","None","None","None","None","None","None","None","None","None","None","None","None","None"
"STU001309","None","4YR","4YR","4YR","4YR","4YR","4YR","4YR","4YR","None","None","None","None","None","None","None","None","None","None","None","None","None","None","None","None","None","None","None"
"STU001310","None","None","None","4YR","4YR","4YR","4YR","4YR","None","None","None","None","None","None","None","None","None","None","None","None","None","None","None","None","None","None","None","None"
"STU001311","None","None","None","4YR","4YR","4YR","4YR","None","None","None","None","None","None","None","None","None","None","None","None","None","None","None","None","None","None","None","None","None"
"STU001312","4YR","4YR","4YR","4YR","None","4YR","4YR","4YR","4YR","4YR","4YR","None","None","4YR","4YR","None","None","None","None","None","None","None","None","None","None","None","None","None"
"STU001313","None","None","4YR","4YR","None","None","None","None","None","None","None","None","None","None","None","None","None","None","None","None","None","None","None","None","None","None","None","None"
"STU001314","4YR","CTC","CTC","CTC","CTC","None","CTC","4YR","4YR","4YR","4YR","None","4YR","4YR","4YR","4YR","4YR","None","None","None","None","None","None","None","None","None","None","None"
"STU001315","4YR","4YR","4YR","4YR","4YR","4YR","None","None","None","None","None","None","None","None","None","None","None","None","None","None","None","None","None","None","None","None","None","None"
"STU001316","None","None","CTC","CTC","None","None","None","None","None","None","None","None","None","None","None","None","None","None","None","None","None","None","None","None","None","None","None","None"
"STU001317","None","4YR","4YR","4YR","4YR","4YR","4YR","4YR","None","None","4YR","4YR","4YR","None","None","None","None","None","None","None","None","None","None","None","None","None","None","None"
"STU001318","None","None","None","None","CTC","CTC","CTC","CTC","CTC","4YR","CTC","CTC","None","None","None","None","None","None","None","None","None","None","None","None","None","None","None","None"
"STU001319","CTC","CTC","CTC","None","CTC","4YR","None","None","None","None","None","None","None","None","None","None","None","None","None","None","None","None","None","None","None","None","None","None"
"STU001320","4YR","4YR","4YR","None","4YR","4YR","4YR","4YR","4YR","4YR","4YR","4YR","4YR","4YR","4YR","4YR","4YR","4YR","4YR","4YR","4YR","4YR","4YR","None","None","None","None","None"
"STU001321","CTC","CTC","CTC","CTC","None","CTC","CTC","None","None","None","None","None","None","None","None","None","None","None","None","None","None","None","None","None","None","None","None","None"
"STU001322","4YR","4YR","4YR","4YR","4YR","4YR","None","4YR","4YR","4YR","4YR","4YR","4YR","4YR","4YR","4YR","4YR","None","None","None","None","None","None","None","None","None","None","None"
"STU001323","CTC","CTC","CTC","CTC","CTC","CTC","CTC","CTC","CTC","None","None","None","None","None","None","None","None","None","None","None","None","None","None","None","None","None","None","None"
"STU001324","None","None","None","None","None","None","None","None","None","None","None","None","None","None","None","None","None","None","None","None","None","None","None","None","None","None","None","None"
"STU001325","None","CTC","CTC","CTC","CTC","CTC","CTC","CTC","None","CTC","None","None","None","None","None","None","None","None","None","None","None","None","None","None","None","None","None","None"
"STU001326","None","None","None","None","None","None","None","None","None","None","None","None","None","None","None","None","None","None","None","None","None","None","None","None","None","None","None","None"
"STU001327","CTC","None","None","None","None","None","None","None","None","None","None","None","None","None","None","None","None","None","None","None","None","None","None","None","None","None","None","None"
"STU001328","CTC","CTC","CTC","CTC","CTC","CTC","CTC","CTC","None","None","None","None","None","None","None","None","None","None","None","None","None","None","None","None","None","None","None","None"
"STU001329","4YR","4YR","4YR","4YR","4YR","4YR","4YR","4YR","4YR","4YR","4YR","4YR","4YR","4YR","4YR","4YR","4YR","4YR","4YR","None","None","None","None","None","None","None","None","None"
"STU001330","CTC","CTC","CTC","CTC","CTC","CTC","CTC","CTC","CTC","None","CTC","CTC","CTC","CTC","CTC","None","None","None","None","None","None","None","None","None","None","None","None","None"
"STU001331","CTC","4YR","CTC","CTC","CTC","CTC","None","None","CTC","CTC","CTC","CTC","None","CTC","CTC","None","CTC","CTC","CTC","None","None","None","None","None","None","None","None","None"
"STU001332","None","None","None","None","None","None","None","None","None","None","None","None","None","None","None","None","None","None","None","None","None","None","None","None","None","None","None","None"
"STU001333","CTC","CTC","CTC","CTC","CTC","CTC","None","None","None","None","None","None","None","None","None","None","None","None","None","None","None","None","None","None","None","None","None","None"
"STU001334","4YR","4YR","4YR","4YR","4YR","4YR","4YR","4YR","4YR","4YR","4YR","4YR","4YR","4YR","None","None","None","None","None","None","None","None","None","None","None","None","None","None"
"STU001335","None","None","None","None","None","None","None","None","None","None","None","None","None","None","None","None","None","None","None","None","None","None","None","None","None","None","None","None"
"STU001336","CTC","CTC","CTC","CTC","CTC","CTC","None","None","None","None","None","None","None","None","None","None","None","None","None","None","None","None","None","None","None","None","None","None"
"STU001337","None","None","None","None","None","CTC","None","None","None","None","None","None","None","None","None","None","None","None","None","None","None","None","None","None","None","None","None","None"
"STU001338","None","None","None","None","None","None","None","None","None","None","None","None","None","None","None","None","None","None","None","None","None","None","None","None","None","None","None","None"
"STU001339","CTC","CTC","CTC","CTC","CTC","CTC","CTC","4YR","CTC","None","None","None","None","None","None","None","None","None","None","None","None","None","None","None","None","None","None","None"
"STU001340","4YR","4YR","4YR","4YR","4YR","4YR","4YR","4YR","CTC","4YR","4YR","4YR","4YR","4YR","4YR","None","None","None","None","None","None","None","None","None","None","None","None","None"
"STU001341","4YR","4YR","4YR","4YR","4YR","4YR","4YR","None","4YR","4YR","4YR","4YR","4YR","4YR","4YR","4YR","None","None","None","None","None","None","None","None","None","None","None","None"
"STU001342","None","None","None","None","CTC","CTC","CTC","CTC","CTC","CTC","None","None","None","None","None","None","None","None","None","None","None","None","None","None","None","None","None","None"
"STU001343","None","CTC","CTC","CTC","CTC","CTC","CTC","CTC","CTC","CTC","None","None","None","CTC","CTC","CTC","CTC","CTC","CTC","None","None","None","None","None","None","None","None","None"
"STU001344","None","None","None","None","CTC","CTC","None","None","None","None","None","None","None","None","None","None","None","None","None","None","None","None","None","None","None","None","None","None"
"STU001345","None","None","None","None","None","None","None","None","None","None","None","None","None","None","None","None","None","None","None","None","None","None","None","None","None","None","None","None"
"STU001346","CTC","CTC","CTC","CTC","CTC","CTC","CTC","CTC","4YR","4YR","4YR","4YR","4YR","4YR","4YR","4YR","4YR","4YR","4YR","4YR","4YR","None","None","None","None","None","None","None"
"STU001347","4YR","4YR","4YR","4YR","4YR","4YR","4YR","4YR","4YR","4YR","4YR","4YR","4YR","4YR","4YR","4YR","4YR","4YR","4YR","4YR","4YR","4YR","4YR","4YR","4YR","4YR","4YR","4YR"
"STU001348","None","None","None","None","None","None","None","None","None","None","None","None","None","None","None","None","None","None","None","None","None","None","None","None","None","None","None","None"
"STU001349","4YR","4YR","4YR","4YR","4YR","4YR","4YR","4YR","4YR","4YR","4YR","4YR","4YR","4YR","4YR","None","4YR","4YR","None","None","None","None","None","None","None","None","None","None"
"STU001350","None","None","None","None","CTC","CTC","CTC","CTC","CTC","CTC","None","None","None","None","None","None","None","None","None","None","None","None","None","None","None","None","None","None"
"STU001351","CTC","None","None","None","None","None","None","None","None","None","None","None","None","None","None","None","None","None","None","None","None","None","None","None","None","None","None","None"
"STU001352","None","4YR","4YR","4YR","4YR","4YR","4YR","None","4YR","None","None","None","None","None","None","None","None","None","None","None","None","None","None","None","None","None","None","None"
"STU001353","None","CTC","CTC","CTC","CTC","CTC","CTC","CTC","None","None","None","CTC","CTC","CTC","CTC","CTC","CTC","None","None","None","None","None","None","None","None","None","None","None"
"STU001354","4YR","CTC","CTC","CTC","CTC","CTC","CTC","CTC","CTC","None","None","None","None","None","None","None","None","None","None","None","None","None","None","None","None","None","None","None"
"STU001355","None","None","None","None","None","None","None","None","None","None","None","None","None","None","None","None","None","None","None","None","None","None","None","None","None","None","None","None"
"STU001356","CTC","CTC","CTC","CTC","CTC","CTC","CTC","None","None","None","None","None","None","None","None","None","None","None","None","None","None","None","None","None","None","None","None","None"
"STU001357","None","None","None","None","CTC","CTC","4YR","None","None","None","None","None","None","None","None","None","None","None","None","None","None","None","None","None","None","None","None","None"
"STU001358","4YR","4YR","4YR","4YR","CTC","CTC","None","None","CTC","CTC","CTC","CTC","CTC","CTC","None","None","None","None","None","None","None","None","None","None","None","None","None","None"
"STU001359","None","None","None","None","None","None","None","None","None","None","None","None","None","None","None","None","None","None","None","None","None","None","None","None","None","None","None","None"
"STU001360","None","CTC","CTC","CTC","None","None","None","None","None","None","None","None","None","None","None","None","None","None","None","None","None","None","None","None","None","None","None","None"
"STU001361","CTC","CTC","None","None","None","None","None","None","None","None","None","None","None","None","None","None","None","None","None","None","None","None","None","None","None","None","None","None"
"STU001362","None","None","None","None","None","None","None","None","None","None","None","None","None","None","None","None","None","None","None","None","None","None","None","None","None","None","None","None"
"STU001363","None","None","None","None","None","None","None","None","None","None","None","None","None","None","None","None","None","None","None","None","None","None","None","None","None","None","None","None"
"STU001364","None","CTC","4YR","CTC","CTC","CTC","None","None","None","None","None","None","None","None","None","None","None","None","None","None","None","None","None","None","None","None","None","None"
"STU001365","4YR","4YR","4YR","4YR","4YR","4YR","4YR","4YR","4YR","4YR","4YR","4YR","4YR","4YR","4YR","4YR","4YR","4YR","4YR","4YR","4YR","4YR","4YR","4YR","None","None","None","None"
"STU001366","None","None","None","None","None","None","None","None","None","None","None","None","None","None","None","None","None","None","None","None","None","None","None","None","None","None","None","None"
"STU001367","CTC","CTC","CTC","CTC","CTC","CTC","CTC","4YR","4YR","4YR","4YR","4YR","4YR","4YR","4YR","4YR","4YR","None","None","None","None","None","None","None","None","None","None","None"
"STU001368","CTC","CTC","CTC","CTC","CTC","CTC","CTC","CTC","None","None","None","None","None","None","None","None","None","None","None","None","None","None","None","None","None","None","None","None"
"STU001369","CTC","CTC","CTC","CTC","CTC","CTC","CTC","4YR","4YR","4YR","4YR","4YR","4YR","4YR","4YR","4YR","4YR","None","None","None","None","None","None","None","None","None","None","None"
"STU001370","CTC","CTC","CTC","CTC","CTC","CTC","None","None","None","None","None","None","None","None","None","None","None","None","None","None","None","None","None","None","None","None","None","None"
"STU001371","4YR","4YR","None","None","None","None","None","None","None","None","None","None","None","None","None","None","None","None","None","None","None","None","None","None","None","None","None","None"
"STU001372","CTC","CTC","CTC","CTC","CTC","None","None","None","None","None","None","None","None","None","None","None","None","None","None","None","None","None","None","None","None","None","None","None"
"STU001373","None","None","None","None","None","None","None","None","None","None","None","None","None","None","None","None","None","None","None","None","None","None","None","None","None","None","None","None"
"STU001374","CTC","CTC","CTC","CTC","CTC","CTC","CTC","CTC","None","None","None","None","None","None","None","None","None","None","None","None","None","None","None","None","None","None","None","None"
"STU001375","None","None","CTC","None","4YR","CTC","None","CTC","CTC","CTC","None","None","None","None","None","None","None","None","None","None","None","None","None","None","None","None","None","None"
"STU001376","None","None","None","CTC","CTC","CTC","CTC","CTC","None","None","None","None","None","None","None","None","None","None","None","None","None","None","None","None","None","None","None","None"
"STU001377","4YR","4YR","4YR","4YR","4YR","4YR","4YR","4YR","None","None","4YR","4YR","4YR","4YR","4YR","4YR","None","None","None","None","None","None","None","None","None","None","None","None"
"STU001378","None","CTC","CTC","None","CTC","None","None","None","None","None","None","None","None","None","None","None","None","None","None","None","None","None","None","None","None","None","None","None"
"STU001379","CTC","CTC","CTC","CTC","CTC","CTC","None","None","None","None","None","None","None","None","None","None","None","None","None","None","None","None","None","None","None","None","None","None"
"STU001380","None","None","None","None","None","None","None","None","None","None","None","None","None","None","None","None","None","None","None","None","None","None","None","None","None","None","None","None"
"STU001381","None","None","None","None","4YR","4YR","4YR","4YR","4YR","4YR","None","None","None","None","None","None","None","None","None","None","None","None","None","None","None","None","None","None"
"STU001382","None","None","None","CTC","CTC","None","CTC","CTC","CTC","CTC","CTC","CTC","None","None","None","None","None","None","None","None","None","None","None","None","None","None","None","None"
"STU001383","CTC","CTC","CTC","CTC","CTC","CTC","CTC","CTC","CTC","None","CTC","CTC","CTC","CTC","CTC","CTC","CTC","None","CTC","CTC","None","None","None","None","None","None","None","None"
"STU001384","CTC","CTC","CTC","CTC","CTC","None","None","None","None","None","None","None","None","None","None","None","None","None","None","None","None","None","None","None","None","None","None","None"
"STU001385","None","None","4YR","4YR","4YR","4YR","4YR","4YR","4YR","4YR","4YR","4YR","4YR","4YR","4YR","4YR","4YR","4YR","4YR","None","None","None","None","None","None","None","None","None"
"STU001386","None","None","CTC","CTC","CTC","CTC","CTC","CTC","CTC","None","None","None","None","None","None","None","None","None","None","None","None","None","None","None","None","None","None","None"
"STU001387","CTC","CTC","CTC","CTC","CTC","CTC","CTC","CTC","None","None","None","None","None","None","None","None","None","None","None","None","None","None","None","None","None","None","None","None"
"STU001388","None","None","None","None","None","None","None","None","None","None","None","None","None","None","None","None","None","None","None","None","None","None","None","None","None","None","None","None"
"STU001389","4YR","4YR","CTC","4YR","4YR","None","4YR","4YR","4YR","4YR","4YR","4YR","4YR","4YR","CTC","4YR","4YR","4YR","None","None","None","None","None","None","None","None","None","None"
"STU001390","CTC","CTC","CTC","CTC","CTC","None","None","CTC","CTC","CTC","CTC","CTC","CTC","CTC","CTC","None","None","None","None","None","None","None","None","None","None","None","None","None"
"STU001391","CTC","CTC","CTC","None","CTC","CTC","CTC","CTC","None","CTC","CTC","CTC","None","None","None","None","None","None","None","None","None","None","None","None","None","None","None","None"
"STU001392","None","None","None","None","None","None","None","None","None","None","None","None","None","None","None","None","None","None","None","None","None","None","None","None","None","None","None","None"
"STU001393","CTC","CTC","CTC","None","None","None","None","None","None","None","None","None","None","None","None","None","None","None","None","None","None","None","None","None","None","None","None","None"
"STU001394","4YR","4YR","4YR","4YR","4YR","4YR","4YR","4YR","4YR","4YR","4YR","4YR","4YR","4YR","None","4YR","4YR","None","4YR","None","None","None","None","None","None","None","None","None"
"STU001395","None","CTC","CTC","CTC","CTC","None","None","None","None","None","None","None","None","None","None","None","None","None","None","None","None","None","None","None","None","None","None","None"
"STU001396","CTC","None","None","None","None","None","None","None","None","None","None","None","None","None","None","None","None","None","None","None","None","None","None","None","None","None","None","None"
"STU001397","CTC","CTC","CTC","CTC","CTC","CTC","CTC","CTC","None","None","None","None","None","None","None","None","None","None","None","None","None","None","None","None","None","None","None","None"
"STU001398","None","None","CTC","CTC","CTC","None","None","None","None","None","None","None","None","None","None","None","None","None","None","None","None","None","None","None","None","None","None","None"
"STU001399","CTC","CTC","CTC","CTC","CTC","4YR","None","None","None","None","None","None","None","None","None","None","None","None","None","None","None","None","None","None","None","None","None","None"
"STU001400","CTC","4YR","4YR","4YR","None","4YR","None","4YR","4YR","4YR","4YR","4YR","4YR","4YR","4YR","4YR","4YR","4YR","4YR","4YR","CTC","4YR","None","None","None","None","None","None"
"STU001401","None","None","None","CTC","CTC","CTC","CTC","CTC","CTC","4YR","CTC","CTC","CTC","None","None","None","None","None","None","None","None","None","None","None","None","None","None","None"
"STU001402","None","None","None","None","None","None","None","None","None","None","None","None","None","None","None","None","None","None","None","None","None","None","None","None","None","None","None","None"
"STU001403","CTC","None","CTC","CTC","CTC","CTC","CTC","None","None","None","None","None","None","None","None","None","None","None","None","None","None","None","None","None","None","None","None","None"
"STU001404","CTC","CTC","CTC","CTC","CTC","CTC","CTC","None","None","None","None","None","None","None","None","None","None","None","None","None","None","None","None","None","None","None","None","None"
"STU001405","None","CTC","CTC","CTC","4YR","CTC","CTC","CTC","CTC","CTC","CTC","CTC","CTC","CTC","CTC","CTC","CTC","CTC","None","None","None","None","None","None","None","None","None","None"
"STU001406","None","None","None","None","CTC","CTC","CTC","CTC","CTC","None","None","CTC","CTC","CTC","4YR","None","None","None","None","None","None","None","None","None","None","None","None","None"
"STU001407","None","None","None","None","None","None","None","None","None","None","None","None","None","None","None","None","None","None","None","None","None","None","None","None","None","None","None","None"
"STU001408","CTC","None","None","None","None","None","None","None","None","None","None","None","None","None","None","None","None","None","None","None","None","None","None","None","None","None","None","None"
"STU001409","4YR","4YR","4YR","4YR","4YR","4YR","4YR","4YR","4YR","None","None","None","4YR","4YR","4YR","4YR","4YR","4YR","4YR","None","None","None","None","None","None","None","None","None"
"STU001410","None","None","None","None","CTC","CTC","None","None","None","None","None","None","None","None","None","None","None","None","None","None","None","None","None","None","None","None","None","None"
"STU001411","None","None","None","None","4YR","None","4YR","None","None","None","None","None","None","None","None","None","None","None","None","None","None","None","None","None","None","None","None","None"
"STU001412","None","None","None","None","None","None","None","None","None","None","None","None","None","None","None","None","None","None","None","None","None","None","None","None","None","None","None","None"
"STU001413","None","None","None","4YR","4YR","None","4YR","4YR","4YR","4YR","4YR","4YR","None","None","None","None","None","None","None","None","None","None","None","None","None","None","None","None"
"STU001414","CTC","CTC","CTC","CTC","CTC","CTC","CTC","None","None","None","None","None","None","None","None","None","None","None","None","None","None","None","None","None","None","None","None","None"
"STU001415","CTC","CTC","CTC","None","None","None","None","None","None","None","None","None","None","None","None","None","None","None","None","None","None","None","None","None","None","None","None","None"
"STU001416","None","None","None","None","None","None","None","None","None","None","None","None","None","None","None","None","None","None","None","None","None","None","None","None","None","None","None","None"
"STU001417","4YR","4YR","None","4YR","4YR","4YR","4YR","4YR","4YR","4YR","4YR","4YR","None","4YR","CTC","4YR","CTC","4YR","4YR","4YR","4YR","4YR","None","None","None","None","None","None"
"STU001418","None","None","None","CTC","CTC","CTC","CTC","None","None","None","None","None","None","None","None","None","None","None","None","None","None","None","None","None","None","None","None","None"
"STU001419","4YR","4YR","4YR","4YR","None","None","CTC","4YR","4YR","4YR","4YR","4YR","None","None","None","None","None","None","None","None","None","None","None","None","None","None","None","None"
"STU001420","4YR","4YR","4YR","4YR","CTC","CTC","CTC","CTC","CTC","CTC","CTC","CTC","CTC","None","None","None","None","None","None","None","None","None","None","None","None","None","None","None"
"STU001421","CTC","CTC","CTC","CTC","CTC","CTC","CTC","CTC","CTC","CTC","CTC","CTC","CTC","CTC","CTC","CTC","None","CTC","CTC","CTC","CTC","None","None","None","None","None","None","None"
"STU001422","CTC","CTC","CTC","CTC","CTC","CTC","None","CTC","CTC","CTC","CTC","CTC","CTC","CTC","CTC","CTC","None","None","None","None","None","None","None","None","None","None","None","None"
"STU001423","CTC","CTC","CTC","None","None","None","None","None","None","None","None","None","None","None","None","None","None","None","None","None","None","None","None","None","None","None","None","None"
"STU001424","CTC","CTC","CTC","CTC","CTC","CTC","None","None","None","None","None","None","None","None","None","None","None","None","None","None","None","None","None","None","None","None","None","None"
"STU001425","None","None","None","CTC","CTC","CTC","4YR","CTC","CTC","CTC","None","None","None","None","None","None","None","None","None","None","None","None","None","None","None","None","None","None"
"STU001426","None","None","None","None","None","None","None","None","None","None","None","None","None","None","None","None","None","None","None","None","None","None","None","None","None","None","None","None"
"STU001427","None","4YR","4YR","4YR","None","None","None","None","None","None","None","None","None","None","None","None","None","None","None","None","None","None","None","None","None","None","None","None"
"STU001428","CTC","CTC","CTC","CTC","4YR","CTC","CTC","CTC","None","None","None","None","None","None","None","None","None","None","None","None","None","None","None","None","None","None","None","None"
"STU001429","None","None","CTC","CTC","CTC","CTC","CTC","CTC","CTC","CTC","CTC","CTC","None","None","None","None","None","None","None","None","None","None","None","None","None","None","None","None"
"STU001430","None","None","None","None","4YR","4YR","4YR","4YR","None","None","None","None","None","None","None","None","None","None","None","None","None","None","None","None","None","None","None","None"
"STU001431","None","None","None","None","None","CTC","CTC","CTC","CTC","4YR","None","CTC","CTC","None","None","None","None","None","None","None","None","None","None","None","None","None","None","None"
"STU001432","CTC","CTC","CTC","CTC","None","None","None","None","None","None","None","None","None","None","None","None","None","None","None","None","None","None","None","None","None","None","None","None"
"STU001433","None","None","None","None","None","None","None","None","None","None","None","None","None","None","None","None","None","None","None","None","None","None","None","None","None","None","None","None"
"STU001434","4YR","4YR","4YR","4YR","4YR","None","4YR","4YR","4YR","None","4YR","4YR","4YR","4YR","None","4YR","4YR","4YR","None","4YR","4YR","None","4YR","None","None","None","None","None"
"STU001435","None","None","None","None","CTC","CTC","CTC","CTC","CTC","CTC","CTC","CTC","CTC","CTC","None","None","None","None","None","None","None","None","None","None","None","None","None","None"
"STU001436","4YR","4YR","4YR","4YR","4YR","4YR","4YR","4YR","4YR","4YR","4YR","4YR","4YR","4YR","None","4YR","4YR","4YR","4YR","4YR","4YR","4YR","4YR","4YR","4YR","None","None","None"
"STU001437","None","None","None","None","None","None","None","None","None","None","None","None","None","None","None","None","None","None","None","None","None","None","None","None","None","None","None","None"
"STU001438","4YR","None","4YR","4YR","4YR","4YR","4YR","4YR","4YR","4YR","4YR","4YR","4YR","4YR","None","None","None","None","None","None","None","None","None","None","None","None","None","None"
"STU001439","None","None","None","None","None","None","None","None","None","None","None","None","None","None","None","None","None","None","None","None","None","None","None","None","None","None","None","None"
"STU001440","4YR","4YR","4YR","4YR","CTC","CTC","None","4YR","4YR","4YR","4YR","4YR","4YR","4YR","4YR","4YR","None","None","None","None","None","None","None","None","None","None","None","None"
"STU001441","None","None","None","None","None","None","None","None","None","None","None","None","None","None","None","None","None","None","None","None","None","None","None","None","None","None","None","None"
"STU001442","CTC","None","CTC","CTC","CTC","CTC","CTC","CTC","CTC","CTC","CTC","CTC","CTC","CTC","CTC","CTC","CTC","CTC","4YR","CTC","None","None","None","None","None","None","None","None"
"STU001443","None","None","None","None","None","None","None","None","None","None","None","None","None","None","None","None","None","None","None","None","None","None","None","None","None","None","None","None"
"STU001444","None","None","None","None","CTC","CTC","None","None","None","None","None","None","None","None","None","None","None","None","None","None","None","None","None","None","None","None","None","None"
"STU001445","CTC","4YR","4YR","4YR","4YR","4YR","None","None","None","None","None","None","None","None","None","None","None","None","None","None","None","None","None","None","None","None","None","None"
"STU001446","None","None","CTC","CTC","CTC","CTC","CTC","None","None","None","None","None","None","None","None","None","None","None","None","None","None","None","None","None","None","None","None","None"
"STU001447","None","None","4YR","None","4YR","4YR","None","4YR","4YR","None","None","None","None","None","None","None","None","None","None","None","None","None","None","None","None","None","None","None"
"STU001448","CTC","CTC","4YR","CTC","CTC","CTC","CTC","CTC","None","None","None","None","None","None","None","None","None","None","None","None","None","None","None","None","None","None","None","None"
"STU001449","CTC","CTC","CTC","None","CTC","CTC","None","None","None","None","None","None","None","None","None","None","None","None","None","None","None","None","None","None","None","None","None","None"
"STU001450","None","None","None","None","None","None","None","None","None","None","None","None","None","None","None","None","None","None","None","None","None","None","None","None","None","None","None","None"
"STU001451","None","None","None","None","CTC","CTC","CTC","CTC","CTC","CTC","CTC","None","None","None","None","None","None","None","None","None","None","None","None","None","None","None","None","None"
"STU001452","None","CTC","CTC","CTC","4YR","CTC","CTC","CTC","CTC","CTC","None","None","None","None","None","None","None","None","None","None","None","None","None","None","None","None","None","None"
"STU001453","CTC","CTC","CTC","CTC","CTC","CTC","None","CTC","None","None","None","None","None","None","None","None","None","None","None","None","None","None","None","None","None","None","None","None"
"STU001454","4YR","4YR","4YR","4YR","4YR","None","4YR","4YR","4YR","CTC","4YR","4YR","4YR","4YR","4YR","4YR","4YR","4YR","4YR","4YR","4YR","4YR","None","4YR","4YR","None","None","None"
"STU001455","None","CTC","CTC","None","None","CTC","CTC","CTC","CTC","CTC","None","None","None","None","None","None","None","None","None","None","None","None","None","None","None","None","None","None"
"STU001456","None","None","CTC","CTC","None","CTC","CTC","CTC","CTC","CTC","None","CTC","CTC","CTC","CTC","None","None","None","None","None","None","None","None","None","None","None","None","None"
"STU001457","4YR","4YR","4YR","4YR","4YR","4YR","4YR","4YR","4YR","4YR","4YR","None","4YR","4YR","4YR","None","None","None","None","None","None","None","None","None","None","None","None","None"
"STU001458","4YR","4YR","4YR","4YR","4YR","4YR","4YR","4YR","4YR","4YR","None","4YR","4YR","4YR","4YR","4YR","4YR","4YR","4YR","4YR","None","None","None","None","None","None","None","None"
"STU001459","CTC","None","None","None","None","None","None","None","None","None","None","None","None","None","None","None","None","None","None","None","None","None","None","None","None","None","None","None"
"STU001460","CTC","CTC","CTC","CTC","CTC","None","CTC","CTC","None","4YR","4YR","4YR","4YR","4YR","4YR","None","4YR","4YR","4YR","4YR","None","None","None","None","None","None","None","None"
"STU001461","4YR","4YR","4YR","4YR","4YR","4YR","4YR","None","4YR","4YR","4YR","4YR","4YR","4YR","None","None","None","None","None","None","None","None","None","None","None","None","None","None"
"STU001462","4YR","4YR","4YR","4YR","4YR","4YR","4YR","4YR","4YR","4YR","4YR","4YR","4YR","4YR","4YR","None","None","None","None","None","None","None","None","None","None","None","None","None"
"STU001463","CTC","CTC","CTC","CTC","CTC","CTC","CTC","None","None","None","None","None","None","None","None","None","None","None","None","None","None","None","None","None","None","None","None","None"
"STU001464","4YR","4YR","None","4YR","4YR","4YR","4YR","4YR","4YR","4YR","4YR","4YR","4YR","CTC","CTC","4YR","None","None","None","None","None","None","None","None","None","None","None","None"
"STU001465","4YR","4YR","4YR","4YR","4YR","4YR","4YR","None","4YR","4YR","4YR","4YR","4YR","4YR","None","None","None","None","None","None","None","None","None","None","None","None","None","None"
"STU001466","None","None","None","CTC","CTC","CTC","None","None","None","None","None","None","None","None","None","None","None","None","None","None","None","None","None","None","None","None","None","None"
"STU001467","None","None","None","None","None","None","None","None","None","None","None","None","None","None","None","None","None","None","None","None","None","None","None","None","None","None","None","None"
"STU001468","None","None","None","None","None","None","None","None","None","None","None","None","None","None","None","None","None","None","None","None","None","None","None","None","None","None","None","None"
"STU001469","4YR","4YR","4YR","None","4YR","4YR","4YR","4YR","None","None","None","None","None","None","None","None","None","None","None","None","None","None","None","None","None","None","None","None"
"STU001470","None","4YR","4YR","4YR","4YR","4YR","4YR","4YR","4YR","4YR","4YR","None","None","None","None","None","None","None","None","None","None","None","None","None","None","None","None","None"
"STU001471","None","None","None","CTC","CTC","None","None","None","None","None","None","None","None","None","None","None","None","None","None","None","None","None","None","None","None","None","None","None"
"STU001472","None","None","None","None","CTC","CTC","CTC","4YR","None","None","CTC","4YR","CTC","None","CTC","None","None","None","None","None","None","None","None","None","None","None","None","None"
"STU001473","None","None","CTC","CTC","CTC","None","None","None","None","None","None","None","None","None","None","None","None","None","None","None","None","None","None","None","None","None","None","None"
"STU001474","CTC","CTC","CTC","CTC","CTC","CTC","None","None","None","None","None","None","None","None","None","None","None","None","None","None","None","None","None","None","None","None","None","None"
"STU001475","CTC","CTC","CTC","CTC","CTC","CTC","4YR","4YR","4YR","4YR","4YR","4YR","4YR","None","4YR","4YR","None","None","None","None","None","None","None","None","None","None","None","None"
"STU001476","None","None","None","None","None","None","None","None","None","None","None","None","None","None","None","None","None","None","None","None","None","None","None","None","None","None","None","None"
"STU001477","None","None","CTC","CTC","None","CTC","CTC","CTC","CTC","CTC","None","None","None","None","None","None","None","None","None","None","None","None","None","None","None","None","None","None"
"STU001478","None","None","None","CTC","CTC","CTC","CTC","CTC","CTC","CTC","CTC","None","None","None","None","None","None","None","None","None","None","None","None","None","None","None","None","None"
"STU001479","None","None","None","None","CTC","CTC","CTC","None","None","None","None","None","None","None","None","None","None","None","None","None","None","None","None","None","None","None","None","None"
"STU001480","CTC","CTC","CTC","CTC","None","CTC","CTC","CTC","CTC","None","CTC","CTC","CTC","CTC","CTC","CTC","CTC","None","None","None","None","None","None","None","None","None","None","None"
"STU001481","None","None","None","None","None","None","None","None","None","None","None","None","None","None","None","None","None","None","None","None","None","None","None","None","None","None","None","None"
"STU001482","None","None","None","4YR","4YR","4YR","4YR","4YR","CTC","None","None","None","None","4YR","4YR","4YR","None","None","None","None","None","None","None","None","None","None","None","None"
"STU001483","None","None","CTC","CTC","CTC","None","CTC","CTC","CTC","CTC","None","None","CTC","CTC","None","CTC","CTC","CTC","CTC","None","None","None","None","None","None","None","None","None"
"STU001484","None","4YR","CTC","CTC","CTC","CTC","CTC","None","None","None","None","None","None","None","None","None","None","None","None","None","None","None","None","None","None","None","None","None"
"STU001485","CTC","CTC","CTC","CTC","CTC","CTC","4YR","CTC","CTC","CTC","None","CTC","CTC","CTC","CTC","CTC","None","None","None","None","None","None","None","None","None","None","None","None"
"STU001486","None","None","None","None","None","None","None","None","None","None","None","None","None","None","None","None","None","None","None","None","None","None","None","None","None","None","None","None"
"STU001487","4YR","4YR","4YR","4YR","4YR","4YR","4YR","4YR","4YR","4YR","4YR","4YR","4YR","4YR","4YR","None","None","None","None","None","None","None","None","None","None","None","None","None"
"STU001488","None","None","None","CTC","CTC","CTC","CTC","CTC","CTC","None","CTC","None","None","None","None","None","None","None","None","None","None","None","None","None","None","None","None","None"
"STU001489","CTC","4YR","4YR","4YR","4YR","4YR","None","4YR","4YR","4YR","None","4YR","4YR","4YR","4YR","None","None","None","None","None","None","None","None","None","None","None","None","None"
"STU001490","None","None","CTC","CTC","CTC","CTC","CTC","CTC","CTC","CTC","None","None","None","None","None","None","None","None","None","None","None","None","None","None","None","None","None","None"
"STU001491","None","None","None","None","None","None","None","None","None","None","None","None","None","None","None","None","None","None","None","None","None","None","None","None","None","None","None","None"
"STU001492","CTC","None","CTC","CTC","CTC","CTC","CTC","CTC","CTC","CTC","CTC","CTC","None","None","None","None","None","None","None","None","None","None","None","None","None","None","None","None"
"STU001493","4YR","4YR","4YR","4YR","4YR","4YR","4YR","4YR","None","4YR","4YR","4YR","4YR","4YR","4YR","4YR","4YR","4YR","4YR","4YR","4YR","4YR","4YR","4YR","4YR","None","None","None"
"STU001494","4YR","4YR","4YR","4YR","4YR","4YR","4YR","4YR","4YR","4YR","4YR","4YR","4YR","4YR","4YR","4YR","None","None","None","None","None","None","None","None","None","None","None","None"
"STU001495","None","None","None","None","None","None","None","None","None","None","None","None","None","None","None","None","None","None","None","None","None","None","None","None","None","None","None","None"
"STU001496","None","None","4YR","CTC","4YR","4YR","4YR","4YR","None","4YR","None","None","None","None","None","None","None","None","None","None","None","None","None","None","None","None","None","None"
"STU001497","4YR","4YR","4YR","4YR","4YR","None","None","None","None","None","None","None","None","None","None","None","None","None","None","None","None","None","None","None","None","None","None","None"
"STU001498","None","None","None","None","CTC","CTC","CTC","CTC","None","None","None","None","None","None","None","None","None","None","None","None","None","None","None","None","None","None","None","None"
"STU001499","CTC","CTC","CTC","CTC","CTC","CTC","None","CTC","CTC","CTC","CTC","CTC","CTC","CTC","None","None","None","None","None","None","None","None","None","None","None","None","None","None"
"STU001500","None","None","None","None","None","None","None","None","None","None","None","None","None","None","None","None","None","None","None","None","None","None","None","None","None","None","None","None"
"STU001501","None","4YR","4YR","4YR","4YR","4YR","4YR","None","None","None","None","None","None","None","None","None","None","None","None","None","None","None","None","None","None","None","None","None"
"STU001502","None","None","None","None","None","None","None","None","None","None","None","None","None","None","None","None","None","None","None","None","None","None","None","None","None","None","None","None"
"STU001503","4YR","4YR","4YR","4YR","4YR","None","4YR","4YR","4YR","4YR","None","None","4YR","4YR","4YR","4YR","None","None","None","None","None","None","None","None","None","None","None","None"
"STU001504","CTC","CTC","CTC","CTC","CTC","CTC","CTC","CTC","CTC","CTC","CTC","CTC","CTC","None","None","None","None","None","None","None","None","None","None","None","None","None","None","None"
"STU001505","CTC","CTC","CTC","CTC","CTC","CTC","CTC","CTC","CTC","CTC","CTC","CTC","CTC","CTC","CTC","None","None","None","None","None","None","None","None","None","None","None","None","None"
"STU001506","4YR","4YR","CTC","4YR","4YR","4YR","4YR","4YR","4YR","None","4YR","4YR","4YR","4YR","4YR","4YR","4YR","None","4YR","None","None","None","None","None","None","None","None","None"
"STU001507","CTC","CTC","None","None","None","None","None","None","None","None","None","None","None","None","None","None","None","None","None","None","None","None","None","None","None","None","None","None"
"STU001508","None","None","None","CTC","None","CTC","None","CTC","None","None","None","None","None","None","None","None","None","None","None","None","None","None","None","None","None","None","None","None"
"STU001509","None","None","None","None","None","None","None","None","None","None","None","None","None","None","None","None","None","None","None","None","None","None","None","None","None","None","None","None"
"STU001510","None","None","None","None","4YR","4YR","4YR","4YR","4YR","4YR","None","None","None","None","None","None","None","None","None","None","None","None","None","None","None","None","None","None"
"STU001511","CTC","CTC","CTC","CTC","4YR","None","None","None","None","None","None","None","None","None","None","None","None","None","None","None","None","None","None","None","None","None","None","None"
"STU001512","None","None","None","None","CTC","CTC","CTC","CTC","CTC","CTC","None","None","None","None","None","None","None","None","None","None","None","None","None","None","None","None","None","None"
"STU001513","4YR","4YR","4YR","4YR","4YR","4YR","4YR","4YR","4YR","4YR","4YR","4YR","4YR","None","None","None","None","None","None","None","None","None","None","None","None","None","None","None"
"STU001514","CTC","CTC","CTC","CTC","CTC","CTC","CTC","CTC","4YR","4YR","None","4YR","4YR","4YR","None","4YR","4YR","4YR","4YR","None","None","None","None","None","None","None","None","None"
"STU001515","None","None","None","None","None","None","None","None","None","None","None","None","None","None","None","None","None","None","None","None","None","None","None","None","None","None","None","None"
"STU001516","None","None","None","None","None","None","None","None","None","None","None","None","None","None","None","None","None","None","None","None","None","None","None","None","None","None","None","None"
"STU001517","4YR","4YR","4YR","4YR","4YR","4YR","None","4YR","4YR","4YR","None","4YR","4YR","None","4YR","4YR","None","None","None","None","None","None","None","None","None","None","None","None"
"STU001518","None","None","CTC","CTC","CTC","CTC","4YR","None","None","None","None","None","None","None","None","None","None","None","None","None","None","None","None","None","None","None","None","None"
"STU001519","4YR","4YR","4YR","4YR","4YR","4YR","None","4YR","4YR","4YR","4YR","CTC","4YR","4YR","4YR","4YR","4YR","4YR","4YR","4YR","4YR","4YR","4YR","4YR","CTC","4YR","None","None"
"STU001520","4YR","4YR","4YR","4YR","4YR","4YR","4YR","4YR","4YR","4YR","4YR","4YR","CTC","4YR","4YR","4YR","4YR","4YR","4YR","4YR","4YR","4YR","4YR","4YR","None","None","None","None"
"STU001521","None","None","None","None","None","None","None","None","None","None","None","None","None","None","None","None","None","None","None","None","None","None","None","None","None","None","None","None"
"STU001522","None","None","None","CTC","CTC","CTC","CTC","CTC","CTC","None","None","None","None","None","None","None","None","None","None","None","None","None","None","None","None","None","None","None"
"STU001523","CTC","CTC","CTC","4YR","CTC","CTC","CTC","CTC","CTC","CTC","CTC","CTC","None","None","None","None","None","None","None","None","None","None","None","None","None","None","None","None"
"STU001524","None","None","CTC","CTC","CTC","None","CTC","CTC","None","None","None","None","None","None","None","None","None","None","None","None","None","None","None","None","None","None","None","None"
"STU001525","None","None","None","CTC","CTC","CTC","4YR","CTC","CTC","CTC","None","CTC","CTC","CTC","CTC","4YR","None","None","None","None","None","None","None","None","None","None","None","None"
"STU001526","CTC","CTC","CTC","None","None","None","None","None","None","None","None","None","None","None","None","None","None","None","None","None","None","None","None","None","None","None","None","None"
"STU001527","4YR","4YR","None","4YR","4YR","4YR","4YR","None","4YR","4YR","4YR","4YR","None","4YR","4YR","4YR","4YR","CTC","4YR","4YR","None","4YR","4YR","4YR","4YR","4YR","4YR","4YR"
"STU001528","CTC","CTC","None","None","None","None","None","None","None","None","None","None","None","None","None","None","None","None","None","None","None","None","None","None","None","None","None","None"
"STU001529","None","None","None","None","4YR","4YR","4YR","4YR","4YR","4YR","4YR","4YR","4YR","None","None","None","None","None","None","None","None","None","None","None","None","None","None","None"
"STU001530","None","None","None","None","None","None","None","None","None","None","None","None","None","None","None","None","None","None","None","None","None","None","None","None","None","None","None","None"
"STU001531","4YR","4YR","4YR","4YR","4YR","None","None","4YR","4YR","4YR","4YR","4YR","4YR","4YR","4YR","4YR","4YR","4YR","None","None","None","None","None","None","None","None","None","None"
"STU001532","CTC","CTC","CTC","None","None","None","None","None","None","None","None","None","None","None","None","None","None","None","None","None","None","None","None","None","None","None","None","None"
"STU001533","None","None","None","None","None","None","None","None","None","None","None","None","None","None","None","None","None","None","None","None","None","None","None","None","None","None","None","None"
"STU001534","None","None","CTC","CTC","CTC","CTC","CTC","None","None","None","None","None","None","None","None","None","None","None","None","None","None","None","None","None","None","None","None","None"
"STU001535","4YR","4YR","4YR","4YR","4YR","4YR","4YR","4YR","4YR","None","4YR","4YR","4YR","4YR","None","None","None","None","None","None","None","None","None","None","None","None","None","None"
"STU001536","4YR","4YR","4YR","4YR","4YR","4YR","4YR","4YR","None","None","None","None","None","None","None","None","None","None","None","None","None","None","None","None","None","None","None","None"
"STU001537","None","None","None","None","None","None","None","None","None","None","None","None","None","None","None","None","None","None","None","None","None","None","None","None","None","None","None","None"
"STU001538","4YR","4YR","4YR","4YR","4YR","4YR","4YR","4YR","CTC","CTC","CTC","CTC","CTC","CTC","None","CTC","None","None","None","None","None","None","None","None","None","None","None","None"
"STU001539","None","None","None","None","None","None","None","None","None","None","None","None","None","None","None","None","None","None","None","None","None","None","None","None","None","None","None","None"
"STU001540","None","CTC","CTC","None","CTC","CTC","CTC","CTC","None","CTC","CTC","CTC","None","CTC","4YR","CTC","4YR","None","None","None","None","None","None","None","None","None","None","None"
"STU001541","None","None","None","CTC","CTC","CTC","None","CTC","None","None","None","None","None","None","None","None","None","None","None","None","None","None","None","None","None","None","None","None"
"STU001542","4YR","None","4YR","4YR","4YR","4YR","4YR","4YR","CTC","CTC","CTC","CTC","CTC","CTC","CTC","CTC","CTC","CTC","CTC","CTC","None","None","None","None","None","None","None","None"
"STU001543","4YR","4YR","4YR","4YR","4YR","4YR","4YR","4YR","4YR","4YR","4YR","4YR","4YR","4YR","None","None","None","None","None","None","None","None","None","None","None","None","None","None"
"STU001544","CTC","CTC","CTC","CTC","CTC","CTC","CTC","CTC","CTC","CTC","None","CTC","CTC","None","None","None","None","None","None","None","None","None","None","None","None","None","None","None"
"STU001545","CTC","CTC","CTC","CTC","None","None","None","None","None","None","None","None","None","None","None","None","None","None","None","None","None","None","None","None","None","None","None","None"
"STU001546","None","4YR","None","None","None","None","None","None","None","None","None","None","None","None","None","None","None","None","None","None","None","None","None","None","None","None","None","None"
"STU001547","CTC","4YR","4YR","4YR","4YR","4YR","None","4YR","4YR","4YR","4YR","4YR","4YR","4YR","4YR","4YR","None","4YR","4YR","4YR","4YR","4YR","None","4YR","CTC","4YR","None","None"
"STU001548","4YR","4YR","4YR","4YR","4YR","4YR","4YR","4YR","CTC","4YR","4YR","None","4YR","4YR","4YR","4YR","4YR","4YR","4YR","4YR","4YR","4YR","4YR","4YR","4YR","4YR","4YR","None"
"STU001549","None","None","None","None","CTC","CTC","CTC","None","None","None","None","None","None","None","None","None","None","None","None","None","None","None","None","None","None","None","None","None"
"STU001550","None","None","CTC","CTC","None","None","None","None","CTC","CTC","CTC","CTC","None","None","None","None","None","None","None","None","None","None","None","None","None","None","None","None"
"STU001551","CTC","CTC","CTC","CTC","CTC","None","None","None","None","None","None","None","None","None","None","None","None","None","None","None","None","None","None","None","None","None","None","None"
"STU001552","None","CTC","CTC","CTC","CTC","None","None","None","None","None","None","None","None","None","None","None","None","None","None","None","None","None","None","None","None","None","None","None"
"STU001553","None","None","None","None","None","None","None","None","None","None","None","None","None","None","None","None","None","None","None","None","None","None","None","None","None","None","None","None"
"STU001554","None","None","None","None","None","None","None","None","None","None","None","None","None","None","None","None","None","None","None","None","None","None","None","None","None","None","None","None"
"STU001555","4YR","4YR","None","4YR","4YR","4YR","4YR","4YR","4YR","4YR","4YR","4YR","4YR","4YR","4YR","None","None","None","None","None","None","None","None","None","None","None","None","None"
"STU001556","CTC","None","CTC","CTC","CTC","CTC","CTC","CTC","None","None","None","None","None","None","None","None","None","None","None","None","None","None","None","None","None","None","None","None"
"STU001557","None","None","None","None","None","None","None","None","None","None","None","None","None","None","None","None","None","None","None","None","None","None","None","None","None","None","None","None"
"STU001558","None","4YR","4YR","None","None","None","None","None","None","None","None","None","None","None","None","None","None","None","None","None","None","None","None","None","None","None","None","None"
"STU001559","4YR","None","4YR","None","4YR","4YR","4YR","4YR","4YR","4YR","4YR","4YR","4YR","4YR","4YR","None","None","None","None","None","None","None","None","None","None","None","None","None"
"STU001560","None","None","None","CTC","CTC","None","None","None","CTC","CTC","CTC","CTC","CTC","CTC","None","None","None","None","None","None","None","None","None","None","None","None","None","None"
"STU001561","4YR","None","4YR","4YR","CTC","4YR","4YR","4YR","4YR","4YR","None","4YR","4YR","4YR","4YR","4YR","4YR","4YR","4YR","None","None","None","None","None","None","None","None","None"
"STU001562","CTC","CTC","CTC","CTC","CTC","CTC","CTC","None","CTC","CTC","CTC","CTC","CTC","CTC","CTC","CTC","CTC","CTC","CTC","None","None","None","None","None","None","None","None","None"
"STU001563","4YR","None","4YR","4YR","4YR","4YR","4YR","4YR","4YR","4YR","4YR","4YR","4YR","4YR","None","None","None","None","None","None","None","None","None","None","None","None","None","None"
"STU001564","None","CTC","4YR","None","None","None","None","None","None","None","None","None","None","None","None","None","None","None","None","None","None","None","None","None","None","None","None","None"
"STU001565","CTC","CTC","CTC","CTC","CTC","None","CTC","CTC","CTC","CTC","None","None","None","None","None","None","None","None","None","None","None","None","None","None","None","None","None","None"
"STU001566","CTC","CTC","CTC","CTC","CTC","None","None","None","None","None","None","None","None","None","None","None","None","None","None","None","None","None","None","None","None","None","None","None"
"STU001567","CTC","None","CTC","CTC","None","None","None","None","None","None","None","None","None","None","None","None","None","None","None","None","None","None","None","None","None","None","None","None"
"STU001568","4YR","CTC","CTC","CTC","CTC","CTC","CTC","CTC","CTC","None","None","None","None","None","None","None","None","None","None","None","None","None","None","None","None","None","None","None"
"STU001569","None","None","None","None","None","None","None","None","None","None","None","None","None","None","None","None","None","None","None","None","None","None","None","None","None","None","None","None"
"STU001570","None","None","None","None","None","None","None","None","None","None","None","None","None","None","None","None","None","None","None","None","None","None","None","None","None","None","None","None"
"STU001571","CTC","CTC","CTC","CTC","CTC","CTC","CTC","CTC","CTC","None","None","None","None","None","None","None","None","None","None","None","None","None","None","None","None","None","None","None"
"STU001572","None","None","4YR","4YR","4YR","None","4YR","4YR","None","4YR","4YR","4YR","4YR","4YR","None","None","None","None","None","None","None","None","None","None","None","None","None","None"
"STU001573","CTC","4YR","4YR","4YR","4YR","4YR","4YR","4YR","CTC","4YR","4YR","None","4YR","4YR","None","None","None","None","None","None","None","None","None","None","None","None","None","None"
"STU001574","None","None","None","4YR","CTC","CTC","CTC","None","None","CTC","CTC","CTC","None","None","None","None","None","None","None","None","None","None","None","None","None","None","None","None"
"STU001575","CTC","CTC","CTC","None","None","None","None","None","None","None","None","None","None","None","None","None","None","None","None","None","None","None","None","None","None","None","None","None"
"STU001576","4YR","4YR","4YR","4YR","4YR","CTC","CTC","CTC","CTC","CTC","CTC","CTC","CTC","CTC","None","None","None","None","None","None","None","None","None","None","None","None","None","None"
"STU001577","None","4YR","4YR","4YR","4YR","4YR","4YR","4YR","CTC","CTC","4YR","4YR","4YR","4YR","None","None","None","None","None","None","None","None","None","None","None","None","None","None"
"STU001578","CTC","CTC","CTC","CTC","CTC","CTC","4YR","CTC","CTC","CTC","CTC","CTC","CTC","CTC","CTC","CTC","CTC","CTC","None","None","None","None","None","None","None","None","None","None"
"STU001579","None","None","None","None","None","None","None","None","None","None","None","None","None","None","None","None","None","None","None","None","None","None","None","None","None","None","None","None"
"STU001580","4YR","4YR","4YR","None","4YR","4YR","4YR","4YR","4YR","4YR","4YR","4YR","4YR","4YR","4YR","4YR","4YR","CTC","4YR","4YR","4YR","4YR","None","4YR","CTC","4YR","None","None"
"STU001581","None","CTC","None","CTC","CTC","None","None","CTC","None","CTC","CTC","None","None","None","None","None","None","None","None","None","None","None","None","None","None","None","None","None"
"STU001582","None","None","None","None","None","None","None","None","None","None","None","None","None","None","None","None","None","None","None","None","None","None","None","None","None","None","None","None"
"STU001583","CTC","CTC","CTC","CTC","CTC","CTC","None","None","None","None","None","None","None","None","None","None","None","None","None","None","None","None","None","None","None","None","None","None"
"STU001584","CTC","CTC","CTC","CTC","CTC","None","None","None","None","None","None","None","None","None","None","None","None","None","None","None","None","None","None","None","None","None","None","None"
"STU001585","4YR","CTC","CTC","CTC","CTC","4YR","CTC","CTC","CTC","CTC","None","None","None","None","None","None","None","None","None","None","None","None","None","None","None","None","None","None"
"STU001586","4YR","4YR","4YR","4YR","4YR","4YR","None","None","4YR","4YR","None","4YR","4YR","4YR","4YR","None","4YR","4YR","None","4YR","4YR","4YR","4YR","4YR","4YR","4YR","4YR","None"
"STU001587","CTC","CTC","CTC","CTC","CTC","CTC","CTC","CTC","None","None","None","None","None","None","None","None","None","None","None","None","None","None","None","None","None","None","None","None"
"STU001588","None","None","None","CTC","CTC","CTC","CTC","CTC","None","None","None","None","None","None","None","None","None","None","None","None","None","None","None","None","None","None","None","None"
"STU001589","CTC","CTC","CTC","None","None","None","None","None","None","None","None","None","None","None","None","None","None","None","None","None","None","None","None","None","None","None","None","None"
"STU001590","4YR","4YR","4YR","4YR","4YR","4YR","4YR","4YR","4YR","4YR","4YR","None","4YR","4YR","4YR","CTC","4YR","None","4YR","4YR","4YR","4YR","4YR","4YR","4YR","4YR","None","None"
"STU001591","None","None","None","None","None","None","None","None","None","None","None","None","None","None","None","None","None","None","None","None","None","None","None","None","None","None","None","None"
"STU001592","CTC","CTC","CTC","CTC","CTC","CTC","CTC","CTC","CTC","CTC","CTC","CTC","CTC","CTC","CTC","None","None","None","None","None","None","None","None","None","None","None","None","None"
"STU001593","CTC","CTC","CTC","CTC","CTC","CTC","4YR","4YR","4YR","4YR","4YR","4YR","4YR","4YR","CTC","4YR","4YR","4YR","4YR","None","None","None","None","None","None","None","None","None"
"STU001594","CTC","CTC","CTC","CTC","CTC","CTC","None","None","None","None","None","None","None","None","None","None","None","None","None","None","None","None","None","None","None","None","None","None"
"STU001595","CTC","CTC","CTC","CTC","CTC","CTC","None","None","None","None","None","None","None","None","None","None","None","None","None","None","None","None","None","None","None","None","None","None"
"STU001596","CTC","CTC","CTC","CTC","CTC","CTC","CTC","CTC","CTC","CTC","CTC","CTC","CTC","CTC","CTC","CTC","None","None","None","None","None","None","None","None","None","None","None","None"
"STU001597","4YR","4YR","4YR","4YR","4YR","4YR","4YR","4YR","4YR","4YR","4YR","4YR","4YR","4YR","None","None","None","None","None","None","None","None","None","None","None","None","None","None"
"STU001598","4YR","4YR","4YR","4YR","CTC","4YR","4YR","4YR","4YR","4YR","4YR","4YR","None","4YR","4YR","None","None","None","None","None","None","None","None","None","None","None","None","None"
"STU001599","None","None","None","None","None","None","None","None","None","None","None","None","None","None","None","None","None","None","None","None","None","None","None","None","None","None","None","None"
"STU001600","None","None","None","None","None","None","None","None","None","None","None","None","None","None","None","None","None","None","None","None","None","None","None","None","None","None","None","None"
"STU001601","None","None","CTC","CTC","4YR","CTC","CTC","CTC","CTC","CTC","CTC","None","None","None","None","None","None","None","None","None","None","None","None","None","None","None","None","None"
"STU001602","4YR","4YR","4YR","4YR","4YR","4YR","4YR","4YR","4YR","4YR","None","None","4YR","4YR","None","None","None","None","None","None","None","None","None","None","None","None","None","None"
"STU001603","4YR","4YR","4YR","4YR","4YR","4YR","4YR","4YR","4YR","4YR","4YR","4YR","4YR","4YR","None","None","None","None","None","None","None","None","None","None","None","None","None","None"
"STU001604","None","CTC","CTC","CTC","CTC","CTC","None","None","None","None","None","None","None","None","None","None","None","None","None","None","None","None","None","None","None","None","None","None"
"STU001605","None","None","CTC","CTC","CTC","CTC","None","None","None","None","None","None","None","None","None","None","None","None","None","None","None","None","None","None","None","None","None","None"
"STU001606","None","CTC","CTC","CTC","CTC","CTC","CTC","4YR","4YR","4YR","4YR","4YR","4YR","4YR","4YR","4YR","4YR","4YR","4YR","4YR","None","None","None","None","None","None","None","None"
"STU001607","CTC","CTC","CTC","CTC","CTC","CTC","CTC","None","None","None","None","None","None","None","None","None","None","None","None","None","None","None","None","None","None","None","None","None"
"STU001608","None","None","None","None","CTC","CTC","CTC","CTC","CTC","CTC","CTC","CTC","CTC","CTC","None","None","None","None","None","None","None","None","None","None","None","None","None","None"
"STU001609","None","None","None","None","CTC","CTC","CTC","CTC","None","None","None","None","None","None","None","None","None","None","None","None","None","None","None","None","None","None","None","None"
"STU001610","None","None","None","CTC","CTC","CTC","None","CTC","None","CTC","CTC","CTC","None","None","None","None","None","None","None","None","None","None","None","None","None","None","None","None"
"STU001611","None","None","CTC","CTC","CTC","CTC","CTC","CTC","CTC","CTC","CTC","None","None","None","CTC","None","CTC","CTC","CTC","CTC","None","None","None","None","None","None","None","None"
"STU001612","None","None","None","None","4YR","4YR","None","None","4YR","4YR","4YR","4YR","None","None","None","None","None","None","None","None","None","None","None","None","None","None","None","None"
"STU001613","None","CTC","CTC","CTC","CTC","CTC","None","None","None","None","None","None","None","None","None","None","None","None","None","None","None","None","None","None","None","None","None","None"
"STU001614","CTC","CTC","None","CTC","CTC","CTC","CTC","None","None","CTC","CTC","CTC","CTC","CTC","CTC","CTC","None","None","None","None","None","None","None","None","None","None","None","None"
"STU001615","CTC","CTC","4YR","CTC","CTC","CTC","CTC","CTC","CTC","CTC","CTC","CTC","CTC","CTC","CTC","CTC","CTC","CTC","CTC","CTC","None","None","None","None","None","None","None","None"
"STU001616","None","CTC","CTC","CTC","CTC","CTC","CTC","CTC","CTC","4YR","None","None","CTC","CTC","None","CTC","None","None","None","None","None","None","None","None","None","None","None","None"
"STU001617","CTC","None","CTC","CTC","CTC","None","CTC","CTC","CTC","CTC","CTC","CTC","CTC","CTC","CTC","CTC","CTC","CTC","None","None","None","None","None","None","None","None","None","None"
"STU001618","4YR","4YR","None","4YR","4YR","4YR","4YR","4YR","4YR","4YR","4YR","4YR","4YR","4YR","None","4YR","4YR","4YR","4YR","None","None","None","None","None","None","None","None","None"
"STU001619","None","None","None","None","None","None","None","None","None","None","None","None","None","None","None","None","None","None","None","None","None","None","None","None","None","None","None","None"
"STU001620","None","None","None","None","None","None","None","None","None","None","None","None","None","None","None","None","None","None","None","None","None","None","None","None","None","None","None","None"
"STU001621","4YR","4YR","4YR","4YR","4YR","4YR","4YR","4YR","CTC","4YR","4YR","4YR","4YR","None","4YR","None","None","None","None","None","None","None","None","None","None","None","None","None"
"STU001622","CTC","None","4YR","CTC","CTC","None","None","None","None","None","None","None","None","None","None","None","None","None","None","None","None","None","None","None","None","None","None","None"
"STU001623","None","None","None","None","None","None","None","None","None","None","None","None","None","None","None","None","None","None","None","None","None","None","None","None","None","None","None","None"
"STU001624","None","None","None","CTC","CTC","CTC","CTC","CTC","None","None","None","None","None","None","None","None","None","None","None","None","None","None","None","None","None","None","None","None"
"STU001625","4YR","CTC","CTC","None","CTC","CTC","CTC","CTC","4YR","4YR","4YR","4YR","4YR","None","4YR","4YR","4YR","CTC","4YR","4YR","4YR","None","None","None","None","None","None","None"
"STU001626","CTC","CTC","CTC","CTC","None","None","None","None","None","None","None","None","None","None","None","None","None","None","None","None","None","None","None","None","None","None","None","None"
"STU001627","None","None","None","CTC","None","CTC","CTC","CTC","None","None","None","None","None","None","None","None","None","None","None","None","None","None","None","None","None","None","None","None"
"STU001628","None","CTC","CTC","CTC","CTC","CTC","None","None","4YR","CTC","CTC","CTC","CTC","None","None","None","None","None","None","None","None","None","None","None","None","None","None","None"
"STU001629","None","None","None","None","None","None","None","None","None","None","None","None","None","None","None","None","None","None","None","None","None","None","None","None","None","None","None","None"
"STU001630","None","None","None","None","None","None","None","None","None","None","None","None","None","None","None","None","None","None","None","None","None","None","None","None","None","None","None","None"
"STU001631","CTC","CTC","CTC","CTC","CTC","CTC","CTC","CTC","None","4YR","4YR","4YR","4YR","4YR","4YR","None","4YR","4YR","None","None","None","None","None","None","None","None","None","None"
"STU001632","CTC","CTC","CTC","CTC","CTC","CTC","CTC","CTC","CTC","None","None","None","None","None","None","None","None","None","None","None","None","None","None","None","None","None","None","None"
"STU001633","None","4YR","None","4YR","4YR","4YR","None","None","None","None","None","None","None","None","None","None","None","None","None","None","None","None","None","None","None","None","None","None"
"STU001634","CTC","CTC","None","CTC","None","CTC","CTC","4YR","4YR","4YR","4YR","4YR","4YR","4YR","4YR","4YR","None","None","None","None","None","None","None","None","None","None","None","None"
"STU001635","None","None","None","None","4YR","4YR","4YR","None","4YR","None","4YR","4YR","None","None","None","None","None","None","None","None","None","None","None","None","None","None","None","None"
"STU001636","None","CTC","CTC","CTC","None","CTC","CTC","CTC","None","None","None","None","None","None","None","None","None","None","None","None","None","None","None","None","None","None","None","None"
"STU001637","None","None","None","None","CTC","CTC","CTC","CTC","CTC","CTC","CTC","CTC","CTC","None","None","None","None","None","None","None","None","None","None","None","None","None","None","None"
"STU001638","4YR","None","4YR","4YR","4YR","4YR","None","None","None","None","None","None","None","None","None","None","None","None","None","None","None","None","None","None","None","None","None","None"
"STU001639","None","None","None","None","None","None","None","None","None","None","None","None","None","None","None","None","None","None","None","None","None","None","None","None","None","None","None","None"
"STU001640","CTC","CTC","CTC","CTC","CTC","CTC","CTC","None","None","None","None","None","None","None","None","None","None","None","None","None","None","None","None","None","None","None","None","None"
"STU001641","4YR","4YR","4YR","4YR","4YR","4YR","4YR","4YR","CTC","4YR","4YR","None","4YR","4YR","None","None","None","None","None","None","None","None","None","None","None","None","None","None"
"STU001642","4YR","4YR","4YR","4YR","4YR","4YR","None","4YR","4YR","None","4YR","4YR","CTC","4YR","4YR","None","None","None","None","None","None","None","None","None","None","None","None","None"
"STU001643","None","None","None","None","None","None","None","None","None","None","None","None","None","None","None","None","None","None","None","None","None","None","None","None","None","None","None","None"
"STU001644","4YR","4YR","4YR","4YR","None","4YR","4YR","None","None","None","None","None","None","None","None","None","None","None","None","None","None","None","None","None","None","None","None","None"
"STU001645","None","None","None","None","None","None","None","None","None","None","None","None","None","None","None","None","None","None","None","None","None","None","None","None","None","None","None","None"
"STU001646","None","None","None","CTC","CTC","CTC","4YR","None","CTC","CTC","CTC","None","None","None","None","None","None","None","None","None","None","None","None","None","None","None","None","None"
"STU001647","4YR","4YR","4YR","4YR","4YR","4YR","4YR","4YR","4YR","4YR","4YR","4YR","4YR","4YR","4YR","CTC","4YR","4YR","CTC","4YR","None","None","4YR","4YR","4YR","4YR","None","None"
"STU001648","4YR","4YR","4YR","None","4YR","None","4YR","4YR","4YR","4YR","4YR","4YR","4YR","4YR","4YR","None","4YR","4YR","4YR","4YR","4YR","None","None","None","None","None","None","None"
"STU001649","None","None","None","None","None","None","None","None","None","None","None","None","None","None","None","None","None","None","None","None","None","None","None","None","None","None","None","None"
"STU001650","None","None","None","None","None","None","None","None","None","None","None","None","None","None","None","None","None","None","None","None","None","None","None","None","None","None","None","None"
"STU001651","None","None","None","None","CTC","CTC","CTC","None","None","None","None","None","None","None","None","None","None","None","None","None","None","None","None","None","None","None","None","None"
"STU001652","CTC","CTC","CTC","CTC","CTC","CTC","4YR","4YR","4YR","4YR","4YR","4YR","4YR","4YR","4YR","4YR","4YR","4YR","None","None","None","None","None","None","None","None","None","None"
"STU001653","None","None","None","None","None","None","None","None","None","None","None","None","None","None","None","None","None","None","None","None","None","None","None","None","None","None","None","None"
"STU001654","CTC","CTC","CTC","CTC","CTC","CTC","CTC","CTC","None","None","None","None","None","None","None","None","None","None","None","None","None","None","None","None","None","None","None","None"
"STU001655","CTC","CTC","4YR","CTC","CTC","CTC","None","None","None","CTC","CTC","CTC","None","None","None","None","None","None","None","None","None","None","None","None","None","None","None","None"
"STU001656","None","None","None","None","None","None","None","None","None","None","None","None","None","None","None","None","None","None","None","None","None","None","None","None","None","None","None","None"
"STU001657","None","None","None","None","None","None","None","None","None","None","None","None","None","None","None","None","None","None","None","None","None","None","None","None","None","None","None","None"
"STU001658","CTC","CTC","CTC","None","None","None","None","None","None","None","None","None","None","None","None","None","None","None","None","None","None","None","None","None","None","None","None","None"
"STU001659","None","None","None","None","None","CTC","None","None","None","None","None","None","None","None","None","None","None","None","None","None","None","None","None","None","None","None","None","None"
"STU001660","None","None","None","None","None","None","None","None","None","None","None","None","None","None","None","None","None","None","None","None","None","None","None","None","None","None","None","None"
"STU001661","CTC","CTC","CTC","CTC","4YR","CTC","4YR","4YR","4YR","4YR","4YR","4YR","4YR","None","4YR","None","None","None","None","None","None","None","None","None","None","None","None","None"
"STU001662","CTC","None","None","None","None","None","None","None","None","None","None","None","None","None","None","None","None","None","None","None","None","None","None","None","None","None","None","None"
"STU001663","CTC","CTC","CTC","CTC","CTC","None","None","None","None","None","None","None","None","None","None","None","None","None","None","None","None","None","None","None","None","None","None","None"
"STU001664","CTC","CTC","CTC","CTC","4YR","CTC","CTC","CTC","CTC","None","None","None","None","None","None","None","None","None","None","None","None","None","None","None","None","None","None","None"
"STU001665","None","None","None","None","4YR","4YR","4YR","4YR","4YR","4YR","None","4YR","4YR","4YR","4YR","None","None","None","None","None","None","None","None","None","None","None","None","None"
"STU001666","None","None","None","None","CTC","CTC","CTC","CTC","CTC","CTC","None","None","None","None","None","None","None","None","None","None","None","None","None","None","None","None","None","None"
"STU001667","CTC","CTC","CTC","None","None","None","None","None","None","None","None","None","None","None","None","None","None","None","None","None","None","None","None","None","None","None","None","None"
"STU001668","None","None","None","None","CTC","None","None","CTC","CTC","CTC","None","None","CTC","CTC","CTC","CTC","None","None","None","None","None","None","None","None","None","None","None","None"
"STU001669","4YR","4YR","CTC","4YR","4YR","None","None","4YR","4YR","4YR","4YR","4YR","CTC","4YR","4YR","CTC","4YR","4YR","4YR","None","4YR","4YR","None","None","None","None","None","None"
"STU001670","None","None","CTC","CTC","CTC","CTC","CTC","CTC","CTC","None","None","None","None","None","None","None","None","None","None","None","None","None","None","None","None","None","None","None"
"STU001671","None","None","None","None","None","None","None","None","None","None","None","None","None","None","None","None","None","None","None","None","None","None","None","None","None","None","None","None"
"STU001672","None","None","None","None","None","None","None","None","None","None","None","None","None","None","None","None","None","None","None","None","None","None","None","None","None","None","None","None"
"STU001673","None","None","None","None","None","None","None","None","None","None","None","None","None","None","None","None","None","None","None","None","None","None","None","None","None","None","None","None"
"STU001674","CTC","CTC","CTC","CTC","CTC","CTC","CTC","None","None","None","None","None","None","None","None","None","None","None","None","None","None","None","None","None","None","None","None","None"
"STU001675","4YR","4YR","4YR","None","4YR","4YR","4YR","None","4YR","4YR","4YR","4YR","4YR","4YR","4YR","4YR","None","None","None","None","None","None","None","None","None","None","None","None"
"STU001676","CTC","CTC","CTC","CTC","CTC","CTC","CTC","CTC","CTC","CTC","CTC","CTC","CTC","4YR","None","None","None","None","None","None","None","None","None","None","None","None","None","None"
"STU001677","None","None","None","None","None","None","None","None","None","None","None","None","None","None","None","None","None","None","None","None","None","None","None","None","None","None","None","None"
"STU001678","None","None","CTC","CTC","None","None","None","None","None","None","None","None","None","None","None","None","None","None","None","None","None","None","None","None","None","None","None","None"
"STU001679","CTC","CTC","CTC","CTC","CTC","CTC","None","None","None","None","None","None","None","None","None","None","None","None","None","None","None","None","None","None","None","None","None","None"
"STU001680","4YR","4YR","4YR","4YR","4YR","4YR","4YR","4YR","4YR","4YR","4YR","4YR","4YR","4YR","None","4YR","4YR","4YR","4YR","4YR","None","None","None","None","None","None","None","None"
"STU001681","None","None","None","None","None","None","None","None","None","None","None","None","None","None","None","None","None","None","None","None","None","None","None","None","None","None","None","None"
"STU001682","CTC","CTC","None","CTC","CTC","CTC","CTC","CTC","CTC","CTC","CTC","CTC","CTC","CTC","CTC","CTC","CTC","CTC","CTC","CTC","None","None","None","None","None","None","None","None"
"STU001683","None","None","None","None","None","None","None","None","None","None","None","None","None","None","None","None","None","None","None","None","None","None","None","None","None","None","None","None"
"STU001684","None","None","None","None","None","None","None","None","None","None","None","None","None","None","None","None","None","None","None","None","None","None","None","None","None","None","None","None"
"STU001685","4YR","4YR","4YR","4YR","4YR","CTC","CTC","CTC","CTC","None","CTC","CTC","CTC","CTC","CTC","CTC","None","None","None","None","None","None","None","None","None","None","None","None"
"STU001686","4YR","4YR","4YR","4YR","4YR","4YR","4YR","4YR","4YR","4YR","4YR","4YR","4YR","4YR","4YR","4YR","None","None","None","None","None","None","None","None","None","None","None","None"
"STU001687","4YR","4YR","4YR","4YR","4YR","None","4YR","4YR","4YR","4YR","None","None","None","None","None","None","None","None","None","None","None","None","None","None","None","None","None","None"
"STU001688","None","None","None","None","None","None","None","None","None","None","None","None","None","None","None","None","None","None","None","None","None","None","None","None","None","None","None","None"
"STU001689","CTC","None","CTC","CTC","CTC","CTC","CTC","4YR","None","None","None","None","None","None","None","None","None","None","None","None","None","None","None","None","None","None","None","None"
"STU001690","None","None","4YR","CTC","CTC","None","None","None","None","None","None","None","None","None","None","None","None","None","None","None","None","None","None","None","None","None","None","None"
"STU001691","None","CTC","CTC","None","CTC","CTC","None","None","None","None","None","None","None","None","None","None","None","None","None","None","None","None","None","None","None","None","None","None"
"STU001692","None","None","None","CTC","CTC","CTC","CTC","CTC","CTC","None","None","None","None","None","None","None","None","None","None","None","None","None","None","None","None","None","None","None"
"STU001693","4YR","4YR","4YR","4YR","CTC","4YR","4YR","4YR","4YR","4YR","4YR","CTC","4YR","4YR","4YR","None","None","None","None","None","None","None","None","None","None","None","None","None"
"STU001694","4YR","4YR","CTC","4YR","4YR","CTC","4YR","None","None","None","None","None","None","None","None","None","None","None","None","None","None","None","None","None","None","None","None","None"
"STU001695","CTC","CTC","CTC","CTC","CTC","CTC","CTC","None","None","None","None","None","None","None","None","None","None","None","None","None","None","None","None","None","None","None","None","None"
"STU001696","None","None","None","None","None","None","None","None","None","None","None","None","None","None","None","None","None","None","None","None","None","None","None","None","None","None","None","None"
"STU001697","None","None","None","None","None","None","None","None","None","None","None","None","None","None","None","None","None","None","None","None","None","None","None","None","None","None","None","None"
"STU001698","4YR","None","4YR","4YR","4YR","4YR","CTC","CTC","CTC","CTC","CTC","None","CTC","CTC","CTC","CTC","CTC","None","None","None","None","None","None","None","None","None","None","None"
"STU001699","CTC","CTC","CTC","CTC","4YR","CTC","None","None","None","None","None","None","None","None","None","None","None","None","None","None","None","None","None","None","None","None","None","None"
"STU001700","CTC","CTC","CTC","CTC","CTC","CTC","CTC","4YR","4YR","4YR","None","4YR","4YR","4YR","4YR","4YR","None","None","None","None","None","None","None","None","None","None","None","None"
"STU001701","None","None","None","None","None","None","None","None","None","None","None","None","None","None","None","None","None","None","None","None","None","None","None","None","None","None","None","None"
"STU001702","None","None","None","CTC","CTC","CTC","CTC","4YR","CTC","CTC","None","CTC","CTC","CTC","CTC","CTC","CTC","None","None","None","None","None","None","None","None","None","None","None"
"STU001703","None","None","None","CTC","CTC","CTC","CTC","CTC","CTC","None","None","4YR","CTC","CTC","CTC","CTC","None","None","None","None","None","None","None","None","None","None","None","None"
"STU001704","None","None","CTC","CTC","CTC","None","None","None","None","None","None","None","None","None","None","None","None","None","None","None","None","None","None","None","None","None","None","None"
"STU001705","4YR","4YR","4YR","CTC","4YR","4YR","4YR","None","None","None","None","None","None","None","None","None","None","None","None","None","None","None","None","None","None","None","None","None"
"STU001706","None","None","None","None","None","None","None","None","None","None","None","None","None","None","None","None","None","None","None","None","None","None","None","None","None","None","None","None"
"STU001707","None","None","None","None","None","None","None","None","None","None","None","None","None","None","None","None","None","None","None","None","None","None","None","None","None","None","None","None"
"STU001708","None","None","None","None","None","None","None","None","None","None","None","None","None","None","None","None","None","None","None","None","None","None","None","None","None","None","None","None"
"STU001709","None","None","None","CTC","CTC","CTC","CTC","CTC","None","CTC","CTC","CTC","CTC","None","None","None","None","None","None","None","None","None","None","None","None","None","None","None"
"STU001710","None","None","None","None","None","None","None","None","None","None","None","None","None","None","None","None","None","None","None","None","None","None","None","None","None","None","None","None"
"STU001711","None","None","CTC","CTC","CTC","CTC","CTC","CTC","CTC","None","None","CTC","CTC","CTC","None","None","None","None","None","None","None","None","None","None","None","None","None","None"
"STU001712","CTC","None","CTC","None","CTC","CTC","CTC","None","None","None","None","None","None","None","None","None","None","None","None","None","None","None","None","None","None","None","None","None"
"STU001713","None","None","None","CTC","CTC","CTC","None","CTC","None","None","CTC","CTC","CTC","CTC","CTC","CTC","None","None","None","None","None","None","None","None","None","None","None","None"
"STU001714","None","None","None","None","None","None","None","None","None","None","None","None","None","None","None","None","None","None","None","None","None","None","None","None","None","None","None","None"
"STU001715","CTC","None","None","None","CTC","CTC","CTC","CTC","CTC","CTC","CTC","4YR","None","CTC","CTC","4YR","CTC","CTC","None","None","None","None","None","None","None","None","None","None"
"STU001716","None","None","CTC","CTC","CTC","CTC","CTC","CTC","CTC","CTC","None","None","None","None","None","None","None","None","None","None","None","None","None","None","None","None","None","None"
"STU001717","4YR","4YR","4YR","4YR","4YR","4YR","4YR","4YR","4YR","None","None","None","None","None","None","None","None","None","None","None","None","None","None","None","None","None","None","None"
"STU001718","None","None","CTC","CTC","CTC","CTC","CTC","None","None","None","CTC","CTC","CTC","CTC","None","None","None","None","None","None","None","None","None","None","None","None","None","None"
"STU001719","CTC","CTC","CTC","CTC","None","CTC","CTC","CTC","None","None","None","None","None","None","None","None","None","None","None","None","None","None","None","None","None","None","None","None"
"STU001720","None","None","CTC","CTC","CTC","None","None","None","None","None","None","None","None","None","None","None","None","None","None","None","None","None","None","None","None","None","None","None"
"STU001721","None","4YR","4YR","4YR","CTC","CTC","CTC","CTC","CTC","CTC","CTC","None","None","None","None","None","None","None","None","None","None","None","None","None","None","None","None","None"
"STU001722","4YR","4YR","4YR","4YR","4YR","4YR","4YR","4YR","4YR","4YR","4YR","4YR","4YR","4YR","None","None","None","None","None","None","None","None","None","None","None","None","None","None"
"STU001723","CTC","CTC","CTC","CTC","CTC","CTC","CTC","CTC","CTC","CTC","CTC","CTC","CTC","CTC","CTC","None","None","None","None","None","None","None","None","None","None","None","None","None"
"STU001724","4YR","4YR","4YR","4YR","None","CTC","CTC","CTC","CTC","CTC","CTC","CTC","CTC","CTC","CTC","CTC","CTC","4YR","None","None","None","None","None","None","None","None","None","None"
"STU001725","None","None","CTC","CTC","CTC","CTC","CTC","CTC","CTC","CTC","None","None","None","None","None","None","None","None","None","None","None","None","None","None","None","None","None","None"
"STU001726","4YR","4YR","4YR","4YR","4YR","4YR","4YR","4YR","4YR","4YR","4YR","CTC","None","4YR","None","4YR","4YR","4YR","None","4YR","4YR","4YR","4YR","4YR","None","None","None","None"
"STU001727","None","None","None","None","None","None","None","None","None","None","None","None","None","None","None","None","None","None","None","None","None","None","None","None","None","None","None","None"
"STU001728","4YR","4YR","4YR","4YR","4YR","4YR","4YR","4YR","4YR","4YR","4YR","4YR","4YR","4YR","4YR","4YR","None","None","None","None","None","None","None","None","None","None","None","None"
"STU001729","None","None","None","None","CTC","CTC","CTC","None","CTC","CTC","None","None","None","None","None","None","None","None","None","None","None","None","None","None","None","None","None","None"
"STU001730","None","4YR","4YR","None","4YR","4YR","4YR","4YR","None","None","None","None","None","None","None","None","None","None","None","None","None","None","None","None","None","None","None","None"
"STU001731","CTC","CTC","CTC","CTC","None","CTC","CTC","4YR","4YR","4YR","4YR","4YR","4YR","4YR","4YR","4YR","4YR","4YR","None","None","None","None","None","None","None","None","None","None"
"STU001732","None","None","None","None","None","None","None","None","None","None","None","None","None","None","None","None","None","None","None","None","None","None","None","None","None","None","None","None"
"STU001733","4YR","4YR","4YR","4YR","4YR","4YR","4YR","4YR","4YR","4YR","4YR","4YR","4YR","4YR","None","4YR","4YR","4YR","4YR","4YR","4YR","4YR","4YR","4YR","None","None","None","None"
"STU001734","None","None","None","None","None","None","None","None","None","None","None","None","None","None","None","None","None","None","None","None","None","None","None","None","None","None","None","None"
"STU001735","None","None","None","None","CTC","CTC","CTC","CTC","CTC","CTC","None","None","None","None","None","None","None","None","None","None","None","None","None","None","None","None","None","None"
"STU001736","None","None","CTC","CTC","None","CTC","CTC","CTC","CTC","None","CTC","CTC","CTC","CTC","None","None","None","None","None","None","None","None","None","None","None","None","None","None"
"STU001737","None","None","None","None","4YR","4YR","None","None","None","None","None","None","None","None","None","None","None","None","None","None","None","None","None","None","None","None","None","None"
"STU001738","4YR","4YR","4YR","4YR","4YR","4YR","4YR","4YR","4YR","4YR","4YR","CTC","4YR","4YR","4YR","4YR","4YR","4YR","None","4YR","4YR","4YR","None","None","None","None","None","None"
"STU001739","None","CTC","CTC","CTC","CTC","CTC","CTC","CTC","None","None","None","None","None","None","None","None","None","None","None","None","None","None","None","None","None","None","None","None"
"STU001740","CTC","CTC","CTC","CTC","None","CTC","CTC","CTC","CTC","CTC","CTC","CTC","CTC","CTC","CTC","CTC","None","None","None","None","None","None","None","None","None","None","None","None"
"STU001741","None","None","None","None","None","CTC","CTC","None","None","CTC","CTC","CTC","None","None","None","None","None","None","None","None","None","None","None","None","None","None","None","None"
"STU001742","4YR","4YR","4YR","4YR","4YR","4YR","4YR","4YR","4YR","4YR","4YR","4YR","4YR","4YR","4YR","4YR","4YR","4YR","4YR","4YR","4YR","4YR","None","None","None","None","None","None"
"STU001743","CTC","CTC","None","CTC","CTC","CTC","CTC","CTC","None","None","None","None","None","None","None","None","None","None","None","None","None","None","None","None","None","None","None","None"
"STU001744","None","None","CTC","CTC","CTC","None","None","None","None","None","None","None","None","None","None","None","None","None","None","None","None","None","None","None","None","None","None","None"
"STU001745","None","None","None","None","None","None","None","None","None","None","None","None","None","None","None","None","None","None","None","None","None","None","None","None","None","None","None","None"
"STU001746","None","4YR","4YR","4YR","4YR","4YR","4YR","4YR","4YR","4YR","4YR","None","4YR","4YR","4YR","4YR","4YR","4YR","4YR","4YR","4YR","4YR","None","None","None","None","None","None"
"STU001747","None","None","None","None","None","None","None","None","None","None","None","None","None","None","None","None","None","None","None","None","None","None","None","None","None","None","None","None"
"STU001748","4YR","4YR","4YR","4YR","4YR","4YR","4YR","4YR","4YR","4YR","4YR","4YR","4YR","4YR","4YR","None","None","None","None","None","None","None","None","None","None","None","None","None"
"STU001749","None","4YR","4YR","4YR","4YR","4YR","4YR","4YR","None","None","None","None","None","None","None","None","None","None","None","None","None","None","None","None","None","None","None","None"
"STU001750","CTC","CTC","CTC","None","CTC","CTC","CTC","CTC","None","None","None","None","None","None","None","None","None","None","None","None","None","None","None","None","None","None","None","None"
"STU001751","None","None","CTC","CTC","CTC","None","None","CTC","CTC","CTC","None","None","None","None","None","None","None","None","None","None","None","None","None","None","None","None","None","None"
"STU001752","None","None","None","None","None","CTC","CTC","CTC","None","None","None","CTC","CTC","CTC","None","None","None","None","None","None","None","None","None","None","None","None","None","None"
"STU001753","None","None","None","None","CTC","CTC","CTC","None","CTC","CTC","CTC","CTC","4YR","None","None","None","CTC","CTC","CTC","None","None","None","None","None","None","None","None","None"
"STU001754","None","None","None","CTC","CTC","CTC","CTC","CTC","None","None","None","None","None","None","None","None","None","None","None","None","None","None","None","None","None","None","None","None"
"STU001755","CTC","CTC","CTC","CTC","CTC","CTC","CTC","None","None","None","None","None","None","None","None","None","None","None","None","None","None","None","None","None","None","None","None","None"
"STU001756","None","None","CTC","CTC","CTC","CTC","None","None","None","None","None","None","None","None","None","None","None","None","None","None","None","None","None","None","None","None","None","None"
"STU001757","4YR","4YR","4YR","4YR","4YR","4YR","4YR","4YR","None","None","None","None","None","None","None","None","None","None","None","None","None","None","None","None","None","None","None","None"
"STU001758","4YR","4YR","4YR","4YR","4YR","4YR","4YR","None","None","None","None","None","None","None","None","None","None","None","None","None","None","None","None","None","None","None","None","None"
"STU001759","4YR","4YR","4YR","4YR","4YR","4YR","None","None","None","None","None","None","None","None","None","None","None","None","None","None","None","None","None","None","None","None","None","None"
"STU001760","CTC","CTC","CTC","CTC","None","CTC","CTC","CTC","4YR","4YR","4YR","4YR","4YR","4YR","4YR","4YR","4YR","4YR","None","None","None","None","None","None","None","None","None","None"
"STU001761","None","None","CTC","CTC","CTC","CTC","CTC","CTC","CTC","None","None","None","None","None","None","None","None","None","None","None","None","None","None","None","None","None","None","None"
"STU001762","None","None","None","None","None","None","None","None","None","None","None","None","None","None","None","None","None","None","None","None","None","None","None","None","None","None","None","None"
"STU001763","None","None","None","None","None","None","None","None","None","None","None","None","None","None","None","None","None","None","None","None","None","None","None","None","None","None","None","None"
"STU001764","4YR","4YR","None","4YR","CTC","4YR","4YR","4YR","4YR","4YR","4YR","4YR","4YR","4YR","4YR","None","None","None","None","None","None","None","None","None","None","None","None","None"
"STU001765","None","CTC","CTC","CTC","CTC","None","CTC","CTC","CTC","None","None","None","None","None","None","None","None","None","None","None","None","None","None","None","None","None","None","None"
"STU001766","None","None","None","CTC","CTC","CTC","CTC","CTC","CTC","None","None","CTC","CTC","CTC","CTC","CTC","None","None","None","None","None","None","None","None","None","None","None","None"
"STU001767","None","CTC","4YR","CTC","CTC","CTC","CTC","CTC","CTC","None","None","None","None","None","None","None","None","None","None","None","None","None","None","None","None","None","None","None"
"STU001768","None","None","None","None","None","None","None","None","None","None","None","None","None","None","None","None","None","None","None","None","None","None","None","None","None","None","None","None"
"STU001769","4YR","4YR","4YR","None","4YR","4YR","4YR","4YR","4YR","CTC","None","None","None","None","None","None","None","None","None","None","None","None","None","None","None","None","None","None"
"STU001770","4YR","4YR","4YR","4YR","4YR","4YR","4YR","4YR","4YR","4YR","4YR","4YR","4YR","4YR","4YR","4YR","None","None","None","None","None","None","None","None","None","None","None","None"
"STU001771","4YR","4YR","4YR","None","None","None","None","None","None","None","None","None","None","None","None","None","None","None","None","None","None","None","None","None","None","None","None","None"
"STU001772","None","None","None","CTC","CTC","None","None","None","None","None","None","None","None","None","None","None","None","None","None","None","None","None","None","None","None","None","None","None"
"STU001773","None","None","None","None","None","None","None","None","None","None","None","None","None","None","None","None","None","None","None","None","None","None","None","None","None","None","None","None"
"STU001774","None","CTC","CTC","CTC","CTC","None","None","CTC","CTC","None","CTC","CTC","CTC","None","None","None","None","None","None","None","None","None","None","None","None","None","None","None"
"STU001775","None","None","None","None","None","None","None","None","None","None","None","None","None","None","None","None","None","None","None","None","None","None","None","None","None","None","None","None"
"STU001776","None","4YR","4YR","4YR","4YR","4YR","4YR","4YR","4YR","None","4YR","4YR","4YR","4YR","None","None","None","None","None","None","None","None","None","None","None","None","None","None"
"STU001777","None","None","None","CTC","CTC","CTC","CTC","CTC","None","None","4YR","CTC","CTC","CTC","CTC","CTC","CTC","None","None","None","None","None","None","None","None","None","None","None"
"STU001778","None","None","None","None","None","None","None","None","None","None","None","None","None","None","None","None","None","None","None","None","None","None","None","None","None","None","None","None"
"STU001779","None","None","None","None","None","None","None","None","None","None","None","None","None","None","None","None","None","None","None","None","None","None","None","None","None","None","None","None"
"STU001780","None","CTC","CTC","CTC","CTC","CTC","CTC","CTC","None","None","None","None","None","None","None","None","None","None","None","None","None","None","None","None","None","None","None","None"
"STU001781","None","None","None","CTC","CTC","CTC","CTC","None","CTC","CTC","CTC","CTC","CTC","CTC","None","None","None","None","None","None","None","None","None","None","None","None","None","None"
"STU001782","None","None","None","None","None","None","None","None","None","None","None","None","None","None","None","None","None","None","None","None","None","None","None","None","None","None","None","None"
"STU001783","None","None","CTC","CTC","CTC","CTC","CTC","CTC","CTC","CTC","CTC","None","None","None","None","None","None","None","None","None","None","None","None","None","None","None","None","None"
"STU001784","CTC","None","CTC","CTC","CTC","CTC","4YR","4YR","4YR","4YR","4YR","CTC","4YR","4YR","4YR","None","4YR","None","None","None","None","None","None","None","None","None","None","None"
"STU001785","None","None","None","CTC","CTC","None","None","None","None","None","None","None","None","None","None","None","None","None","None","None","None","None","None","None","None","None","None","None"
"STU001786","CTC","4YR","4YR","4YR","4YR","4YR","4YR","None","4YR","4YR","4YR","4YR","4YR","4YR","4YR","None","None","None","None","None","None","None","None","None","None","None","None","None"
"STU001787","None","None","None","None","None","None","None","None","None","None","None","None","None","None","None","None","None","None","None","None","None","None","None","None","None","None","None","None"
"STU001788","4YR","4YR","4YR","4YR","4YR","4YR","4YR","4YR","4YR","4YR","4YR","4YR","4YR","4YR","4YR","None","4YR","4YR","None","4YR","4YR","4YR","4YR","4YR","4YR","4YR","None","None"
"STU001789","None","None","None","None","None","None","None","None","None","None","None","None","None","None","None","None","None","None","None","None","None","None","None","None","None","None","None","None"
"STU001790","4YR","4YR","4YR","None","4YR","4YR","4YR","4YR","4YR","4YR","4YR","4YR","4YR","4YR","4YR","4YR","4YR","4YR","4YR","4YR","None","None","None","None","None","None","None","None"
"STU001791","None","None","None","None","None","None","None","None","None","None","None","None","None","None","None","None","None","None","None","None","None","None","None","None","None","None","None","None"
"STU001792","4YR","4YR","4YR","4YR","4YR","4YR","4YR","None","4YR","None","None","4YR","4YR","4YR","4YR","None","None","None","None","None","None","None","None","None","None","None","None","None"
"STU001793","None","None","None","None","None","None","None","None","None","None","None","None","None","None","None","None","None","None","None","None","None","None","None","None","None","None","None","None"
"STU001794","CTC","CTC","CTC","CTC","CTC","CTC","CTC","CTC","None","None","None","None","None","None","None","None","None","None","None","None","None","None","None","None","None","None","None","None"
"STU001795","CTC","CTC","CTC","CTC","None","None","None","None","None","None","None","None","None","None","None","None","None","None","None","None","None","None","None","None","None","None","None","None"
"STU001796","CTC","CTC","CTC","CTC","CTC","CTC","CTC","CTC","None","None","None","None","None","None","None","None","None","None","None","None","None","None","None","None","None","None","None","None"
"STU001797","4YR","None","4YR","4YR","4YR","4YR","4YR","4YR","4YR","4YR","4YR","4YR","CTC","4YR","CTC","4YR","4YR","4YR","4YR","4YR","CTC","4YR","None","4YR","4YR","4YR","None","None"
"STU001798","None","None","None","None","None","None","None","None","None","None","None","None","None","None","None","None","None","None","None","None","None","None","None","None","None","None","None","None"
"STU001799","None","None","None","None","None","None","None","None","None","None","None","None","None","None","None","None","None","None","None","None","None","None","None","None","None","None","None","None"
"STU001800","None","CTC","None","CTC","CTC","CTC","CTC","CTC","CTC","CTC","None","4YR","4YR","None","CTC","CTC","CTC","CTC","None","None","None","None","None","None","None","None","None","None"
"STU001801","None","None","None","None","None","None","None","None","None","None","None","None","None","None","None","None","None","None","None","None","None","None","None","None","None","None","None","None"
"STU001802","CTC","CTC","CTC","CTC","CTC","None","CTC","CTC","CTC","CTC","CTC","4YR","CTC","CTC","CTC","CTC","CTC","CTC","CTC","None","None","None","None","None","None","None","None","None"
"STU001803","None","None","None","None","None","None","None","None","None","None","None","None","None","None","None","None","None","None","None","None","None","None","None","None","None","None","None","None"
"STU001804","4YR","4YR","None","4YR","4YR","4YR","4YR","4YR","4YR","4YR","4YR","4YR","None","4YR","4YR","4YR","4YR","4YR","4YR","4YR","4YR","4YR","None","4YR","4YR","4YR","None","None"
"STU001805","CTC","CTC","CTC","CTC","CTC","CTC","4YR","4YR","4YR","4YR","4YR","4YR","4YR","4YR","4YR","4YR","None","None","None","None","None","None","None","None","None","None","None","None"
"STU001806","CTC","CTC","CTC","CTC","CTC","CTC","None","None","None","None","None","None","None","None","None","None","None","None","None","None","None","None","None","None","None","None","None","None"
"STU001807","CTC","CTC","CTC","CTC","4YR","None","None","None","None","None","None","None","None","None","None","None","None","None","None","None","None","None","None","None","None","None","None","None"
"STU001808","CTC","CTC","CTC","None","CTC","None","CTC","CTC","CTC","CTC","CTC","CTC","CTC","CTC","CTC","CTC","CTC","CTC","CTC","None","None","None","None","None","None","None","None","None"
"STU001809","None","None","None","None","None","None","None","None","None","None","None","None","None","None","None","None","None","None","None","None","None","None","None","None","None","None","None","None"
"STU001810","4YR","None","None","None","None","None","None","None","None","None","None","None","None","None","None","None","None","None","None","None","None","None","None","None","None","None","None","None"
"STU001811","None","CTC","CTC","CTC","CTC","CTC","CTC","None","None","None","None","None","None","None","None","None","None","None","None","None","None","None","None","None","None","None","None","None"
"STU001812","None","None","None","None","None","None","None","None","None","None","None","None","None","None","None","None","None","None","None","None","None","None","None","None","None","None","None","None"
"STU001813","CTC","CTC","None","CTC","None","None","None","None","None","None","None","None","None","None","None","None","None","None","None","None","None","None","None","None","None","None","None","None"
"STU001814","None","None","None","None","CTC","CTC","CTC","CTC","None","None","None","None","None","None","None","None","None","None","None","None","None","None","None","None","None","None","None","None"
"STU001815","None","None","None","None","None","None","None","None","None","None","None","None","None","None","None","None","None","None","None","None","None","None","None","None","None","None","None","None"
"STU001816","4YR","4YR","4YR","CTC","CTC","CTC","CTC","CTC","CTC","None","CTC","CTC","CTC","CTC","CTC","None","None","None","None","None","None","None","None","None","None","None","None","None"
"STU001817","None","None","None","None","None","None","None","None","None","None","None","None","None","None","None","None","None","None","None","None","None","None","None","None","None","None","None","None"
"STU001818","None","None","None","None","CTC","CTC","CTC","CTC","CTC","CTC","CTC","CTC","None","None","None","None","None","None","None","None","None","None","None","None","None","None","None","None"
"STU001819","4YR","None","4YR","4YR","4YR","4YR","4YR","4YR","4YR","4YR","4YR","4YR","4YR","4YR","None","None","None","None","None","None","None","None","None","None","None","None","None","None"
"STU001820","CTC","CTC","CTC","CTC","CTC","CTC","None","CTC","None","None","None","None","None","None","None","None","None","None","None","None","None","None","None","None","None","None","None","None"
"STU001821","None","None","None","None","None","None","None","None","None","None","None","None","None","None","None","None","None","None","None","None","None","None","None","None","None","None","None","None"
"STU001822","None","None","None","None","None","None","None","None","None","None","None","None","None","None","None","None","None","None","None","None","None","None","None","None","None","None","None","None"
"STU001823","None","4YR","4YR","4YR","None","None","None","None","None","None","None","None","None","None","None","None","None","None","None","None","None","None","None","None","None","None","None","None"
"STU001824","CTC","None","CTC","CTC","CTC","CTC","None","None","None","None","None","None","None","None","None","None","None","None","None","None","None","None","None","None","None","None","None","None"
"STU001825","4YR","CTC","CTC","None","None","None","None","None","None","None","None","None","None","None","None","None","None","None","None","None","None","None","None","None","None","None","None","None"
"STU001826","None","None","None","None","CTC","CTC","None","None","None","None","None","None","None","None","None","None","None","None","None","None","None","None","None","None","None","None","None","None"
"STU001827","None","None","None","None","None","None","None","None","None","None","None","None","None","None","None","None","None","None","None","None","None","None","None","None","None","None","None","None"
"STU001828","CTC","CTC","CTC","CTC","CTC","CTC","4YR","4YR","4YR","CTC","4YR","4YR","4YR","4YR","4YR","4YR","None","None","None","None","None","None","None","None","None","None","None","None"
"STU001829","4YR","4YR","CTC","4YR","4YR","4YR","4YR","4YR","None","4YR","4YR","None","4YR","4YR","4YR","None","None","None","None","None","None","None","None","None","None","None","None","None"
"STU001830","None","None","None","None","CTC","CTC","None","None","None","None","None","None","None","None","None","None","None","None","None","None","None","None","None","None","None","None","None","None"
"STU001831","None","None","None","4YR","4YR","4YR","None","4YR","4YR","4YR","4YR","4YR","None","None","None","None","None","None","None","None","None","None","None","None","None","None","None","None"
"STU001832","None","None","4YR","4YR","4YR","4YR","4YR","4YR","4YR","4YR","4YR","4YR","None","4YR","None","4YR","4YR","4YR","4YR","4YR","4YR","None","None","None","None","None","None","None"
"STU001833","None","None","None","None","None","None","None","None","None","None","None","None","None","None","None","None","None","None","None","None","None","None","None","None","None","None","None","None"
"STU001834","CTC","CTC","CTC","CTC","CTC","CTC","None","None","None","None","None","None","None","None","None","None","None","None","None","None","None","None","None","None","None","None","None","None"
"STU001835","None","None","None","None","None","None","None","None","None","None","None","None","None","None","None","None","None","None","None","None","None","None","None","None","None","None","None","None"
"STU001836","None","None","None","None","None","None","None","None","None","None","None","None","None","None","None","None","None","None","None","None","None","None","None","None","None","None","None","None"
"STU001837","CTC","CTC","None","None","None","CTC","CTC","CTC","CTC","CTC","CTC","None","None","None","None","None","None","None","None","None","None","None","None","None","None","None","None","None"
"STU001838","None","None","None","None","None","None","None","None","None","None","None","None","None","None","None","None","None","None","None","None","None","None","None","None","None","None","None","None"
"STU001839","4YR","4YR","CTC","4YR","4YR","4YR","None","4YR","4YR","4YR","4YR","4YR","4YR","CTC","None","4YR","4YR","4YR","4YR","4YR","4YR","CTC","4YR","4YR","4YR","4YR","4YR","4YR"
"STU001840","None","None","None","None","None","None","None","None","None","None","None","None","None","None","None","None","None","None","None","None","None","None","None","None","None","None","None","None"
"STU001841","None","None","None","None","None","None","None","None","None","None","None","None","None","None","None","None","None","None","None","None","None","None","None","None","None","None","None","None"
"STU001842","4YR","4YR","4YR","4YR","4YR","4YR","4YR","4YR","4YR","4YR","4YR","4YR","4YR","4YR","4YR","4YR","None","None","None","None","None","None","None","None","None","None","None","None"
"STU001843","None","None","None","None","None","None","None","None","None","None","None","None","None","None","None","None","None","None","None","None","None","None","None","None","None","None","None","None"
"STU001844","CTC","CTC","CTC","None","CTC","None","None","None","None","None","None","None","None","None","None","None","None","None","None","None","None","None","None","None","None","None","None","None"
"STU001845","None","None","None","4YR","4YR","None","None","None","None","None","None","None","None","None","None","None","None","None","None","None","None","None","None","None","None","None","None","None"
"STU001846","CTC","CTC","CTC","CTC","CTC","CTC","CTC","CTC","4YR","4YR","4YR","4YR","4YR","None","4YR","None","4YR","None","None","None","None","None","None","None","None","None","None","None"
"STU001847","None","None","None","None","CTC","CTC","CTC","None","CTC","None","CTC","CTC","CTC","None","None","None","None","None","None","None","None","None","None","None","None","None","None","None"
"STU001848","None","None","None","None","None","None","None","None","None","None","None","None","None","None","None","None","None","None","None","None","None","None","None","None","None","None","None","None"
"STU001849","CTC","CTC","CTC","CTC","CTC","CTC","CTC","CTC","CTC","CTC","CTC","CTC","4YR","None","None","None","None","None","None","None","None","None","None","None","None","None","None","None"
"STU001850","4YR","CTC","4YR","4YR","4YR","4YR","None","4YR","4YR","4YR","None","None","4YR","4YR","None","None","None","None","None","None","None","None","None","None","None","None","None","None"
"STU001851","None","4YR","4YR","4YR","4YR","4YR","4YR","4YR","4YR","4YR","4YR","4YR","4YR","4YR","4YR","4YR","4YR","4YR","4YR","4YR","4YR","4YR","4YR","4YR","None","None","None","None"
"STU001852","None","None","4YR","4YR","4YR","4YR","CTC","None","4YR","4YR","4YR","CTC","None","None","None","None","None","None","None","None","None","None","None","None","None","None","None","None"
"STU001853","4YR","4YR","4YR","4YR","4YR","4YR","4YR","4YR","CTC","4YR","4YR","None","4YR","4YR","None","None","None","None","None","None","None","None","None","None","None","None","None","None"
"STU001854","None","None","None","CTC","CTC","CTC","CTC","CTC","CTC","None","CTC","CTC","None","None","None","None","None","None","None","None","None","None","None","None","None","None","None","None"
"STU001855","None","None","None","None","None","None","None","None","None","None","None","None","None","None","None","None","None","None","None","None","None","None","None","None","None","None","None","None"
"STU001856","CTC","CTC","CTC","None","None","None","None","None","None","None","None","None","None","None","None","None","None","None","None","None","None","None","None","None","None","None","None","None"
"STU001857","CTC","CTC","CTC","CTC","CTC","CTC","None","None","None","None","None","None","None","None","None","None","None","None","None","None","None","None","None","None","None","None","None","None"
"STU001858","None","None","None","None","None","None","None","None","None","None","None","None","None","None","None","None","None","None","None","None","None","None","None","None","None","None","None","None"
"STU001859","None","None","None","None","None","None","None","None","None","None","None","None","None","None","None","None","None","None","None","None","None","None","None","None","None","None","None","None"
"STU001860","None","None","None","None","4YR","CTC","CTC","None","None","None","None","None","None","None","None","None","None","None","None","None","None","None","None","None","None","None","None","None"
"STU001861","4YR","None","4YR","4YR","4YR","4YR","4YR","4YR","4YR","4YR","4YR","4YR","4YR","4YR","4YR","4YR","4YR","None","None","None","None","None","None","None","None","None","None","None"
"STU001862","None","CTC","CTC","CTC","CTC","CTC","CTC","CTC","None","None","None","None","None","None","None","None","None","None","None","None","None","None","None","None","None","None","None","None"
"STU001863","None","None","None","None","None","None","None","None","None","None","None","None","None","None","None","None","None","None","None","None","None","None","None","None","None","None","None","None"
"STU001864","None","None","None","None","None","None","None","None","None","None","None","None","None","None","None","None","None","None","None","None","None","None","None","None","None","None","None","None"
"STU001865","None","None","None","4YR","4YR","None","4YR","None","None","None","None","None","None","None","None","None","None","None","None","None","None","None","None","None","None","None","None","None"
"STU001866","None","None","None","None","None","None","None","None","None","None","None","None","None","None","None","None","None","None","None","None","None","None","None","None","None","None","None","None"
"STU001867","None","None","CTC","CTC","4YR","CTC","CTC","None","CTC","CTC","CTC","CTC","CTC","CTC","None","None","None","None","None","None","None","None","None","None","None","None","None","None"
"STU001868","CTC","CTC","CTC","None","None","None","None","None","None","None","None","None","None","None","None","None","None","None","None","None","None","None","None","None","None","None","None","None"
"STU001869","None","None","None","None","None","None","None","None","None","None","None","None","None","None","None","None","None","None","None","None","None","None","None","None","None","None","None","None"
"STU001870","4YR","4YR","4YR","4YR","4YR","4YR","4YR","4YR","None","4YR","4YR","4YR","4YR","4YR","None","4YR","4YR","4YR","4YR","None","4YR","4YR","4YR","4YR","4YR","None","None","None"
"STU001871","None","None","None","None","4YR","4YR","4YR","None","None","None","None","None","None","None","None","None","None","None","None","None","None","None","None","None","None","None","None","None"
"STU001872","CTC","CTC","None","CTC","CTC","None","None","None","None","None","None","None","None","None","None","None","None","None","None","None","None","None","None","None","None","None","None","None"
"STU001873","None","None","4YR","4YR","None","None","4YR","4YR","4YR","4YR","4YR","None","4YR","4YR","4YR","None","None","None","None","None","None","None","None","None","None","None","None","None"
"STU001874","CTC","CTC","CTC","CTC","CTC","CTC","CTC","CTC","CTC","4YR","CTC","CTC","CTC","4YR","None","None","None","None","None","None","None","None","None","None","None","None","None","None"
"STU001875","4YR","4YR","None","4YR","4YR","4YR","4YR","4YR","CTC","4YR","CTC","4YR","4YR","4YR","4YR","4YR","None","None","None","None","None","None","None","None","None","None","None","None"
"STU001876","CTC","CTC","CTC","CTC","CTC","CTC","CTC","None","None","None","None","None","None","None","None","None","None","None","None","None","None","None","None","None","None","None","None","None"
"STU001877","4YR","4YR","4YR","4YR","4YR","4YR","4YR","4YR","4YR","4YR","4YR","4YR","4YR","4YR","4YR","None","None","None","None","None","None","None","None","None","None","None","None","None"
"STU001878","None","None","None","CTC","CTC","CTC","4YR","CTC","CTC","None","None","None","None","None","None","None","None","None","None","None","None","None","None","None","None","None","None","None"
"STU001879","4YR","4YR","4YR","4YR","None","4YR","None","None","None","None","None","None","None","None","None","None","None","None","None","None","None","None","None","None","None","None","None","None"
"STU001880","None","None","None","CTC","CTC","CTC","CTC","CTC","CTC","CTC","CTC","CTC","None","None","None","None","None","None","None","None","None","None","None","None","None","None","None","None"
"STU001881","None","None","CTC","CTC","4YR","CTC","CTC","CTC","None","CTC","4YR","CTC","CTC","CTC","4YR","CTC","None","None","None","None","None","None","None","None","None","None","None","None"
"STU001882","None","None","None","CTC","CTC","None","CTC","CTC","CTC","CTC","None","None","None","None","None","None","None","None","None","None","None","None","None","None","None","None","None","None"
"STU001883","4YR","4YR","4YR","4YR","4YR","4YR","4YR","4YR","4YR","4YR","4YR","4YR","4YR","4YR","4YR","4YR","4YR","4YR","CTC","4YR","4YR","4YR","4YR","CTC","4YR","4YR","4YR","None"
"STU001884","4YR","4YR","4YR","4YR","4YR","4YR","4YR","4YR","None","4YR","4YR","4YR","4YR","4YR","4YR","4YR","4YR","4YR","4YR","None","None","None","None","None","None","None","None","None"
"STU001885","None","None","CTC","CTC","CTC","None","None","None","None","None","None","None","None","None","None","None","None","None","None","None","None","None","None","None","None","None","None","None"
"STU001886","CTC","CTC","CTC","CTC","CTC","CTC","None","None","None","None","None","None","None","None","None","None","None","None","None","None","None","None","None","None","None","None","None","None"
"STU001887","4YR","4YR","None","None","4YR","4YR","CTC","4YR","4YR","None","None","None","None","None","None","None","None","None","None","None","None","None","None","None","None","None","None","None"
"STU001888","None","None","None","CTC","CTC","CTC","CTC","CTC","CTC","CTC","CTC","CTC","None","None","None","None","None","None","None","None","None","None","None","None","None","None","None","None"
"STU001889","None","CTC","CTC","CTC","CTC","CTC","CTC","CTC","CTC","None","None","None","None","None","None","None","None","None","None","None","None","None","None","None","None","None","None","None"
"STU001890","None","None","None","None","CTC","4YR","CTC","CTC","None","None","None","None","None","None","None","None","None","None","None","None","None","None","None","None","None","None","None","None"
"STU001891","CTC","CTC","CTC","None","None","None","None","None","None","None","None","None","None","None","None","None","None","None","None","None","None","None","None","None","None","None","None","None"
"STU001892","CTC","CTC","CTC","None","CTC","CTC","CTC","4YR","4YR","4YR","4YR","4YR","4YR","4YR","4YR","4YR","CTC","4YR","4YR","4YR","None","None","None","None","None","None","None","None"
"STU001893","None","None","None","None","None","None","None","None","None","None","None","None","None","None","None","None","None","None","None","None","None","None","None","None","None","None","None","None"
"STU001894","4YR","4YR","4YR","CTC","4YR","4YR","4YR","4YR","4YR","4YR","4YR","4YR","4YR","None","None","None","None","None","None","None","None","None","None","None","None","None","None","None"
"STU001895","CTC","CTC","CTC","4YR","CTC","CTC","4YR","CTC","None","None","None","CTC","CTC","CTC","None","None","None","None","None","None","None","None","None","None","None","None","None","None"
"STU001896","4YR","4YR","4YR","4YR","4YR","4YR","4YR","4YR","4YR","4YR","4YR","4YR","4YR","4YR","4YR","4YR","4YR","4YR","None","None","None","None","None","None","None","None","None","None"
"STU001897","4YR","4YR","4YR","4YR","4YR","4YR","4YR","4YR","4YR","4YR","4YR","4YR","4YR","4YR","4YR","None","4YR","None","4YR","None","None","None","None","None","None","None","None","None"
"STU001898","None","CTC","CTC","CTC","CTC","CTC","CTC","4YR","4YR","4YR","4YR","4YR","4YR","4YR","4YR","4YR","None","None","None","None","None","None","None","None","None","None","None","None"
"STU001899","None","None","None","None","None","None","None","None","None","None","None","None","None","None","None","None","None","None","None","None","None","None","None","None","None","None","None","None"
"STU001900","None","None","None","None","CTC","None","CTC","CTC","CTC","CTC","CTC","None","CTC","None","CTC","CTC","CTC","None","None","None","None","None","None","None","None","None","None","None"
"STU001901","None","None","None","None","None","None","None","None","None","None","None","None","None","None","None","None","None","None","None","None","None","None","None","None","None","None","None","None"
"STU001902","4YR","CTC","4YR","4YR","None","None","None","None","None","None","None","None","None","None","None","None","None","None","None","None","None","None","None","None","None","None","None","None"
"STU001903","CTC","CTC","CTC","None","None","CTC","CTC","CTC","CTC","CTC","CTC","CTC","CTC","CTC","CTC","CTC","CTC","None","None","None","None","None","None","None","None","None","None","None"
"STU001904","4YR","CTC","4YR","4YR","4YR","CTC","4YR","None","None","None","None","None","None","None","None","None","None","None","None","None","None","None","None","None","None","None","None","None"
"STU001905","CTC","CTC","CTC","CTC","CTC","4YR","CTC","4YR","4YR","4YR","4YR","4YR","4YR","4YR","4YR","4YR","4YR","4YR","None","None","None","None","None","None","None","None","None","None"
"STU001906","None","CTC","CTC","CTC","None","None","CTC","CTC","CTC","CTC","CTC","None","None","None","None","None","None","None","None","None","None","None","None","None","None","None","None","None"
"STU001907","None","None","None","CTC","CTC","CTC","CTC","CTC","CTC","CTC","CTC","None","CTC","CTC","CTC","CTC","CTC","CTC","CTC","CTC","None","None","None","None","None","None","None","None"
"STU001908","None","None","None","None","CTC","CTC","CTC","CTC","CTC","CTC","CTC","None","None","None","None","None","None","None","None","None","None","None","None","None","None","None","None","None"
"STU001909","None","None","None","None","None","None","None","None","None","None","None","None","None","None","None","None","None","None","None","None","None","None","None","None","None","None","None","None"
"STU001910","None","None","None","None","CTC","CTC","CTC","CTC","CTC","CTC","CTC","CTC","CTC","None","None","None","None","None","None","None","None","None","None","None","None","None","None","None"
"STU001911","CTC","None","CTC","None","CTC","CTC","None","None","None","None","None","None","None","None","None","None","None","None","None","None","None","None","None","None","None","None","None","None"
"STU001912","CTC","CTC","CTC","CTC","CTC","CTC","CTC","CTC","CTC","CTC","CTC","None","CTC","CTC","CTC","None","None","None","None","None","None","None","None","None","None","None","None","None"
"STU001913","4YR","4YR","4YR","4YR","4YR","4YR","None","None","None","None","None","None","None","None","None","None","None","None","None","None","None","None","None","None","None","None","None","None"
"STU001914","CTC","CTC","CTC","CTC","CTC","CTC","CTC","None","4YR","None","None","4YR","4YR","4YR","4YR","4YR","None","4YR","4YR","4YR","None","None","None","None","None","None","None","None"
"STU001915","4YR","4YR","4YR","4YR","4YR","4YR","4YR","4YR","4YR","4YR","4YR","4YR","4YR","4YR","4YR","None","None","None","None","None","None","None","None","None","None","None","None","None"
"STU001916","None","CTC","CTC","CTC","CTC","4YR","CTC","None","CTC","CTC","None","None","None","None","None","None","None","None","None","None","None","None","None","None","None","None","None","None"
"STU001917","None","None","None","None","4YR","4YR","4YR","4YR","None","None","None","4YR","4YR","4YR","4YR","4YR","4YR","None","None","None","None","None","None","None","None","None","None","None"
"STU001918","None","None","None","CTC","CTC","CTC","CTC","CTC","CTC","None","None","None","None","None","None","None","None","None","None","None","None","None","None","None","None","None","None","None"
"STU001919","4YR","4YR","4YR","4YR","4YR","4YR","4YR","4YR","4YR","4YR","4YR","4YR","4YR","4YR","None","None","None","None","None","None","None","None","None","None","None","None","None","None"
"STU001920","CTC","CTC","CTC","CTC","CTC","None","None","None","CTC","CTC","CTC","CTC","CTC","CTC","None","None","None","None","None","None","None","None","None","None","None","None","None","None"
"STU001921","None","None","None","None","None","None","None","None","None","None","None","None","None","None","None","None","None","None","None","None","None","None","None","None","None","None","None","None"
"STU001922","None","None","None","None","4YR","4YR","CTC","4YR","4YR","None","4YR","None","None","None","None","None","None","None","None","None","None","None","None","None","None","None","None","None"
"STU001923","CTC","CTC","CTC","None","None","None","None","None","None","None","None","None","None","None","None","None","None","None","None","None","None","None","None","None","None","None","None","None"
"STU001924","CTC","CTC","CTC","CTC","None","CTC","None","None","None","None","None","None","None","None","None","None","None","None","None","None","None","None","None","None","None","None","None","None"
"STU001925","None","None","None","None","None","None","None","None","None","None","None","None","None","None","None","None","None","None","None","None","None","None","None","None","None","None","None","None"
"STU001926","CTC","CTC","CTC","CTC","CTC","CTC","CTC","4YR","4YR","4YR","CTC","None","4YR","None","4YR","4YR","4YR","4YR","CTC","4YR","None","None","None","None","None","None","None","None"
"STU001927","None","None","None","CTC","CTC","CTC","CTC","CTC","CTC","CTC","None","None","None","None","None","None","None","None","None","None","None","None","None","None","None","None","None","None"
"STU001928","None","None","None","None","None","None","None","None","None","None","None","None","None","None","None","None","None","None","None","None","None","None","None","None","None","None","None","None"
"STU001929","CTC","None","CTC","CTC","4YR","4YR","None","None","None","None","None","None","None","None","None","None","None","None","None","None","None","None","None","None","None","None","None","None"
"STU001930","None","CTC","CTC","CTC","None","None","None","None","None","None","None","None","None","None","None","None","None","None","None","None","None","None","None","None","None","None","None","None"
"STU001931","4YR","4YR","4YR","4YR","CTC","4YR","4YR","4YR","4YR","4YR","4YR","4YR","4YR","4YR","4YR","None","None","None","None","None","None","None","None","None","None","None","None","None"
"STU001932","None","None","None","CTC","CTC","CTC","CTC","4YR","CTC","CTC","CTC","CTC","None","None","None","None","None","None","None","None","None","None","None","None","None","None","None","None"
"STU001933","4YR","4YR","4YR","4YR","4YR","None","4YR","4YR","4YR","4YR","4YR","4YR","4YR","4YR","4YR","None","CTC","4YR","4YR","4YR","None","None","None","None","None","None","None","None"
"STU001934","None","None","None","None","CTC","None","CTC","CTC","CTC","CTC","CTC","CTC","CTC","CTC","None","None","None","None","None","None","None","None","None","None","None","None","None","None"
"STU001935","4YR","4YR","4YR","4YR","4YR","4YR","4YR","4YR","4YR","4YR","4YR","None","4YR","4YR","4YR","4YR","4YR","4YR","4YR","4YR","4YR","4YR","4YR","4YR","4YR","4YR","None","None"
"STU001936","None","None","None","None","None","4YR","4YR","4YR","None","None","4YR","4YR","4YR","None","None","None","None","None","None","None","None","None","None","None","None","None","None","None"
"STU001937","None","None","None","None","CTC","CTC","CTC","CTC","CTC","CTC","4YR","None","None","CTC","4YR","CTC","CTC","None","None","None","None","None","None","None","None","None","None","None"
"STU001938","None","4YR","4YR","4YR","4YR","4YR","4YR","4YR","4YR","4YR","4YR","4YR","4YR","4YR","None","None","None","None","None","None","None","None","None","None","None","None","None","None"
"STU001939","None","None","None","CTC","CTC","CTC","CTC","CTC","CTC","None","CTC","CTC","CTC","None","None","None","None","None","None","None","None","None","None","None","None","None","None","None"
"STU001940","None","None","None","None","None","None","None","None","None","None","None","None","None","None","None","None","None","None","None","None","None","None","None","None","None","None","None","None"
"STU001941","CTC","CTC","CTC","None","CTC","CTC","None","None","None","None","None","None","None","None","None","None","None","None","None","None","None","None","None","None","None","None","None","None"
"STU001942","None","None","None","None","None","None","None","None","None","None","None","None","None","None","None","None","None","None","None","None","None","None","None","None","None","None","None","None"
"STU001943","4YR","4YR","4YR","4YR","4YR","4YR","4YR","4YR","4YR","4YR","4YR","4YR","CTC","4YR","4YR","4YR","None","None","None","None","None","None","None","None","None","None","None","None"
"STU001944","None","None","CTC","CTC","CTC","CTC","CTC","CTC","None","None","None","None","None","None","None","None","None","None","None","None","None","None","None","None","None","None","None","None"
"STU001945","4YR","4YR","4YR","4YR","4YR","4YR","4YR","4YR","None","4YR","4YR","4YR","4YR","4YR","4YR","None","None","None","None","None","None","None","None","None","None","None","None","None"
"STU001946","CTC","None","CTC","CTC","None","CTC","CTC","CTC","4YR","CTC","CTC","CTC","4YR","CTC","CTC","CTC","CTC","CTC","None","None","None","None","None","None","None","None","None","None"
"STU001947","None","None","None","None","None","None","None","None","None","None","None","None","None","None","None","None","None","None","None","None","None","None","None","None","None","None","None","None"
"STU001948","None","None","None","None","None","None","None","None","None","None","None","None","None","None","None","None","None","None","None","None","None","None","None","None","None","None","None","None"
"STU001949","None","None","None","None","None","None","None","None","None","None","None","None","None","None","None","None","None","None","None","None","None","None","None","None","None","None","None","None"
"STU001950","None","None","None","None","None","None","None","None","None","None","None","None","None","None","None","None","None","None","None","None","None","None","None","None","None","None","None","None"
"STU001951","None","None","None","None","CTC","CTC","None","None","None","None","None","None","None","None","None","None","None","None","None","None","None","None","None","None","None","None","None","None"
"STU001952","CTC","4YR","None","CTC","CTC","CTC","4YR","None","None","None","None","None","None","None","None","None","None","None","None","None","None","None","None","None","None","None","None","None"
"STU001953","CTC","CTC","CTC","CTC","CTC","CTC","CTC","CTC","CTC","None","None","None","None","None","None","None","None","None","None","None","None","None","None","None","None","None","None","None"
"STU001954","None","None","None","None","None","None","None","None","None","None","None","None","None","None","None","None","None","None","None","None","None","None","None","None","None","None","None","None"
"STU001955","4YR","4YR","4YR","4YR","4YR","4YR","4YR","4YR","4YR","4YR","4YR","4YR","4YR","4YR","None","None","None","None","None","None","None","None","None","None","None","None","None","None"
"STU001956","CTC","CTC","CTC","CTC","CTC","CTC","CTC","CTC","4YR","4YR","4YR","4YR","4YR","4YR","4YR","4YR","None","4YR","4YR","None","None","None","None","None","None","None","None","None"
"STU001957","CTC","CTC","CTC","CTC","CTC","CTC","CTC","CTC","4YR","4YR","4YR","4YR","4YR","4YR","4YR","4YR","4YR","4YR","4YR","4YR","None","None","None","None","None","None","None","None"
"STU001958","4YR","4YR","4YR","4YR","4YR","4YR","None","4YR","4YR","4YR","4YR","4YR","4YR","4YR","4YR","4YR","4YR","4YR","4YR","4YR","4YR","4YR","4YR","4YR","4YR","None","None","None"
"STU001959","CTC","CTC","CTC","CTC","CTC","CTC","None","CTC","CTC","CTC","CTC","CTC","4YR","CTC","CTC","CTC","None","None","None","None","None","None","None","None","None","None","None","None"
"STU001960","CTC","CTC","CTC","CTC","CTC","None","None","None","None","None","None","None","None","None","None","None","None","None","None","None","None","None","None","None","None","None","None","None"
"STU001961","None","None","None","None","None","None","None","None","None","None","None","None","None","None","None","None","None","None","None","None","None","None","None","None","None","None","None","None"
"STU001962","4YR","CTC","None","None","None","None","None","None","None","None","None","None","None","None","None","None","None","None","None","None","None","None","None","None","None","None","None","None"
"STU001963","CTC","None","CTC","None","None","None","None","None","None","None","None","None","None","None","None","None","None","None","None","None","None","None","None","None","None","None","None","None"
"STU001964","CTC","CTC","CTC","CTC","CTC","CTC","CTC","4YR","4YR","4YR","4YR","4YR","None","CTC","4YR","4YR","4YR","4YR","4YR","4YR","None","None","None","None","None","None","None","None"
"STU001965","None","None","None","None","None","None","None","None","None","None","None","None","None","None","None","None","None","None","None","None","None","None","None","None","None","None","None","None"
"STU001966","CTC","CTC","CTC","CTC","CTC","4YR","CTC","CTC","CTC","None","None","CTC","4YR","CTC","CTC","None","None","None","None","None","None","None","None","None","None","None","None","None"
"STU001967","None","None","None","None","None","None","None","None","None","None","None","None","None","None","None","None","None","None","None","None","None","None","CTC","None","None","None","None","None"
"STU001968","None","None","None","None","None","None","None","None","None","None","None","None","None","None","None","None","None","None","None","None","None","None","None","None","None","None","None","None"
"STU001969","None","None","CTC","CTC","CTC","CTC","CTC","CTC","CTC","None","None","None","None","None","None","None","None","None","None","None","None","None","None","None","None","None","None","None"
"STU001970","None","None","None","4YR","4YR","4YR","4YR","None","None","None","None","None","None","None","None","None","None","None","None","None","None","None","None","None","None","None","None","None"
"STU001971","4YR","4YR","4YR","4YR","None","4YR","4YR","4YR","None","None","None","None","None","None","None","None","None","None","None","None","None","None","None","None","None","None","None","None"
"STU001972","CTC","CTC","CTC","CTC","CTC","CTC","4YR","4YR","4YR","4YR","4YR","4YR","4YR","4YR","4YR","4YR","None","None","None","None","None","None","None","None","None","None","None","None"
"STU001973","CTC","CTC","CTC","None","None","None","None","None","None","None","None","None","None","None","None","None","None","None","None","None","None","None","None","None","None","None","None","None"
"STU001974","4YR","4YR","4YR","4YR","4YR","None","4YR","4YR","4YR","4YR","4YR","4YR","4YR","4YR","4YR","4YR","4YR","4YR","4YR","None","4YR","CTC","4YR","4YR","CTC","None","None","None"
"STU001975","None","None","CTC","4YR","CTC","CTC","None","None","None","None","None","None","None","None","None","None","None","None","None","None","None","None","None","None","None","None","None","None"
"STU001976","4YR","4YR","4YR","4YR","4YR","4YR","4YR","CTC","4YR","4YR","4YR","4YR","4YR","4YR","4YR","None","None","None","None","None","None","None","None","None","None","None","None","None"
"STU001977","None","4YR","4YR","4YR","CTC","4YR","4YR","4YR","4YR","4YR","4YR","None","None","None","None","None","None","None","None","None","None","None","None","None","None","None","None","None"
"STU001978","None","None","None","CTC","CTC","CTC","None","None","None","CTC","CTC","None","None","None","None","None","None","None","None","None","None","None","None","None","None","None","None","None"
"STU001979","4YR","4YR","4YR","CTC","4YR","4YR","4YR","4YR","4YR","4YR","4YR","4YR","4YR","4YR","4YR","4YR","4YR","4YR","4YR","4YR","4YR","4YR","None","None","None","None","None","None"
"STU001980","None","None","None","None","None","None","None","None","None","None","None","None","None","None","None","None","None","None","None","None","None","None","None","None","None","None","None","None"
"STU001981","None","None","None","None","None","None","None","None","None","None","None","None","None","None","None","None","None","None","None","None","None","None","None","None","None","None","None","None"
"STU001982","None","None","4YR","4YR","4YR","4YR","None","4YR","None","None","None","None","None","None","None","None","None","None","None","None","None","None","None","None","None","None","None","None"
"STU001983","CTC","4YR","CTC","CTC","CTC","CTC","CTC","None","CTC","CTC","None","4YR","CTC","CTC","CTC","CTC","CTC","4YR","CTC","CTC","None","None","None","None","None","None","None","None"
"STU001984","None","None","None","None","CTC","CTC","CTC","None","CTC","CTC","CTC","None","None","None","None","None","None","None","None","None","None","None","None","None","None","None","None","None"
"STU001985","CTC","CTC","CTC","CTC","CTC","CTC","4YR","CTC","None","None","None","None","None","None","None","None","None","None","None","None","None","None","None","None","None","None","None","None"
"STU001986","None","None","None","None","None","None","None","None","None","None","None","None","None","None","None","None","None","None","None","None","None","None","None","None","None","None","None","None"
"STU001987","None","None","None","None","None","None","None","None","None","None","None","None","None","None","None","None","None","None","None","None","None","None","None","None","None","None","None","None"
"STU001988","None","None","None","None","CTC","CTC","None","None","CTC","CTC","CTC","CTC","CTC","None","None","None","None","None","None","None","None","None","None","None","None","None","None","None"
"STU001989","CTC","CTC","CTC","CTC","CTC","CTC","4YR","CTC","CTC","None","None","None","None","None","None","None","None","None","None","None","None","None","None","None","None","None","None","None"
"STU001990","CTC","CTC","CTC","CTC","CTC","CTC","4YR","4YR","4YR","4YR","4YR","4YR","4YR","4YR","4YR","4YR","4YR","None","None","None","None","None","None","None","None","None","None","None"
"STU001991","CTC","CTC","CTC","CTC","CTC","CTC","CTC","4YR","4YR","4YR","4YR","4YR","4YR","CTC","4YR","4YR","4YR","4YR","None","None","None","None","None","None","None","None","None","None"
"STU001992","None","None","None","None","None","None","None","None","None","None","None","None","None","None","None","None","None","None","None","None","None","None","None","None","None","None","None","None"
"STU001993","None","None","None","None","None","None","None","None","None","None","None","None","None","None","None","None","None","None","None","None","None","None","None","None","None","None","None","None"
"STU001994","None","None","None","None","CTC","CTC","CTC","CTC","CTC","CTC","None","None","CTC","CTC","CTC","CTC","None","CTC","CTC","CTC","None","None","None","None","None","None","None","None"
"STU001995","CTC","CTC","CTC","CTC","CTC","CTC","CTC","CTC","CTC","CTC","CTC","CTC","CTC","CTC","CTC","CTC","CTC","CTC","CTC","None","None","None","None","None","None","None","None","None"
"STU001996","None","None","None","None","None","None","None","None","None","None","None","None","None","None","None","None","None","None","None","None","None","None","None","None","None","None","None","None"
"STU001997","None","None","CTC","CTC","CTC","CTC","CTC","CTC","CTC","None","None","CTC","CTC","CTC","CTC","None","None","None","None","None","None","None","None","None","None","None","None","None"
"STU001998","None","CTC","None","CTC","CTC","CTC","CTC","CTC","None","None","CTC","CTC","CTC","CTC","None","None","None","None","None","None","None","None","None","None","None","None","None","None"
"STU001999","CTC","CTC","CTC","CTC","CTC","CTC","CTC","CTC","4YR","4YR","4YR","4YR","4YR","None","4YR","CTC","4YR","None","None","None","None","None","None","None","None","None","None","None"
"STU002000","CTC","CTC","CTC","CTC","CTC","CTC","None","CTC","CTC","CTC","None","None","None","None","None","None","None","None","None","None","None","None","None","None","None","None","None","None"
"STU002001","4YR","4YR","4YR","4YR","4YR","4YR","4YR","4YR","4YR","None","4YR","4YR","4YR","4YR","None","None","None","None","None","None","None","None","None","None","None","None","None","None"
"STU002002","4YR","4YR","4YR","4YR","4YR","4YR","4YR","4YR","4YR","4YR","4YR","4YR","4YR","4YR","4YR","None","None","None","None","None","None","None","None","None","None","None","None","None"
"STU002003","CTC","None","None","None","None","None","None","None","None","None","None","None","None","None","None","None","None","None","None","None","None","None","None","None","None","None","None","None"
"STU002004","4YR","4YR","4YR","4YR","4YR","4YR","4YR","None","4YR","4YR","4YR","4YR","4YR","4YR","4YR","4YR","None","None","None","None","None","None","None","None","None","None","None","None"
"STU002005","CTC","4YR","4YR","4YR","4YR","CTC","4YR","4YR","None","None","None","None","None","None","None","None","None","None","None","None","None","None","None","None","None","None","None","None"
"STU002006","CTC","4YR","None","4YR","4YR","4YR","4YR","4YR","4YR","4YR","4YR","4YR","4YR","4YR","4YR","4YR","4YR","4YR","4YR","4YR","4YR","4YR","4YR","4YR","None","None","None","None"
"STU002007","None","None","None","CTC","CTC","CTC","None","None","None","None","None","None","None","None","None","None","None","None","None","None","None","None","None","None","None","None","None","None"
"STU002008","4YR","CTC","CTC","CTC","None","CTC","CTC","CTC","CTC","CTC","CTC","CTC","CTC","CTC","CTC","CTC","None","None","None","None","None","None","None","None","None","None","None","None"
"STU002009","None","None","CTC","CTC","4YR","CTC","CTC","CTC","CTC","None","None","None","None","None","None","None","None","None","None","None","None","None","None","None","None","None","None","None"
"STU002010","CTC","CTC","CTC","CTC","CTC","CTC","CTC","CTC","None","None","None","None","None","None","None","None","None","None","None","None","None","None","None","None","None","None","None","None"
"STU002011","CTC","CTC","CTC","CTC","None","CTC","CTC","CTC","None","None","None","None","None","None","None","None","None","None","None","None","None","None","None","None","None","None","None","None"
"STU002012","None","None","None","4YR","4YR","None","None","None","None","None","None","None","None","None","None","None","None","None","None","None","None","None","None","None","None","None","None","None"
"STU002013","None","CTC","4YR","CTC","CTC","CTC","None","CTC","None","CTC","CTC","CTC","CTC","None","None","None","None","None","None","None","None","None","None","None","None","None","None","None"
"STU002014","CTC","None","CTC","None","None","None","None","None","None","None","None","None","None","None","None","None","None","None","None","None","None","None","None","None","None","None","None","None"
"STU002015","None","None","None","CTC","CTC","CTC","CTC","CTC","CTC","CTC","CTC","CTC","None","None","None","None","None","None","None","None","None","None","None","None","None","None","None","None"
"STU002016","None","None","4YR","4YR","None","None","4YR","None","4YR","4YR","None","None","None","None","None","None","None","None","None","None","None","None","None","None","None","None","None","None"
"STU002017","4YR","4YR","4YR","4YR","4YR","4YR","4YR","4YR","4YR","4YR","4YR","CTC","4YR","4YR","4YR","4YR","None","None","None","None","None","None","None","None","None","None","None","None"
"STU002018","None","None","None","CTC","CTC","None","None","None","None","None","None","None","None","None","None","None","None","None","None","None","None","None","None","None","None","None","None","None"
"STU002019","None","None","None","None","None","None","None","None","None","None","None","None","None","None","None","None","None","None","None","None","None","None","None","None","None","None","None","None"
"STU002020","CTC","CTC","None","CTC","CTC","CTC","CTC","None","CTC","CTC","CTC","CTC","None","None","None","None","None","None","None","None","None","None","None","None","None","None","None","None"
"STU002021","None","None","None","None","None","None","None","None","None","None","None","None","None","None","None","None","None","None","None","None","None","None","None","None","None","None","None","None"
"STU002022","None","None","None","None","None","None","None","None","None","None","None","None","None","None","None","None","None","None","None","None","None","None","None","None","None","None","None","None"
"STU002023","4YR","4YR","4YR","None","4YR","4YR","CTC","4YR","4YR","4YR","None","None","None","None","None","None","None","None","None","None","None","None","None","None","None","None","None","None"
"STU002024","None","None","None","None","None","None","None","None","None","None","None","None","None","None","None","None","None","None","None","None","None","None","None","None","None","None","None","None"
"STU002025","CTC","CTC","CTC","CTC","None","CTC","4YR","None","None","None","None","None","None","None","None","None","None","None","None","None","None","None","None","None","None","None","None","None"
"STU002026","None","None","CTC","None","CTC","CTC","CTC","CTC","CTC","CTC","CTC","CTC","None","None","None","None","None","None","None","None","None","None","None","None","None","None","None","None"
"STU002027","4YR","4YR","4YR","4YR","4YR","4YR","4YR","4YR","4YR","4YR","4YR","4YR","4YR","4YR","4YR","4YR","None","None","None","None","None","None","None","None","None","None","None","None"
"STU002028","None","None","CTC","4YR","None","None","None","None","None","None","None","None","None","None","None","None","None","None","None","None","None","None","None","None","None","None","None","None"
"STU002029","None","None","CTC","None","None","CTC","CTC","CTC","None","None","None","None","None","None","None","None","None","None","None","None","None","None","None","None","None","None","None","None"
"STU002030","None","None","None","None","None","None","None","None","None","None","None","None","None","None","None","None","None","None","None","None","None","None","None","None","None","None","None","None"
"STU002031","4YR","4YR","4YR","None","None","4YR","4YR","4YR","4YR","None","None","None","None","None","None","None","None","None","None","None","None","None","None","None","None","None","None","None"
"STU002032","CTC","CTC","CTC","CTC","CTC","CTC","CTC","CTC","4YR","4YR","4YR","4YR","4YR","4YR","4YR","4YR","4YR","4YR","4YR","4YR","4YR","None","None","None","None","None","None","None"
"STU002033","None","None","None","None","None","None","None","None","None","None","None","None","None","None","None","None","None","None","None","None","None","None","None","None","None","None","None","None"
"STU002034","CTC","CTC","CTC","CTC","CTC","CTC","CTC","None","None","CTC","CTC","CTC","CTC","CTC","CTC","None","None","None","None","None","None","None","None","None","None","None","None","None"
"STU002035","4YR","4YR","4YR","4YR","4YR","None","4YR","4YR","4YR","4YR","4YR","4YR","4YR","4YR","None","None","None","None","None","None","None","None","None","None","None","None","None","None"
"STU002036","None","None","None","None","None","None","None","None","None","None","None","None","None","None","None","None","None","None","None","None","None","None","None","None","None","None","None","None"
"STU002037","CTC","CTC","CTC","None","CTC","CTC","CTC","CTC","None","None","None","None","None","None","None","None","None","None","None","None","None","None","None","None","None","None","None","None"
"STU002038","None","None","CTC","4YR","CTC","CTC","CTC","CTC","None","None","None","None","None","None","None","None","None","None","None","None","None","None","None","None","None","None","None","None"
"STU002039","None","None","4YR","4YR","4YR","None","None","None","None","None","None","None","None","None","None","None","None","None","None","None","None","None","None","None","None","None","None","None"
"STU002040","4YR","4YR","4YR","4YR","4YR","4YR","4YR","4YR","4YR","4YR","4YR","4YR","4YR","4YR","4YR","None","None","None","None","None","None","None","None","None","None","None","None","None"
"STU002041","CTC","CTC","CTC","None","None","None","None","None","None","None","None","None","None","None","None","None","None","None","None","None","None","None","None","None","None","None","None","None"
"STU002042","None","CTC","CTC","4YR","CTC","CTC","CTC","CTC","CTC","CTC","CTC","None","None","None","None","None","None","None","None","None","None","None","None","None","None","None","None","None"
"STU002043","None","4YR","4YR","4YR","4YR","4YR","None","None","None","None","None","None","None","None","None","None","None","None","None","None","None","None","None","None","None","None","None","None"
"STU002044","None","CTC","CTC","4YR","None","None","None","None","None","CTC","CTC","CTC","CTC","None","None","None","None","None","None","None","None","None","None","None","None","None","None","None"
"STU002045","CTC","None","None","None","None","None","None","None","None","None","None","None","None","None","None","None","None","None","None","None","None","None","None","None","None","None","None","None"
"STU002046","None","None","None","CTC","None","CTC","4YR","CTC","CTC","CTC","4YR","CTC","CTC","None","None","CTC","CTC","CTC","CTC","None","None","None","None","None","None","None","None","None"
"STU002047","CTC","CTC","CTC","CTC","CTC","CTC","None","None","None","None","None","None","None","None","None","None","None","None","None","None","None","None","None","None","None","None","None","None"
"STU002048","4YR","4YR","4YR","4YR","None","4YR","4YR","4YR","4YR","None","4YR","4YR","4YR","4YR","4YR","None","None","None","None","None","None","None","None","None","None","None","None","None"
"STU002049","CTC","CTC","CTC","CTC","CTC","CTC","CTC","CTC","CTC","None","None","None","None","None","None","None","None","None","None","None","None","None","None","None","None","None","None","None"
"STU002050","CTC","CTC","CTC","CTC","CTC","CTC","None","None","None","None","None","None","None","None","None","None","None","None","None","None","None","None","None","None","None","None","None","None"
"STU002051","CTC","CTC","CTC","CTC","CTC","None","None","None","None","None","None","None","None","None","None","None","None","None","None","None","None","None","None","None","None","None","None","None"
"STU002052","None","CTC","CTC","None","CTC","CTC","CTC","CTC","4YR","4YR","4YR","4YR","4YR","4YR","4YR","None","4YR","4YR","CTC","CTC","None","None","None","None","None","None","None","None"
"STU002053","None","None","None","None","None","None","None","None","None","None","None","None","None","None","None","None","None","None","None","None","None","None","None","None","None","None","None","None"
"STU002054","None","None","None","None","None","None","None","None","None","None","None","None","None","None","None","None","None","None","None","None","None","None","None","None","None","None","None","None"
"STU002055","None","None","None","None","None","None","None","None","None","None","None","None","None","None","None","None","None","None","None","None","None","None","None","None","None","None","None","None"
"STU002056","CTC","CTC","CTC","CTC","4YR","None","None","None","None","None","None","None","None","None","None","None","None","None","None","None","None","None","None","None","None","None","None","None"
"STU002057","None","None","CTC","CTC","CTC","CTC","None","None","None","None","None","None","None","None","None","None","None","None","None","None","None","None","None","None","None","None","None","None"
"STU002058","None","None","None","None","None","None","None","None","None","None","None","None","None","None","None","None","None","None","None","None","None","None","None","None","None","None","None","None"
"STU002059","4YR","4YR","None","4YR","4YR","4YR","4YR","4YR","4YR","4YR","4YR","4YR","4YR","4YR","4YR","4YR","4YR","None","4YR","4YR","4YR","None","None","None","None","None","None","None"
"STU002060","4YR","4YR","None","4YR","4YR","4YR","4YR","4YR","4YR","4YR","None","4YR","4YR","4YR","None","None","None","None","None","None","None","None","None","None","None","None","None","None"
"STU002061","None","None","None","None","CTC","CTC","None","None","None","None","None","None","None","None","None","None","None","None","None","None","None","None","None","None","None","None","None","None"
"STU002062","None","CTC","CTC","CTC","CTC","CTC","CTC","CTC","None","None","None","None","None","None","None","None","None","None","None","None","None","None","None","None","None","None","None","None"
"STU002063","None","CTC","CTC","CTC","CTC","None","None","None","None","None","None","None","None","None","None","None","None","None","None","None","None","None","None","None","None","None","None","None"
"STU002064","4YR","4YR","4YR","4YR","4YR","4YR","4YR","4YR","4YR","4YR","CTC","4YR","4YR","None","4YR","4YR","4YR","4YR","4YR","4YR","4YR","4YR","4YR","4YR","4YR","4YR","4YR","4YR"
"STU002065","CTC","CTC","CTC","CTC","CTC","CTC","CTC","CTC","CTC","CTC","None","None","None","None","None","None","None","None","None","None","None","None","None","None","None","None","None","None"
"STU002066","4YR","None","4YR","4YR","4YR","4YR","4YR","4YR","None","None","None","None","None","None","None","None","None","None","None","None","None","None","None","None","None","None","None","None"
"STU002067","4YR","4YR","4YR","4YR","4YR","4YR","4YR","None","None","None","None","None","None","None","None","None","None","None","None","None","None","None","None","None","None","None","None","None"
"STU002068","4YR","CTC","4YR","4YR","4YR","4YR","4YR","4YR","4YR","4YR","4YR","4YR","4YR","4YR","4YR","4YR","4YR","4YR","4YR","4YR","4YR","4YR","None","4YR","None","None","None","None"
"STU002069","None","CTC","CTC","CTC","CTC","CTC","CTC","CTC","CTC","CTC","None","None","None","None","None","None","None","None","None","None","None","None","None","None","None","None","None","None"
"STU002070","4YR","4YR","4YR","4YR","4YR","4YR","4YR","4YR","4YR","4YR","None","4YR","4YR","4YR","None","None","None","None","None","None","None","None","None","None","None","None","None","None"
"STU002071","CTC","CTC","CTC","CTC","CTC","CTC","None","CTC","None","None","None","None","None","None","None","None","None","None","None","None","None","None","None","None","None","None","None","None"
"STU002072","None","CTC","CTC","CTC","CTC","CTC","None","None","None","None","None","None","None","None","None","None","None","None","None","None","None","None","None","None","None","None","None","None"
"STU002073","CTC","CTC","CTC","CTC","None","None","None","None","None","None","None","None","None","None","None","None","None","None","None","None","None","None","None","None","None","None","None","None"
"STU002074","4YR","4YR","4YR","4YR","4YR","4YR","4YR","4YR","4YR","4YR","4YR","4YR","4YR","4YR","4YR","4YR","4YR","4YR","4YR","4YR","4YR","4YR","4YR","4YR","4YR","None","None","None"
"STU002075","CTC","CTC","CTC","CTC","CTC","CTC","CTC","CTC","CTC","CTC","CTC","CTC","None","None","None","None","None","None","None","None","None","None","None","None","None","None","None","None"
"STU002076","None","None","4YR","4YR","CTC","4YR","CTC","4YR","4YR","4YR","4YR","4YR","4YR","4YR","None","None","None","None","None","None","None","None","None","None","None","None","None","None"
"STU002077","CTC","CTC","CTC","CTC","CTC","4YR","4YR","None","4YR","4YR","CTC","4YR","4YR","4YR","4YR","4YR","4YR","4YR","4YR","None","None","None","None","None","None","None","None","None"
"STU002078","4YR","4YR","None","4YR","4YR","4YR","4YR","4YR","4YR","4YR","4YR","4YR","4YR","4YR","4YR","4YR","4YR","4YR","4YR","4YR","4YR","4YR","None","None","None","None","None","None"
"STU002079","CTC","CTC","CTC","CTC","CTC","CTC","None","None","4YR","4YR","4YR","4YR","4YR","4YR","4YR","None","4YR","None","None","None","None","None","None","None","None","None","None","None"
"STU002080","None","None","None","None","CTC","CTC","CTC","None","CTC","CTC","CTC","None","CTC","CTC","None","None","None","None","None","None","None","None","None","None","None","None","None","None"
"STU002081","4YR","None","4YR","4YR","4YR","4YR","4YR","4YR","4YR","4YR","4YR","4YR","4YR","4YR","4YR","4YR","4YR","4YR","4YR","4YR","4YR","4YR","4YR","4YR","4YR","None","None","None"
"STU002082","None","None","None","None","CTC","None","None","None","CTC","CTC","CTC","CTC","None","None","None","None","None","None","None","None","None","None","None","None","None","None","None","None"
"STU002083","CTC","CTC","CTC","CTC","CTC","CTC","CTC","CTC","None","None","None","None","None","None","None","None","None","None","None","None","None","None","None","None","None","None","None","None"
"STU002084","None","None","None","None","None","None","None","None","None","None","None","None","None","None","None","None","None","None","None","None","None","None","None","None","None","None","None","None"
"STU002085","None","None","None","None","None","None","None","None","None","None","None","None","None","None","None","None","None","None","None","None","None","None","None","None","None","None","None","None"
"STU002086","CTC","CTC","CTC","CTC","CTC","CTC","4YR","4YR","4YR","4YR","4YR","None","4YR","4YR","4YR","4YR","4YR","None","None","None","None","None","None","None","None","None","None","None"
"STU002087","CTC","CTC","CTC","CTC","CTC","CTC","CTC","4YR","CTC","CTC","CTC","CTC","CTC","None","None","None","None","None","None","None","None","None","None","None","None","None","None","None"
"STU002088","None","None","None","None","None","None","None","None","None","None","None","None","None","None","None","None","None","None","None","None","None","None","None","None","None","None","None","None"
"STU002089","None","None","None","None","None","None","None","None","None","None","None","None","None","None","None","None","None","None","None","None","None","None","None","None","None","None","None","None"
"STU002090","None","CTC","CTC","None","CTC","CTC","CTC","CTC","4YR","4YR","4YR","4YR","4YR","4YR","4YR","4YR","CTC","4YR","4YR","4YR","None","None","None","None","None","None","None","None"
"STU002091","None","None","None","None","CTC","CTC","CTC","CTC","CTC","None","None","None","None","None","None","None","None","None","None","None","None","None","None","None","None","None","None","None"
"STU002092","None","None","None","None","4YR","4YR","4YR","None","None","None","None","None","None","None","None","None","None","None","None","None","None","None","None","None","None","None","None","None"
"STU002093","CTC","CTC","CTC","CTC","CTC","4YR","CTC","CTC","CTC","CTC","CTC","CTC","None","None","None","None","None","None","None","None","None","None","None","None","None","None","None","None"
"STU002094","CTC","4YR","4YR","4YR","4YR","4YR","4YR","4YR","None","None","None","None","None","None","None","None","None","None","None","None","None","None","None","None","None","None","None","None"
"STU002095","None","4YR","4YR","4YR","4YR","None","4YR","4YR","4YR","4YR","4YR","4YR","4YR","4YR","4YR","4YR","4YR","4YR","4YR","4YR","4YR","4YR","4YR","4YR","4YR","4YR","4YR","4YR"
"STU002096","None","CTC","CTC","CTC","CTC","CTC","CTC","4YR","CTC","None","None","CTC","CTC","CTC","None","CTC","None","None","None","None","None","None","None","None","None","None","None","None"
"STU002097","None","None","None","None","None","None","None","None","None","None","None","None","None","None","None","None","None","None","None","None","None","None","None","None","None","None","None","None"
"STU002098","4YR","4YR","4YR","4YR","CTC","4YR","4YR","4YR","4YR","CTC","4YR","4YR","None","4YR","4YR","None","None","None","None","None","None","None","None","None","None","None","None","None"
"STU002099","None","None","None","None","None","None","None","None","None","None","None","None","None","None","None","None","None","None","None","None","None","None","None","None","None","None","None","None"
"STU002100","None","CTC","CTC","CTC","CTC","CTC","CTC","CTC","None","None","CTC","CTC","CTC","CTC","CTC","None","None","None","None","None","None","None","None","None","None","None","None","None"
"STU002101","4YR","4YR","4YR","CTC","4YR","4YR","4YR","4YR","4YR","4YR","4YR","4YR","4YR","CTC","4YR","None","None","None","None","None","None","None","None","None","None","None","None","None"
"STU002102","CTC","CTC","CTC","CTC","CTC","CTC","None","None","None","None","None","None","None","None","None","None","None","None","None","None","None","None","None","None","None","None","None","None"
"STU002103","None","None","None","CTC","CTC","None","None","None","None","None","None","None","None","None","None","None","None","None","None","None","None","None","None","None","None","None","None","None"
"STU002104","CTC","CTC","CTC","None","None","CTC","CTC","CTC","None","None","None","None","None","None","None","None","None","None","None","None","None","None","None","None","None","None","None","None"
"STU002105","4YR","CTC","CTC","CTC","CTC","CTC","4YR","4YR","4YR","4YR","None","4YR","4YR","4YR","4YR","4YR","4YR","4YR","4YR","None","None","None","None","None","None","None","None","None"
"STU002106","4YR","4YR","4YR","4YR","4YR","4YR","4YR","4YR","CTC","4YR","None","None","None","None","None","None","None","None","None","None","None","None","None","None","None","None","None","None"
"STU002107","None","None","None","None","None","None","None","None","None","None","None","None","None","None","None","None","None","None","None","None","None","None","None","None","None","None","None","None"
"STU002108","4YR","4YR","None","4YR","4YR","4YR","4YR","4YR","4YR","4YR","4YR","4YR","4YR","None","4YR","4YR","None","None","None","None","None","None","None","None","None","None","None","None"
"STU002109","None","None","None","None","CTC","CTC","CTC","CTC","CTC","CTC","CTC","CTC","CTC","None","None","None","None","None","None","None","None","None","None","None","None","None","None","None"
"STU002110","None","None","None","None","None","None","None","None","None","None","None","None","None","None","None","None","None","None","None","None","None","None","None","None","None","None","None","None"
"STU002111","CTC","CTC","CTC","CTC","CTC","CTC","CTC","CTC","CTC","CTC","None","CTC","CTC","CTC","None","None","None","None","None","None","None","None","None","None","None","None","None","None"
"STU002112","None","None","None","None","4YR","4YR","CTC","4YR","4YR","CTC","4YR","None","None","None","None","None","None","None","None","None","None","None","None","None","None","None","None","None"
"STU002113","CTC","CTC","None","CTC","CTC","CTC","None","None","None","None","None","None","None","None","None","None","None","None","None","None","None","None","None","None","None","None","None","None"
"STU002114","4YR","4YR","4YR","4YR","4YR","4YR","4YR","4YR","4YR","4YR","4YR","4YR","None","4YR","4YR","4YR","4YR","4YR","None","None","None","None","None","None","None","None","None","None"
"STU002115","None","CTC","CTC","None","CTC","CTC","CTC","CTC","CTC","CTC","None","None","None","None","None","None","None","None","None","None","None","None","None","None","None","None","None","None"
"STU002116","CTC","CTC","CTC","CTC","CTC","CTC","CTC","CTC","4YR","None","4YR","4YR","4YR","4YR","4YR","4YR","4YR","4YR","4YR","4YR","None","None","None","None","None","None","None","None"
"STU002117","None","None","None","CTC","CTC","CTC","CTC","CTC","CTC","None","None","None","CTC","CTC","CTC","CTC","None","None","None","None","None","None","None","None","None","None","None","None"
"STU002118","None","None","None","None","None","None","None","None","None","None","None","None","None","None","None","None","None","None","None","None","None","None","None","None","None","None","None","None"
"STU002119","CTC","CTC","CTC","CTC","CTC","CTC","CTC","CTC","CTC","CTC","CTC","CTC","CTC","CTC","CTC","CTC","CTC","CTC","CTC","CTC","None","None","None","None","None","None","None","None"
"STU002120","None","None","None","4YR","4YR","4YR","4YR","None","4YR","None","None","None","None","None","None","None","None","None","None","None","None","None","None","None","None","None","None","None"
"STU002121","None","None","4YR","4YR","4YR","4YR","4YR","None","4YR","4YR","4YR","4YR","None","None","None","None","None","None","None","None","None","None","None","None","None","None","None","None"
"STU002122","CTC","CTC","CTC","CTC","CTC","CTC","CTC","None","None","None","None","None","None","None","None","None","None","None","None","None","None","None","None","None","None","None","None","None"
"STU002123","None","None","None","None","None","None","None","None","None","None","None","None","None","None","None","None","None","None","None","None","None","None","None","None","None","None","None","None"
"STU002124","None","None","None","None","CTC","CTC","CTC","CTC","None","None","None","None","None","None","None","None","None","None","None","None","None","None","None","None","None","None","None","None"
"STU002125","None","None","None","None","None","CTC","CTC","CTC","CTC","None","None","None","None","None","None","None","None","None","None","None","None","None","None","None","None","None","None","None"
"STU002126","CTC","CTC","CTC","CTC","CTC","CTC","None","None","None","None","None","None","None","None","None","None","None","None","None","None","None","None","None","None","None","None","None","None"
"STU002127","None","None","None","None","CTC","CTC","CTC","None","None","None","None","None","None","None","None","None","None","None","None","None","None","None","None","None","None","None","None","None"
"STU002128","None","None","None","None","None","None","None","None","None","None","None","None","None","None","None","None","None","None","None","None","None","None","None","None","None","None","None","None"
"STU002129","None","None","None","None","None","None","None","None","None","None","None","None","None","None","None","None","None","None","None","None","None","None","None","None","None","None","None","None"
"STU002130","CTC","CTC","CTC","CTC","None","None","None","None","None","None","None","None","None","None","None","None","None","None","None","None","None","None","None","None","None","None","None","None"
"STU002131","None","None","None","None","None","None","None","None","None","None","None","None","None","None","None","None","None","None","None","None","None","None","None","None","None","None","None","None"
"STU002132","None","None","CTC","None","None","None","None","None","None","None","None","None","None","None","None","None","None","None","None","None","None","None","None","None","None","None","None","None"
"STU002133","None","None","None","None","None","None","None","None","None","None","None","None","None","None","None","None","None","None","None","None","None","None","None","None","None","None","None","None"
"STU002134","None","None","None","None","None","None","None","None","None","None","None","None","None","None","None","None","None","None","None","None","None","None","None","None","None","None","None","None"
"STU002135","4YR","4YR","4YR","None","4YR","4YR","4YR","4YR","4YR","4YR","4YR","4YR","4YR","4YR","4YR","None","None","None","None","None","None","None","None","None","None","None","None","None"
"STU002136","None","None","None","CTC","CTC","None","CTC","None","CTC","CTC","CTC","CTC","CTC","CTC","None","None","None","None","None","None","None","None","None","None","None","None","None","None"
"STU002137","None","None","None","None","None","None","None","None","None","None","None","None","None","None","None","None","None","None","None","None","None","None","None","None","None","None","None","None"
"STU002138","CTC","4YR","CTC","CTC","None","None","None","None","None","None","None","None","None","None","None","None","None","None","None","None","None","None","None","None","None","None","None","None"
"STU002139","4YR","4YR","4YR","4YR","4YR","4YR","4YR","4YR","4YR","4YR","CTC","4YR","4YR","4YR","None","None","None","None","None","None","None","None","None","None","None","None","None","None"
"STU002140","None","CTC","CTC","CTC","CTC","CTC","None","None","None","None","None","None","None","None","None","None","None","None","None","None","None","None","None","None","None","None","None","None"
"STU002141","None","4YR","4YR","4YR","4YR","None","4YR","4YR","4YR","4YR","4YR","4YR","CTC","4YR","None","4YR","4YR","4YR","4YR","None","4YR","4YR","4YR","None","4YR","4YR","None","None"
"STU002142","CTC","CTC","CTC","None","CTC","CTC","CTC","CTC","CTC","None","CTC","CTC","CTC","CTC","None","CTC","CTC","None","None","None","None","None","None","None","None","None","None","None"
"STU002143","4YR","4YR","4YR","4YR","4YR","4YR","4YR","4YR","4YR","4YR","None","4YR","4YR","None","CTC","None","None","None","None","None","None","None","None","None","None","None","None","None"
"STU002144","CTC","CTC","CTC","CTC","CTC","None","CTC","CTC","4YR","4YR","4YR","4YR","4YR","4YR","4YR","4YR","4YR","4YR","4YR","4YR","4YR","None","None","None","None","None","None","None"
"STU002145","None","None","CTC","CTC","CTC","CTC","CTC","CTC","None","None","None","None","None","None","None","None","None","None","None","None","None","None","None","None","None","None","None","None"
"STU002146","CTC","CTC","CTC","CTC","CTC","CTC","None","None","None","None","None","None","None","None","None","None","None","None","None","None","None","None","None","None","None","None","None","None"
"STU002147","CTC","CTC","CTC","CTC","CTC","CTC","None","CTC","CTC","CTC","None","None","None","None","None","None","None","None","None","None","None","None","None","None","None","None","None","None"
"STU002148","None","CTC","CTC","CTC","CTC","CTC","CTC","CTC","CTC","None","None","None","None","None","None","None","None","None","None","None","None","None","None","None","None","None","None","None"
"STU002149","CTC","None","4YR","CTC","CTC","CTC","CTC","CTC","None","None","None","None","None","None","None","None","None","None","None","None","None","None","None","None","None","None","None","None"
"STU002150","None","None","None","4YR","4YR","None","4YR","4YR","4YR","4YR","4YR","None","None","None","None","None","None","None","None","None","None","None","None","None","None","None","None","None"
"STU002151","CTC","CTC","CTC","4YR","CTC","CTC","None","None","None","None","None","None","None","None","None","None","None","None","None","None","None","None","None","None","None","None","None","None"
"STU002152","4YR","CTC","CTC","CTC","CTC","CTC","None","None","None","None","None","None","None","None","None","None","None","None","None","None","None","None","None","None","None","None","None","None"
"STU002153","CTC","CTC","CTC","CTC","None","CTC","CTC","CTC","CTC","CTC","CTC","CTC","CTC","None","None","None","None","None","None","None","None","None","None","None","None","None","None","None"
"STU002154","CTC","CTC","CTC","CTC","CTC","CTC","CTC","None","None","None","None","None","None","None","None","None","None","None","None","None","None","None","None","None","None","None","None","None"
"STU002155","CTC","CTC","CTC","CTC","CTC","CTC","4YR","4YR","4YR","4YR","4YR","4YR","4YR","4YR","4YR","4YR","4YR","None","None","None","None","None","None","None","None","None","None","None"
"STU002156","4YR","None","4YR","CTC","4YR","4YR","4YR","4YR","4YR","4YR","4YR","4YR","4YR","4YR","4YR","4YR","4YR","4YR","4YR","4YR","4YR","None","None","None","None","None","None","None"
"STU002157","None","CTC","None","None","None","None","None","None","None","None","None","None","None","None","None","None","None","None","None","None","None","None","None","None","None","None","None","None"
"STU002158","CTC","CTC","CTC","CTC","CTC","CTC","None","None","None","None","None","None","None","None","None","None","None","None","None","None","None","None","None","None","None","None","None","None"
"STU002159","None","None","None","None","None","None","None","None","None","None","None","None","None","None","None","None","None","None","None","None","CTC","None","None","None","None","None","None","None"
"STU002160","None","None","None","None","None","None","None","None","None","None","None","None","None","None","None","None","None","None","None","None","None","None","None","None","None","None","None","None"
"STU002161","None","None","None","None","None","None","None","None","None","None","None","None","None","None","None","None","None","None","None","None","None","None","None","None","None","None","None","None"
"STU002162","None","4YR","4YR","4YR","4YR","4YR","4YR","4YR","None","None","None","None","None","None","None","None","None","None","None","None","None","None","None","None","None","None","None","None"
"STU002163","None","CTC","CTC","4YR","None","None","None","None","None","None","None","None","None","None","None","None","None","None","None","None","None","None","None","None","None","None","None","None"
"STU002164","None","CTC","CTC","CTC","CTC","CTC","None","4YR","CTC","CTC","CTC","None","None","None","None","None","None","None","None","None","None","None","None","None","None","None","None","None"
"STU002165","CTC","CTC","CTC","CTC","CTC","CTC","None","None","None","None","None","None","None","None","None","None","None","None","None","None","None","None","None","None","None","None","None","None"
"STU002166","None","None","None","None","None","None","None","None","None","None","None","None","None","None","None","None","None","None","None","None","None","None","None","None","None","None","None","None"
"STU002167","4YR","4YR","4YR","4YR","None","4YR","4YR","4YR","4YR","4YR","4YR","4YR","4YR","4YR","4YR","None","None","None","None","None","None","None","None","None","None","None","None","None"
"STU002168","None","None","None","None","None","None","None","None","None","None","None","None","None","None","None","None","None","None","None","None","None","None","None","None","None","None","None","None"
"STU002169","CTC","CTC","CTC","CTC","CTC","CTC","CTC","CTC","CTC","None","CTC","CTC","CTC","CTC","None","CTC","None","None","None","None","None","None","None","None","None","None","None","None"
"STU002170","None","None","CTC","None","None","None","None","None","None","None","None","None","None","None","None","None","None","None","None","None","None","None","None","None","None","None","None","None"
"STU002171","None","None","None","None","CTC","None","None","None","None","CTC","CTC","None","None","None","None","None","None","None","None","None","None","None","None","None","None","None","None","None"
"STU002172","None","None","None","None","CTC","CTC","CTC","CTC","CTC","None","None","None","None","None","None","None","None","None","None","None","None","None","None","None","None","None","None","None"
"STU002173","CTC","CTC","CTC","None","CTC","CTC","CTC","CTC","CTC","CTC","CTC","CTC","None","None","None","None","None","None","None","None","None","None","None","None","None","None","None","None"
"STU002174","CTC","CTC","CTC","CTC","CTC","CTC","CTC","None","CTC","CTC","CTC","None","CTC","None","None","None","None","None","None","None","None","None","None","None","None","None","None","None"
"STU002175","None","None","None","None","None","None","None","None","None","None","None","None","None","None","None","None","None","None","None","None","None","None","None","None","None","None","None","None"
"STU002176","CTC","CTC","CTC","CTC","CTC","CTC","CTC","CTC","None","None","None","None","None","None","None","None","None","None","None","None","None","None","None","None","None","None","None","None"
"STU002177","CTC","CTC","CTC","CTC","None","CTC","4YR","4YR","4YR","4YR","4YR","4YR","4YR","CTC","4YR","None","None","None","None","None","None","None","None","None","None","None","None","None"
"STU002178","CTC","CTC","None","None","None","None","None","None","None","None","None","None","None","None","None","None","None","None","None","None","None","None","None","None","None","None","None","None"
"STU002179","None","None","None","None","None","None","None","None","None","None","None","None","None","None","None","None","None","None","None","None","None","None","None","None","None","None","None","None"
"STU002180","None","None","None","None","CTC","CTC","CTC","CTC","CTC","CTC","None","None","None","None","None","None","None","None","None","None","None","None","None","None","None","None","None","None"
"STU002181","None","None","CTC","CTC","None","None","None","None","None","None","None","None","None","None","None","None","None","None","None","None","None","None","None","None","None","None","None","None"
"STU002182","None","None","None","4YR","4YR","4YR","4YR","4YR","4YR","4YR","4YR","4YR","None","None","None","None","None","None","None","None","None","None","None","None","None","None","None","None"
"STU002183","CTC","CTC","CTC","CTC","4YR","CTC","CTC","CTC","4YR","4YR","None","4YR","None","4YR","4YR","4YR","4YR","4YR","4YR","None","None","None","None","None","None","None","None","None"
"STU002184","4YR","4YR","4YR","4YR","4YR","4YR","4YR","4YR","4YR","4YR","4YR","4YR","4YR","CTC","4YR","4YR","None","4YR","None","4YR","4YR","4YR","4YR","4YR","4YR","None","None","None"
"STU002185","None","CTC","CTC","CTC","CTC","None","None","None","None","None","None","None","None","None","None","None","None","None","None","None","None","None","None","None","None","None","None","None"
"STU002186","4YR","4YR","4YR","4YR","4YR","4YR","4YR","4YR","4YR","4YR","4YR","4YR","4YR","4YR","None","None","None","None","None","None","None","None","None","None","None","None","None","None"
"STU002187","CTC","CTC","CTC","CTC","CTC","CTC","CTC","None","CTC","CTC","CTC","CTC","CTC","CTC","None","None","None","None","None","None","None","None","None","None","None","None","None","None"
"STU002188","CTC","None","CTC","CTC","CTC","CTC","CTC","CTC","CTC","None","None","None","None","None","None","None","None","None","None","None","None","None","None","None","None","None","None","None"
"STU002189","CTC","CTC","CTC","CTC","CTC","CTC","4YR","4YR","4YR","None","4YR","4YR","4YR","4YR","4YR","4YR","None","None","None","None","None","None","None","None","None","None","None","None"
"STU002190","None","None","None","None","None","None","None","None","None","None","None","None","None","None","None","None","None","None","None","None","None","None","None","None","None","None","None","None"
"STU002191","4YR","4YR","4YR","4YR","None","4YR","4YR","4YR","4YR","None","4YR","None","4YR","4YR","4YR","None","None","None","None","None","None","None","None","None","None","None","None","None"
"STU002192","None","None","None","None","None","None","None","None","None","None","None","None","None","None","None","None","None","None","None","None","None","None","None","None","None","None","None","None"
"STU002193","None","None","None","None","None","None","None","None","None","None","None","None","None","None","None","None","None","None","None","None","None","None","None","None","None","None","None","None"
"STU002194","None","None","None","4YR","4YR","4YR","4YR","None","4YR","4YR","4YR","4YR","4YR","None","None","None","4YR","4YR","4YR","4YR","CTC","4YR","4YR","None","None","None","None","None"
"STU002195","CTC","CTC","CTC","CTC","CTC","CTC","None","None","None","None","None","None","None","None","None","None","None","None","None","None","None","None","None","None","None","None","None","None"
"STU002196","4YR","4YR","4YR","4YR","4YR","4YR","4YR","None","4YR","4YR","4YR","None","4YR","4YR","4YR","None","None","None","None","None","None","None","None","None","None","None","None","None"
"STU002197","None","None","None","None","None","None","None","None","None","None","None","None","None","None","None","None","None","None","None","None","None","None","None","None","None","None","None","None"
"STU002198","CTC","CTC","CTC","CTC","None","None","None","None","None","None","None","None","None","None","None","None","None","None","None","None","None","None","None","None","None","None","None","None"
"STU002199","CTC","CTC","None","None","None","None","None","None","None","None","None","None","None","None","None","None","None","None","None","None","None","None","None","None","None","None","None","None"
"STU002200","CTC","CTC","CTC","None","CTC","CTC","CTC","CTC","CTC","CTC","None","None","None","None","None","None","None","None","None","None","None","None","None","None","None","None","None","None"
"STU002201","None","None","None","CTC","CTC","None","CTC","CTC","None","None","None","None","None","None","None","None","None","None","None","None","None","None","None","None","None","None","None","None"
"STU002202","4YR","4YR","4YR","None","4YR","4YR","4YR","4YR","4YR","4YR","4YR","4YR","CTC","4YR","None","None","None","None","None","None","None","None","None","None","None","None","None","None"
"STU002203","CTC","CTC","CTC","CTC","CTC","CTC","CTC","CTC","CTC","None","CTC","CTC","CTC","CTC","CTC","CTC","None","CTC","CTC","None","None","None","None","None","None","None","None","None"
"STU002204","4YR","4YR","4YR","4YR","4YR","4YR","4YR","4YR","4YR","4YR","4YR","4YR","4YR","4YR","None","None","None","None","None","None","None","None","None","None","None","None","None","None"
"STU002205","None","None","4YR","4YR","None","4YR","4YR","None","None","None","None","None","None","None","None","None","None","None","None","None","None","None","None","None","None","None","None","None"
"STU002206","None","None","None","None","None","None","None","None","None","None","None","None","None","None","None","None","None","None","None","None","None","None","None","None","None","None","None","None"
"STU002207","CTC","None","None","None","None","None","None","None","None","None","None","None","None","None","None","None","None","None","None","None","None","None","None","None","None","None","None","None"
"STU002208","None","CTC","CTC","CTC","CTC","CTC","None","CTC","CTC","CTC","CTC","CTC","CTC","CTC","CTC","CTC","CTC","None","None","None","None","None","None","None","None","None","None","None"
"STU002209","CTC","CTC","CTC","CTC","CTC","CTC","4YR","None","4YR","4YR","4YR","4YR","4YR","4YR","4YR","4YR","4YR","4YR","4YR","None","None","None","None","None","None","None","None","None"
"STU002210","4YR","4YR","4YR","4YR","4YR","4YR","4YR","None","None","None","None","None","None","None","None","None","None","None","None","None","None","None","None","None","None","None","None","None"
"STU002211","None","None","None","CTC","CTC","CTC","4YR","CTC","None","None","None","None","None","None","None","None","None","None","None","None","None","None","None","None","None","None","None","None"
"STU002212","CTC","CTC","CTC","CTC","CTC","CTC","CTC","CTC","4YR","4YR","4YR","4YR","4YR","4YR","4YR","4YR","4YR","4YR","CTC","4YR","None","None","None","None","None","None","None","None"
"STU002213","None","4YR","4YR","4YR","4YR","4YR","4YR","4YR","4YR","4YR","4YR","None","None","None","None","None","None","None","None","None","None","None","None","None","None","None","None","None"
"STU002214","4YR","4YR","4YR","4YR","4YR","4YR","4YR","None","4YR","4YR","4YR","4YR","4YR","4YR","4YR","4YR","4YR","4YR","4YR","None","None","None","None","None","None","None","None","None"
"STU002215","4YR","4YR","4YR","4YR","4YR","4YR","4YR","4YR","CTC","4YR","4YR","4YR","4YR","4YR","None","4YR","4YR","4YR","None","None","None","None","None","None","None","None","None","None"
"STU002216","CTC","CTC","None","None","None","None","None","None","None","None","None","None","None","None","None","None","None","None","None","None","None","None","None","None","None","None","None","None"
"STU002217","CTC","CTC","None","CTC","CTC","CTC","CTC","4YR","None","None","None","None","None","None","None","None","None","None","None","None","None","None","None","None","None","None","None","None"
"STU002218","None","CTC","CTC","CTC","CTC","CTC","CTC","CTC","4YR","CTC","None","None","CTC","CTC","CTC","CTC","CTC","None","None","None","None","None","None","None","None","None","None","None"
"STU002219","4YR","None","None","None","None","None","None","None","None","None","None","None","None","None","None","None","None","None","None","None","None","None","None","None","None","None","None","None"
"STU002220","4YR","CTC","4YR","4YR","CTC","4YR","4YR","4YR","4YR","None","4YR","4YR","4YR","4YR","4YR","4YR","4YR","4YR","4YR","4YR","4YR","None","None","None","None","None","None","None"
"STU002221","None","None","None","None","None","None","None","None","None","None","None","None","None","None","None","None","None","None","None","None","None","None","None","None","None","None","None","None"
"STU002222","4YR","4YR","4YR","4YR","4YR","None","4YR","4YR","4YR","4YR","4YR","4YR","4YR","4YR","4YR","4YR","None","None","None","None","None","None","None","None","None","None","None","None"
"STU002223","4YR","4YR","4YR","None","4YR","4YR","None","4YR","4YR","4YR","4YR","4YR","4YR","4YR","4YR","None","None","None","None","None","None","None","None","None","None","None","None","None"
"STU002224","4YR","4YR","4YR","4YR","4YR","4YR","4YR","4YR","4YR","4YR","CTC","4YR","4YR","4YR","4YR","4YR","4YR","4YR","4YR","4YR","4YR","4YR","4YR","4YR","None","None","None","None"
"STU002225","CTC","None","CTC","CTC","CTC","CTC","4YR","4YR","4YR","4YR","None","4YR","4YR","4YR","4YR","4YR","None","None","None","None","None","None","None","None","None","None","None","None"
"STU002226","None","CTC","CTC","None","None","None","None","None","None","None","None","None","None","None","None","None","None","None","None","None","None","None","None","None","None","None","None","None"
"STU002227","4YR","4YR","4YR","4YR","4YR","4YR","4YR","4YR","4YR","4YR","4YR","4YR","4YR","None","4YR","4YR","None","None","None","None","None","None","None","None","None","None","None","None"
"STU002228","None","None","None","None","CTC","CTC","CTC","CTC","None","None","None","None","None","None","None","None","None","None","None","None","None","None","None","None","None","None","None","None"
"STU002229","None","None","None","None","4YR","4YR","4YR","4YR","None","None","None","None","None","None","None","None","None","None","None","None","None","None","None","None","None","None","None","None"
"STU002230","None","None","None","4YR","4YR","4YR","CTC","4YR","4YR","4YR","4YR","None","None","4YR","4YR","4YR","4YR","CTC","4YR","4YR","None","None","None","None","None","None","None","None"
"STU002231","CTC","CTC","CTC","CTC","CTC","CTC","CTC","None","None","None","CTC","CTC","CTC","CTC","CTC","CTC","CTC","None","None","None","None","None","None","None","None","None","None","None"
"STU002232","4YR","4YR","4YR","4YR","4YR","4YR","4YR","None","None","None","None","None","None","None","None","None","None","None","None","None","None","None","None","None","None","None","None","None"
"STU002233","None","None","CTC","CTC","None","CTC","CTC","None","None","None","None","None","None","None","None","None","None","None","None","None","None","None","None","None","None","None","None","None"
"STU002234","None","None","None","None","CTC","CTC","4YR","None","CTC","CTC","CTC","CTC","CTC","CTC","None","None","None","None","None","None","None","None","None","None","None","None","None","None"
"STU002235","4YR","4YR","4YR","4YR","4YR","4YR","4YR","4YR","4YR","4YR","4YR","4YR","4YR","4YR","4YR","None","None","None","None","None","None","None","None","None","None","None","None","None"
"STU002236","None","None","CTC","CTC","None","None","None","None","None","None","None","None","None","None","None","None","None","None","None","None","None","None","None","None","None","None","None","None"
"STU002237","None","None","None","CTC","CTC","None","None","None","None","None","None","None","None","None","None","None","None","None","None","None","None","None","None","None","None","None","None","None"
"STU002238","None","None","None","CTC","CTC","None","None","None","None","None","None","None","None","None","None","None","None","None","None","None","None","None","None","None","None","None","None","None"
"STU002239","None","None","None","None","None","None","None","None","None","None","None","None","None","None","None","None","None","None","None","None","None","None","None","None","None","None","None","None"
"STU002240","None","None","None","CTC","CTC","CTC","CTC","CTC","CTC","CTC","CTC","None","None","CTC","CTC","CTC","None","None","CTC","CTC","None","None","None","None","None","None","None","None"
"STU002241","CTC","CTC","CTC","CTC","CTC","None","None","None","None","None","None","None","None","None","None","None","None","None","None","None","None","None","None","None","None","None","None","None"
"STU002242","None","None","None","None","None","None","None","None","None","None","None","None","None","None","None","None","None","None","None","None","None","None","None","None","None","None","None","None"
"STU002243","None","None","None","None","None","None","None","None","None","None","None","None","None","None","None","None","None","None","None","None","None","None","None","None","None","None","None","None"
"STU002244","None","None","CTC","CTC","CTC","CTC","CTC","CTC","CTC","CTC","CTC","None","None","None","None","None","None","None","None","None","None","None","None","None","None","None","None","None"
"STU002245","None","None","None","None","None","None","None","None","None","None","None","None","None","None","None","None","None","None","None","None","None","None","None","None","None","None","None","None"
"STU002246","None","CTC","CTC","None","CTC","CTC","CTC","None","None","None","None","None","None","None","None","None","None","None","None","None","None","None","None","None","None","None","None","None"
"STU002247","None","None","None","None","None","None","None","None","None","None","None","None","None","None","None","None","None","None","None","None","None","None","None","None","None","None","None","None"
"STU002248","4YR","4YR","None","4YR","4YR","4YR","4YR","4YR","4YR","4YR","4YR","4YR","4YR","None","None","None","None","None","None","None","None","None","None","None","None","None","None","None"
"STU002249","None","None","None","None","None","None","None","None","None","None","None","None","None","None","None","None","None","None","None","None","None","None","None","None","None","None","None","None"
"STU002250","None","None","None","None","4YR","4YR","4YR","4YR","4YR","4YR","None","None","None","None","None","None","None","None","None","None","None","None","None","None","None","None","None","None"
"STU002251","4YR","4YR","4YR","4YR","4YR","4YR","4YR","4YR","4YR","4YR","4YR","4YR","4YR","None","4YR","4YR","4YR","4YR","None","4YR","4YR","4YR","4YR","4YR","4YR","4YR","4YR","4YR"
"STU002252","4YR","CTC","4YR","4YR","4YR","4YR","4YR","4YR","4YR","None","4YR","4YR","4YR","4YR","4YR","4YR","4YR","4YR","4YR","4YR","4YR","4YR","4YR","4YR","4YR","4YR","None","None"
"STU002253","CTC","CTC","CTC","CTC","CTC","CTC","CTC","None","None","None","None","None","None","None","None","None","None","None","None","None","None","None","None","None","None","None","None","None"
"STU002254","None","None","None","None","None","None","None","None","None","None","None","None","None","None","None","None","None","None","None","None","None","None","None","None","None","None","None","None"
"STU002255","None","None","None","None","None","None","None","None","None","None","None","None","None","None","None","None","None","None","None","None","None","None","None","None","None","None","None","None"
"STU002256","CTC","CTC","CTC","CTC","CTC","CTC","CTC","CTC","None","None","None","None","None","None","None","None","None","None","None","None","None","None","None","None","None","None","None","None"
"STU002257","None","None","None","None","None","None","None","None","None","None","None","None","None","None","None","None","None","None","None","None","None","None","None","None","None","None","None","None"
"STU002258","CTC","CTC","CTC","CTC","CTC","CTC","CTC","CTC","CTC","CTC","CTC","CTC","CTC","CTC","CTC","CTC","CTC","CTC","None","None","None","None","None","None","None","None","None","None"
"STU002259","None","4YR","4YR","CTC","4YR","4YR","4YR","4YR","None","None","None","None","None","None","None","None","None","None","None","None","None","None","None","None","None","None","None","None"
"STU002260","None","None","None","None","4YR","4YR","4YR","None","None","None","None","None","None","None","None","None","None","None","None","None","None","None","None","None","None","None","None","None"
"STU002261","4YR","4YR","4YR","4YR","4YR","4YR","4YR","4YR","4YR","4YR","4YR","4YR","4YR","4YR","None","None","None","None","None","None","None","None","None","None","None","None","None","None"
"STU002262","None","None","None","None","None","None","None","None","None","None","None","None","None","None","None","None","None","None","None","None","None","None","None","None","None","None","None","None"
"STU002263","None","None","None","None","None","None","None","None","None","None","None","None","None","None","None","None","None","None","None","None","None","None","None","None","None","None","None","None"
"STU002264","4YR","4YR","4YR","4YR","4YR","4YR","4YR","4YR","4YR","4YR","4YR","4YR","4YR","4YR","None","None","None","None","None","None","None","None","None","None","None","None","None","None"
"STU002265","4YR","4YR","4YR","4YR","4YR","4YR","None","4YR","4YR","4YR","4YR","4YR","4YR","4YR","4YR","4YR","4YR","CTC","4YR","4YR","4YR","4YR","None","None","None","None","None","None"
"STU002266","CTC","CTC","CTC","CTC","None","CTC","CTC","CTC","4YR","4YR","CTC","4YR","None","4YR","4YR","4YR","4YR","4YR","None","None","None","None","None","None","None","None","None","None"
"STU002267","None","None","None","CTC","CTC","CTC","4YR","CTC","CTC","None","CTC","CTC","CTC","None","None","None","None","None","None","None","None","None","None","None","None","None","None","None"
"STU002268","CTC","4YR","4YR","4YR","4YR","4YR","4YR","4YR","4YR","4YR","4YR","4YR","4YR","4YR","4YR","None","None","None","None","None","None","None","None","None","None","None","None","None"
"STU002269","None","None","None","4YR","None","4YR","4YR","4YR","4YR","4YR","4YR","None","4YR","None","None","None","None","None","None","None","None","None","None","None","None","None","None","None"
"STU002270","None","None","CTC","CTC","None","None","CTC","CTC","CTC","CTC","CTC","None","None","None","None","None","None","None","None","None","None","None","None","None","None","None","None","None"
"STU002271","4YR","4YR","4YR","None","None","None","None","None","None","None","None","None","None","None","None","None","None","None","None","None","None","None","None","None","None","None","None","None"
"STU002272","CTC","None","CTC","CTC","CTC","CTC","CTC","None","None","None","None","None","None","None","None","None","None","None","None","None","None","None","None","None","None","None","None","None"
"STU002273","4YR","4YR","4YR","4YR","4YR","4YR","4YR","4YR","4YR","CTC","4YR","4YR","4YR","4YR","4YR","None","None","None","None","None","None","None","None","None","None","None","None","None"
"STU002274","None","CTC","CTC","CTC","CTC","CTC","CTC","CTC","CTC","None","None","None","None","None","None","None","None","None","None","None","None","None","None","None","None","None","None","None"
"STU002275","None","None","None","None","None","None","None","None","None","None","None","None","None","None","None","None","None","None","None","None","None","None","None","None","None","None","None","None"
"STU002276","None","None","None","None","4YR","4YR","4YR","4YR","4YR","None","None","None","None","None","None","None","None","None","None","None","None","None","None","None","None","None","None","None"
"STU002277","CTC","CTC","CTC","CTC","CTC","CTC","None","None","None","None","None","None","None","None","None","None","None","None","None","None","None","None","None","None","None","None","None","None"
"STU002278","CTC","CTC","CTC","None","CTC","CTC","CTC","CTC","CTC","CTC","CTC","CTC","CTC","CTC","CTC","CTC","CTC","None","None","None","None","None","None","None","None","None","None","None"
"STU002279","CTC","CTC","CTC","CTC","CTC","CTC","CTC","CTC","CTC","CTC","CTC","CTC","CTC","CTC","CTC","CTC","CTC","CTC","CTC","None","None","None","None","None","None","None","None","None"
"STU002280","CTC","CTC","4YR","CTC","CTC","CTC","CTC","CTC","4YR","4YR","4YR","4YR","4YR","4YR","4YR","4YR","4YR","4YR","None","None","None","None","None","None","None","None","None","None"
"STU002281","None","None","None","None","None","None","None","None","None","None","None","None","None","None","None","None","None","None","None","None","None","None","None","None","None","None","None","None"
"STU002282","None","None","None","None","None","None","None","None","None","None","None","None","None","None","None","None","None","None","None","None","None","None","None","None","None","None","None","None"
"STU002283","CTC","CTC","None","None","CTC","CTC","None","None","4YR","4YR","4YR","4YR","4YR","4YR","4YR","4YR","4YR","None","None","None","None","None","None","None","None","None","None","None"
"STU002284","CTC","4YR","CTC","CTC","CTC","CTC","CTC","CTC","CTC","CTC","CTC","CTC","CTC","None","None","None","None","None","None","None","None","None","None","None","None","None","None","None"
"STU002285","CTC","CTC","CTC","CTC","CTC","CTC","CTC","CTC","CTC","4YR","4YR","4YR","4YR","4YR","4YR","4YR","4YR","4YR","4YR","4YR","4YR","None","None","None","None","None","None","None"
"STU002286","4YR","CTC","CTC","CTC","CTC","None","None","None","None","None","None","None","None","None","None","None","None","None","None","None","None","None","None","None","None","None","None","None"
"STU002287","CTC","CTC","CTC","CTC","CTC","CTC","4YR","None","None","4YR","4YR","4YR","None","4YR","4YR","4YR","None","None","None","None","None","None","None","None","None","None","None","None"
"STU002288","4YR","4YR","4YR","4YR","4YR","4YR","4YR","4YR","4YR","4YR","4YR","4YR","4YR","4YR","4YR","4YR","None","None","None","None","None","None","None","None","None","None","None","None"
"STU002289","None","None","None","None","None","None","None","None","None","None","None","None","None","None","None","None","None","None","None","None","None","None","None","None","None","None","None","None"
"STU002290","None","None","None","None","None","None","None","None","None","None","None","None","None","None","None","None","None","None","None","None","None","None","None","None","None","None","None","None"
"STU002291","None","None","None","None","4YR","4YR","4YR","4YR","None","None","None","None","None","None","None","None","None","None","None","None","None","None","None","None","None","None","None","None"
"STU002292","None","4YR","CTC","4YR","4YR","4YR","4YR","None","None","None","None","4YR","4YR","4YR","None","None","None","None","None","None","None","None","None","None","None","None","None","None"
"STU002293","CTC","CTC","CTC","CTC","None","CTC","CTC","CTC","CTC","CTC","CTC","CTC","CTC","CTC","CTC","CTC","CTC","CTC","CTC","None","None","None","None","None","None","None","None","None"
"STU002294","None","None","None","None","None","None","None","None","None","None","None","None","None","None","None","None","None","None","None","None","None","None","None","None","None","None","None","None"
"STU002295","None","None","None","CTC","CTC","CTC","CTC","CTC","None","CTC","CTC","CTC","CTC","CTC","None","None","None","None","None","None","None","None","None","None","None","None","None","None"
"STU002296","None","4YR","4YR","4YR","4YR","4YR","None","None","None","None","None","None","None","None","None","None","None","None","None","None","None","None","None","None","None","None","None","None"
"STU002297","None","None","None","None","CTC","CTC","None","None","None","None","None","None","None","None","None","None","None","None","None","None","None","None","None","None","None","None","None","None"
"STU002298","CTC","CTC","CTC","None","None","None","None","None","None","None","None","None","None","None","None","None","None","None","None","None","None","None","None","None","None","None","None","None"
"STU002299","4YR","4YR","4YR","4YR","4YR","4YR","4YR","4YR","4YR","4YR","4YR","4YR","4YR","4YR","4YR","None","None","None","None","None","None","None","None","None","None","None","None","None"
"STU002300","None","CTC","CTC","CTC","CTC","CTC","CTC","None","None","None","None","None","None","None","None","None","None","None","None","None","None","None","None","None","None","None","None","None"
"STU002301","CTC","CTC","CTC","CTC","CTC","CTC","CTC","CTC","CTC","CTC","CTC","None","CTC","None","None","None","None","None","None","None","None","None","None","None","None","None","None","None"
"STU002302","None","None","CTC","CTC","None","None","CTC","CTC","CTC","CTC","None","None","None","None","None","None","None","None","None","None","None","None","None","None","None","None","None","None"
"STU002303","4YR","4YR","4YR","4YR","4YR","4YR","4YR","4YR","4YR","4YR","4YR","4YR","4YR","4YR","4YR","4YR","4YR","4YR","None","None","None","None","None","None","None","None","None","None"
"STU002304","CTC","CTC","CTC","CTC","CTC","CTC","4YR","4YR","None","4YR","4YR","4YR","4YR","4YR","4YR","4YR","4YR","None","None","None","None","None","None","None","None","None","None","None"
"STU002305","CTC","CTC","CTC","CTC","CTC","CTC","4YR","4YR","4YR","4YR","4YR","4YR","4YR","4YR","4YR","None","None","None","None","None","None","None","None","None","None","None","None","None"
"STU002306","4YR","4YR","4YR","4YR","4YR","4YR","4YR","4YR","CTC","4YR","4YR","4YR","4YR","4YR","None","None","None","None","None","None","None","None","None","None","None","None","None","None"
"STU002307","None","None","None","CTC","CTC","CTC","CTC","CTC","None","None","None","None","None","None","None","None","None","None","None","None","None","None","None","None","None","None","None","None"
"STU002308","None","None","None","None","CTC","CTC","CTC","CTC","None","None","None","CTC","CTC","CTC","CTC","CTC","None","None","None","None","None","None","None","None","None","None","None","None"
"STU002309","None","None","None","None","CTC","CTC","CTC","CTC","None","CTC","CTC","None","None","None","None","None","None","None","None","None","None","None","None","None","None","None","None","None"
"STU002310","4YR","4YR","4YR","4YR","4YR","4YR","4YR","4YR","4YR","4YR","None","None","None","None","None","None","None","None","None","None","None","None","None","None","None","None","None","None"
"STU002311","None","None","None","None","None","None","None","None","None","None","None","None","None","None","None","None","None","None","None","None","None","None","None","None","None","None","None","None"
"STU002312","CTC","CTC","CTC","CTC","CTC","CTC","CTC","None","None","None","None","None","None","None","None","None","None","None","None","None","None","None","None","None","None","None","None","None"
"STU002313","None","None","None","None","None","None","None","None","None","None","None","None","None","None","None","None","None","None","None","None","None","None","None","None","None","None","None","None"
"STU002314","None","None","None","None","CTC","CTC","CTC","CTC","CTC","None","None","None","None","None","None","None","None","None","None","None","None","None","None","None","None","None","None","None"
"STU002315","4YR","4YR","4YR","4YR","4YR","4YR","4YR","4YR","4YR","4YR","4YR","4YR","4YR","4YR","4YR","4YR","None","None","None","None","None","None","None","None","None","None","None","None"
"STU002316","None","None","CTC","CTC","CTC","CTC","4YR","CTC","CTC","CTC","None","CTC","CTC","CTC","CTC","CTC","CTC","CTC","None","None","None","None","None","None","None","None","None","None"
"STU002317","4YR","4YR","4YR","4YR","4YR","4YR","4YR","4YR","4YR","None","None","None","None","None","None","None","None","None","None","None","None","None","None","None","None","None","None","None"
"STU002318","None","None","None","None","CTC","CTC","CTC","CTC","None","None","None","None","None","None","None","None","None","None","None","None","None","None","None","None","None","None","None","None"
"STU002319","4YR","4YR","4YR","4YR","4YR","None","4YR","4YR","4YR","4YR","None","4YR","4YR","4YR","4YR","4YR","4YR","4YR","None","4YR","4YR","4YR","4YR","4YR","CTC","4YR","4YR","4YR"
"STU002320","CTC","4YR","CTC","None","CTC","None","None","None","None","None","None","None","None","None","None","None","None","None","None","None","None","None","None","None","None","None","None","None"
"STU002321","None","None","None","None","None","None","None","None","None","None","None","None","None","None","None","None","None","None","None","None","None","None","None","None","None","None","None","None"
"STU002322","None","None","None","None","None","None","None","None","None","None","None","None","None","None","None","None","None","None","None","None","None","None","None","None","None","None","None","None"
"STU002323","4YR","4YR","4YR","4YR","4YR","4YR","4YR","4YR","4YR","4YR","4YR","None","4YR","4YR","CTC","None","None","None","None","None","None","None","None","None","None","None","None","None"
"STU002324","CTC","CTC","CTC","None","None","None","None","None","None","None","None","None","None","None","None","None","None","None","None","None","None","None","None","None","None","None","None","None"
"STU002325","None","None","None","CTC","CTC","CTC","CTC","CTC","CTC","None","CTC","CTC","CTC","None","None","None","None","None","None","None","None","None","None","None","None","None","None","None"
"STU002326","4YR","4YR","4YR","4YR","4YR","None","4YR","4YR","4YR","4YR","4YR","4YR","4YR","4YR","4YR","4YR","4YR","4YR","4YR","4YR","4YR","4YR","4YR","4YR","4YR","4YR","4YR","4YR"
"STU002327","None","None","None","None","None","None","None","None","None","None","None","None","None","None","None","None","None","None","None","None","None","None","None","None","None","None","None","None"
"STU002328","None","None","None","None","None","None","None","None","None","None","None","None","None","None","None","None","None","None","None","None","None","None","None","None","None","None","None","None"
"STU002329","CTC","CTC","CTC","None","CTC","CTC","CTC","CTC","None","None","None","None","None","None","None","None","None","None","None","None","None","None","None","None","None","None","None","None"
"STU002330","CTC","CTC","CTC","CTC","CTC","CTC","CTC","CTC","None","None","None","None","None","None","None","None","None","None","None","None","None","None","None","None","None","None","None","None"
"STU002331","None","None","None","None","CTC","CTC","CTC","CTC","CTC","None","None","None","None","None","None","None","None","None","None","None","None","None","None","None","None","None","None","None"
"STU002332","None","None","None","None","None","None","None","None","None","None","None","None","None","None","None","None","None","None","None","None","None","None","None","None","None","None","None","None"
"STU002333","CTC","CTC","CTC","CTC","CTC","CTC","CTC","4YR","4YR","4YR","4YR","4YR","4YR","None","4YR","4YR","None","None","None","None","None","None","None","None","None","None","None","None"
"STU002334","CTC","CTC","CTC","CTC","CTC","CTC","4YR","4YR","4YR","4YR","4YR","None","None","4YR","4YR","4YR","4YR","4YR","4YR","None","None","None","None","None","None","None","None","None"
"STU002335","CTC","CTC","None","None","None","None","None","None","None","None","None","None","None","None","None","None","None","None","None","None","None","None","None","None","None","None","None","None"
"STU002336","CTC","None","CTC","CTC","CTC","None","CTC","None","CTC","CTC","CTC","CTC","CTC","CTC","None","None","None","None","None","None","None","None","None","None","None","None","None","None"
"STU002337","CTC","CTC","CTC","CTC","CTC","CTC","CTC","CTC","None","None","None","None","None","None","None","None","None","None","None","None","None","None","None","None","None","None","None","None"
"STU002338","4YR","4YR","4YR","4YR","4YR","4YR","4YR","4YR","4YR","4YR","4YR","4YR","4YR","4YR","4YR","4YR","4YR","4YR","4YR","4YR","None","None","None","None","None","None","None","None"
"STU002339","4YR","4YR","4YR","None","4YR","4YR","4YR","None","4YR","4YR","4YR","4YR","4YR","4YR","4YR","4YR","4YR","4YR","4YR","4YR","4YR","4YR","4YR","4YR","None","None","None","None"
"STU002340","None","CTC","CTC","CTC","CTC","CTC","None","None","None","None","None","None","None","None","None","None","None","None","None","None","None","None","None","None","None","None","None","None"
"STU002341","CTC","CTC","CTC","CTC","CTC","CTC","None","None","None","None","None","None","None","None","None","None","None","None","None","None","None","None","None","None","None","None","None","None"
"STU002342","None","None","CTC","CTC","CTC","CTC","CTC","CTC","CTC","None","None","None","None","None","None","None","None","None","None","None","None","None","None","None","None","None","None","None"
"STU002343","CTC","CTC","CTC","CTC","CTC","CTC","CTC","None","None","None","None","None","None","None","None","None","None","None","None","None","None","None","None","None","None","None","None","None"
"STU002344","CTC","CTC","CTC","CTC","CTC","CTC","None","None","None","None","None","None","None","None","None","None","None","None","None","None","None","None","None","None","None","None","None","None"
"STU002345","None","None","None","None","None","None","None","None","None","None","None","None","None","None","None","None","None","None","None","None","None","None","None","None","None","None","None","None"
"STU002346","None","None","None","None","None","None","None","None","None","None","None","None","None","None","None","None","None","None","None","None","None","None","None","None","None","None","None","None"
"STU002347","None","None","None","None","4YR","4YR","4YR","4YR","None","None","None","None","None","None","None","None","None","None","None","None","None","None","None","None","None","None","None","None"
"STU002348","CTC","CTC","CTC","CTC","CTC","None","None","None","None","None","None","None","None","None","None","None","None","None","None","None","None","None","None","None","None","None","None","None"
"STU002349","CTC","CTC","CTC","None","None","None","None","None","None","None","None","None","None","None","None","None","None","None","None","None","None","None","None","None","None","None","None","None"
"STU002350","None","None","None","None","None","None","None","None","None","None","None","None","None","None","None","None","None","None","None","None","None","None","None","None","None","None","None","None"
"STU002351","None","None","None","None","None","None","None","None","None","None","None","None","None","None","None","None","None","None","None","None","None","None","None","None","None","None","None","None"
"STU002352","CTC","CTC","CTC","CTC","CTC","CTC","CTC","None","None","None","None","None","None","None","None","None","None","None","None","None","None","None","None","None","None","None","None","None"
"STU002353","None","None","None","None","None","None","None","None","None","None","None","None","None","None","None","None","None","None","None","None","None","None","None","None","None","None","None","None"
"STU002354","4YR","4YR","4YR","4YR","4YR","4YR","4YR","4YR","4YR","4YR","4YR","None","4YR","4YR","4YR","4YR","4YR","4YR","None","4YR","4YR","4YR","4YR","4YR","None","None","None","None"
"STU002355","CTC","None","None","CTC","CTC","CTC","CTC","CTC","CTC","CTC","None","CTC","CTC","CTC","CTC","CTC","CTC","CTC","CTC","CTC","None","None","None","None","None","None","None","None"
"STU002356","None","None","None","None","None","None","None","None","None","None","None","None","None","None","None","None","None","None","None","None","None","None","None","None","None","None","None","None"
"STU002357","4YR","4YR","4YR","None","4YR","4YR","4YR","4YR","4YR","4YR","None","4YR","None","4YR","None","CTC","4YR","4YR","None","None","4YR","None","None","None","None","None","None","None"
"STU002358","4YR","4YR","4YR","4YR","None","4YR","4YR","4YR","4YR","4YR","4YR","4YR","4YR","4YR","4YR","4YR","4YR","4YR","4YR","4YR","4YR","4YR","4YR","4YR","4YR","4YR","None","None"
"STU002359","4YR","4YR","4YR","None","4YR","4YR","4YR","4YR","4YR","4YR","4YR","4YR","4YR","4YR","4YR","None","None","None","None","None","None","None","None","None","None","None","None","None"
"STU002360","None","None","CTC","CTC","None","None","None","None","None","None","None","None","None","None","None","None","None","None","None","None","None","None","None","None","None","None","None","None"
"STU002361","None","None","None","None","None","None","None","None","None","None","None","None","None","None","None","None","None","None","None","None","None","None","None","None","None","None","None","None"
"STU002362","CTC","CTC","CTC","CTC","CTC","None","CTC","CTC","CTC","CTC","CTC","CTC","CTC","None","None","None","None","None","None","None","None","None","None","None","None","None","None","None"
"STU002363","None","None","None","None","None","None","None","None","None","None","None","None","None","None","None","None","None","None","None","None","None","None","None","None","None","None","None","None"
"STU002364","CTC","CTC","CTC","CTC","CTC","CTC","4YR","None","None","4YR","4YR","4YR","4YR","4YR","4YR","4YR","4YR","4YR","None","None","None","None","None","None","None","None","None","None"
"STU002365","None","CTC","CTC","CTC","CTC","CTC","None","None","None","None","None","None","None","None","None","None","None","None","None","None","None","None","None","None","None","None","None","None"
"STU002366","None","None","4YR","CTC","CTC","CTC","CTC","None","CTC","CTC","CTC","CTC","CTC","CTC","CTC","None","None","None","None","None","None","None","None","None","None","None","None","None"
"STU002367","CTC","CTC","CTC","CTC","None","None","None","None","None","None","None","None","None","None","None","None","None","None","None","None","None","None","None","None","None","None","None","None"
"STU002368","4YR","4YR","4YR","4YR","4YR","4YR","4YR","4YR","4YR","4YR","4YR","4YR","4YR","4YR","4YR","4YR","None","None","None","None","None","None","None","None","None","None","None","None"
"STU002369","None","None","None","None","None","None","None","None","None","None","None","None","None","None","None","None","None","None","None","None","None","None","None","None","None","None","None","None"
"STU002370","4YR","4YR","4YR","4YR","CTC","CTC","CTC","CTC","CTC","CTC","CTC","None","None","None","None","None","None","None","None","None","None","None","None","None","None","None","None","None"
"STU002371","None","None","None","None","None","None","None","None","None","None","None","None","None","None","None","None","None","None","None","None","None","None","None","None","None","None","None","None"
"STU002372","4YR","None","CTC","CTC","CTC","CTC","CTC","CTC","CTC","CTC","CTC","CTC","CTC","CTC","CTC","CTC","None","None","None","None","None","None","None","None","None","None","None","None"
"STU002373","None","None","None","None","None","None","None","None","None","None","None","None","None","None","None","None","None","None","None","None","None","None","None","None","None","None","None","None"
"STU002374","None","None","None","None","CTC","CTC","CTC","CTC","CTC","CTC","CTC","None","None","None","None","None","None","None","None","None","None","None","None","None","None","None","None","None"
"STU002375","4YR","4YR","4YR","4YR","4YR","4YR","4YR","4YR","4YR","4YR","None","None","None","None","None","None","None","None","None","None","None","None","None","None","None","None","None","None"
"STU002376","CTC","CTC","CTC","CTC","CTC","CTC","CTC","4YR","4YR","4YR","4YR","4YR","4YR","4YR","4YR","None","None","None","None","None","None","None","None","None","None","None","None","None"
"STU002377","None","None","None","CTC","CTC","CTC","CTC","CTC","CTC","None","None","None","CTC","CTC","CTC","CTC","CTC","CTC","CTC","None","None","None","None","None","None","None","None","None"
"STU002378","None","4YR","4YR","4YR","4YR","4YR","4YR","4YR","4YR","None","None","None","None","None","None","None","None","None","None","None","None","None","None","None","None","None","None","None"
"STU002379","None","CTC","CTC","CTC","CTC","CTC","CTC","CTC","CTC","None","None","None","None","None","None","None","None","None","None","None","None","None","None","None","None","None","None","None"
"STU002380","4YR","4YR","CTC","4YR","4YR","4YR","4YR","4YR","4YR","4YR","None","None","None","None","None","None","None","None","None","None","None","None","None","None","None","None","None","None"
"STU002381","None","None","None","None","None","None","None","None","None","None","None","None","None","None","None","None","None","None","None","None","None","None","None","None","None","None","None","None"
"STU002382","None","None","None","CTC","CTC","CTC","CTC","CTC","CTC","CTC","CTC","CTC","None","None","None","CTC","CTC","CTC","CTC","CTC","CTC","None","None","None","None","None","None","None"
"STU002383","None","None","None","None","None","None","None","None","None","None","None","None","None","None","None","None","None","None","None","None","None","None","None","None","None","None","None","None"
"STU002384","4YR","4YR","4YR","4YR","None","4YR","CTC","CTC","None","CTC","CTC","CTC","CTC","CTC","CTC","CTC","CTC","CTC","None","None","None","None","None","None","None","None","None","None"
"STU002385","None","None","None","CTC","CTC","CTC","CTC","CTC","None","None","None","None","None","None","None","None","None","None","None","None","None","None","None","None","None","None","None","None"
"STU002386","None","CTC","CTC","CTC","CTC","CTC","CTC","CTC","4YR","CTC","None","CTC","CTC","CTC","CTC","None","None","None","None","None","None","None","None","None","None","None","None","None"
"STU002387","None","None","4YR","4YR","4YR","4YR","4YR","4YR","4YR","4YR","4YR","4YR","4YR","4YR","None","4YR","None","None","None","None","None","None","None","None","None","None","None","None"
"STU002388","None","CTC","CTC","CTC","CTC","None","None","None","CTC","CTC","CTC","CTC","None","None","None","None","None","None","None","None","None","None","None","None","None","None","None","None"
"STU002389","None","None","None","None","None","None","None","None","None","None","None","None","None","None","None","None","None","None","None","None","None","None","None","None","None","None","None","None"
"STU002390","None","None","None","None","CTC","CTC","CTC","CTC","CTC","None","None","CTC","CTC","CTC","CTC","CTC","CTC","None","None","None","None","None","None","None","None","None","None","None"
"STU002391","None","CTC","CTC","CTC","CTC","CTC","CTC","None","None","None","None","None","None","None","None","None","None","None","None","None","None","None","None","None","None","None","None","None"
"STU002392","None","None","None","None","None","None","None","None","None","None","None","None","None","None","None","None","None","None","None","None","None","None","None","None","None","None","None","None"
"STU002393","4YR","4YR","4YR","4YR","4YR","CTC","4YR","4YR","4YR","4YR","4YR","4YR","4YR","4YR","None","None","None","None","None","None","None","None","None","None","None","None","None","None"
"STU002394","None","None","None","None","None","None","None","None","None","None","None","None","None","None","None","None","None","None","None","None","None","CTC","None","None","None","None","None","None"
"STU002395","None","None","None","None","None","None","None","None","None","None","None","None","None","None","None","None","None","None","None","None","None","None","None","None","None","None","None","None"
"STU002396","4YR","4YR","CTC","4YR","4YR","4YR","4YR","4YR","None","None","4YR","4YR","4YR","4YR","None","None","None","None","None","None","None","None","None","None","None","None","None","None"
"STU002397","None","None","None","None","None","None","None","None","None","None","None","None","None","None","None","None","None","None","None","None","None","None","None","None","None","None","None","None"
"STU002398","None","None","None","None","None","None","None","None","None","None","None","None","None","None","None","None","None","None","None","None","None","None","None","None","None","None","None","None"
"STU002399","None","None","4YR","4YR","4YR","4YR","None","4YR","4YR","4YR","4YR","4YR","4YR","4YR","None","None","None","None","None","None","None","None","None","None","None","None","None","None"
"STU002400","None","4YR","4YR","4YR","4YR","4YR","4YR","4YR","None","4YR","4YR","4YR","4YR","4YR","4YR","4YR","None","None","None","None","None","None","None","None","None","None","None","None"
"STU002401","None","None","None","None","None","None","None","None","None","None","None","None","None","None","None","None","None","None","None","None","None","None","None","None","None","None","None","None"
"STU002402","None","None","None","None","4YR","4YR","None","4YR","4YR","4YR","4YR","4YR","None","None","None","None","None","None","None","None","None","None","None","None","None","None","None","None"
"STU002403","None","None","None","None","None","None","None","None","None","None","None","None","None","None","None","None","None","None","None","None","None","None","None","None","None","None","None","None"
"STU002404","None","None","None","None","CTC","None","CTC","CTC","CTC","CTC","CTC","CTC","CTC","CTC","None","None","None","CTC","CTC","CTC","CTC","CTC","CTC","None","None","None","None","None"
"STU002405","None","CTC","CTC","None","None","None","None","None","None","None","None","None","None","None","None","None","None","None","None","None","None","None","None","None","None","None","None","None"
"STU002406","None","None","None","CTC","CTC","4YR","CTC","CTC","None","CTC","None","CTC","CTC","None","None","None","None","None","None","None","None","None","None","None","None","None","None","None"
"STU002407","None","None","None","None","CTC","CTC","CTC","CTC","CTC","CTC","CTC","CTC","None","None","None","None","None","None","None","None","None","None","None","None","None","None","None","None"
"STU002408","CTC","CTC","4YR","CTC","CTC","CTC","CTC","CTC","CTC","CTC","CTC","CTC","CTC","CTC","CTC","CTC","CTC","CTC","CTC","None","None","None","None","None","None","None","None","None"
"STU002409","4YR","4YR","4YR","4YR","4YR","4YR","4YR","4YR","4YR","4YR","4YR","4YR","4YR","4YR","None","None","None","None","None","None","None","None","None","None","None","None","None","None"
"STU002410","CTC","CTC","CTC","CTC","CTC","CTC","CTC","CTC","CTC","4YR","CTC","CTC","CTC","CTC","CTC","CTC","CTC","CTC","CTC","None","None","None","None","None","None","None","None","None"
"STU002411","None","None","None","None","None","None","None","None","None","None","None","None","None","None","None","None","None","None","None","None","None","None","None","None","None","None","None","None"
"STU002412","None","None","None","None","None","None","None","None","None","None","None","None","None","None","None","None","None","None","None","None","None","None","None","None","None","None","None","None"
"STU002413","4YR","4YR","4YR","4YR","4YR","4YR","4YR","4YR","4YR","4YR","4YR","4YR","4YR","4YR","None","None","None","None","None","None","None","None","None","None","None","None","None","None"
"STU002414","None","4YR","4YR","4YR","4YR","4YR","4YR","4YR","4YR","4YR","4YR","4YR","4YR","4YR","4YR","None","None","None","None","None","None","None","None","None","None","None","None","None"
"STU002415","None","4YR","CTC","CTC","CTC","None","CTC","CTC","CTC","CTC","CTC","None","None","CTC","CTC","CTC","CTC","None","None","None","None","None","None","None","None","None","None","None"
"STU002416","None","None","None","None","CTC","CTC","CTC","CTC","CTC","CTC","CTC","CTC","None","None","None","None","None","None","None","None","None","None","None","None","None","None","None","None"
"STU002417","CTC","CTC","None","CTC","CTC","CTC","CTC","4YR","4YR","None","None","4YR","CTC","4YR","4YR","4YR","CTC","None","None","None","None","None","None","None","None","None","None","None"
"STU002418","CTC","CTC","CTC","CTC","CTC","CTC","CTC","CTC","4YR","4YR","4YR","4YR","4YR","4YR","4YR","CTC","4YR","4YR","None","None","None","None","None","None","None","None","None","None"
"STU002419","None","4YR","None","4YR","None","4YR","4YR","4YR","None","None","None","None","None","None","None","None","None","None","None","None","None","None","None","None","None","None","None","None"
"STU002420","None","CTC","CTC","CTC","CTC","CTC","None","None","None","None","None","None","None","None","None","None","None","None","None","None","None","None","None","None","None","None","None","None"
"STU002421","None","None","None","None","None","None","None","None","None","None","None","None","None","None","None","None","None","None","None","None","None","None","None","None","None","None","None","None"
"STU002422","None","None","None","None","None","None","None","None","None","None","None","None","None","None","None","None","None","None","None","None","None","None","None","None","None","None","None","None"
"STU002423","4YR","CTC","CTC","CTC","None","CTC","None","None","None","None","None","None","None","None","None","None","None","None","None","None","None","None","None","None","None","None","None","None"
"STU002424","CTC","CTC","CTC","CTC","CTC","CTC","CTC","None","None","None","None","None","None","None","None","None","None","None","None","None","None","None","None","None","None","None","None","None"
"STU002425","4YR","4YR","4YR","4YR","4YR","4YR","4YR","CTC","4YR","4YR","4YR","4YR","4YR","4YR","None","None","None","None","None","None","None","None","None","None","None","None","None","None"
"STU002426","None","CTC","CTC","CTC","None","CTC","CTC","CTC","CTC","None","None","None","None","None","None","None","None","None","None","None","None","None","None","None","None","None","None","None"
"STU002427","CTC","CTC","CTC","CTC","CTC","CTC","CTC","CTC","CTC","CTC","CTC","CTC","CTC","CTC","CTC","None","None","None","None","None","None","None","None","None","None","None","None","None"
"STU002428","None","CTC","CTC","CTC","CTC","CTC","CTC","4YR","4YR","4YR","4YR","4YR","4YR","4YR","4YR","4YR","4YR","None","None","None","None","None","None","None","None","None","None","None"
"STU002429","None","None","None","CTC","CTC","CTC","CTC","CTC","CTC","None","None","None","CTC","CTC","CTC","CTC","CTC","CTC","None","None","None","None","None","None","None","None","None","None"
"STU002430","None","4YR","4YR","4YR","4YR","4YR","4YR","4YR","4YR","4YR","4YR","4YR","4YR","4YR","4YR","4YR","4YR","4YR","4YR","4YR","4YR","None","4YR","4YR","4YR","None","None","None"
"STU002431","CTC","CTC","CTC","None","CTC","CTC","None","None","None","None","None","None","None","None","None","None","None","None","None","None","None","None","None","None","None","None","None","None"
"STU002432","CTC","CTC","CTC","CTC","CTC","None","CTC","CTC","None","None","None","None","None","None","None","None","None","None","None","None","None","None","None","None","None","None","None","None"
"STU002433","CTC","CTC","CTC","CTC","CTC","CTC","None","None","None","None","None","None","None","None","None","None","None","None","None","None","None","None","None","None","None","None","None","None"
"STU002434","CTC","CTC","None","CTC","4YR","CTC","4YR","CTC","None","None","None","None","None","None","None","None","None","None","None","None","None","None","None","None","None","None","None","None"
"STU002435","None","CTC","CTC","CTC","None","CTC","CTC","4YR","4YR","4YR","4YR","4YR","4YR","4YR","4YR","4YR","4YR","4YR","4YR","None","None","None","None","None","None","None","None","None"
"STU002436","None","None","None","None","4YR","4YR","4YR","4YR","4YR","4YR","4YR","4YR","4YR","4YR","None","None","None","4YR","4YR","4YR","4YR","None","4YR","4YR","None","None","None","None"
"STU002437","CTC","CTC","CTC","CTC","None","CTC","4YR","CTC","4YR","4YR","None","4YR","4YR","4YR","4YR","4YR","4YR","None","None","None","None","None","None","None","None","None","None","None"
"STU002438","CTC","None","None","None","None","None","None","None","None","None","None","None","None","None","None","None","None","None","None","None","None","None","None","None","None","None","None","None"
"STU002439","4YR","None","CTC","CTC","CTC","4YR","None","CTC","None","None","None","None","None","None","None","None","None","None","None","None","None","None","None","None","None","None","None","None"
"STU002440","CTC","CTC","CTC","CTC","CTC","CTC","CTC","CTC","CTC","CTC","CTC","CTC","CTC","CTC","CTC","None","None","None","None","None","None","None","None","None","None","None","None","None"
"STU002441","None","None","None","None","None","CTC","4YR","CTC","CTC","CTC","CTC","None","None","None","None","None","None","None","None","None","None","None","None","None","None","None","None","None"
"STU002442","None","None","None","None","None","None","None","None","None","None","None","None","None","None","None","None","None","None","None","None","None","None","None","None","None","None","None","None"
"STU002443","4YR","4YR","4YR","4YR","4YR","4YR","None","4YR","4YR","4YR","4YR","4YR","4YR","4YR","None","None","None","None","None","None","None","None","None","None","None","None","None","None"
"STU002444","CTC","CTC","CTC","CTC","CTC","CTC","CTC","CTC","None","None","None","None","None","None","None","None","None","None","None","None","None","None","None","None","None","None","None","None"
"STU002445","4YR","4YR","4YR","4YR","4YR","4YR","4YR","4YR","4YR","4YR","4YR","4YR","4YR","4YR","4YR","4YR","4YR","4YR","4YR","4YR","4YR","4YR","CTC","None","None","None","None","None"
"STU002446","None","4YR","CTC","None","None","None","None","None","None","None","None","None","None","None","None","None","None","None","None","None","None","None","None","None","None","None","None","None"
"STU002447","None","None","None","4YR","4YR","4YR","4YR","4YR","4YR","4YR","None","None","None","None","None","None","None","None","None","None","None","None","None","None","None","None","None","None"
"STU002448","None","CTC","CTC","CTC","CTC","CTC","CTC","CTC","CTC","CTC","None","None","None","None","None","None","None","None","None","None","None","None","None","None","None","None","None","None"
"STU002449","None","None","None","None","None","None","None","None","None","None","None","None","None","None","None","None","None","None","None","None","None","None","None","None","None","None","None","None"
"STU002450","None","None","None","None","None","None","None","None","None","None","None","None","None","None","None","None","None","None","None","None","None","None","None","None","None","None","None","None"
"STU002451","None","None","CTC","CTC","CTC","CTC","None","CTC","CTC","CTC","CTC","None","None","None","None","None","None","None","None","None","None","None","None","None","None","None","None","None"
"STU002452","None","None","4YR","4YR","4YR","4YR","4YR","4YR","4YR","4YR","CTC","4YR","None","None","None","None","None","None","None","None","None","None","None","None","None","None","None","None"
"STU002453","CTC","CTC","CTC","None","None","None","None","None","None","None","None","None","None","None","None","None","None","None","None","None","None","None","None","None","None","None","None","None"
"STU002454","None","None","None","None","None","None","None","None","None","None","None","None","None","None","None","None","None","None","None","None","None","None","None","None","None","None","None","None"
"STU002455","CTC","CTC","4YR","None","CTC","CTC","CTC","CTC","CTC","4YR","CTC","CTC","CTC","None","CTC","CTC","CTC","CTC","CTC","CTC","None","None","None","None","None","None","None","None"
"STU002456","None","4YR","4YR","4YR","CTC","4YR","4YR","4YR","None","None","None","None","4YR","4YR","4YR","None","None","None","None","None","None","None","None","None","None","None","None","None"
"STU002457","None","None","None","None","None","None","None","None","None","None","None","None","None","None","None","None","None","None","None","None","None","None","None","None","None","None","None","None"
"STU002458","CTC","CTC","CTC","CTC","CTC","CTC","None","None","None","None","None","None","None","None","None","None","None","None","None","None","None","None","None","None","None","None","None","None"
"STU002459","None","CTC","CTC","CTC","None","None","None","None","None","None","None","None","None","None","None","None","None","None","None","None","None","None","None","None","None","None","None","None"
"STU002460","None","None","None","CTC","CTC","CTC","CTC","4YR","CTC","None","None","None","None","None","None","None","None","None","None","None","None","None","None","None","None","None","None","None"
"STU002461","CTC","CTC","CTC","CTC","None","None","None","None","None","None","None","None","None","None","None","None","None","None","None","None","None","None","None","None","None","None","None","None"
"STU002462","None","None","None","None","None","None","None","None","None","None","None","None","None","None","None","None","None","None","None","None","None","None","None","None","None","None","None","None"
"STU002463","CTC","CTC","CTC","CTC","CTC","CTC","CTC","None","None","None","None","None","None","None","None","None","None","None","None","None","None","None","None","None","None","None","None","None"
"STU002464","None","None","None","None","4YR","4YR","4YR","4YR","4YR","None","None","4YR","4YR","4YR","4YR","4YR","4YR","None","None","None","None","None","None","None","None","None","None","None"
"STU002465","None","4YR","4YR","4YR","4YR","4YR","4YR","4YR","4YR","4YR","None","None","None","None","None","None","None","None","None","None","None","None","None","None","None","None","None","None"
"STU002466","None","None","CTC","CTC","None","CTC","CTC","None","CTC","CTC","CTC","None","None","None","None","None","None","None","None","None","None","None","None","None","None","None","None","None"
"STU002467","None","None","None","None","None","None","None","None","None","None","None","None","None","None","None","None","None","None","None","None","None","None","None","None","None","None","None","None"
"STU002468","None","None","None","None","CTC","CTC","CTC","CTC","CTC","CTC","None","None","None","CTC","CTC","None","CTC","CTC","CTC","CTC","None","None","None","None","None","None","None","None"
"STU002469","4YR","4YR","4YR","4YR","4YR","4YR","4YR","4YR","4YR","4YR","4YR","4YR","4YR","4YR","None","None","None","None","None","None","None","None","None","None","None","None","None","None"
"STU002470","CTC","None","CTC","CTC","CTC","CTC","None","None","None","None","None","None","None","None","None","None","None","None","None","None","None","None","None","None","None","None","None","None"
"STU002471","None","None","None","None","4YR","4YR","4YR","4YR","4YR","4YR","4YR","4YR","4YR","4YR","None","None","None","None","None","None","None","None","None","None","None","None","None","None"
"STU002472","None","None","None","None","None","None","None","None","None","None","None","None","None","None","None","None","None","None","None","None","None","None","None","None","None","None","None","None"
"STU002473","4YR","4YR","4YR","4YR","4YR","4YR","4YR","4YR","4YR","4YR","4YR","4YR","None","None","4YR","4YR","4YR","4YR","4YR","4YR","4YR","None","None","None","None","None","None","None"
"STU002474","None","None","None","4YR","CTC","CTC","CTC","CTC","CTC","None","None","None","None","None","None","None","None","None","None","None","None","None","None","None","None","None","None","None"
"STU002475","CTC","CTC","CTC","CTC","CTC","None","CTC","4YR","4YR","4YR","4YR","4YR","4YR","4YR","None","4YR","CTC","4YR","4YR","4YR","None","None","None","None","None","None","None","None"
"STU002476","4YR","4YR","4YR","4YR","4YR","4YR","4YR","4YR","4YR","4YR","4YR","4YR","None","4YR","4YR","4YR","4YR","4YR","4YR","4YR","4YR","4YR","4YR","None","None","None","None","None"
"STU002477","CTC","None","None","None","None","None","None","None","None","None","None","None","None","None","None","None","None","None","None","None","None","None","None","None","None","None","None","None"
"STU002478","4YR","4YR","4YR","4YR","4YR","4YR","4YR","None","None","None","None","None","None","None","None","None","None","None","None","None","None","None","None","None","None","None","None","None"
"STU002479","None","None","None","None","None","None","None","None","None","None","None","None","None","None","None","None","None","None","None","None","None","None","None","None","None","None","None","None"
"STU002480","None","None","CTC","CTC","CTC","None","None","None","CTC","CTC","CTC","CTC","CTC","CTC","None","None","None","None","None","None","None","None","None","None","None","None","None","None"
"STU002481","4YR","4YR","4YR","4YR","4YR","4YR","4YR","4YR","4YR","4YR","4YR","4YR","4YR","4YR","None","None","None","None","None","None","None","None","None","None","None","None","None","None"
"STU002482","CTC","CTC","CTC","CTC","CTC","CTC","None","None","None","None","None","None","None","None","None","None","None","None","None","None","None","None","None","None","None","None","None","None"
"STU002483","None","None","None","None","CTC","CTC","CTC","CTC","CTC","CTC","CTC","CTC","None","CTC","CTC","CTC","None","None","None","None","None","None","None","None","None","None","None","None"
"STU002484","4YR","4YR","4YR","4YR","4YR","4YR","4YR","4YR","4YR","4YR","4YR","4YR","4YR","4YR","4YR","4YR","4YR","4YR","None","None","None","None","None","None","None","None","None","None"
"STU002485","CTC","CTC","CTC","CTC","CTC","None","None","None","None","None","None","None","None","None","None","None","None","None","None","None","None","None","None","None","None","None","None","None"
"STU002486","None","None","None","None","None","None","None","None","None","None","None","None","None","None","None","None","None","None","None","None","None","None","None","None","None","None","None","None"
"STU002487","4YR","4YR","4YR","None","4YR","4YR","4YR","4YR","4YR","4YR","None","None","None","None","None","None","None","None","None","None","None","None","None","None","None","None","None","None"
"STU002488","CTC","None","CTC","4YR","CTC","CTC","CTC","CTC","None","None","None","None","None","None","None","None","None","None","None","None","None","None","None","None","None","None","None","None"
"STU002489","None","None","None","CTC","CTC","CTC","CTC","None","None","None","None","None","None","None","None","None","None","None","None","None","None","None","None","None","None","None","None","None"
"STU002490","None","None","None","4YR","4YR","4YR","4YR","4YR","None","None","4YR","4YR","4YR","None","4YR","None","None","None","None","None","None","None","None","None","None","None","None","None"
"STU002491","None","CTC","CTC","4YR","None","None","None","None","None","None","None","None","None","None","None","None","None","None","None","None","None","None","None","None","None","None","None","None"
"STU002492","CTC","CTC","CTC","CTC","CTC","CTC","None","None","None","None","None","None","None","None","None","None","None","None","None","None","None","None","None","None","None","None","None","None"
"STU002493","CTC","CTC","CTC","None","CTC","CTC","CTC","CTC","CTC","None","None","CTC","CTC","CTC","CTC","None","None","None","None","None","None","None","None","None","None","None","None","None"
"STU002494","4YR","4YR","4YR","4YR","4YR","4YR","4YR","4YR","4YR","4YR","4YR","4YR","4YR","4YR","None","None","None","None","None","None","None","None","None","None","None","None","None","None"
"STU002495","4YR","4YR","CTC","CTC","4YR","None","4YR","4YR","None","4YR","4YR","4YR","4YR","None","None","None","None","None","None","None","None","None","None","None","None","None","None","None"
"STU002496","4YR","4YR","CTC","4YR","4YR","4YR","None","4YR","4YR","4YR","4YR","4YR","4YR","4YR","4YR","4YR","4YR","CTC","None","None","4YR","4YR","CTC","4YR","None","None","None","None"
"STU002497","CTC","CTC","CTC","CTC","CTC","None","None","None","None","None","None","None","None","None","None","None","None","None","None","None","None","None","None","None","None","None","None","None"
"STU002498","4YR","4YR","4YR","4YR","CTC","None","4YR","4YR","4YR","4YR","4YR","4YR","4YR","4YR","4YR","4YR","4YR","4YR","4YR","4YR","4YR","4YR","4YR","CTC","4YR","None","None","None"
"STU002499","None","None","None","None","None","None","None","None","None","None","None","None","None","None","None","None","None","None","None","None","None","None","None","None","None","None","None","None"
"STU002500","4YR","4YR","4YR","4YR","4YR","4YR","4YR","None","None","4YR","4YR","CTC","4YR","4YR","None","None","None","None","None","None","None","None","None","None","None","None","None","None"
"STU002501","None","CTC","CTC","CTC","CTC","CTC","CTC","CTC","CTC","CTC","CTC","None","None","None","None","None","None","None","None","None","None","None","None","None","None","None","None","None"
"STU002502","None","None","None","None","CTC","CTC","CTC","None","CTC","4YR","CTC","CTC","CTC","CTC","None","None","None","None","None","None","None","None","None","None","None","None","None","None"
"STU002503","4YR","4YR","4YR","4YR","4YR","4YR","4YR","None","None","None","None","None","None","None","None","None","None","None","None","None","None","None","None","None","None","None","None","None"
"STU002504","CTC","CTC","CTC","CTC","CTC","CTC","CTC","CTC","4YR","None","4YR","4YR","4YR","4YR","4YR","4YR","4YR","4YR","4YR","None","None","None","None","None","None","None","None","None"
"STU002505","None","4YR","4YR","4YR","4YR","4YR","4YR","4YR","4YR","4YR","4YR","4YR","4YR","4YR","None","None","None","None","None","None","None","None","None","None","None","None","None","None"
"STU002506","None","None","None","None","None","None","None","None","None","None","None","None","None","None","None","None","None","None","None","None","None","None","None","None","None","None","None","None"
"STU002507","CTC","CTC","CTC","CTC","None","None","None","None","None","None","None","None","None","None","None","None","None","None","None","None","None","None","None","None","None","None","None","None"
"STU002508","CTC","CTC","CTC","CTC","CTC","CTC","CTC","CTC","None","None","None","None","None","None","None","None","None","None","None","None","None","None","None","None","None","None","None","None"
"STU002509","4YR","4YR","4YR","4YR","None","4YR","CTC","4YR","4YR","4YR","4YR","None","4YR","4YR","4YR","4YR","4YR","None","4YR","4YR","4YR","None","None","None","None","None","None","None"
"STU002510","None","None","CTC","CTC","None","None","None","None","None","None","None","None","None","None","None","None","None","None","None","None","None","None","None","None","None","None","None","None"
"STU002511","None","CTC","CTC","CTC","CTC","CTC","CTC","CTC","CTC","CTC","None","CTC","None","None","CTC","CTC","None","None","None","None","None","None","None","None","None","None","None","None"
"STU002512","None","None","None","None","None","None","None","None","None","None","None","None","None","None","None","None","None","None","None","None","None","None","None","None","None","None","None","None"
"STU002513","CTC","None","CTC","CTC","CTC","CTC","CTC","CTC","CTC","CTC","CTC","CTC","CTC","CTC","CTC","CTC","CTC","CTC","CTC","None","None","None","None","None","None","None","None","None"
"STU002514","CTC","CTC","CTC","CTC","CTC","CTC","CTC","4YR","4YR","4YR","4YR","4YR","None","4YR","4YR","4YR","None","None","None","None","None","None","None","None","None","None","None","None"
"STU002515","4YR","4YR","4YR","None","4YR","CTC","4YR","4YR","4YR","4YR","None","None","None","None","None","None","None","None","None","None","None","None","None","None","None","None","None","None"
"STU002516","None","None","None","None","None","None","None","None","None","None","None","None","None","None","None","None","None","None","None","None","None","None","None","None","None","None","None","None"
"STU002517","4YR","4YR","4YR","CTC","4YR","4YR","4YR","4YR","4YR","None","None","None","None","None","None","None","None","None","None","None","None","None","None","None","None","None","None","None"
"STU002518","None","None","None","None","None","None","None","None","None","None","None","None","None","None","None","None","None","None","None","None","None","None","None","None","None","None","None","None"
"STU002519","None","None","None","None","None","None","None","None","None","None","None","None","None","None","None","None","None","None","None","None","None","None","None","None","None","None","None","None"
"STU002520","None","4YR","4YR","4YR","4YR","4YR","4YR","4YR","4YR","4YR","None","None","None","None","None","None","None","None","None","None","None","None","None","None","None","None","None","None"
"STU002521","None","CTC","None","CTC","CTC","CTC","CTC","None","None","None","None","None","None","None","None","None","None","None","None","None","None","None","None","None","None","None","None","None"
"STU002522","None","None","None","None","None","None","None","None","None","None","None","None","None","None","None","None","None","None","None","None","None","None","None","None","None","None","None","None"
"STU002523","None","None","None","None","None","None","None","None","None","None","None","None","None","None","None","None","None","None","None","None","None","None","None","None","None","None","None","None"
"STU002524","CTC","CTC","CTC","CTC","CTC","CTC","CTC","CTC","CTC","CTC","CTC","CTC","CTC","None","CTC","CTC","CTC","CTC","CTC","None","None","None","None","None","None","None","None","None"
"STU002525","4YR","4YR","4YR","4YR","4YR","4YR","4YR","4YR","4YR","4YR","4YR","4YR","4YR","4YR","4YR","4YR","4YR","4YR","4YR","4YR","4YR","4YR","4YR","4YR","4YR","None","None","None"
"STU002526","None","CTC","CTC","CTC","None","None","None","None","None","None","None","None","None","None","None","None","None","None","None","None","None","None","None","None","None","None","None","None"
"STU002527","4YR","None","None","None","None","None","None","None","None","None","None","None","None","None","None","None","None","None","None","None","None","None","None","None","None","None","None","None"
"STU002528","None","CTC","CTC","CTC","CTC","CTC","CTC","None","None","None","None","None","None","None","None","None","None","None","None","None","None","None","None","None","None","None","None","None"
"STU002529","None","None","None","None","None","None","None","None","None","None","None","None","None","None","None","None","None","None","None","None","None","None","None","None","None","None","None","None"
"STU002530","CTC","CTC","None","CTC","CTC","CTC","CTC","4YR","4YR","4YR","4YR","4YR","4YR","4YR","4YR","4YR","4YR","4YR","4YR","None","None","None","None","None","None","None","None","None"
"STU002531","4YR","4YR","4YR","4YR","4YR","None","4YR","4YR","4YR","4YR","4YR","4YR","4YR","4YR","None","None","None","None","None","None","None","None","None","None","None","None","None","None"
"STU002532","CTC","CTC","CTC","CTC","None","None","None","None","None","None","None","None","None","None","None","None","None","None","None","None","None","None","None","None","None","None","None","None"
"STU002533","CTC","CTC","CTC","CTC","None","None","CTC","CTC","4YR","None","None","None","None","None","None","None","None","None","None","None","None","None","None","None","None","None","None","None"
"STU002534","CTC","4YR","4YR","4YR","4YR","CTC","4YR","4YR","4YR","4YR","4YR","4YR","4YR","4YR","4YR","4YR","4YR","4YR","4YR","4YR","4YR","None","None","None","None","None","None","None"
"STU002535","CTC","CTC","CTC","CTC","None","CTC","CTC","CTC","CTC","CTC","CTC","None","None","None","None","None","None","None","None","None","None","None","None","None","None","None","None","None"
"STU002536","4YR","4YR","4YR","4YR","4YR","4YR","4YR","4YR","CTC","4YR","4YR","4YR","4YR","4YR","4YR","4YR","None","None","None","None","None","None","None","None","None","None","None","None"
"STU002537","CTC","CTC","CTC","CTC","CTC","CTC","None","None","None","None","None","None","None","None","None","None","None","None","None","None","None","None","None","None","None","None","None","None"
"STU002538","CTC","CTC","CTC","CTC","CTC","CTC","CTC","CTC","CTC","CTC","CTC","CTC","CTC","CTC","CTC","CTC","CTC","None","None","None","None","None","None","None","None","None","None","None"
"STU002539","None","None","None","CTC","None","CTC","CTC","CTC","CTC","None","None","None","None","None","None","None","None","None","None","None","None","None","None","None","None","None","None","None"
"STU002540","4YR","4YR","4YR","4YR","4YR","4YR","4YR","4YR","4YR","None","None","None","None","None","None","None","None","None","None","None","None","None","None","None","None","None","None","None"
"STU002541","CTC","CTC","CTC","CTC","CTC","CTC","CTC","4YR","CTC","CTC","CTC","CTC","CTC","CTC","None","CTC","None","None","None","None","None","None","None","None","None","None","None","None"
"STU002542","4YR","4YR","None","4YR","4YR","4YR","4YR","4YR","4YR","4YR","4YR","4YR","4YR","None","4YR","4YR","4YR","4YR","4YR","4YR","4YR","4YR","4YR","4YR","4YR","None","None","None"
"STU002543","None","None","None","None","4YR","4YR","4YR","4YR","4YR","4YR","4YR","4YR","4YR","None","None","4YR","CTC","4YR","4YR","4YR","4YR","4YR","None","None","None","None","None","None"
"STU002544","None","None","None","None","None","None","None","None","None","None","None","None","None","None","None","None","None","None","None","None","None","None","None","None","None","None","None","None"
"STU002545","4YR","4YR","4YR","4YR","4YR","4YR","4YR","None","4YR","4YR","4YR","4YR","4YR","None","None","None","None","None","None","None","None","None","None","None","None","None","None","None"
"STU002546","None","None","4YR","4YR","4YR","4YR","4YR","4YR","4YR","4YR","4YR","4YR","4YR","4YR","None","None","None","None","None","None","None","None","None","None","None","None","None","None"
"STU002547","None","None","None","None","None","None","None","None","None","None","None","None","None","None","None","None","None","None","None","None","None","None","None","None","None","None","None","None"
"STU002548","None","None","None","4YR","CTC","CTC","CTC","CTC","CTC","CTC","None","None","None","None","None","None","None","None","None","None","None","None","None","None","None","None","None","None"
"STU002549","4YR","4YR","4YR","4YR","4YR","4YR","4YR","None","None","4YR","4YR","4YR","4YR","4YR","4YR","4YR","4YR","4YR","4YR","4YR","None","None","None","None","None","None","None","None"
"STU002550","None","CTC","4YR","CTC","CTC","CTC","CTC","4YR","CTC","CTC","CTC","None","None","None","None","None","None","None","None","None","None","None","None","None","None","None","None","None"
"STU002551","CTC","CTC","CTC","CTC","CTC","CTC","CTC","CTC","None","None","None","None","None","None","None","None","None","None","None","None","None","None","None","None","None","None","None","None"
"STU002552","None","None","None","None","None","None","None","None","None","None","None","None","None","None","None","None","None","None","None","None","None","None","None","None","None","None","None","None"
"STU002553","4YR","4YR","4YR","4YR","4YR","4YR","4YR","4YR","None","4YR","4YR","4YR","CTC","4YR","None","4YR","4YR","4YR","4YR","4YR","4YR","4YR","4YR","4YR","4YR","None","None","None"
"STU002554","CTC","None","CTC","CTC","None","None","None","None","None","None","None","None","None","None","None","None","None","None","None","None","None","None","None","None","None","None","None","None"
"STU002555","None","CTC","CTC","CTC","CTC","CTC","None","None","None","None","None","None","None","None","None","None","None","None","None","None","None","None","None","None","None","None","None","None"
"STU002556","None","CTC","CTC","CTC","CTC","None","None","None","CTC","None","CTC","CTC","CTC","CTC","None","None","None","None","None","None","None","None","None","None","None","None","None","None"
"STU002557","None","CTC","CTC","CTC","CTC","CTC","CTC","CTC","CTC","CTC","CTC","CTC","CTC","CTC","None","None","None","None","None","None","None","None","None","None","None","None","None","None"
"STU002558","CTC","None","None","None","None","None","None","None","None","None","None","None","None","None","None","None","None","None","None","None","None","None","None","None","None","None","None","None"
"STU002559","None","None","None","None","None","None","None","None","None","None","None","None","None","None","None","None","None","None","None","None","None","None","None","None","None","None","None","None"
"STU002560","None","None","None","None","None","None","None","None","None","None","None","None","None","None","None","None","None","None","None","None","None","None","None","None","None","None","None","None"
"STU002561","None","CTC","None","CTC","None","None","CTC","CTC","CTC","None","None","None","CTC","CTC","CTC","CTC","4YR","4YR","None","None","None","None","None","None","None","None","None","None"
"STU002562","CTC","CTC","CTC","CTC","CTC","CTC","CTC","4YR","4YR","4YR","4YR","4YR","None","4YR","4YR","4YR","CTC","4YR","4YR","CTC","4YR","None","None","None","None","None","None","None"
"STU002563","CTC","CTC","CTC","CTC","None","None","None","None","None","None","None","None","None","None","None","None","None","None","None","None","None","None","None","None","None","None","None","None"
"STU002564","CTC","CTC","CTC","CTC","CTC","CTC","CTC","CTC","CTC","None","None","None","None","None","None","None","None","None","None","None","None","None","None","None","None","None","None","None"
"STU002565","None","None","None","None","4YR","4YR","CTC","4YR","None","4YR","4YR","4YR","4YR","None","None","None","None","None","None","None","None","None","None","None","None","None","None","None"
"STU002566","None","None","None","None","None","None","None","None","None","None","None","None","None","None","None","None","None","None","None","None","None","None","None","None","None","None","None","None"
"STU002567","None","None","None","CTC","CTC","CTC","CTC","CTC","None","None","CTC","CTC","CTC","CTC","CTC","CTC","CTC","None","None","None","None","None","None","None","None","None","None","None"
"STU002568","4YR","4YR","4YR","4YR","CTC","CTC","CTC","CTC","CTC","CTC","CTC","None","None","None","None","None","None","None","None","None","None","None","None","None","None","None","None","None"
"STU002569","None","None","4YR","4YR","4YR","None","None","None","4YR","4YR","4YR","4YR","4YR","4YR","4YR","None","None","None","None","None","None","None","None","None","None","None","None","None"
"STU002570","None","None","None","None","None","None","None","None","None","None","None","None","None","None","None","None","None","None","None","CTC","None","None","None","None","None","None","None","None"
"STU002571","CTC","CTC","CTC","CTC","CTC","CTC","None","None","None","None","None","None","None","None","None","None","None","None","None","None","None","None","None","None","None","None","None","None"
"STU002572","None","4YR","None","None","None","None","4YR","4YR","4YR","4YR","4YR","4YR","None","None","None","None","None","None","None","None","None","None","None","None","None","None","None","None"
"STU002573","4YR","4YR","4YR","None","None","None","None","None","None","None","None","None","None","None","None","None","None","None","None","None","None","None","None","None","None","None","None","None"
"STU002574","4YR","4YR","4YR","4YR","4YR","4YR","4YR","4YR","4YR","4YR","4YR","4YR","4YR","4YR","None","None","None","None","None","None","None","None","None","None","None","None","None","None"
"STU002575","4YR","4YR","4YR","4YR","None","None","None","None","None","None","None","None","None","None","None","None","None","None","None","None","None","None","None","None","None","None","None","None"
"STU002576","CTC","CTC","CTC","None","None","None","None","None","None","None","None","None","None","None","None","None","None","None","None","None","None","None","None","None","None","None","None","None"
"STU002577","CTC","CTC","CTC","CTC","CTC","None","CTC","CTC","None","None","None","None","None","None","None","None","None","None","None","None","None","None","None","None","None","None","None","None"
"STU002578","CTC","4YR","None","4YR","4YR","4YR","4YR","4YR","4YR","None","None","None","None","None","None","None","None","None","None","None","None","None","None","None","None","None","None","None"
"STU002579","4YR","4YR","4YR","4YR","4YR","4YR","CTC","4YR","None","4YR","None","None","None","None","None","None","None","None","None","None","None","None","None","None","None","None","None","None"
"STU002580","None","None","None","None","CTC","CTC","CTC","None","None","CTC","CTC","CTC","CTC","CTC","None","None","None","None","None","None","None","None","None","None","None","None","None","None"
"STU002581","None","None","CTC","CTC","CTC","CTC","CTC","None","None","None","None","None","None","None","None","None","None","None","None","None","None","None","None","None","None","None","None","None"
"STU002582","CTC","CTC","CTC","CTC","CTC","CTC","CTC","CTC","None","None","None","None","None","None","None","None","None","None","None","None","None","None","None","None","None","None","None","None"
"STU002583","None","None","None","None","None","None","None","None","None","None","None","None","None","None","None","None","None","None","None","None","None","None","None","None","None","None","None","None"
"STU002584","CTC","CTC","CTC","CTC","CTC","CTC","CTC","CTC","None","None","None","None","None","None","None","None","None","None","None","None","None","None","None","None","None","None","None","None"
"STU002585","4YR","4YR","4YR","4YR","4YR","None","4YR","4YR","4YR","4YR","4YR","4YR","4YR","4YR","None","None","None","None","None","None","None","None","None","None","None","None","None","None"
"STU002586","None","None","None","None","None","None","None","None","None","None","None","None","None","None","None","None","None","None","None","None","None","None","None","None","None","None","None","None"
"STU002587","CTC","CTC","CTC","CTC","CTC","CTC","CTC","None","4YR","4YR","4YR","4YR","4YR","4YR","4YR","4YR","None","None","None","None","None","None","None","None","None","None","None","None"
"STU002588","4YR","4YR","4YR","4YR","4YR","4YR","4YR","4YR","4YR","4YR","4YR","4YR","4YR","4YR","4YR","None","None","None","None","None","None","None","None","None","None","None","None","None"
"STU002589","4YR","4YR","4YR","4YR","4YR","4YR","4YR","4YR","4YR","CTC","4YR","4YR","4YR","None","None","None","None","None","None","None","None","None","None","None","None","None","None","None"
"STU002590","CTC","CTC","CTC","CTC","None","CTC","CTC","CTC","CTC","CTC","CTC","CTC","CTC","CTC","CTC","CTC","CTC","CTC","None","None","None","None","None","None","None","None","None","None"
"STU002591","4YR","None","4YR","4YR","4YR","CTC","4YR","4YR","4YR","4YR","4YR","4YR","4YR","4YR","4YR","4YR","4YR","4YR","4YR","None","CTC","4YR","4YR","None","4YR","4YR","4YR","4YR"
"STU002592","None","None","None","None","None","None","None","None","None","None","None","None","None","None","None","None","None","None","None","None","None","None","None","None","None","None","None","None"
"STU002593","CTC","CTC","CTC","None","CTC","None","None","None","None","None","None","None","None","None","None","None","None","None","None","None","None","None","None","None","None","None","None","None"
"STU002594","4YR","4YR","4YR","None","4YR","4YR","4YR","4YR","4YR","4YR","4YR","4YR","4YR","4YR","4YR","4YR","4YR","CTC","4YR","4YR","4YR","4YR","CTC","4YR","4YR","None","None","None"
"STU002595","4YR","4YR","4YR","4YR","4YR","4YR","4YR","4YR","4YR","None","4YR","None","4YR","4YR","4YR","4YR","4YR","4YR","4YR","4YR","4YR","4YR","4YR","4YR","4YR","4YR","4YR","4YR"
"STU002596","4YR","4YR","4YR","4YR","4YR","4YR","4YR","None","None","None","None","None","None","None","None","None","None","None","None","None","None","None","None","None","None","None","None","None"
"STU002597","4YR","4YR","4YR","4YR","4YR","4YR","4YR","4YR","4YR","4YR","4YR","4YR","4YR","4YR","None","None","None","None","None","None","None","None","None","None","None","None","None","None"
"STU002598","None","None","CTC","None","CTC","4YR","CTC","CTC","CTC","CTC","None","None","None","None","None","None","None","None","None","None","None","None","None","None","None","None","None","None"
"STU002599","4YR","4YR","4YR","None","4YR","4YR","4YR","CTC","4YR","4YR","4YR","4YR","4YR","4YR","4YR","None","None","None","None","None","None","None","None","None","None","None","None","None"
"STU002600","CTC","CTC","None","CTC","CTC","None","None","None","None","None","None","None","None","None","None","None","None","None","None","None","None","None","None","None","None","None","None","None"
"STU002601","CTC","CTC","CTC","CTC","CTC","4YR","CTC","CTC","None","None","None","None","None","None","None","None","None","None","None","None","None","None","None","None","None","None","None","None"
"STU002602","4YR","None","CTC","None","None","None","None","None","None","None","None","None","None","None","None","None","None","None","None","None","None","None","None","None","None","None","None","None"
"STU002603","4YR","4YR","4YR","None","4YR","CTC","CTC","CTC","CTC","None","CTC","CTC","CTC","CTC","CTC","CTC","CTC","CTC","None","None","None","None","None","None","None","None","None","None"
"STU002604","None","CTC","CTC","CTC","CTC","None","None","None","None","None","None","None","None","None","None","None","None","None","None","None","None","None","None","None","None","None","None","None"
"STU002605","None","None","None","CTC","CTC","CTC","CTC","CTC","None","CTC","CTC","None","CTC","None","CTC","None","None","None","None","None","None","None","None","None","None","None","None","None"
"STU002606","None","None","None","None","4YR","4YR","None","4YR","4YR","None","None","None","None","None","None","None","None","None","None","None","None","None","None","None","None","None","None","None"
"STU002607","None","None","CTC","CTC","CTC","CTC","CTC","CTC","CTC","CTC","CTC","None","None","CTC","4YR","CTC","CTC","CTC","CTC","CTC","None","None","None","None","None","None","None","None"
"STU002608","CTC","CTC","CTC","CTC","CTC","CTC","CTC","CTC","None","None","None","None","None","None","None","None","None","None","None","None","None","None","None","None","None","None","None","None"
"STU002609","CTC","CTC","CTC","CTC","CTC","CTC","None","None","None","None","None","None","None","None","None","None","None","None","None","None","None","None","None","None","None","None","None","None"
"STU002610","CTC","CTC","CTC","CTC","CTC","CTC","None","CTC","CTC","CTC","CTC","4YR","CTC","CTC","CTC","CTC","CTC","CTC","CTC","None","None","None","None","None","None","None","None","None"
"STU002611","None","None","None","4YR","4YR","4YR","4YR","4YR","4YR","4YR","None","None","None","None","None","None","None","None","None","None","None","None","None","None","None","None","None","None"
"STU002612","None","None","CTC","CTC","None","None","None","None","None","None","None","None","None","None","None","None","None","None","None","None","None","None","None","None","None","None","None","None"
"STU002613","None","None","CTC","4YR","CTC","CTC","CTC","None","CTC","CTC","CTC","None","None","None","None","None","None","None","None","None","None","None","None","None","None","None","None","None"
"STU002614","4YR","CTC","4YR","4YR","None","4YR","None","4YR","4YR","4YR","4YR","4YR","4YR","4YR","4YR","4YR","None","4YR","4YR","4YR","4YR","None","None","None","None","None","None","None"
"STU002615","None","None","CTC","CTC","CTC","CTC","CTC","CTC","CTC","CTC","None","None","None","None","None","None","None","None","None","None","None","None","None","None","None","None","None","None"
"STU002616","None","None","None","None","None","None","None","None","None","None","None","None","None","None","None","None","None","None","None","None","None","None","None","None","None","None","None","None"
"STU002617","CTC","CTC","CTC","CTC","CTC","CTC","CTC","CTC","None","None","None","None","None","None","None","None","None","None","None","None","None","None","None","None","None","None","None","None"
"STU002618","None","None","None","None","None","None","None","None","None","None","None","None","None","None","None","None","None","None","None","None","None","None","None","None","None","None","None","None"
"STU002619","None","None","None","None","CTC","CTC","CTC","None","None","None","None","None","None","None","None","None","None","None","None","None","None","None","None","None","None","None","None","None"
"STU002620","None","None","CTC","CTC","CTC","None","CTC","CTC","CTC","CTC","CTC","CTC","None","None","None","None","None","None","None","None","None","None","None","None","None","None","None","None"
"STU002621","CTC","CTC","CTC","CTC","CTC","CTC","CTC","CTC","None","CTC","CTC","None","None","None","None","None","None","None","None","None","None","None","None","None","None","None","None","None"
"STU002622","None","None","4YR","None","None","4YR","4YR","4YR","4YR","4YR","4YR","4YR","None","None","None","None","None","None","None","None","None","None","None","None","None","None","None","None"
"STU002623","None","None","None","None","CTC","CTC","CTC","None","None","None","CTC","CTC","CTC","CTC","CTC","None","None","None","None","None","None","None","None","None","None","None","None","None"
"STU002624","CTC","CTC","CTC","None","CTC","CTC","CTC","None","None","None","None","None","None","None","None","None","None","None","None","None","None","None","None","None","None","None","None","None"
"STU002625","None","CTC","CTC","None","CTC","4YR","CTC","CTC","CTC","CTC","None","None","None","None","None","None","None","None","None","None","None","None","None","None","None","None","None","None"
"STU002626","4YR","4YR","4YR","4YR","4YR","4YR","4YR","4YR","4YR","4YR","4YR","4YR","4YR","4YR","None","None","None","None","None","None","None","None","None","None","None","None","None","None"
"STU002627","None","None","None","None","None","None","None","None","None","None","None","None","None","None","None","None","None","None","None","None","None","None","None","None","None","None","None","None"
"STU002628","None","None","4YR","CTC","4YR","4YR","4YR","4YR","None","4YR","None","None","None","None","None","None","None","None","None","None","None","None","None","None","None","None","None","None"
"STU002629","CTC","CTC","CTC","CTC","CTC","CTC","None","None","None","None","None","None","None","None","None","None","None","None","None","None","None","None","None","None","None","None","None","None"
"STU002630","CTC","CTC","CTC","CTC","None","None","None","None","None","None","None","None","None","None","None","None","None","None","None","None","None","None","None","None","None","None","None","None"
"STU002631","None","None","None","None","None","None","None","None","None","None","None","None","None","None","None","None","None","None","None","None","None","None","None","None","None","None","None","None"
"STU002632","None","None","None","None","None","None","None","None","None","None","None","None","None","None","None","None","None","None","None","None","None","None","None","None","None","None","None","None"
"STU002633","CTC","None","CTC","CTC","CTC","CTC","CTC","4YR","4YR","4YR","4YR","4YR","4YR","4YR","4YR","4YR","4YR","4YR","4YR","4YR","4YR","None","None","None","None","None","None","None"
"STU002634","CTC","None","CTC","CTC","CTC","CTC","CTC","4YR","4YR","4YR","4YR","4YR","4YR","4YR","None","4YR","4YR","4YR","4YR","4YR","None","None","None","None","None","None","None","None"
"STU002635","None","None","None","None","None","None","None","None","None","None","None","None","None","None","None","None","None","None","None","None","None","None","None","None","None","None","None","None"
"STU002636","CTC","CTC","CTC","CTC","CTC","CTC","CTC","None","None","None","None","None","None","None","None","None","None","None","None","None","None","None","None","None","None","None","None","None"
"STU002637","CTC","CTC","CTC","CTC","CTC","CTC","4YR","CTC","CTC","CTC","CTC","CTC","None","None","None","None","None","None","None","None","None","None","None","None","None","None","None","None"
"STU002638","None","CTC","CTC","CTC","CTC","CTC","CTC","CTC","CTC","CTC","CTC","CTC","CTC","CTC","CTC","CTC","CTC","CTC","CTC","CTC","None","None","None","None","None","None","None","None"
"STU002639","4YR","4YR","4YR","4YR","4YR","4YR","4YR","4YR","None","4YR","4YR","4YR","4YR","4YR","4YR","4YR","4YR","None","4YR","4YR","None","None","None","None","None","None","None","None"
"STU002640","None","None","CTC","CTC","None","None","None","None","None","None","None","None","None","None","None","None","None","None","None","None","None","None","None","None","None","None","None","None"
"STU002641","None","CTC","CTC","CTC","CTC","CTC","CTC","None","None","None","None","None","None","None","None","None","None","None","None","None","None","None","None","None","None","None","None","None"
"STU002642","CTC","4YR","4YR","4YR","4YR","4YR","CTC","4YR","4YR","4YR","4YR","4YR","4YR","4YR","4YR","4YR","4YR","None","4YR","None","CTC","4YR","None","4YR","4YR","4YR","None","None"
"STU002643","None","None","None","None","None","None","None","None","None","None","None","None","None","None","None","None","None","None","None","None","None","None","None","None","None","None","None","None"
"STU002644","None","None","None","CTC","CTC","CTC","None","CTC","CTC","CTC","None","None","CTC","CTC","CTC","None","None","None","None","None","None","None","None","None","None","None","None","None"
"STU002645","None","None","None","None","None","None","None","None","None","None","None","None","None","None","None","None","None","None","None","None","None","None","None","None","None","None","None","None"
"STU002646","None","4YR","4YR","4YR","4YR","None","None","None","None","None","None","None","None","None","None","None","None","None","None","None","None","None","None","None","None","None","None","None"
"STU002647","None","None","None","None","None","None","None","None","None","None","None","None","None","None","None","None","None","None","None","None","None","None","None","None","None","None","None","None"
"STU002648","None","4YR","4YR","4YR","4YR","4YR","4YR","4YR","4YR","4YR","4YR","4YR","4YR","4YR","None","None","None","None","None","None","None","None","None","None","None","None","None","None"
"STU002649","None","4YR","4YR","4YR","4YR","None","None","4YR","4YR","4YR","4YR","4YR","None","None","None","None","None","None","None","None","None","None","None","None","None","None","None","None"
"STU002650","None","None","None","None","CTC","CTC","CTC","CTC","CTC","CTC","CTC","CTC","CTC","None","None","CTC","CTC","None","None","None","None","None","None","None","None","None","None","None"
"STU002651","None","None","None","None","None","None","None","None","None","None","None","None","None","None","None","None","None","None","None","None","None","None","None","None","None","None","None","None"
"STU002652","CTC","CTC","CTC","CTC","None","CTC","CTC","None","None","None","None","None","None","None","None","None","None","None","None","None","None","None","None","None","None","None","None","None"
"STU002653","None","None","CTC","CTC","CTC","CTC","CTC","CTC","None","None","None","None","None","None","None","None","None","None","None","None","None","None","None","None","None","None","None","None"
"STU002654","CTC","CTC","CTC","None","None","None","None","None","None","None","None","None","None","None","None","None","None","None","None","None","None","None","None","None","None","None","None","None"
"STU002655","CTC","CTC","CTC","CTC","CTC","CTC","CTC","CTC","None","None","None","None","None","None","None","None","None","None","None","None","None","None","None","None","None","None","None","None"
"STU002656","None","None","None","None","None","None","None","None","None","None","None","None","None","None","None","None","None","None","None","None","None","None","None","None","None","None","None","None"
"STU002657","CTC","CTC","CTC","CTC","CTC","CTC","None","None","None","None","None","None","None","None","None","None","None","None","None","None","None","None","None","None","None","None","None","None"
"STU002658","CTC","CTC","CTC","None","None","None","None","None","None","None","None","None","None","None","None","None","None","None","None","None","None","None","None","None","None","None","None","None"
"STU002659","CTC","CTC","CTC","CTC","CTC","CTC","None","None","None","None","None","None","None","None","None","None","None","None","None","None","None","None","None","None","None","None","None","None"
"STU002660","4YR","4YR","4YR","4YR","4YR","4YR","4YR","CTC","4YR","None","4YR","None","4YR","4YR","4YR","4YR","4YR","4YR","4YR","4YR","4YR","4YR","4YR","4YR","4YR","None","None","None"
"STU002661","CTC","CTC","CTC","CTC","CTC","CTC","CTC","CTC","4YR","None","None","4YR","4YR","4YR","None","4YR","4YR","None","None","None","None","None","None","None","None","None","None","None"
"STU002662","4YR","4YR","4YR","4YR","4YR","4YR","4YR","4YR","4YR","4YR","4YR","4YR","4YR","4YR","None","None","None","None","None","None","None","None","None","None","None","None","None","None"
"STU002663","4YR","4YR","4YR","4YR","4YR","CTC","4YR","4YR","4YR","4YR","4YR","4YR","4YR","4YR","4YR","None","None","None","None","None","None","None","None","None","None","None","None","None"
"STU002664","None","None","None","None","None","None","None","None","None","None","None","None","None","None","None","None","None","None","None","None","None","None","None","None","None","None","None","None"
"STU002665","None","None","None","None","None","None","None","None","None","None","None","None","None","None","None","None","None","None","None","None","None","None","None","None","None","None","None","None"
"STU002666","4YR","4YR","4YR","None","4YR","4YR","4YR","4YR","4YR","4YR","4YR","4YR","4YR","None","4YR","None","None","None","None","None","None","None","None","None","None","None","None","None"
"STU002667","None","None","None","None","None","None","None","None","None","None","None","None","None","None","None","None","None","None","None","None","None","None","None","None","None","None","None","None"
"STU002668","CTC","4YR","4YR","4YR","4YR","4YR","4YR","None","4YR","4YR","4YR","4YR","4YR","4YR","4YR","None","None","None","None","None","None","None","None","None","None","None","None","None"
"STU002669","CTC","CTC","CTC","CTC","CTC","CTC","CTC","CTC","None","None","None","None","None","None","None","None","None","None","None","None","None","None","None","None","None","None","None","None"
"STU002670","4YR","4YR","4YR","4YR","4YR","4YR","4YR","4YR","4YR","4YR","4YR","4YR","4YR","4YR","4YR","None","None","None","None","None","None","None","None","None","None","None","None","None"
"STU002671","CTC","CTC","CTC","CTC","CTC","None","None","None","None","None","None","None","None","None","None","None","None","None","None","None","None","None","None","None","None","None","None","None"
"STU002672","None","4YR","4YR","4YR","None","4YR","4YR","4YR","4YR","None","None","None","None","None","None","None","None","None","None","None","None","None","None","None","None","None","None","None"
"STU002673","4YR","4YR","None","4YR","4YR","CTC","4YR","4YR","4YR","4YR","4YR","4YR","4YR","4YR","4YR","None","None","None","None","None","None","None","None","None","None","None","None","None"
"STU002674","4YR","4YR","4YR","4YR","4YR","4YR","4YR","4YR","4YR","4YR","4YR","4YR","4YR","4YR","4YR","None","None","None","None","None","None","None","None","None","None","None","None","None"
"STU002675","None","None","CTC","CTC","None","None","None","None","None","None","None","None","None","None","None","None","None","None","None","None","None","None","None","None","None","None","None","None"
"STU002676","None","None","None","CTC","CTC","CTC","CTC","CTC","CTC","CTC","CTC","None","None","None","None","None","None","None","None","None","None","None","None","None","None","None","None","None"
"STU002677","CTC","CTC","CTC","None","None","None","None","None","None","None","None","None","None","None","None","None","None","None","None","None","None","None","None","None","None","None","None","None"
"STU002678","CTC","CTC","CTC","CTC","CTC","CTC","CTC","CTC","None","None","None","None","None","None","None","None","None","None","None","None","None","None","None","None","None","None","None","None"
"STU002679","None","None","None","CTC","CTC","CTC","CTC","CTC","CTC","CTC","CTC","CTC","4YR","None","None","None","None","None","None","None","None","None","None","None","None","None","None","None"
"STU002680","CTC","CTC","CTC","CTC","CTC","CTC","None","None","None","None","None","None","None","None","None","None","None","None","None","None","None","None","None","None","None","None","None","None"
"STU002681","CTC","CTC","CTC","CTC","CTC","CTC","CTC","None","None","None","None","None","None","None","None","None","None","None","None","None","None","None","None","None","None","None","None","None"
"STU002682","None","CTC","CTC","CTC","CTC","CTC","4YR","4YR","4YR","4YR","4YR","4YR","4YR","4YR","4YR","None","None","None","None","None","None","None","None","None","None","None","None","None"
"STU002683","CTC","4YR","CTC","None","None","None","None","None","None","None","None","None","None","None","None","None","None","None","None","None","None","None","None","None","None","None","None","None"
"STU002684","None","None","None","None","None","None","None","None","None","None","None","None","None","None","None","None","None","None","None","None","None","None","None","None","None","None","None","None"
"STU002685","None","None","None","None","4YR","4YR","4YR","4YR","4YR","4YR","4YR","4YR","4YR","4YR","None","None","None","None","None","None","None","None","None","None","None","None","None","None"
"STU002686","None","None","None","4YR","4YR","4YR","None","None","None","4YR","4YR","4YR","4YR","None","None","None","None","None","None","None","None","None","None","None","None","None","None","None"
"STU002687","4YR","4YR","4YR","4YR","4YR","4YR","4YR","4YR","4YR","4YR","4YR","4YR","4YR","4YR","4YR","4YR","None","None","None","None","None","None","None","None","None","None","None","None"
"STU002688","CTC","CTC","CTC","4YR","CTC","CTC","CTC","CTC","CTC","None","None","None","None","None","None","None","None","None","None","None","None","None","None","None","None","None","None","None"
"STU002689","CTC","None","CTC","CTC","CTC","CTC","CTC","CTC","CTC","CTC","CTC","CTC","CTC","None","None","CTC","CTC","CTC","None","None","None","None","None","None","None","None","None","None"
"STU002690","CTC","CTC","CTC","CTC","CTC","CTC","4YR","4YR","4YR","CTC","4YR","4YR","4YR","4YR","None","4YR","4YR","4YR","None","None","None","None","None","None","None","None","None","None"
"STU002691","None","CTC","CTC","CTC","4YR","CTC","CTC","CTC","CTC","CTC","CTC","CTC","None","None","None","None","None","None","None","None","None","None","None","None","None","None","None","None"
"STU002692","CTC","CTC","CTC","CTC","CTC","CTC","CTC","4YR","4YR","4YR","4YR","4YR","4YR","4YR","4YR","4YR","4YR","4YR","4YR","None","None","None","None","None","None","None","None","None"
"STU002693","CTC","CTC","CTC","CTC","CTC","CTC","None","None","None","None","None","None","None","None","None","None","None","None","None","None","None","None","None","None","None","None","None","None"
"STU002694","CTC","CTC","CTC","CTC","CTC","None","CTC","CTC","None","None","None","None","None","None","None","None","None","None","None","None","None","None","None","None","None","None","None","None"
"STU002695","None","CTC","CTC","CTC","CTC","CTC","CTC","CTC","CTC","CTC","CTC","None","None","None","None","None","None","None","None","None","None","None","None","None","None","None","None","None"
"STU002696","4YR","4YR","4YR","4YR","4YR","4YR","4YR","4YR","4YR","4YR","4YR","4YR","4YR","4YR","4YR","4YR","4YR","4YR","4YR","None","None","None","None","None","None","None","None","None"
"STU002697","CTC","None","None","None","None","None","None","None","None","None","None","None","None","None","None","None","None","None","None","None","None","None","None","None","None","None","None","None"
"STU002698","None","None","CTC","CTC","CTC","CTC","None","None","None","None","None","None","None","None","None","None","None","None","None","None","None","None","None","None","None","None","None","None"
"STU002699","None","None","None","None","None","None","None","None","None","None","None","None","None","None","None","None","None","None","None","None","None","None","None","None","None","None","None","None"
"STU002700","4YR","4YR","4YR","4YR","4YR","4YR","None","None","None","None","None","None","None","None","None","None","None","None","None","None","None","None","None","None","None","None","None","None"
"STU002701","CTC","CTC","CTC","CTC","CTC","CTC","CTC","None","None","None","None","None","None","None","None","None","None","None","None","None","None","None","None","None","None","None","None","None"
"STU002702","CTC","CTC","CTC","CTC","CTC","CTC","None","None","None","None","None","None","None","None","None","None","None","None","None","None","None","None","None","None","None","None","None","None"
"STU002703","None","None","None","CTC","CTC","CTC","CTC","None","CTC","CTC","CTC","CTC","CTC","None","None","None","None","None","None","None","None","None","None","None","None","None","None","None"
"STU002704","None","None","None","None","None","None","None","None","None","None","None","None","None","None","None","None","None","None","None","None","None","None","None","None","None","None","None","None"
"STU002705","None","None","None","None","None","None","None","None","None","None","None","None","None","None","None","None","None","None","None","None","None","None","None","None","None","None","None","None"
"STU002706","CTC","CTC","CTC","None","None","None","None","None","None","None","None","None","None","None","None","None","None","None","None","None","None","None","None","None","None","None","None","None"
"STU002707","None","None","None","None","None","None","None","None","None","None","None","None","None","None","None","None","None","None","None","None","None","None","None","None","None","None","None","None"
"STU002708","4YR","4YR","4YR","4YR","4YR","CTC","4YR","4YR","4YR","4YR","CTC","4YR","4YR","4YR","4YR","4YR","CTC","4YR","None","None","None","None","None","None","None","None","None","None"
"STU002709","CTC","None","CTC","None","CTC","CTC","CTC","CTC","None","None","None","None","None","None","None","None","None","None","None","None","None","None","None","None","None","None","None","None"
"STU002710","None","None","None","None","None","None","None","None","None","None","None","None","None","None","None","None","None","None","None","None","None","None","None","None","None","None","None","None"
"STU002711","None","None","None","None","CTC","CTC","CTC","None","CTC","None","CTC","None","CTC","CTC","CTC","None","None","None","None","None","None","None","None","None","None","None","None","None"
"STU002712","None","None","4YR","4YR","4YR","4YR","4YR","4YR","None","None","None","None","None","None","None","None","None","None","None","None","None","None","None","None","None","None","None","None"
"STU002713","None","None","None","None","None","None","None","None","None","None","None","None","None","None","None","None","None","None","None","None","None","None","None","None","None","None","None","None"
"STU002714","None","4YR","4YR","4YR","None","CTC","4YR","4YR","4YR","4YR","4YR","4YR","4YR","None","None","None","None","None","None","None","None","None","None","None","None","None","None","None"
"STU002715","CTC","None","CTC","None","CTC","None","CTC","CTC","CTC","None","None","None","None","None","None","None","None","None","None","None","None","None","None","None","None","None","None","None"
"STU002716","None","None","None","None","None","None","None","None","None","None","None","None","None","None","None","None","None","None","None","None","None","None","None","None","None","None","None","None"
"STU002717","None","None","None","None","4YR","4YR","4YR","4YR","CTC","4YR","None","None","None","4YR","4YR","4YR","4YR","None","None","None","None","None","None","None","None","None","None","None"
"STU002718","None","None","None","4YR","CTC","CTC","CTC","CTC","CTC","CTC","CTC","None","None","None","None","None","None","None","None","None","None","None","None","None","None","None","None","None"
"STU002719","None","None","None","CTC","CTC","CTC","CTC","CTC","CTC","CTC","None","None","CTC","CTC","CTC","None","None","None","None","None","None","None","None","None","None","None","None","None"
"STU002720","None","None","None","None","CTC","CTC","None","None","None","None","None","None","None","None","None","None","None","None","None","None","None","None","None","None","None","None","None","None"
"STU002721","None","None","None","None","None","None","None","None","None","None","None","None","None","None","None","None","None","None","None","None","None","None","None","None","None","None","None","None"
"STU002722","None","None","None","None","CTC","CTC","CTC","CTC","CTC","None","CTC","CTC","CTC","4YR","CTC","None","None","None","None","None","None","None","None","None","None","None","None","None"
"STU002723","None","None","None","None","None","None","None","None","None","None","None","None","None","None","None","None","None","None","None","None","None","None","None","None","None","None","None","None"
"STU002724","None","None","CTC","CTC","CTC","CTC","CTC","CTC","CTC","None","None","None","None","None","None","None","None","None","None","None","None","None","None","None","None","None","None","None"
"STU002725","4YR","4YR","4YR","4YR","None","4YR","4YR","4YR","4YR","4YR","4YR","4YR","4YR","4YR","None","4YR","4YR","4YR","4YR","4YR","4YR","None","None","None","None","None","None","None"
"STU002726","4YR","4YR","4YR","4YR","None","4YR","4YR","4YR","4YR","4YR","4YR","4YR","4YR","4YR","4YR","None","None","None","None","None","None","None","None","None","None","None","None","None"
"STU002727","CTC","CTC","CTC","CTC","CTC","CTC","None","None","None","None","None","None","None","None","None","None","None","None","None","None","None","None","None","None","None","None","None","None"
"STU002728","4YR","4YR","4YR","4YR","4YR","4YR","4YR","CTC","4YR","4YR","4YR","4YR","4YR","4YR","4YR","4YR","4YR","4YR","4YR","4YR","4YR","4YR","4YR","None","None","None","None","None"
"STU002729","None","None","None","None","CTC","CTC","CTC","None","None","None","None","None","None","None","None","None","None","None","None","None","None","None","None","None","None","None","None","None"
"STU002730","4YR","None","4YR","4YR","4YR","4YR","4YR","4YR","None","4YR","4YR","4YR","4YR","4YR","None","None","None","None","None","None","None","None","None","None","None","None","None","None"
"STU002731","CTC","CTC","None","CTC","CTC","CTC","None","None","None","None","None","None","None","None","None","None","None","None","None","None","None","None","None","None","None","None","None","None"
"STU002732","None","None","None","None","None","None","None","None","None","None","None","None","None","None","None","None","None","None","None","None","None","None","None","None","None","None","None","None"
"STU002733","None","None","None","None","None","None","None","None","None","None","None","None","None","None","None","None","None","None","None","None","None","None","None","None","None","None","None","None"
"STU002734","None","None","None","CTC","CTC","CTC","None","None","None","None","None","None","None","None","None","None","None","None","None","None","None","None","None","None","None","None","None","None"
"STU002735","None","4YR","CTC","None","None","None","None","None","None","None","None","None","None","None","None","None","None","None","None","None","None","None","None","None","None","None","None","None"
"STU002736","CTC","CTC","CTC","CTC","None","4YR","CTC","CTC","4YR","4YR","4YR","4YR","4YR","4YR","4YR","4YR","4YR","None","None","None","None","None","None","None","None","None","None","None"
"STU002737","None","None","None","None","None","None","None","None","None","None","None","None","None","None","None","None","None","None","None","None","None","None","None","None","None","None","None","None"
"STU002738","None","None","4YR","4YR","4YR","None","4YR","4YR","4YR","4YR","4YR","4YR","None","None","None","None","None","None","None","None","None","None","None","None","None","None","None","None"
"STU002739","None","CTC","CTC","CTC","CTC","CTC","CTC","CTC","None","None","None","None","None","None","None","None","None","None","None","None","None","None","None","None","None","None","None","None"
"STU002740","None","None","None","None","4YR","4YR","4YR","4YR","4YR","4YR","4YR","4YR","4YR","CTC","None","None","None","None","None","None","None","None","None","None","None","None","None","None"
"STU002741","CTC","CTC","None","CTC","None","CTC","None","None","None","None","None","None","None","None","None","None","None","None","None","None","None","None","None","None","None","None","None","None"
"STU002742","CTC","CTC","CTC","CTC","CTC","CTC","CTC","None","None","None","None","None","None","None","None","None","None","None","None","None","None","None","None","None","None","None","None","None"
"STU002743","None","None","None","CTC","None","4YR","None","CTC","CTC","None","CTC","CTC","None","None","None","None","None","None","None","None","None","None","None","None","None","None","None","None"
"STU002744","None","CTC","CTC","None","None","None","None","None","None","None","None","None","None","None","None","None","None","None","None","None","None","None","None","None","None","None","None","None"
"STU002745","4YR","4YR","4YR","4YR","4YR","4YR","4YR","4YR","4YR","4YR","4YR","4YR","4YR","4YR","4YR","None","None","None","None","None","None","None","None","None","None","None","None","None"
"STU002746","CTC","CTC","None","CTC","CTC","CTC","CTC","4YR","4YR","4YR","4YR","4YR","4YR","4YR","4YR","4YR","None","None","None","None","None","None","None","None","None","None","None","None"
"STU002747","4YR","4YR","4YR","None","4YR","4YR","4YR","4YR","4YR","4YR","4YR","4YR","4YR","4YR","4YR","4YR","4YR","4YR","None","None","None","None","None","None","None","None","None","None"
"STU002748","None","None","None","None","None","None","None","None","None","None","None","None","None","None","None","None","None","None","None","None","None","None","None","None","None","None","None","None"
"STU002749","None","None","None","CTC","CTC","CTC","CTC","CTC","CTC","CTC","CTC","CTC","None","CTC","CTC","CTC","None","CTC","None","None","None","None","None","None","None","None","None","None"
"STU002750","4YR","4YR","4YR","4YR","CTC","4YR","4YR","4YR","4YR","4YR","4YR","4YR","4YR","4YR","4YR","4YR","None","None","None","None","None","None","None","None","None","None","None","None"
"STU002751","None","None","None","CTC","CTC","CTC","CTC","CTC","None","CTC","None","CTC","CTC","None","None","None","None","None","None","None","None","None","None","None","None","None","None","None"
"STU002752","4YR","4YR","4YR","4YR","4YR","4YR","4YR","4YR","4YR","4YR","4YR","4YR","4YR","4YR","4YR","None","None","None","None","None","None","None","None","None","None","None","None","None"
"STU002753","None","None","None","None","None","None","None","None","None","None","None","None","None","None","None","None","None","None","None","None","None","None","None","None","None","None","None","None"
"STU002754","4YR","4YR","4YR","4YR","4YR","4YR","4YR","4YR","4YR","4YR","4YR","None","4YR","4YR","None","None","None","None","None","None","None","None","None","None","None","None","None","None"
"STU002755","None","None","None","None","CTC","CTC","CTC","CTC","CTC","CTC","4YR","CTC","CTC","None","None","None","None","None","None","None","None","None","None","None","None","None","None","None"
"STU002756","None","CTC","4YR","None","None","None","None","None","None","None","None","None","None","None","None","None","None","None","None","None","None","None","None","None","None","None","None","None"
"STU002757","None","None","None","CTC","CTC","CTC","None","CTC","CTC","CTC","None","None","None","None","None","None","None","None","None","None","None","None","None","None","None","None","None","None"
"STU002758","4YR","4YR","None","None","None","4YR","4YR","None","4YR","4YR","4YR","4YR","4YR","4YR","None","None","None","None","None","None","None","None","None","None","None","None","None","None"
"STU002759","None","None","None","None","4YR","4YR","4YR","4YR","4YR","CTC","4YR","4YR","None","4YR","None","None","None","None","None","None","None","None","None","None","None","None","None","None"
"STU002760","CTC","4YR","4YR","4YR","4YR","4YR","4YR","4YR","4YR","4YR","4YR","4YR","4YR","4YR","4YR","4YR","4YR","4YR","4YR","4YR","4YR","4YR","None","None","None","None","None","None"
"STU002761","None","CTC","CTC","CTC","CTC","None","None","None","None","None","None","None","None","None","None","None","None","None","None","None","None","None","None","None","None","None","None","None"
"STU002762","None","None","None","None","None","None","None","None","None","None","None","None","None","None","None","None","None","None","None","None","None","None","None","None","None","None","None","None"
"STU002763","CTC","CTC","CTC","CTC","CTC","CTC","None","None","None","None","None","None","None","None","None","None","None","None","None","None","None","None","None","None","None","None","None","None"
"STU002764","None","CTC","CTC","CTC","CTC","CTC","None","None","None","None","None","None","None","None","None","None","None","None","None","None","None","None","None","None","None","None","None","None"
"STU002765","CTC","CTC","CTC","CTC","CTC","CTC","None","CTC","CTC","None","CTC","CTC","CTC","None","CTC","CTC","CTC","CTC","None","None","None","None","None","None","None","None","None","None"
"STU002766","None","CTC","CTC","CTC","CTC","CTC","CTC","CTC","None","None","None","None","None","None","None","None","None","None","None","None","None","None","None","None","None","None","None","None"
"STU002767","None","4YR","4YR","4YR","4YR","4YR","None","4YR","4YR","4YR","4YR","4YR","4YR","4YR","4YR","4YR","None","None","None","None","None","None","None","None","None","None","None","None"
"STU002768","4YR","4YR","4YR","4YR","4YR","4YR","None","4YR","4YR","4YR","4YR","4YR","4YR","None","4YR","None","None","None","None","None","None","None","None","None","None","None","None","None"
"STU002769","None","None","None","None","None","None","None","None","None","None","None","None","None","None","None","None","None","None","None","None","None","None","None","None","None","None","None","None"
"STU002770","None","None","None","CTC","CTC","CTC","None","None","None","None","None","None","None","None","None","None","None","None","None","None","None","None","None","None","None","None","None","None"
"STU002771","None","None","None","None","None","None","None","None","None","None","None","None","None","None","None","None","None","None","None","None","None","None","None","None","None","None","None","None"
"STU002772","None","None","None","None","CTC","CTC","None","None","None","None","None","None","None","None","None","None","None","None","None","None","None","None","None","None","None","None","None","None"
"STU002773","None","None","None","None","None","None","None","None","None","None","None","None","None","None","None","None","None","None","None","None","None","None","None","None","None","None","None","None"
"STU002774","CTC","CTC","CTC","None","None","None","None","None","None","None","None","None","None","None","None","None","None","None","None","None","None","None","None","None","None","None","None","None"
"STU002775","CTC","CTC","CTC","CTC","CTC","None","CTC","CTC","None","None","None","None","None","None","None","None","None","None","None","None","None","None","None","None","None","None","None","None"
"STU002776","CTC","CTC","CTC","CTC","CTC","4YR","CTC","CTC","CTC","CTC","CTC","4YR","CTC","CTC","CTC","CTC","CTC","CTC","None","None","None","None","None","None","None","None","None","None"
"STU002777","None","None","4YR","CTC","CTC","CTC","CTC","CTC","CTC","None","None","None","None","None","None","None","None","None","None","None","None","None","None","None","None","None","None","None"
"STU002778","CTC","CTC","CTC","CTC","CTC","CTC","CTC","CTC","CTC","CTC","CTC","CTC","CTC","CTC","None","None","None","None","None","None","None","None","None","None","None","None","None","None"
"STU002779","CTC","CTC","CTC","CTC","None","CTC","None","None","None","None","None","None","None","None","None","None","None","None","None","None","None","None","None","None","None","None","None","None"
"STU002780","None","None","CTC","CTC","CTC","CTC","CTC","CTC","None","None","None","None","None","None","None","None","None","None","None","None","None","None","None","None","None","None","None","None"
"STU002781","CTC","CTC","CTC","CTC","CTC","CTC","CTC","CTC","CTC","None","None","None","None","None","None","None","None","None","None","None","None","None","None","None","None","None","None","None"
"STU002782","CTC","CTC","CTC","CTC","CTC","None","CTC","CTC","CTC","CTC","CTC","CTC","CTC","CTC","CTC","CTC","CTC","CTC","None","None","None","None","None","None","None","None","None","None"
"STU002783","CTC","CTC","CTC","CTC","CTC","CTC","None","None","None","None","None","None","None","None","None","None","None","None","None","None","None","None","None","None","None","None","None","None"
"STU002784","4YR","4YR","4YR","4YR","4YR","4YR","4YR","4YR","None","4YR","4YR","4YR","4YR","None","4YR","4YR","4YR","4YR","None","None","None","None","None","None","None","None","None","None"
"STU002785","None","None","None","4YR","4YR","None","4YR","4YR","4YR","4YR","4YR","CTC","4YR","None","None","None","None","None","None","None","None","None","None","None","None","None","None","None"
"STU002786","CTC","4YR","4YR","4YR","4YR","4YR","4YR","None","4YR","4YR","4YR","4YR","4YR","4YR","4YR","4YR","None","None","None","None","None","None","None","None","None","None","None","None"
"STU002787","CTC","CTC","CTC","CTC","CTC","CTC","CTC","CTC","CTC","CTC","CTC","CTC","CTC","CTC","CTC","None","None","None","None","None","None","None","None","None","None","None","None","None"
"STU002788","None","CTC","CTC","CTC","None","CTC","4YR","CTC","CTC","CTC","CTC","None","None","None","None","None","None","None","None","None","None","None","None","None","None","None","None","None"
"STU002789","CTC","None","None","None","None","None","None","None","None","None","None","None","None","None","None","None","None","None","None","None","None","None","None","None","None","None","None","None"
"STU002790","None","None","None","CTC","None","CTC","CTC","CTC","CTC","None","None","None","None","None","None","None","None","None","None","None","None","None","None","None","None","None","None","None"
"STU002791","None","None","None","None","4YR","4YR","4YR","4YR","4YR","4YR","4YR","None","None","None","None","None","None","None","None","None","None","None","None","None","None","None","None","None"
"STU002792","None","4YR","4YR","4YR","4YR","4YR","None","None","None","None","None","None","None","None","None","None","None","None","None","None","None","None","None","None","None","None","None","None"
"STU002793","4YR","4YR","4YR","4YR","None","4YR","4YR","None","4YR","4YR","4YR","4YR","4YR","4YR","4YR","None","None","None","None","None","None","None","None","None","None","None","None","None"
"STU002794","None","None","None","None","CTC","CTC","CTC","CTC","CTC","CTC","CTC","CTC","CTC","CTC","None","None","None","None","None","None","None","None","None","None","None","None","None","None"
"STU002795","None","None","None","None","CTC","CTC","CTC","CTC","None","None","None","None","None","None","None","None","None","None","None","None","None","None","None","None","None","None","None","None"
"STU002796","CTC","CTC","CTC","CTC","CTC","CTC","CTC","CTC","None","None","None","None","None","None","None","None","None","None","None","None","None","None","None","None","None","None","None","None"
"STU002797","None","None","None","None","None","CTC","CTC","CTC","CTC","CTC","CTC","None","None","None","None","None","None","None","None","None","None","None","None","None","None","None","None","None"
"STU002798","4YR","CTC","CTC","CTC","CTC","CTC","CTC","CTC","4YR","4YR","4YR","4YR","4YR","4YR","4YR","4YR","None","4YR","4YR","4YR","None","None","None","None","None","None","None","None"
"STU002799","None","None","None","CTC","None","CTC","CTC","CTC","CTC","None","CTC","None","None","None","None","None","None","None","None","None","None","None","None","None","None","None","None","None"
"STU002800","CTC","CTC","None","CTC","None","None","None","None","None","None","None","None","None","None","None","None","None","None","None","None","None","None","None","None","None","None","None","None"
"STU002801","None","None","None","None","None","None","None","None","None","None","None","None","None","None","None","None","None","None","None","None","None","None","None","None","None","None","None","None"
"STU002802","4YR","4YR","4YR","4YR","4YR","4YR","4YR","CTC","None","None","CTC","CTC","CTC","CTC","CTC","CTC","CTC","CTC","None","None","None","None","None","None","None","None","None","None"
"STU002803","None","CTC","CTC","CTC","CTC","CTC","4YR","4YR","4YR","4YR","4YR","4YR","4YR","4YR","4YR","4YR","4YR","4YR","4YR","None","None","None","None","None","None","None","None","None"
"STU002804","CTC","CTC","CTC","CTC","CTC","CTC","None","None","None","None","None","None","None","None","None","None","None","None","None","None","None","None","None","None","None","None","None","None"
"STU002805","CTC","CTC","CTC","CTC","CTC","None","CTC","CTC","CTC","CTC","CTC","CTC","CTC","CTC","None","None","None","None","None","None","None","None","None","None","None","None","None","None"
"STU002806","CTC","CTC","None","None","None","None","None","None","None","None","None","None","None","None","None","None","None","None","None","None","None","None","None","None","None","None","None","None"
"STU002807","4YR","4YR","4YR","4YR","4YR","4YR","4YR","4YR","4YR","4YR","None","4YR","4YR","4YR","4YR","4YR","None","None","None","None","None","None","None","None","None","None","None","None"
"STU002808","CTC","CTC","None","4YR","None","None","None","None","None","None","None","None","None","None","None","None","None","None","None","None","None","None","None","None","None","None","None","None"
"STU002809","4YR","4YR","4YR","CTC","4YR","4YR","4YR","4YR","4YR","4YR","4YR","4YR","4YR","CTC","4YR","4YR","4YR","4YR","CTC","4YR","4YR","4YR","4YR","4YR","4YR","4YR","4YR","4YR"
"STU002810","4YR","4YR","4YR","None","4YR","4YR","4YR","CTC","4YR","4YR","4YR","4YR","4YR","None","4YR","4YR","4YR","4YR","None","4YR","None","4YR","CTC","4YR","4YR","4YR","4YR","4YR"
"STU002811","4YR","4YR","None","None","4YR","4YR","4YR","4YR","4YR","4YR","4YR","4YR","4YR","4YR","4YR","4YR","4YR","None","4YR","4YR","4YR","4YR","4YR","4YR","4YR","4YR","4YR","4YR"
"STU002812","4YR","4YR","4YR","4YR","4YR","4YR","4YR","4YR","4YR","4YR","4YR","4YR","4YR","4YR","4YR","None","None","None","None","None","None","None","None","None","None","None","None","None"
"STU002813","4YR","CTC","CTC","CTC","CTC","CTC","CTC","CTC","CTC","CTC","CTC","CTC","CTC","CTC","CTC","CTC","CTC","CTC","None","None","None","None","None","None","None","None","None","None"
"STU002814","None","None","CTC","CTC","CTC","None","None","None","CTC","CTC","CTC","CTC","CTC","None","None","None","None","None","None","None","None","None","None","None","None","None","None","None"
"STU002815","None","None","None","None","None","None","None","None","None","None","None","None","None","None","None","None","None","None","None","None","None","None","None","None","None","None","None","None"
"STU002816","CTC","CTC","CTC","CTC","CTC","CTC","CTC","CTC","CTC","CTC","CTC","CTC","CTC","None","CTC","None","None","None","None","None","None","None","None","None","None","None","None","None"
"STU002817","None","None","None","None","None","None","None","None","None","None","None","None","None","None","None","None","None","None","None","None","None","None","None","None","None","None","None","None"
"STU002818","CTC","CTC","CTC","CTC","CTC","CTC","CTC","CTC","CTC","None","None","None","None","None","None","None","None","None","None","None","None","None","None","None","None","None","None","None"
"STU002819","None","None","None","None","None","None","None","None","None","None","None","None","None","None","None","None","None","None","None","None","None","None","None","None","None","None","None","None"
"STU002820","CTC","CTC","CTC","CTC","CTC","CTC","4YR","4YR","4YR","4YR","4YR","4YR","4YR","4YR","4YR","4YR","4YR","4YR","None","None","None","None","None","None","None","None","None","None"
"STU002821","None","None","None","4YR","4YR","4YR","4YR","4YR","4YR","None","None","None","None","None","None","None","None","None","None","None","None","None","None","None","None","None","None","None"
"STU002822","CTC","CTC","CTC","None","CTC","None","None","None","None","None","None","None","None","None","None","None","None","None","None","None","None","None","None","None","None","None","None","None"
"STU002823","CTC","CTC","CTC","None","None","None","None","None","None","None","None","None","None","None","None","None","None","None","None","None","None","None","None","None","None","None","None","None"
"STU002824","None","None","None","None","None","None","None","None","None","None","None","None","None","None","None","None","None","None","None","None","None","None","None","None","None","None","None","None"
"STU002825","CTC","CTC","CTC","CTC","CTC","4YR","CTC","CTC","CTC","CTC","CTC","CTC","CTC","CTC","None","None","None","None","None","None","None","None","None","None","None","None","None","None"
"STU002826","None","None","None","CTC","CTC","None","None","None","None","None","None","None","None","None","None","None","None","None","None","None","None","None","None","None","None","None","None","None"
"STU002827","CTC","CTC","CTC","CTC","CTC","CTC","CTC","CTC","None","None","None","None","None","None","None","None","None","None","None","None","None","None","None","None","None","None","None","None"
"STU002828","CTC","CTC","CTC","CTC","CTC","None","None","None","None","None","None","None","None","None","None","None","None","None","None","None","None","None","None","None","None","None","None","None"
"STU002829","4YR","4YR","4YR","4YR","4YR","4YR","4YR","4YR","4YR","4YR","4YR","4YR","4YR","4YR","4YR","None","None","None","None","None","None","None","None","None","None","None","None","None"
"STU002830","4YR","4YR","4YR","4YR","4YR","None","4YR","4YR","None","None","None","None","None","None","None","None","None","None","None","None","None","None","None","None","None","None","None","None"
"STU002831","None","CTC","CTC","CTC","CTC","None","CTC","CTC","CTC","CTC","CTC","CTC","CTC","CTC","CTC","None","None","None","None","None","None","None","None","None","None","None","None","None"
"STU002832","4YR","4YR","4YR","4YR","4YR","4YR","4YR","4YR","4YR","4YR","None","4YR","4YR","4YR","None","None","None","None","None","None","None","None","None","None","None","None","None","None"
"STU002833","None","None","None","None","None","None","None","None","None","None","None","None","None","None","None","None","None","None","None","None","None","None","None","None","None","None","None","None"
"STU002834","None","None","4YR","4YR","4YR","4YR","4YR","None","4YR","4YR","4YR","4YR","None","None","None","None","None","None","None","None","None","None","None","None","None","None","None","None"
"STU002835","4YR","4YR","4YR","CTC","4YR","4YR","4YR","4YR","4YR","4YR","4YR","4YR","4YR","CTC","4YR","4YR","4YR","4YR","4YR","4YR","4YR","4YR","None","4YR","4YR","4YR","4YR","CTC"
"STU002836","4YR","4YR","4YR","4YR","4YR","4YR","4YR","4YR","4YR","4YR","4YR","4YR","4YR","4YR","4YR","4YR","4YR","4YR","4YR","4YR","4YR","4YR","4YR","4YR","4YR","4YR","None","4YR"
"STU002837","None","CTC","CTC","None","None","None","None","None","None","None","None","None","None","None","None","None","None","None","None","None","None","None","None","None","None","None","None","None"
"STU002838","CTC","CTC","CTC","CTC","CTC","CTC","CTC","CTC","CTC","CTC","CTC","CTC","CTC","CTC","None","CTC","CTC","CTC","None","None","None","None","None","None","None","None","None","None"
"STU002839","CTC","CTC","CTC","None","None","None","None","None","None","None","None","None","None","None","None","None","None","None","None","None","None","None","None","None","None","None","None","None"
"STU002840","None","None","None","CTC","None","None","CTC","CTC","CTC","None","None","None","None","None","None","None","None","None","None","None","None","None","None","None","None","None","None","None"
"STU002841","4YR","4YR","4YR","4YR","4YR","4YR","4YR","4YR","4YR","None","4YR","4YR","4YR","4YR","4YR","4YR","None","4YR","4YR","CTC","4YR","4YR","4YR","4YR","4YR","None","4YR","None"
"STU002842","CTC","CTC","CTC","CTC","CTC","CTC","None","None","None","None","None","None","None","None","None","None","None","None","None","None","None","None","None","None","None","None","None","None"
"STU002843","CTC","CTC","CTC","CTC","None","None","None","None","None","None","None","None","None","None","None","None","None","None","None","None","None","None","None","None","None","None","None","None"
"STU002844","None","None","None","None","CTC","4YR","CTC","4YR","CTC","CTC","None","None","None","None","None","None","None","None","None","None","None","None","None","None","None","None","None","None"
"STU002845","None","4YR","4YR","4YR","4YR","4YR","4YR","4YR","4YR","4YR","4YR","4YR","4YR","4YR","4YR","None","None","None","None","None","None","None","None","None","None","None","None","None"
"STU002846","None","None","CTC","4YR","4YR","4YR","4YR","None","None","4YR","4YR","4YR","4YR","4YR","4YR","4YR","None","None","None","None","None","None","None","None","None","None","None","None"
"STU002847","4YR","4YR","4YR","4YR","4YR","4YR","4YR","4YR","4YR","4YR","4YR","4YR","4YR","4YR","4YR","4YR","4YR","4YR","None","None","None","None","None","None","None","None","None","None"
"STU002848","None","None","CTC","CTC","CTC","CTC","CTC","CTC","CTC","None","None","None","None","None","None","None","None","None","None","None","None","None","None","None","None","None","None","None"
"STU002849","None","4YR","CTC","CTC","CTC","CTC","CTC","CTC","CTC","CTC","CTC","CTC","CTC","CTC","CTC","CTC","CTC","None","None","None","None","None","None","None","None","None","None","None"
"STU002850","None","None","None","CTC","CTC","CTC","CTC","CTC","CTC","CTC","None","None","None","None","None","None","None","None","None","None","None","None","None","None","None","None","None","None"
"STU002851","4YR","4YR","4YR","4YR","4YR","4YR","4YR","4YR","4YR","4YR","4YR","None","4YR","CTC","4YR","None","None","None","None","None","None","None","None","None","None","None","None","None"
"STU002852","None","None","None","None","None","None","None","None","None","None","None","None","None","None","None","None","None","None","None","None","None","None","None","None","None","None","None","None"
"STU002853","CTC","CTC","CTC","CTC","CTC","CTC","CTC","None","None","None","None","None","None","None","None","None","None","None","None","None","None","None","None","None","None","None","None","None"
"STU002854","None","None","None","None","None","None","None","None","None","None","None","None","None","None","None","None","None","None","None","None","None","None","None","None","None","None","None","None"
"STU002855","CTC","CTC","CTC","CTC","CTC","None","None","None","None","None","None","None","None","None","None","None","None","None","None","None","None","None","None","None","None","None","None","None"
"STU002856","4YR","None","4YR","None","4YR","4YR","4YR","4YR","4YR","4YR","4YR","4YR","4YR","4YR","CTC","4YR","4YR","4YR","4YR","4YR","4YR","4YR","4YR","None","None","None","None","None"
"STU002857","CTC","CTC","CTC","CTC","CTC","CTC","CTC","CTC","CTC","CTC","CTC","CTC","CTC","None","None","None","None","None","None","None","None","None","None","None","None","None","None","None"
"STU002858","CTC","CTC","4YR","CTC","CTC","CTC","None","None","None","None","None","None","None","None","None","None","None","None","None","None","None","None","None","None","None","None","None","None"
"STU002859","CTC","CTC","CTC","None","CTC","CTC","CTC","None","None","None","None","None","None","None","None","None","None","None","None","None","None","None","None","None","None","None","None","None"
"STU002860","None","None","None","CTC","CTC","CTC","CTC","CTC","CTC","CTC","CTC","CTC","CTC","None","None","None","None","None","None","None","None","None","None","None","None","None","None","None"
"STU002861","CTC","CTC","CTC","CTC","None","CTC","None","None","None","None","None","None","None","None","None","None","None","None","None","None","None","None","None","None","None","None","None","None"
"STU002862","CTC","CTC","CTC","CTC","CTC","CTC","CTC","None","None","None","None","None","None","None","None","None","None","None","None","None","None","None","None","None","None","None","None","None"
"STU002863","4YR","4YR","4YR","4YR","4YR","4YR","4YR","4YR","4YR","4YR","None","None","4YR","4YR","4YR","4YR","4YR","4YR","None","None","None","None","None","None","None","None","None","None"
"STU002864","CTC","CTC","CTC","CTC","CTC","CTC","None","CTC","CTC","CTC","CTC","CTC","None","CTC","None","None","None","None","None","None","None","None","None","None","None","None","None","None"
"STU002865","None","None","None","None","CTC","CTC","None","CTC","CTC","CTC","None","None","CTC","CTC","CTC","CTC","CTC","None","None","None","None","None","None","None","None","None","None","None"
"STU002866","None","4YR","4YR","4YR","4YR","None","4YR","4YR","4YR","4YR","4YR","None","None","None","None","None","None","None","None","None","None","None","None","None","None","None","None","None"
"STU002867","None","None","None","CTC","CTC","CTC","None","CTC","CTC","CTC","CTC","None","None","None","None","CTC","CTC","CTC","CTC","CTC","CTC","CTC","None","None","None","None","None","None"
"STU002868","None","None","None","None","None","None","None","None","None","None","None","None","None","None","None","None","None","None","None","None","None","None","None","None","None","None","None","None"
"STU002869","None","None","None","None","None","None","None","None","None","None","None","None","None","None","None","None","None","None","None","None","None","None","None","None","None","None","None","None"
"STU002870","4YR","4YR","4YR","4YR","4YR","4YR","4YR","4YR","4YR","4YR","4YR","4YR","4YR","4YR","4YR","None","None","None","None","None","None","None","None","None","None","None","None","None"
"STU002871","None","None","None","None","None","None","None","None","None","None","None","None","None","None","None","None","None","None","None","None","None","None","None","None","None","None","None","None"
"STU002872","None","None","None","CTC","CTC","CTC","CTC","CTC","CTC","CTC","CTC","None","None","None","None","None","None","None","None","None","None","None","None","None","None","None","None","None"
"STU002873","None","None","None","None","None","None","None","None","None","None","None","None","None","None","None","None","None","None","None","None","None","None","None","None","None","None","None","None"
"STU002874","None","None","CTC","CTC","CTC","CTC","None","None","None","None","None","None","None","None","None","None","None","None","None","None","None","None","None","None","None","None","None","None"
"STU002875","CTC","CTC","None","None","None","None","None","None","None","None","None","None","None","None","None","None","None","None","None","None","None","None","None","None","None","None","None","None"
"STU002876","None","None","None","None","None","None","None","None","None","None","None","None","None","None","None","None","None","None","None","None","None","None","None","None","None","None","None","None"
"STU002877","4YR","4YR","4YR","4YR","4YR","None","4YR","4YR","4YR","4YR","4YR","4YR","CTC","4YR","4YR","4YR","4YR","4YR","4YR","4YR","4YR","4YR","4YR","4YR","4YR","None","None","None"
"STU002878","None","CTC","None","CTC","CTC","CTC","None","None","CTC","CTC","None","None","None","None","None","None","None","None","None","None","None","None","None","None","None","None","None","None"
"STU002879","CTC","CTC","None","CTC","CTC","None","None","None","None","None","None","None","None","None","None","None","None","None","None","None","None","None","None","None","None","None","None","None"
"STU002880","CTC","CTC","CTC","CTC","CTC","CTC","CTC","None","None","None","None","None","None","None","None","None","None","None","None","None","None","None","None","None","None","None","None","None"
"STU002881","None","CTC","CTC","CTC","None","None","None","None","None","None","None","None","None","None","None","None","None","None","None","None","None","None","None","None","None","None","None","None"
"STU002882","CTC","CTC","CTC","CTC","CTC","CTC","CTC","None","None","None","None","None","None","None","None","None","None","None","None","None","None","None","None","None","None","None","None","None"
"STU002883","None","None","None","CTC","CTC","CTC","CTC","CTC","CTC","CTC","None","None","None","None","None","None","None","None","None","None","None","None","None","None","None","None","None","None"
"STU002884","None","None","None","None","4YR","4YR","4YR","4YR","4YR","None","4YR","4YR","4YR","None","None","None","None","None","None","None","None","None","None","None","None","None","None","None"
"STU002885","None","None","None","None","None","None","None","None","None","None","None","None","None","None","None","None","None","None","None","None","None","None","None","None","None","None","None","None"
"STU002886","CTC","CTC","CTC","4YR","None","CTC","CTC","CTC","CTC","CTC","None","CTC","CTC","CTC","None","None","None","None","None","None","None","None","None","None","None","None","None","None"
"STU002887","CTC","CTC","CTC","None","4YR","None","CTC","None","None","None","None","None","None","None","None","None","None","None","None","None","None","None","None","None","None","None","None","None"
"STU002888","None","None","4YR","4YR","4YR","4YR","4YR","None","None","None","None","None","None","None","None","None","None","None","None","None","None","None","None","None","None","None","None","None"
"STU002889","None","None","None","None","None","None","None","None","None","None","None","None","None","None","None","None","None","None","None","None","None","None","None","None","None","None","None","None"
"STU002890","None","None","None","4YR","None","4YR","4YR","4YR","4YR","CTC","4YR","4YR","None","None","None","None","None","None","None","None","None","None","None","None","None","None","None","None"
"STU002891","None","CTC","CTC","CTC","CTC","CTC","CTC","CTC","CTC","CTC","CTC","CTC","None","None","None","None","None","None","None","None","None","None","None","None","None","None","None","None"
"STU002892","4YR","4YR","4YR","CTC","None","None","4YR","CTC","4YR","4YR","4YR","4YR","4YR","4YR","4YR","4YR","4YR","4YR","4YR","4YR","4YR","None","None","None","None","None","None","None"
"STU002893","None","None","None","None","None","None","None","None","None","None","None","None","None","None","None","None","None","None","None","None","None","None","None","None","None","None","None","None"
"STU002894","None","None","None","None","CTC","CTC","CTC","CTC","CTC","None","CTC","CTC","CTC","CTC","None","None","None","None","None","None","None","None","None","None","None","None","None","None"
"STU002895","None","None","None","None","None","None","None","None","None","None","None","None","None","None","None","None","None","None","None","None","None","None","None","None","None","None","None","None"
"STU002896","CTC","None","None","CTC","CTC","CTC","None","None","None","None","None","None","None","None","None","None","None","None","None","None","None","None","None","None","None","None","None","None"
"STU002897","None","None","None","None","None","None","None","None","None","None","None","None","None","None","None","None","None","None","None","None","None","None","None","None","None","None","None","None"
"STU002898","None","None","CTC","CTC","CTC","CTC","CTC","None","CTC","CTC","None","None","None","None","None","None","None","None","None","None","None","None","None","None","None","None","None","None"
"STU002899","None","None","None","CTC","CTC","CTC","None","CTC","CTC","CTC","CTC","None","None","None","None","None","None","None","None","None","None","None","None","None","None","None","None","None"
"STU002900","CTC","CTC","CTC","None","None","None","None","None","None","None","None","None","None","None","None","None","None","None","None","None","None","None","None","None","None","None","None","None"
"STU002901","None","None","None","None","None","None","None","None","None","None","None","None","None","None","None","None","None","None","None","None","None","None","None","None","None","None","None","None"
"STU002902","None","None","None","None","None","None","None","None","None","None","None","None","None","None","None","None","None","None","None","None","None","None","None","None","None","None","None","None"
"STU002903","None","None","None","None","None","None","None","None","None","None","None","None","None","None","None","None","None","None","None","None","None","None","None","None","None","None","None","None"
"STU002904","None","4YR","4YR","4YR","None","4YR","4YR","None","None","None","4YR","4YR","4YR","4YR","None","None","None","None","None","None","None","None","None","None","None","None","None","None"
"STU002905","None","CTC","None","CTC","None","None","CTC","None","CTC","CTC","CTC","CTC","None","None","None","None","None","None","None","None","None","None","None","None","None","None","None","None"
"STU002906","CTC","CTC","None","None","None","None","None","None","None","None","None","None","None","None","None","None","None","None","None","None","None","None","None","None","None","None","None","None"
"STU002907","4YR","4YR","4YR","4YR","4YR","4YR","4YR","4YR","4YR","4YR","CTC","4YR","4YR","4YR","None","None","4YR","4YR","4YR","4YR","None","4YR","4YR","None","None","None","None","None"
"STU002908","None","None","None","None","None","None","None","None","None","None","None","None","None","None","None","None","None","None","None","None","None","None","None","None","None","None","None","None"
"STU002909","None","None","None","4YR","4YR","4YR","4YR","4YR","4YR","None","None","4YR","4YR","4YR","4YR","4YR","4YR","None","None","None","None","None","None","None","None","None","None","None"
"STU002910","4YR","4YR","4YR","None","4YR","4YR","4YR","4YR","4YR","CTC","4YR","None","4YR","4YR","4YR","None","None","None","None","None","None","None","None","None","None","None","None","None"
"STU002911","None","None","4YR","None","4YR","4YR","None","None","None","None","None","None","None","None","None","None","None","None","None","None","None","None","None","None","None","None","None","None"
"STU002912","CTC","CTC","CTC","CTC","CTC","CTC","CTC","CTC","CTC","None","None","None","None","None","None","None","None","None","None","None","None","None","None","None","None","None","None","None"
"STU002913","CTC","CTC","CTC","CTC","CTC","CTC","4YR","4YR","None","4YR","4YR","4YR","4YR","4YR","4YR","4YR","4YR","None","None","None","None","None","None","None","None","None","None","None"
"STU002914","CTC","CTC","CTC","CTC","None","CTC","None","None","None","None","None","None","None","None","None","None","None","None","None","None","None","None","None","None","None","None","None","None"
"STU002915","CTC","CTC","CTC","CTC","CTC","CTC","4YR","None","None","None","None","None","None","None","None","None","None","None","None","None","None","None","None","None","None","None","None","None"
"STU002916","CTC","CTC","CTC","CTC","None","None","None","None","None","None","None","None","None","None","None","None","None","None","None","None","None","None","None","None","None","None","None","None"
"STU002917","4YR","4YR","4YR","4YR","4YR","None","4YR","4YR","4YR","4YR","4YR","4YR","4YR","4YR","None","None","None","None","None","None","None","None","None","None","None","None","None","None"
"STU002918","None","None","None","None","None","None","None","None","None","None","None","None","None","None","None","None","None","None","None","None","None","None","None","None","None","None","None","None"
"STU002919","None","None","None","CTC","CTC","CTC","CTC","None","None","None","None","None","None","None","None","None","None","None","None","None","None","None","None","None","None","None","None","None"
"STU002920","None","CTC","CTC","CTC","CTC","CTC","CTC","CTC","CTC","None","None","None","None","None","None","None","None","None","None","None","None","None","None","None","None","None","None","None"
"STU002921","None","None","CTC","None","CTC","CTC","CTC","CTC","CTC","CTC","CTC","None","CTC","CTC","CTC","CTC","None","None","None","None","None","None","None","None","None","None","None","None"
"STU002922","None","4YR","4YR","4YR","4YR","4YR","4YR","4YR","4YR","4YR","None","None","CTC","4YR","4YR","None","None","None","None","None","None","None","None","None","None","None","None","None"
"STU002923","None","None","None","None","4YR","4YR","4YR","None","None","None","None","None","None","None","None","None","None","None","None","None","None","None","None","None","None","None","None","None"
"STU002924","None","None","None","None","None","None","None","None","None","None","None","None","None","None","None","None","None","None","None","None","None","None","None","None","None","None","None","None"
"STU002925","4YR","4YR","4YR","4YR","4YR","None","4YR","4YR","4YR","4YR","4YR","4YR","4YR","4YR","4YR","4YR","4YR","None","None","None","None","None","None","None","None","None","None","None"
"STU002926","None","None","None","CTC","CTC","CTC","CTC","CTC","CTC","4YR","CTC","None","None","None","None","None","None","None","None","None","None","None","None","None","None","None","None","None"
"STU002927","CTC","CTC","CTC","CTC","CTC","CTC","CTC","4YR","4YR","4YR","4YR","4YR","4YR","4YR","4YR","4YR","None","None","None","None","None","None","None","None","None","None","None","None"
"STU002928","CTC","CTC","CTC","CTC","CTC","None","None","None","None","None","None","None","None","None","None","None","None","None","None","None","None","None","None","None","None","None","None","None"
"STU002929","CTC","None","CTC","CTC","CTC","CTC","None","None","None","None","None","None","None","None","None","None","None","None","None","None","None","None","None","None","None","None","None","None"
"STU002930","None","None","None","CTC","CTC","None","None","CTC","CTC","CTC","None","None","None","None","None","None","None","None","None","None","None","None","None","None","None","None","None","None"
"STU002931","4YR","4YR","4YR","4YR","4YR","4YR","4YR","4YR","4YR","4YR","4YR","CTC","CTC","4YR","None","None","None","None","None","None","None","None","None","None","None","None","None","None"
"STU002932","4YR","4YR","None","4YR","4YR","4YR","CTC","4YR","4YR","4YR","None","4YR","4YR","4YR","4YR","None","None","None","None","None","None","None","None","None","None","None","None","None"
"STU002933","CTC","CTC","CTC","None","None","None","None","None","None","None","None","None","None","None","None","None","None","None","None","None","None","None","None","None","None","None","None","None"
"STU002934","4YR","4YR","4YR","None","4YR","4YR","4YR","4YR","4YR","4YR","4YR","4YR","4YR","4YR","None","None","None","None","None","None","None","None","None","None","None","None","None","None"
"STU002935","CTC","CTC","CTC","CTC","CTC","CTC","None","None","None","None","None","None","None","None","None","None","None","None","None","None","None","None","None","None","None","None","None","None"
"STU002936","4YR","4YR","4YR","4YR","4YR","4YR","4YR","4YR","4YR","4YR","4YR","4YR","None","4YR","4YR","4YR","None","4YR","4YR","None","None","None","None","None","None","None","None","None"
"STU002937","4YR","4YR","CTC","4YR","4YR","4YR","4YR","4YR","4YR","4YR","4YR","4YR","4YR","4YR","4YR","4YR","4YR","4YR","None","4YR","None","None","None","None","None","None","None","None"
"STU002938","CTC","CTC","CTC","CTC","CTC","None","None","None","None","None","None","None","None","None","None","None","None","None","None","None","None","None","None","None","None","None","None","None"
"STU002939","CTC","CTC","CTC","CTC","None","CTC","None","None","None","None","None","None","None","None","None","None","None","None","None","None","None","None","None","None","None","None","None","None"
"STU002940","None","None","None","None","None","None","None","None","None","None","None","None","None","None","None","None","None","None","None","None","None","None","None","None","None","None","None","None"
"STU002941","None","None","None","None","CTC","CTC","None","None","None","4YR","CTC","CTC","None","None","None","None","None","None","None","None","None","None","None","None","None","None","None","None"
"STU002942","CTC","4YR","CTC","CTC","CTC","CTC","CTC","None","None","None","None","None","None","None","None","None","None","None","None","None","None","None","None","None","None","None","None","None"
"STU002943","None","None","None","None","None","None","None","None","None","None","None","None","None","None","None","None","None","None","None","None","None","None","None","None","None","None","None","None"
"STU002944","4YR","CTC","None","4YR","4YR","CTC","4YR","4YR","4YR","4YR","4YR","4YR","4YR","4YR","4YR","None","None","None","None","None","None","None","None","None","None","None","None","None"
"STU002945","4YR","4YR","4YR","CTC","4YR","4YR","4YR","CTC","CTC","None","CTC","CTC","CTC","None","CTC","CTC","CTC","None","None","None","None","None","None","None","None","None","None","None"
"STU002946","None","None","None","None","None","None","None","None","None","None","None","None","None","None","None","None","None","None","None","None","None","None","None","None","None","None","None","None"
"STU002947","None","None","None","None","CTC","4YR","CTC","CTC","CTC","None","None","None","None","None","None","None","None","None","None","None","None","None","None","None","None","None","None","None"
"STU002948","CTC","CTC","CTC","CTC","CTC","CTC","CTC","None","CTC","None","None","None","None","None","None","None","None","None","None","None","None","None","None","None","None","None","None","None"
"STU002949","None","None","CTC","CTC","CTC","CTC","None","None","None","None","None","None","None","None","None","None","None","None","None","None","None","None","None","None","None","None","None","None"
"STU002950","4YR","4YR","4YR","CTC","CTC","4YR","4YR","4YR","4YR","4YR","4YR","4YR","4YR","4YR","None","None","None","None","None","None","None","None","None","None","None","None","None","None"
"STU002951","None","4YR","4YR","4YR","4YR","4YR","None","None","None","None","None","None","None","None","None","None","None","None","None","None","None","None","None","None","None","None","None","None"
"STU002952","CTC","CTC","CTC","CTC","CTC","CTC","None","4YR","4YR","4YR","4YR","4YR","4YR","4YR","None","4YR","None","None","None","None","None","None","None","None","None","None","None","None"
"STU002953","None","None","None","None","CTC","CTC","None","None","None","None","None","None","None","None","None","None","None","None","None","None","None","None","None","None","None","None","None","None"
"STU002954","CTC","CTC","CTC","CTC","CTC","None","None","CTC","None","None","None","None","None","None","None","None","None","None","None","None","None","None","None","None","None","None","None","None"
"STU002955","CTC","None","CTC","CTC","CTC","CTC","4YR","4YR","4YR","4YR","4YR","4YR","4YR","4YR","4YR","4YR","4YR","None","None","None","None","None","None","None","None","None","None","None"
"STU002956","CTC","CTC","CTC","CTC","4YR","CTC","CTC","CTC","None","None","None","None","None","None","None","None","None","None","None","None","None","None","None","None","None","None","None","None"
"STU002957","None","None","None","None","None","None","None","None","None","None","None","None","None","None","None","None","None","None","None","None","None","None","None","None","None","None","None","None"
"STU002958","None","CTC","None","CTC","CTC","CTC","CTC","CTC","CTC","4YR","4YR","CTC","CTC","CTC","CTC","CTC","CTC","CTC","None","None","None","None","None","None","None","None","None","None"
"STU002959","CTC","CTC","CTC","CTC","CTC","CTC","CTC","None","None","None","None","None","None","None","None","None","None","None","None","None","None","None","None","None","None","None","None","None"
"STU002960","CTC","CTC","CTC","CTC","None","None","None","None","None","None","None","None","None","None","None","None","None","None","None","None","None","None","None","None","None","None","None","None"
"STU002961","CTC","CTC","CTC","None","CTC","CTC","CTC","CTC","CTC","CTC","CTC","CTC","CTC","CTC","CTC","None","None","None","None","None","None","None","None","None","None","None","None","None"
"STU002962","4YR","4YR","4YR","4YR","4YR","4YR","4YR","4YR","4YR","4YR","4YR","4YR","4YR","4YR","4YR","4YR","4YR","4YR","4YR","4YR","4YR","4YR","None","None","None","None","None","None"
"STU002963","4YR","4YR","4YR","4YR","4YR","4YR","4YR","4YR","4YR","4YR","4YR","None","4YR","4YR","4YR","4YR","4YR","4YR","4YR","4YR","None","4YR","None","4YR","4YR","None","4YR","None"
"STU002964","None","None","None","None","None","None","None","None","None","None","None","None","None","None","None","None","None","None","None","None","None","None","None","None","None","None","None","None"
"STU002965","None","None","None","None","None","None","None","None","None","None","None","None","None","None","None","None","None","None","None","None","None","None","None","None","None","None","None","None"
"STU002966","CTC","CTC","CTC","CTC","CTC","CTC","None","None","None","None","None","None","None","None","None","None","None","None","None","None","None","None","None","None","None","None","None","None"
"STU002967","None","None","None","None","CTC","CTC","CTC","CTC","CTC","None","None","None","None","None","None","None","None","None","None","None","None","None","None","None","None","None","None","None"
"STU002968","None","None","None","None","None","None","None","None","None","None","None","None","None","None","None","None","None","None","None","None","None","None","None","None","None","None","None","None"
"STU002969","CTC","CTC","CTC","CTC","CTC","CTC","None","None","None","None","None","None","None","None","None","None","None","None","None","None","None","None","None","None","None","None","None","None"
"STU002970","CTC","CTC","None","None","None","None","None","None","None","None","None","None","None","None","None","None","None","None","None","None","None","None","None","None","None","None","None","None"
"STU002971","4YR","4YR","4YR","4YR","4YR","4YR","CTC","4YR","4YR","None","4YR","4YR","4YR","4YR","4YR","4YR","None","None","None","None","None","None","None","None","None","None","None","None"
"STU002972","4YR","4YR","4YR","4YR","4YR","4YR","4YR","None","4YR","4YR","4YR","4YR","4YR","4YR","4YR","4YR","None","4YR","4YR","4YR","4YR","4YR","4YR","4YR","None","None","None","None"
"STU002973","CTC","CTC","CTC","CTC","CTC","CTC","None","None","None","None","None","None","None","None","None","None","None","None","None","None","None","None","None","None","None","None","None","None"
"STU002974","None","None","None","None","None","None","None","None","None","None","None","None","None","None","None","None","None","None","None","None","None","None","None","None","None","None","None","None"
"STU002975","None","None","None","None","CTC","CTC","4YR","CTC","CTC","None","None","CTC","CTC","CTC","CTC","CTC","CTC","CTC","None","None","None","None","None","None","None","None","None","None"
"STU002976","CTC","CTC","CTC","CTC","CTC","CTC","CTC","4YR","4YR","4YR","4YR","4YR","4YR","None","4YR","4YR","None","None","4YR","CTC","None","None","None","None","None","None","None","None"
"STU002977","4YR","4YR","4YR","4YR","4YR","4YR","None","4YR","4YR","4YR","4YR","4YR","4YR","None","4YR","4YR","4YR","4YR","4YR","4YR","4YR","CTC","4YR","4YR","4YR","None","None","None"
"STU002978","None","None","None","None","4YR","4YR","4YR","4YR","4YR","4YR","4YR","CTC","4YR","4YR","None","None","None","4YR","4YR","4YR","4YR","4YR","4YR","4YR","None","None","None","None"
"STU002979","4YR","4YR","4YR","None","4YR","4YR","4YR","CTC","4YR","4YR","4YR","4YR","4YR","4YR","4YR","None","None","None","None","None","None","None","None","None","None","None","None","None"
"STU002980","CTC","CTC","4YR","CTC","CTC","CTC","CTC","CTC","CTC","CTC","CTC","CTC","CTC","CTC","CTC","CTC","None","None","None","None","None","None","None","None","None","None","None","None"
"STU002981","None","None","None","None","4YR","None","None","None","4YR","4YR","4YR","4YR","4YR","None","None","None","None","None","None","None","None","None","None","None","None","None","None","None"
"STU002982","4YR","4YR","4YR","4YR","4YR","4YR","4YR","4YR","CTC","4YR","4YR","4YR","4YR","4YR","None","None","None","None","None","None","None","None","None","None","None","None","None","None"
"STU002983","None","None","None","CTC","CTC","None","None","None","None","None","None","None","None","None","None","None","None","None","None","None","None","None","None","None","None","None","None","None"
"STU002984","None","4YR","CTC","None","None","None","None","None","None","None","None","None","None","None","None","None","None","None","None","None","None","None","None","None","None","None","None","None"
"STU002985","None","None","None","CTC","CTC","CTC","CTC","None","None","None","CTC","CTC","CTC","CTC","CTC","CTC","None","None","None","None","None","None","None","None","None","None","None","None"
"STU002986","None","CTC","CTC","CTC","None","None","CTC","CTC","CTC","CTC","CTC","CTC","None","None","None","None","None","None","None","None","None","None","None","None","None","None","None","None"
"STU002987","None","None","None","None","CTC","CTC","CTC","CTC","CTC","CTC","CTC","None","4YR","None","None","None","None","None","None","None","None","None","None","None","None","None","None","None"
"STU002988","None","None","None","None","None","None","None","None","None","None","None","None","None","None","None","None","None","None","None","None","None","None","None","None","None","None","None","None"
"STU002989","4YR","4YR","4YR","CTC","4YR","4YR","4YR","4YR","4YR","CTC","4YR","4YR","4YR","4YR","None","None","None","None","None","None","None","None","None","None","None","None","None","None"
"STU002990","CTC","CTC","CTC","None","CTC","None","CTC","CTC","None","None","None","None","None","None","None","None","None","None","None","None","None","None","None","None","None","None","None","None"
"STU002991","CTC","4YR","CTC","CTC","CTC","CTC","CTC","CTC","None","CTC","CTC","None","CTC","CTC","CTC","CTC","None","None","None","None","None","None","None","None","None","None","None","None"
"STU002992","4YR","None","4YR","4YR","4YR","4YR","4YR","4YR","4YR","None","None","None","None","None","None","None","None","None","None","None","None","None","None","None","None","None","None","None"
"STU002993","4YR","4YR","4YR","4YR","4YR","4YR","4YR","4YR","CTC","CTC","CTC","CTC","CTC","CTC","CTC","CTC","CTC","None","None","None","None","None","None","None","None","None","None","None"
"STU002994","None","None","None","None","None","None","None","None","None","None","None","None","None","None","None","None","None","None","None","None","None","None","None","None","None","None","None","None"
"STU002995","4YR","4YR","4YR","4YR","CTC","4YR","CTC","4YR","4YR","4YR","None","4YR","4YR","4YR","4YR","None","None","None","None","None","None","None","None","None","None","None","None","None"
"STU002996","None","None","None","CTC","4YR","None","CTC","CTC","None","None","None","None","None","None","None","None","None","None","None","None","None","None","None","None","None","None","None","None"
"STU002997","CTC","CTC","CTC","CTC","CTC","CTC","CTC","None","None","None","None","None","None","None","None","None","None","None","None","None","None","None","None","None","None","None","None","None"
"STU002998","CTC","CTC","CTC","CTC","CTC","CTC","CTC","CTC","None","None","None","None","None","None","None","None","None","None","None","None","None","None","None","None","None","None","None","None"
"STU002999","CTC","CTC","CTC","CTC","CTC","CTC","CTC","CTC","None","None","None","None","None","None","None","None","None","None","None","None","None","None","None","None","None","None","None","None"
"STU003000","CTC","CTC","CTC","None","CTC","CTC","CTC","None","None","None","None","None","None","None","None","None","None","None","None","None","None","None","None","None","None","None","None","None"
"STU003001","None","None","4YR","4YR","4YR","4YR","4YR","4YR","4YR","None","CTC","None","4YR","4YR","4YR","4YR","4YR","None","None","None","None","None","None","None","None","None","None","None"
"STU003002","4YR","4YR","4YR","4YR","4YR","4YR","4YR","4YR","4YR","4YR","4YR","4YR","4YR","CTC","4YR","4YR","4YR","None","4YR","4YR","4YR","4YR","None","None","None","None","None","None"
"STU003003","4YR","4YR","4YR","4YR","4YR","4YR","4YR","4YR","CTC","CTC","CTC","CTC","CTC","CTC","CTC","None","None","None","None","None","None","None","None","None","None","None","None","None"
"STU003004","4YR","4YR","4YR","CTC","4YR","4YR","4YR","4YR","4YR","4YR","4YR","4YR","CTC","4YR","None","None","None","None","None","None","None","None","None","None","None","None","None","None"
"STU003005","CTC","CTC","CTC","None","None","None","None","None","None","None","None","None","None","None","None","None","None","None","None","None","None","None","None","None","None","None","None","None"
"STU003006","4YR","4YR","4YR","4YR","None","4YR","None","None","None","None","None","None","None","None","None","None","None","None","None","None","None","None","None","None","None","None","None","None"
"STU003007","CTC","4YR","4YR","4YR","CTC","4YR","4YR","4YR","4YR","4YR","4YR","4YR","4YR","4YR","4YR","4YR","None","None","None","None","None","None","None","None","None","None","None","None"
"STU003008","None","CTC","CTC","CTC","None","CTC","4YR","4YR","4YR","4YR","4YR","4YR","4YR","None","None","4YR","CTC","4YR","None","None","None","None","None","None","None","None","None","None"
"STU003009","None","None","None","None","None","None","None","None","None","None","None","None","None","None","None","None","None","None","None","None","None","None","None","None","None","None","None","None"
"STU003010","4YR","4YR","4YR","4YR","4YR","4YR","4YR","4YR","4YR","4YR","None","4YR","4YR","4YR","4YR","None","None","None","None","None","None","None","None","None","None","None","None","None"
"STU003011","None","None","4YR","None","4YR","4YR","4YR","4YR","None","None","4YR","4YR","4YR","None","None","None","None","None","None","None","None","None","None","None","None","None","None","None"
"STU003012","None","None","None","CTC","CTC","CTC","CTC","CTC","CTC","4YR","CTC","None","None","None","None","None","None","None","None","None","None","None","None","None","None","None","None","None"
"STU003013","CTC","CTC","CTC","CTC","CTC","CTC","CTC","None","None","None","None","None","None","None","None","None","None","None","None","None","None","None","None","None","None","None","None","None"
"STU003014","4YR","4YR","4YR","4YR","CTC","4YR","4YR","4YR","4YR","4YR","4YR","4YR","4YR","4YR","4YR","None","None","None","None","None","None","None","None","None","None","None","None","None"
"STU003015","None","4YR","None","4YR","4YR","4YR","4YR","4YR","4YR","4YR","None","None","None","None","None","None","None","None","None","None","None","None","None","None","None","None","None","None"
"STU003016","CTC","CTC","CTC","CTC","CTC","CTC","None","None","None","None","None","None","None","None","None","None","None","None","None","None","None","None","None","None","None","None","None","None"
"STU003017","4YR","4YR","4YR","4YR","4YR","4YR","4YR","4YR","4YR","4YR","4YR","4YR","None","4YR","4YR","4YR","4YR","4YR","4YR","CTC","None","None","None","None","None","None","None","None"
"STU003018","None","CTC","CTC","CTC","None","None","None","None","None","None","None","None","None","None","None","None","None","None","None","None","None","None","None","None","None","None","None","None"
"STU003019","None","None","None","None","CTC","CTC","CTC","CTC","CTC","None","None","None","None","None","None","None","None","None","None","None","None","None","None","None","None","None","None","None"
"STU003020","None","None","None","None","CTC","CTC","CTC","None","None","None","None","None","None","None","None","None","None","None","None","None","None","None","None","None","None","None","None","None"
"STU003021","4YR","4YR","4YR","4YR","4YR","4YR","4YR","4YR","4YR","4YR","4YR","4YR","4YR","4YR","4YR","4YR","4YR","4YR","4YR","4YR","4YR","None","None","None","None","None","None","None"
"STU003022","4YR","4YR","4YR","4YR","4YR","4YR","4YR","None","4YR","4YR","4YR","4YR","4YR","4YR","4YR","4YR","None","None","None","None","None","None","None","None","None","None","None","None"
"STU003023","4YR","4YR","4YR","4YR","4YR","4YR","4YR","CTC","4YR","4YR","4YR","4YR","4YR","4YR","4YR","4YR","4YR","4YR","4YR","4YR","4YR","4YR","None","None","None","None","None","None"
"STU003024","4YR","4YR","CTC","4YR","4YR","4YR","4YR","4YR","4YR","4YR","4YR","4YR","4YR","4YR","None","None","None","None","None","None","None","None","None","None","None","None","None","None"
"STU003025","CTC","None","CTC","CTC","CTC","CTC","CTC","None","None","None","None","None","None","None","None","None","None","None","None","None","None","None","None","None","None","None","None","None"
"STU003026","None","None","None","None","None","None","None","None","None","None","None","None","None","None","None","None","None","None","None","None","None","None","None","None","None","None","None","None"
"STU003027","4YR","4YR","4YR","4YR","None","4YR","4YR","4YR","4YR","4YR","4YR","None","4YR","4YR","None","4YR","None","None","None","None","None","None","None","None","None","None","None","None"
"STU003028","None","None","None","None","None","None","None","None","None","None","None","None","None","None","None","None","None","None","None","None","None","None","None","None","None","None","None","None"
"STU003029","None","None","None","None","4YR","4YR","4YR","4YR","4YR","None","4YR","None","None","None","None","None","None","None","None","None","None","None","None","None","None","None","None","None"
"STU003030","None","None","4YR","CTC","CTC","None","None","None","None","None","None","None","None","None","None","None","None","None","None","None","None","None","None","None","None","None","None","None"
"STU003031","None","None","4YR","4YR","4YR","4YR","4YR","4YR","4YR","4YR","None","None","None","None","None","None","None","None","None","None","None","None","None","None","None","None","None","None"
"STU003032","None","None","None","None","None","None","None","None","None","None","None","None","None","None","None","None","None","None","None","None","None","None","None","None","None","None","None","None"
"STU003033","4YR","4YR","4YR","4YR","4YR","4YR","4YR","4YR","4YR","4YR","4YR","4YR","4YR","4YR","CTC","4YR","4YR","4YR","4YR","4YR","4YR","4YR","None","4YR","4YR","4YR","4YR","4YR"
"STU003034","None","None","None","None","None","None","None","None","None","None","None","None","None","None","None","None","None","None","None","None","None","None","None","None","None","None","None","None"
"STU003035","None","4YR","4YR","None","None","None","None","None","None","None","None","None","None","None","None","None","None","None","None","None","None","None","None","None","None","None","None","None"
"STU003036","CTC","CTC","CTC","CTC","None","None","None","None","None","None","None","None","None","None","None","None","None","None","None","None","None","None","None","None","None","None","None","None"
"STU003037","4YR","4YR","4YR","4YR","4YR","4YR","4YR","4YR","None","4YR","4YR","4YR","4YR","4YR","4YR","4YR","4YR","CTC","4YR","4YR","4YR","4YR","4YR","4YR","4YR","CTC","None","None"
"STU003038","None","None","None","None","None","None","None","None","None","None","None","None","None","None","None","None","None","None","None","None","None","None","None","None","None","None","None","None"
"STU003039","4YR","4YR","4YR","4YR","4YR","CTC","4YR","4YR","4YR","4YR","4YR","4YR","4YR","4YR","None","None","None","None","None","None","None","None","None","None","None","None","None","None"
"STU003040","None","None","None","None","4YR","4YR","None","None","4YR","4YR","4YR","4YR","CTC","4YR","4YR","None","None","None","None","None","None","None","None","None","None","None","None","None"
"STU003041","CTC","CTC","CTC","CTC","CTC","CTC","CTC","CTC","CTC","CTC","CTC","CTC","CTC","CTC","CTC","CTC","CTC","CTC","None","None","None","None","None","None","None","None","None","None"
"STU003042","CTC","None","None","None","None","None","None","None","None","None","None","None","None","None","None","None","None","None","None","None","None","None","None","None","None","None","None","None"
"STU003043","None","4YR","4YR","4YR","4YR","4YR","4YR","4YR","4YR","4YR","4YR","None","4YR","4YR","4YR","4YR","4YR","4YR","4YR","4YR","4YR","4YR","4YR","4YR","4YR","4YR","4YR","4YR"
"STU003044","None","4YR","4YR","4YR","4YR","4YR","4YR","4YR","4YR","4YR","4YR","None","None","None","4YR","4YR","4YR","4YR","4YR","None","None","None","None","None","None","None","None","None"
"STU003045","None","None","None","None","CTC","CTC","None","None","CTC","CTC","CTC","None","None","None","None","None","None","None","None","None","None","None","None","None","None","None","None","None"
"STU003046","CTC","CTC","CTC","CTC","CTC","CTC","CTC","CTC","CTC","CTC","CTC","CTC","CTC","CTC","CTC","CTC","CTC","CTC","4YR","None","None","None","None","None","None","None","None","None"
"STU003047","4YR","4YR","4YR","4YR","4YR","4YR","CTC","4YR","4YR","4YR","4YR","4YR","4YR","4YR","CTC","None","None","None","None","None","None","None","None","None","None","None","None","None"
"STU003048","CTC","CTC","None","CTC","CTC","CTC","None","None","None","None","None","None","None","None","None","None","None","None","None","None","None","None","None","None","None","None","None","None"
"STU003049","4YR","CTC","CTC","CTC","None","CTC","CTC","None","None","None","None","None","None","None","None","None","None","None","None","None","None","None","None","None","None","None","None","None"
"STU003050","4YR","4YR","4YR","4YR","4YR","4YR","4YR","4YR","4YR","4YR","4YR","4YR","4YR","4YR","4YR","None","None","None","None","None","None","None","None","None","None","None","None","None"
"STU003051","CTC","4YR","4YR","4YR","4YR","4YR","4YR","None","4YR","4YR","4YR","4YR","4YR","CTC","4YR","None","None","None","None","None","None","None","None","None","None","None","None","None"
"STU003052","None","None","None","CTC","CTC","CTC","CTC","CTC","CTC","CTC","CTC","CTC","CTC","None","None","None","None","None","None","None","None","None","None","None","None","None","None","None"
"STU003053","None","CTC","CTC","CTC","None","CTC","CTC","None","None","CTC","CTC","CTC","CTC","CTC","CTC","CTC","None","None","None","None","None","None","None","None","None","None","None","None"
"STU003054","CTC","CTC","CTC","CTC","CTC","CTC","CTC","CTC","4YR","CTC","CTC","CTC","CTC","None","None","None","None","None","None","None","None","None","None","None","None","None","None","None"
"STU003055","None","None","None","None","None","None","None","None","None","None","None","None","None","None","None","None","None","None","None","None","None","None","None","None","None","None","None","None"
"STU003056","4YR","4YR","4YR","4YR","4YR","4YR","4YR","4YR","4YR","CTC","4YR","4YR","4YR","4YR","4YR","4YR","None","None","None","None","None","None","None","None","None","None","None","None"
"STU003057","CTC","4YR","4YR","None","4YR","4YR","4YR","4YR","4YR","4YR","4YR","4YR","4YR","4YR","4YR","4YR","None","None","None","None","None","None","None","None","None","None","None","None"
"STU003058","CTC","CTC","CTC","CTC","None","CTC","4YR","None","None","None","None","None","None","None","None","None","None","None","None","None","None","None","None","None","None","None","None","None"
"STU003059","4YR","4YR","4YR","None","None","None","None","None","None","None","None","None","None","None","None","None","None","None","None","None","None","None","None","None","None","None","None","None"
"STU003060","None","None","CTC","4YR","4YR","None","None","None","None","None","None","None","None","None","None","None","None","None","None","None","None","None","None","None","None","None","None","None"
"STU003061","CTC","CTC","CTC","CTC","CTC","CTC","CTC","CTC","None","None","None","None","None","None","None","None","None","None","None","None","None","None","None","None","None","None","None","None"
"STU003062","None","CTC","CTC","None","None","None","None","None","None","None","None","None","None","None","None","None","None","None","None","None","None","None","None","None","None","None","None","None"
"STU003063","None","None","None","None","4YR","CTC","CTC","CTC","CTC","CTC","CTC","None","None","None","None","None","None","None","None","None","None","None","None","None","None","None","None","None"
"STU003064","CTC","CTC","CTC","None","None","None","None","None","None","None","None","None","None","None","None","None","None","None","None","None","None","None","None","None","None","None","None","None"
"STU003065","CTC","CTC","CTC","CTC","CTC","CTC","CTC","CTC","4YR","4YR","4YR","CTC","4YR","None","4YR","CTC","CTC","None","None","None","None","None","None","None","None","None","None","None"
"STU003066","CTC","CTC","CTC","CTC","None","None","None","None","None","None","None","None","None","None","None","None","None","None","None","None","None","None","None","None","None","None","None","None"
"STU003067","4YR","4YR","4YR","4YR","4YR","4YR","4YR","4YR","None","None","None","None","None","None","None","None","None","None","None","None","None","None","None","None","None","None","None","None"
"STU003068","CTC","CTC","CTC","CTC","None","CTC","None","None","None","None","None","None","None","None","None","None","None","None","None","None","None","None","None","None","None","None","None","None"
"STU003069","None","None","None","CTC","CTC","CTC","CTC","None","CTC","None","None","None","None","None","None","None","None","None","None","None","None","None","None","None","None","None","None","None"
"STU003070","CTC","4YR","CTC","CTC","CTC","None","None","None","None","None","None","None","None","None","None","None","None","None","None","None","None","None","None","None","None","None","None","None"
"STU003071","None","None","CTC","CTC","None","None","CTC","None","None","None","CTC","CTC","CTC","CTC","CTC","CTC","None","None","None","None","None","None","None","None","None","None","None","None"
"STU003072","CTC","CTC","None","CTC","CTC","CTC","CTC","CTC","CTC","CTC","CTC","CTC","CTC","None","None","None","None","None","None","None","None","None","None","None","None","None","None","None"
"STU003073","CTC","CTC","CTC","4YR","CTC","CTC","CTC","CTC","CTC","CTC","CTC","CTC","CTC","CTC","CTC","CTC","CTC","CTC","CTC","None","None","None","None","None","None","None","None","None"
"STU003074","4YR","4YR","4YR","4YR","4YR","4YR","4YR","4YR","4YR","4YR","4YR","4YR","4YR","4YR","4YR","4YR","None","4YR","4YR","4YR","4YR","4YR","None","4YR","CTC","4YR","4YR","4YR"
"STU003075","CTC","CTC","CTC","CTC","CTC","CTC","4YR","4YR","4YR","None","4YR","4YR","4YR","4YR","4YR","4YR","4YR","4YR","None","None","None","None","None","None","None","None","None","None"
"STU003076","None","None","None","None","None","None","None","None","None","None","None","None","None","None","None","None","None","None","None","None","None","None","None","None","None","None","None","None"
"STU003077","None","None","CTC","CTC","CTC","CTC","CTC","CTC","CTC","CTC","None","None","None","None","None","None","None","None","None","None","None","None","None","None","None","None","None","None"
"STU003078","CTC","CTC","CTC","CTC","CTC","CTC","CTC","4YR","4YR","4YR","4YR","4YR","4YR","CTC","4YR","4YR","4YR","None","None","None","None","None","None","None","None","None","None","None"
"STU003079","None","None","None","None","None","None","None","None","None","None","None","None","None","None","None","None","None","None","None","None","None","None","None","None","None","None","None","None"
"STU003080","4YR","4YR","4YR","4YR","4YR","4YR","4YR","4YR","4YR","4YR","4YR","4YR","None","4YR","4YR","4YR","None","None","None","None","None","None","None","None","None","None","None","None"
"STU003081","CTC","CTC","CTC","CTC","CTC","CTC","CTC","CTC","None","None","None","None","None","None","None","None","None","None","None","None","None","None","None","None","None","None","None","None"
"STU003082","4YR","4YR","4YR","None","4YR","4YR","4YR","4YR","4YR","4YR","4YR","4YR","4YR","4YR","None","4YR","4YR","4YR","4YR","4YR","4YR","4YR","4YR","4YR","4YR","4YR","4YR","None"
"STU003083","CTC","None","CTC","CTC","CTC","CTC","CTC","4YR","4YR","4YR","None","4YR","4YR","4YR","4YR","4YR","4YR","None","None","None","None","None","None","None","None","None","None","None"
"STU003084","None","None","None","CTC","None","CTC","CTC","CTC","CTC","CTC","CTC","None","None","None","None","None","None","None","None","None","None","None","None","None","None","None","None","None"
"STU003085","CTC","CTC","CTC","4YR","CTC","CTC","CTC","CTC","CTC","None","None","None","None","None","None","None","None","None","None","None","None","None","None","None","None","None","None","None"
"STU003086","None","None","None","CTC","CTC","None","None","CTC","CTC","CTC","CTC","CTC","CTC","None","None","None","None","None","None","None","None","None","None","None","None","None","None","None"
"STU003087","CTC","CTC","CTC","CTC","CTC","CTC","CTC","4YR","4YR","4YR","4YR","4YR","4YR","4YR","4YR","4YR","4YR","None","None","None","None","None","None","None","None","None","None","None"
"STU003088","None","None","None","None","None","None","None","None","None","None","None","None","None","None","None","None","None","None","None","None","None","None","None","None","None","None","None","None"
"STU003089","CTC","CTC","CTC","CTC","CTC","CTC","CTC","4YR","4YR","4YR","4YR","4YR","4YR","4YR","4YR","4YR","4YR","4YR","None","None","None","None","None","None","None","None","None","None"
"STU003090","None","None","None","None","None","None","None","None","None","None","None","None","None","None","None","None","None","None","None","None","None","None","None","None","None","None","None","None"
"STU003091","None","None","None","None","CTC","CTC","None","None","None","CTC","CTC","CTC","CTC","CTC","None","None","None","None","None","None","None","None","None","None","None","None","None","None"
"STU003092","None","4YR","4YR","4YR","4YR","4YR","4YR","4YR","4YR","4YR","4YR","4YR","4YR","4YR","4YR","4YR","None","None","None","None","None","None","None","None","None","None","None","None"
"STU003093","CTC","None","None","None","None","None","None","None","None","None","None","None","None","None","None","None","None","None","None","None","None","None","None","None","None","None","None","None"
"STU003094","CTC","CTC","None","None","None","None","None","None","None","None","None","None","None","None","None","None","None","None","None","None","None","None","None","None","None","None","None","None"
"STU003095","None","None","None","None","None","None","None","None","None","None","None","None","None","None","None","None","None","None","None","None","None","None","None","None","None","None","None","None"
"STU003096","None","None","CTC","CTC","None","None","None","CTC","CTC","CTC","None","None","None","None","None","None","None","None","None","None","None","None","None","None","None","None","None","None"
"STU003097","None","None","None","None","None","None","None","None","None","None","None","None","None","None","None","None","None","None","None","None","None","None","None","None","None","None","None","None"
"STU003098","4YR","4YR","4YR","4YR","4YR","4YR","4YR","CTC","4YR","4YR","4YR","4YR","4YR","4YR","4YR","4YR","None","None","None","None","None","None","None","None","None","None","None","None"
"STU003099","4YR","4YR","4YR","4YR","4YR","4YR","4YR","4YR","None","None","None","None","None","None","None","None","None","None","None","None","None","None","None","None","None","None","None","None"
"STU003100","4YR","4YR","4YR","4YR","4YR","4YR","4YR","4YR","4YR","None","4YR","4YR","4YR","4YR","None","None","None","None","None","None","None","None","None","None","None","None","None","None"
"STU003101","None","None","None","None","CTC","CTC","CTC","CTC","CTC","CTC","CTC","None","None","None","None","None","None","None","None","None","None","None","None","None","None","None","None","None"
"STU003102","CTC","CTC","CTC","CTC","CTC","CTC","CTC","None","None","None","None","None","None","None","None","None","None","None","None","None","None","None","None","None","None","None","None","None"
"STU003103","None","4YR","4YR","None","4YR","4YR","4YR","4YR","4YR","4YR","4YR","None","4YR","4YR","4YR","None","None","None","None","None","None","None","None","None","None","None","None","None"
"STU003104","None","CTC","CTC","CTC","CTC","None","CTC","CTC","CTC","None","None","CTC","CTC","CTC","CTC","CTC","CTC","None","None","None","None","None","None","None","None","None","None","None"
"STU003105","CTC","4YR","4YR","4YR","None","None","4YR","CTC","4YR","4YR","4YR","None","None","None","None","None","None","None","None","None","None","None","None","None","None","None","None","None"
"STU003106","4YR","4YR","None","4YR","4YR","4YR","4YR","4YR","4YR","4YR","4YR","4YR","4YR","None","None","None","None","None","None","None","None","None","None","None","None","None","None","None"
"STU003107","None","None","None","None","None","None","None","None","None","None","None","None","None","None","None","None","None","None","None","None","None","None","None","None","None","None","None","None"
"STU003108","None","None","CTC","CTC","CTC","CTC","None","None","None","None","None","None","None","None","None","None","None","None","None","None","None","None","None","None","None","None","None","None"
"STU003109","None","None","None","None","None","None","None","None","None","None","None","None","None","None","None","None","None","None","None","None","None","None","None","None","None","None","None","None"
"STU003110","CTC","None","None","None","None","None","None","None","None","None","None","None","None","None","None","None","None","None","None","None","None","None","None","None","None","None","None","None"
"STU003111","CTC","CTC","CTC","CTC","CTC","CTC","None","None","None","None","None","None","None","None","None","None","None","None","None","None","None","None","None","None","None","None","None","None"
"STU003112","None","None","None","None","None","None","None","None","None","None","None","None","None","None","None","None","None","None","None","None","None","None","None","None","None","None","None","None"
"STU003113","CTC","CTC","CTC","CTC","None","None","None","CTC","CTC","CTC","None","None","None","None","None","None","None","None","None","None","None","None","None","None","None","None","None","None"
"STU003114","4YR","4YR","4YR","None","4YR","None","4YR","4YR","4YR","4YR","4YR","4YR","4YR","4YR","4YR","4YR","4YR","4YR","4YR","4YR","4YR","4YR","None","4YR","4YR","None","None","None"
"STU003115","4YR","4YR","4YR","None","4YR","4YR","None","4YR","4YR","4YR","4YR","4YR","4YR","4YR","4YR","4YR","4YR","4YR","4YR","None","None","None","None","None","None","None","None","None"
"STU003116","None","None","None","None","None","None","None","None","None","None","None","None","None","None","None","None","None","None","None","None","None","None","None","None","None","None","None","None"
"STU003117","4YR","4YR","4YR","CTC","4YR","4YR","4YR","4YR","None","None","None","None","None","None","None","None","None","None","None","None","None","None","None","None","None","None","None","None"
"STU003118","4YR","4YR","4YR","CTC","4YR","4YR","4YR","4YR","4YR","4YR","4YR","4YR","4YR","4YR","4YR","None","None","None","None","None","None","None","None","None","None","None","None","None"
"STU003119","4YR","4YR","None","4YR","4YR","4YR","4YR","4YR","4YR","4YR","4YR","None","4YR","4YR","4YR","None","None","None","None","None","None","None","None","None","None","None","None","None"
"STU003120","None","None","None","CTC","CTC","CTC","CTC","CTC","CTC","CTC","None","4YR","CTC","None","None","None","CTC","CTC","CTC","CTC","None","None","None","None","None","None","None","None"
"STU003121","None","None","None","None","None","None","None","None","None","None","None","None","None","None","None","None","None","None","None","None","None","None","None","None","None","None","None","None"
"STU003122","None","None","None","None","None","None","None","None","None","None","None","None","None","None","None","None","None","None","None","None","None","None","None","None","None","None","None","None"
"STU003123","None","None","None","None","None","None","None","None","None","None","None","None","None","None","None","None","None","None","None","None","None","None","None","None","None","None","None","None"
"STU003124","CTC","CTC","CTC","None","None","None","None","None","None","None","None","None","None","None","None","None","None","None","None","None","None","None","None","None","None","None","None","None"
"STU003125","4YR","4YR","4YR","4YR","4YR","4YR","4YR","4YR","4YR","4YR","4YR","4YR","None","None","4YR","4YR","4YR","4YR","4YR","None","4YR","4YR","4YR","4YR","None","None","None","None"
"STU003126","CTC","CTC","CTC","4YR","CTC","CTC","CTC","4YR","4YR","4YR","4YR","None","4YR","4YR","None","4YR","None","None","None","None","None","None","None","None","None","None","None","None"
"STU003127","None","None","None","None","CTC","CTC","CTC","CTC","None","CTC","CTC","CTC","CTC","CTC","None","None","None","None","None","None","None","None","None","None","None","None","None","None"
"STU003128","CTC","CTC","CTC","CTC","None","None","None","None","None","None","None","None","None","None","None","None","None","None","None","None","None","None","None","None","None","None","None","None"
"STU003129","4YR","4YR","4YR","4YR","4YR","4YR","4YR","4YR","4YR","4YR","4YR","4YR","4YR","4YR","4YR","None","None","None","None","None","None","None","None","None","None","None","None","None"
"STU003130","CTC","CTC","CTC","CTC","CTC","CTC","CTC","None","CTC","CTC","CTC","CTC","CTC","CTC","CTC","CTC","CTC","None","None","None","None","None","None","None","None","None","None","None"
"STU003131","None","None","None","None","None","None","None","None","None","None","None","None","None","None","None","CTC","None","None","None","None","None","None","None","None","None","None","None","None"
"STU003132","4YR","4YR","4YR","4YR","4YR","4YR","4YR","4YR","4YR","None","None","None","None","None","None","None","None","None","None","None","None","None","None","None","None","None","None","None"
"STU003133","None","None","None","None","None","None","None","None","None","None","None","None","None","None","None","None","None","None","None","None","None","None","None","None","None","None","None","None"
"STU003134","4YR","4YR","4YR","4YR","None","4YR","None","None","None","None","None","None","None","None","None","None","None","None","None","None","None","None","None","None","None","None","None","None"
"STU003135","4YR","4YR","4YR","4YR","4YR","4YR","4YR","4YR","4YR","4YR","4YR","4YR","4YR","CTC","4YR","4YR","None","None","None","None","None","None","None","None","None","None","None","None"
"STU003136","4YR","4YR","4YR","4YR","4YR","4YR","4YR","4YR","CTC","4YR","4YR","4YR","4YR","4YR","4YR","4YR","4YR","4YR","4YR","4YR","4YR","4YR","CTC","4YR","4YR","None","None","None"
"STU003137","4YR","4YR","4YR","4YR","4YR","4YR","4YR","4YR","4YR","4YR","4YR","4YR","4YR","None","None","None","None","None","None","None","None","None","None","None","None","None","None","None"
"STU003138","4YR","4YR","4YR","4YR","4YR","4YR","4YR","4YR","4YR","4YR","4YR","4YR","4YR","4YR","4YR","4YR","4YR","4YR","4YR","4YR","4YR","4YR","4YR","None","None","None","None","None"
"STU003139","None","None","None","None","None","None","None","None","None","None","None","None","None","None","None","None","None","None","None","None","None","None","None","None","None","None","None","None"
"STU003140","None","None","CTC","CTC","CTC","CTC","CTC","4YR","CTC","None","None","None","None","None","None","None","None","None","None","None","None","None","None","None","None","None","None","None"
"STU003141","CTC","CTC","None","CTC","CTC","CTC","CTC","CTC","4YR","4YR","4YR","4YR","4YR","4YR","4YR","4YR","4YR","None","None","None","None","None","None","None","None","None","None","None"
"STU003142","None","None","None","None","None","None","None","None","None","None","None","None","None","None","None","None","None","None","None","None","None","None","None","None","None","None","None","None"
"STU003143","4YR","4YR","4YR","4YR","4YR","4YR","4YR","4YR","4YR","4YR","4YR","CTC","4YR","4YR","None","None","None","None","None","None","None","None","None","None","None","None","None","None"
"STU003144","None","None","None","None","None","None","None","None","None","None","None","None","None","None","None","None","None","None","None","None","None","None","None","None","None","None","None","None"
"STU003145","None","None","None","None","None","None","None","None","None","None","None","None","None","None","None","None","None","None","None","None","None","None","None","None","None","None","None","None"
"STU003146","CTC","CTC","CTC","CTC","CTC","CTC","CTC","None","None","None","None","None","None","None","None","None","None","None","None","None","None","None","None","None","None","None","None","None"
"STU003147","4YR","4YR","4YR","4YR","4YR","4YR","4YR","CTC","CTC","CTC","CTC","CTC","CTC","CTC","CTC","CTC","None","CTC","CTC","CTC","None","None","None","None","None","None","None","None"
"STU003148","None","None","None","None","None","None","None","None","None","None","None","None","None","None","None","None","None","None","None","None","None","None","None","None","None","None","None","None"
"STU003149","None","None","None","None","None","None","None","None","None","None","None","None","None","None","None","None","None","None","None","None","None","None","None","None","None","None","None","None"
"STU003150","4YR","4YR","4YR","4YR","4YR","4YR","4YR","4YR","4YR","4YR","4YR","4YR","4YR","4YR","4YR","4YR","4YR","4YR","None","None","4YR","4YR","None","None","None","None","None","None"
"STU003151","CTC","CTC","CTC","CTC","CTC","None","None","CTC","4YR","4YR","4YR","4YR","4YR","4YR","4YR","4YR","4YR","4YR","None","None","None","None","None","None","None","None","None","None"
"STU003152","4YR","CTC","4YR","4YR","4YR","4YR","4YR","4YR","4YR","4YR","4YR","CTC","4YR","4YR","4YR","4YR","None","4YR","4YR","4YR","4YR","4YR","4YR","4YR","4YR","4YR","None","None"
"STU003153","None","CTC","CTC","CTC","CTC","None","None","None","None","None","None","None","None","None","None","None","None","None","None","None","None","None","None","None","None","None","None","None"
"STU003154","None","None","None","None","None","None","None","None","None","None","None","None","None","None","None","None","None","None","None","None","None","None","None","None","None","None","None","None"
"STU003155","None","None","None","None","None","None","None","None","None","None","None","None","None","None","None","None","None","None","None","None","None","None","None","None","None","None","None","None"
"STU003156","CTC","CTC","CTC","CTC","CTC","CTC","CTC","CTC","CTC","None","None","None","None","None","None","None","None","None","None","None","None","None","None","None","None","None","None","None"
"STU003157","CTC","CTC","CTC","None","None","CTC","CTC","CTC","CTC","CTC","CTC","CTC","CTC","CTC","None","None","None","None","None","None","None","None","None","None","None","None","None","None"
"STU003158","4YR","4YR","4YR","4YR","4YR","4YR","4YR","4YR","4YR","4YR","4YR","4YR","4YR","4YR","4YR","4YR","4YR","4YR","4YR","None","None","None","None","None","None","None","None","None"
"STU003159","None","None","None","CTC","CTC","None","None","None","None","None","None","None","None","None","None","None","None","None","None","None","None","None","None","None","None","None","None","None"
"STU003160","None","None","None","None","None","None","None","None","None","None","None","None","None","None","None","None","None","None","None","None","None","None","None","None","None","None","None","None"
"STU003161","None","None","None","None","None","None","None","None","None","None","None","None","None","None","None","None","None","None","None","None","None","None","None","None","None","None","None","None"
"STU003162","4YR","4YR","4YR","4YR","4YR","4YR","4YR","4YR","4YR","4YR","4YR","4YR","4YR","4YR","4YR","4YR","4YR","4YR","4YR","None","None","None","None","None","None","None","None","None"
"STU003163","4YR","4YR","4YR","4YR","4YR","4YR","4YR","4YR","4YR","None","None","None","None","None","None","None","None","None","None","None","None","None","None","None","None","None","None","None"
"STU003164","None","None","CTC","CTC","CTC","CTC","CTC","CTC","CTC","CTC","CTC","None","None","CTC","CTC","CTC","CTC","CTC","None","None","None","None","None","None","None","None","None","None"
"STU003165","CTC","CTC","CTC","4YR","CTC","CTC","4YR","None","None","None","None","None","None","None","None","None","None","None","None","None","None","None","None","None","None","None","None","None"
"STU003166","None","None","4YR","4YR","None","None","None","None","None","None","None","None","None","None","None","None","None","None","None","None","None","None","None","None","None","None","None","None"
"STU003167","CTC","4YR","CTC","None","CTC","CTC","4YR","4YR","4YR","4YR","4YR","4YR","4YR","4YR","4YR","CTC","4YR","None","None","None","None","None","None","None","None","None","None","None"
"STU003168","None","None","None","None","None","None","None","None","None","None","None","None","None","None","None","None","None","None","None","None","None","None","None","None","None","None","None","None"
"STU003169","4YR","4YR","None","4YR","4YR","4YR","4YR","4YR","4YR","4YR","4YR","4YR","4YR","4YR","4YR","None","4YR","4YR","CTC","4YR","4YR","4YR","4YR","None","None","None","None","None"
"STU003170","None","CTC","CTC","CTC","CTC","CTC","4YR","CTC","CTC","CTC","None","None","None","None","None","None","None","None","None","None","None","None","None","None","None","None","None","None"
"STU003171","4YR","4YR","4YR","4YR","4YR","4YR","4YR","4YR","4YR","None","None","4YR","4YR","4YR","None","None","None","None","None","None","None","None","None","None","None","None","None","None"
"STU003172","None","None","None","None","4YR","CTC","CTC","CTC","CTC","CTC","CTC","CTC","CTC","None","None","CTC","CTC","CTC","CTC","CTC","None","None","None","None","None","None","None","None"
"STU003173","CTC","CTC","CTC","CTC","None","None","None","None","None","None","None","None","None","None","None","None","None","None","None","None","None","None","None","None","None","None","None","None"
"STU003174","CTC","CTC","CTC","CTC","CTC","CTC","CTC","CTC","CTC","CTC","CTC","CTC","CTC","CTC","None","None","None","None","None","None","None","None","None","None","None","None","None","None"
"STU003175","4YR","None","4YR","4YR","4YR","CTC","4YR","4YR","4YR","None","None","None","None","None","None","None","None","None","None","None","None","None","None","None","None","None","None","None"
"STU003176","CTC","CTC","CTC","CTC","CTC","CTC","None","None","None","None","None","None","None","None","None","None","None","None","None","None","None","None","None","None","None","None","None","None"
"STU003177","CTC","CTC","CTC","CTC","None","CTC","CTC","None","CTC","None","CTC","CTC","CTC","CTC","None","CTC","CTC","CTC","CTC","CTC","None","None","None","None","None","None","None","None"
"STU003178","CTC","CTC","CTC","None","CTC","CTC","CTC","CTC","CTC","CTC","CTC","CTC","CTC","None","4YR","CTC","CTC","CTC","CTC","CTC","None","None","None","None","None","None","None","None"
"STU003179","None","None","4YR","4YR","4YR","4YR","4YR","4YR","4YR","4YR","None","None","None","None","None","None","None","None","None","None","None","None","None","None","None","None","None","None"
"STU003180","4YR","4YR","4YR","4YR","4YR","4YR","4YR","CTC","CTC","CTC","4YR","CTC","CTC","CTC","None","None","None","None","None","None","None","None","None","None","None","None","None","None"
"STU003181","CTC","CTC","CTC","CTC","CTC","CTC","CTC","CTC","CTC","CTC","None","None","CTC","None","CTC","None","None","None","None","None","None","None","None","None","None","None","None","None"
"STU003182","None","None","None","None","CTC","CTC","CTC","4YR","None","None","None","CTC","CTC","CTC","CTC","CTC","CTC","None","None","None","None","None","None","None","None","None","None","None"
"STU003183","CTC","CTC","CTC","None","None","None","None","None","None","None","None","None","None","None","None","None","None","None","None","None","None","None","None","None","None","None","None","None"
"STU003184","CTC","CTC","None","CTC","CTC","CTC","CTC","CTC","None","None","None","None","None","None","None","None","None","None","None","None","None","None","None","None","None","None","None","None"
"STU003185","CTC","CTC","CTC","CTC","CTC","None","None","None","None","None","None","None","None","None","None","None","None","None","None","None","None","None","None","None","None","None","None","None"
"STU003186","None","None","None","None","None","None","None","None","None","None","None","None","None","None","None","None","None","None","None","None","None","None","None","None","None","None","None","None"
"STU003187","CTC","CTC","CTC","None","None","CTC","CTC","CTC","CTC","4YR","CTC","CTC","CTC","CTC","CTC","None","None","None","None","None","None","None","None","None","None","None","None","None"
"STU003188","CTC","CTC","CTC","CTC","CTC","CTC","None","None","None","None","None","None","None","None","None","None","None","None","None","None","None","None","None","None","None","None","None","None"
"STU003189","None","None","None","None","None","None","None","None","None","None","None","None","None","None","None","None","None","None","None","None","None","None","None","None","None","None","None","None"
"STU003190","None","None","None","None","None","None","None","None","None","None","None","None","None","None","None","None","None","None","None","None","None","None","None","None","None","None","None","None"
"STU003191","4YR","4YR","4YR","4YR","4YR","4YR","None","None","None","None","None","None","None","None","None","None","None","None","None","None","None","None","None","None","None","None","None","None"
"STU003192","4YR","4YR","4YR","4YR","4YR","4YR","4YR","4YR","None","4YR","4YR","4YR","CTC","4YR","None","None","None","None","None","None","None","None","None","None","None","None","None","None"
"STU003193","None","None","CTC","CTC","4YR","None","None","None","None","None","None","None","None","None","None","None","None","None","None","None","None","None","None","None","None","None","None","None"
"STU003194","None","None","None","None","None","None","None","None","None","None","None","None","None","None","None","None","None","None","None","None","None","None","None","None","None","None","None","None"
"STU003195","CTC","None","None","None","None","None","None","None","None","None","None","None","None","None","None","None","None","None","None","None","None","None","None","None","None","None","None","None"
"STU003196","None","None","None","None","None","None","None","None","None","None","None","None","None","None","None","None","None","None","None","None","None","None","None","None","None","None","None","None"
"STU003197","None","None","None","None","None","None","None","None","None","None","None","None","None","None","None","None","None","None","None","None","None","None","None","None","None","None","None","None"
"STU003198","None","None","None","None","None","None","None","None","None","None","None","None","None","None","None","None","None","None","None","None","None","None","None","None","None","None","None","None"
"STU003199","CTC","CTC","CTC","None","None","None","None","None","None","None","None","None","None","None","None","None","None","None","None","None","None","None","None","None","None","None","None","None"
"STU003200","4YR","4YR","4YR","4YR","4YR","4YR","4YR","4YR","4YR","4YR","4YR","4YR","4YR","4YR","4YR","None","None","None","None","None","None","None","None","None","None","None","None","None"
"STU003201","None","None","None","None","None","CTC","CTC","None","None","None","None","None","None","None","None","None","None","None","None","None","None","None","None","None","None","None","None","None"
"STU003202","None","4YR","4YR","4YR","None","4YR","4YR","None","4YR","4YR","4YR","4YR","None","4YR","4YR","4YR","4YR","4YR","4YR","4YR","None","CTC","4YR","4YR","CTC","CTC","4YR","4YR"
"STU003203","None","None","None","None","None","None","None","None","None","None","None","None","None","None","None","None","None","None","None","None","None","None","None","None","None","None","None","None"
"STU003204","4YR","4YR","4YR","None","None","None","4YR","4YR","4YR","4YR","4YR","4YR","4YR","4YR","4YR","4YR","4YR","None","4YR","None","None","None","None","None","None","None","None","None"
"STU003205","None","CTC","CTC","CTC","CTC","4YR","CTC","CTC","CTC","4YR","CTC","CTC","CTC","CTC","CTC","CTC","CTC","CTC","None","CTC","None","None","None","None","None","None","None","None"
"STU003206","CTC","CTC","CTC","CTC","CTC","CTC","CTC","CTC","CTC","None","None","None","None","None","None","None","None","None","None","None","None","None","None","None","None","None","None","None"
"STU003207","None","None","None","None","None","None","None","None","None","None","None","None","None","None","None","None","None","None","None","None","None","None","None","None","None","None","None","None"
"STU003208","None","None","4YR","4YR","4YR","4YR","4YR","None","None","4YR","4YR","None","4YR","None","None","None","None","None","None","None","None","None","None","None","None","None","None","None"
"STU003209","None","None","4YR","4YR","4YR","4YR","None","None","None","None","None","None","None","None","None","None","None","None","None","None","None","None","None","None","None","None","None","None"
"STU003210","4YR","None","4YR","4YR","4YR","4YR","4YR","4YR","4YR","4YR","4YR","4YR","4YR","None","None","None","None","None","None","None","None","None","None","None","None","None","None","None"
"STU003211","CTC","CTC","CTC","4YR","CTC","None","None","None","None","None","None","None","None","None","None","None","None","None","None","None","None","None","None","None","None","None","None","None"
"STU003212","CTC","CTC","CTC","CTC","CTC","CTC","CTC","4YR","4YR","None","4YR","4YR","4YR","4YR","4YR","4YR","4YR","None","None","None","None","None","None","None","None","None","None","None"
"STU003213","4YR","None","4YR","4YR","4YR","4YR","4YR","4YR","4YR","4YR","4YR","4YR","4YR","4YR","4YR","None","4YR","4YR","4YR","4YR","4YR","None","None","None","None","None","None","None"
"STU003214","4YR","4YR","4YR","4YR","4YR","4YR","4YR","4YR","4YR","4YR","None","None","None","None","None","None","None","None","None","None","None","None","None","None","None","None","None","None"
"STU003215","None","CTC","CTC","CTC","CTC","CTC","CTC","CTC","CTC","CTC","None","None","None","None","None","None","None","None","None","None","None","None","None","None","None","None","None","None"
"STU003216","CTC","CTC","CTC","CTC","CTC","CTC","CTC","CTC","CTC","CTC","CTC","CTC","CTC","CTC","CTC","CTC","CTC","None","None","None","None","None","None","None","None","None","None","None"
"STU003217","None","None","None","None","None","None","None","None","None","None","None","None","None","None","None","None","None","None","None","None","None","None","None","None","None","None","None","None"
"STU003218","None","None","None","None","CTC","4YR","4YR","4YR","CTC","4YR","None","None","None","None","None","None","None","None","None","None","None","None","None","None","None","None","None","None"
"STU003219","None","None","None","None","None","None","None","None","None","None","None","None","None","None","None","None","None","None","None","None","None","None","None","None","None","None","None","None"
"STU003220","None","None","None","None","None","None","None","None","None","None","None","None","None","None","None","None","None","None","None","None","None","None","None","None","None","None","None","None"
"STU003221","CTC","CTC","CTC","CTC","CTC","CTC","4YR","4YR","4YR","4YR","4YR","4YR","4YR","None","4YR","4YR","None","None","None","None","None","None","None","None","None","None","None","None"
"STU003222","None","CTC","CTC","None","None","None","None","None","None","None","None","None","None","None","None","None","None","None","None","None","None","None","None","None","None","None","None","None"
"STU003223","CTC","CTC","CTC","CTC","CTC","CTC","None","None","None","None","None","None","None","None","None","None","None","None","None","None","None","None","None","None","None","None","None","None"
"STU003224","4YR","4YR","4YR","4YR","4YR","4YR","4YR","4YR","CTC","4YR","4YR","4YR","4YR","4YR","4YR","4YR","4YR","None","None","None","None","None","None","None","None","None","None","None"
"STU003225","None","None","None","None","None","None","None","None","None","None","None","None","None","None","None","None","None","None","None","None","None","None","None","None","None","None","None","None"
"STU003226","None","None","None","CTC","CTC","CTC","CTC","None","None","None","None","None","None","None","None","None","None","None","None","None","None","None","None","None","None","None","None","None"
"STU003227","None","None","4YR","4YR","None","4YR","4YR","None","None","None","4YR","4YR","4YR","4YR","4YR","4YR","4YR","None","None","None","None","None","None","None","None","None","None","None"
"STU003228","4YR","4YR","4YR","4YR","4YR","4YR","4YR","4YR","CTC","4YR","4YR","4YR","4YR","4YR","4YR","4YR","4YR","4YR","None","4YR","4YR","4YR","4YR","None","4YR","4YR","None","None"
"STU003229","4YR","4YR","4YR","4YR","4YR","None","4YR","4YR","None","None","None","None","None","None","None","None","None","None","None","None","None","None","None","None","None","None","None","None"
"STU003230","None","None","None","None","CTC","CTC","CTC","CTC","CTC","None","None","None","None","None","None","None","None","None","None","None","None","None","None","None","None","None","None","None"
"STU003231","None","CTC","CTC","None","None","None","None","None","None","None","None","None","None","None","None","None","None","None","None","None","None","None","None","None","None","None","None","None"
"STU003232","4YR","4YR","4YR","4YR","4YR","None","4YR","4YR","4YR","4YR","4YR","CTC","4YR","4YR","None","None","None","None","None","None","None","None","None","None","None","None","None","None"
"STU003233","4YR","4YR","None","4YR","4YR","None","4YR","4YR","4YR","None","4YR","4YR","4YR","4YR","None","4YR","4YR","4YR","4YR","4YR","4YR","4YR","None","None","4YR","4YR","4YR","4YR"
"STU003234","CTC","CTC","None","None","None","None","None","None","None","None","None","None","None","None","None","None","None","None","None","None","None","None","None","None","None","None","None","None"
"STU003235","CTC","CTC","CTC","CTC","CTC","None","CTC","CTC","CTC","CTC","CTC","CTC","CTC","None","None","None","None","None","None","None","None","None","None","None","None","None","None","None"
"STU003236","4YR","4YR","4YR","4YR","4YR","4YR","4YR","4YR","4YR","None","4YR","CTC","4YR","4YR","4YR","4YR","None","None","None","None","None","None","None","None","None","None","None","None"
"STU003237","None","None","None","None","None","None","None","None","None","None","None","None","None","None","None","None","None","None","None","None","None","None","None","None","None","None","None","None"
"STU003238","None","None","CTC","CTC","CTC","CTC","None","CTC","CTC","CTC","None","None","None","None","None","None","None","None","None","None","None","None","None","None","None","None","None","None"
"STU003239","CTC","CTC","CTC","CTC","CTC","CTC","CTC","CTC","4YR","CTC","None","None","None","None","None","None","None","None","None","None","None","None","None","None","None","None","None","None"
"STU003240","None","CTC","CTC","CTC","CTC","CTC","None","CTC","CTC","CTC","CTC","CTC","CTC","CTC","CTC","4YR","CTC","None","None","None","None","None","None","None","None","None","None","None"
"STU003241","None","None","None","None","4YR","4YR","None","None","None","None","None","None","None","None","None","None","None","None","None","None","None","None","None","None","None","None","None","None"
"STU003242","None","None","CTC","CTC","CTC","CTC","None","None","None","None","None","None","None","None","None","None","None","None","None","None","None","None","None","None","None","None","None","None"
"STU003243","None","CTC","CTC","CTC","CTC","CTC","CTC","None","None","None","None","None","None","None","None","None","None","None","None","None","None","None","None","None","None","None","None","None"
"STU003244","CTC","CTC","CTC","CTC","CTC","CTC","CTC","CTC","None","CTC","CTC","CTC","CTC","None","None","None","None","None","None","None","None","None","None","None","None","None","None","None"
"STU003245","4YR","4YR","4YR","4YR","4YR","4YR","4YR","4YR","4YR","4YR","4YR","4YR","4YR","4YR","4YR","4YR","4YR","4YR","4YR","4YR","4YR","4YR","4YR","4YR","None","4YR","4YR","None"
"STU003246","CTC","CTC","CTC","CTC","CTC","CTC","CTC","CTC","CTC","CTC","CTC","CTC","CTC","4YR","CTC","CTC","None","None","None","None","None","None","None","None","None","None","None","None"
"STU003247","CTC","CTC","CTC","None","CTC","None","None","None","None","None","None","None","None","None","None","None","None","None","None","None","None","None","None","None","None","None","None","None"
"STU003248","None","None","None","None","None","None","None","None","None","None","None","None","None","None","None","None","None","None","None","None","None","None","None","None","None","None","None","None"
"STU003249","None","None","None","None","4YR","4YR","4YR","None","None","None","4YR","4YR","4YR","4YR","None","None","None","None","None","None","None","None","None","None","None","None","None","None"
"STU003250","4YR","4YR","4YR","4YR","4YR","4YR","4YR","4YR","4YR","4YR","4YR","4YR","4YR","4YR","4YR","4YR","4YR","4YR","4YR","4YR","4YR","None","None","4YR","4YR","4YR","None","None"
"STU003251","None","None","None","None","4YR","4YR","4YR","4YR","None","None","None","None","None","None","None","None","None","None","None","None","None","None","None","None","None","None","None","None"
"STU003252","None","CTC","CTC","None","CTC","None","CTC","CTC","CTC","CTC","CTC","CTC","CTC","CTC","CTC","CTC","CTC","None","None","None","None","None","None","None","None","None","None","None"
"STU003253","4YR","4YR","4YR","4YR","4YR","None","4YR","4YR","4YR","4YR","4YR","4YR","4YR","4YR","4YR","None","None","None","None","None","None","None","None","None","None","None","None","None"
"STU003254","None","None","None","None","CTC","CTC","CTC","CTC","CTC","CTC","CTC","CTC","None","None","None","None","None","None","None","None","None","None","None","None","None","None","None","None"
"STU003255","None","None","None","None","None","None","None","None","None","None","None","None","None","None","None","None","None","None","None","None","None","None","None","None","None","None","None","None"
"STU003256","None","None","None","None","CTC","CTC","CTC","CTC","CTC","CTC","CTC","None","None","None","None","None","None","None","None","None","None","None","None","None","None","None","None","None"
"STU003257","4YR","4YR","4YR","4YR","4YR","None","4YR","4YR","4YR","4YR","4YR","4YR","None","4YR","4YR","4YR","None","None","None","None","None","None","None","None","None","None","None","None"
"STU003258","4YR","4YR","4YR","4YR","4YR","4YR","None","None","None","None","None","None","None","None","None","None","None","None","None","None","None","None","None","None","None","None","None","None"
"STU003259","4YR","4YR","4YR","4YR","4YR","4YR","4YR","4YR","4YR","None","None","4YR","4YR","4YR","4YR","4YR","4YR","4YR","None","None","None","None","None","None","None","None","None","None"
"STU003260","None","None","None","None","None","None","None","None","None","None","None","None","None","None","None","None","None","None","None","None","None","None","None","None","None","None","None","None"
"STU003261","CTC","CTC","CTC","CTC","CTC","CTC","CTC","None","None","None","None","None","None","None","None","None","None","None","None","None","None","None","None","None","None","None","None","None"
"STU003262","CTC","CTC","CTC","CTC","CTC","CTC","4YR","4YR","4YR","None","4YR","4YR","4YR","4YR","4YR","4YR","4YR","4YR","4YR","None","None","None","None","None","None","None","None","None"
"STU003263","CTC","CTC","CTC","CTC","CTC","CTC","None","None","None","None","None","None","None","None","None","None","None","None","None","None","None","None","None","None","None","None","None","None"
"STU003264","4YR","4YR","4YR","4YR","4YR","4YR","4YR","4YR","None","4YR","4YR","4YR","4YR","None","4YR","4YR","None","None","None","None","None","None","None","None","None","None","None","None"
"STU003265","CTC","CTC","CTC","CTC","CTC","CTC","CTC","4YR","4YR","4YR","4YR","4YR","4YR","4YR","4YR","4YR","4YR","None","None","None","None","None","None","None","None","None","None","None"
"STU003266","None","None","None","None","None","None","None","None","None","None","None","None","None","None","None","None","None","None","None","None","None","None","None","None","None","None","None","None"
"STU003267","None","None","CTC","None","CTC","CTC","None","None","None","None","None","None","None","None","None","None","None","None","None","None","None","None","None","None","None","None","None","None"
"STU003268","4YR","4YR","4YR","4YR","CTC","CTC","CTC","CTC","CTC","CTC","CTC","None","None","None","None","None","None","None","None","None","None","None","None","None","None","None","None","None"
"STU003269","CTC","CTC","CTC","CTC","CTC","CTC","None","CTC","CTC","None","None","None","None","None","None","None","None","None","None","None","None","None","None","None","None","None","None","None"
"STU003270","4YR","4YR","None","4YR","4YR","CTC","None","4YR","None","4YR","4YR","None","4YR","4YR","4YR","4YR","4YR","4YR","4YR","4YR","4YR","4YR","4YR","4YR","4YR","4YR","4YR","4YR"
"STU003271","None","CTC","CTC","CTC","CTC","CTC","None","CTC","4YR","4YR","4YR","4YR","4YR","4YR","4YR","4YR","4YR","4YR","None","None","None","None","None","None","None","None","None","None"
"STU003272","CTC","None","CTC","CTC","CTC","CTC","CTC","CTC","None","None","None","None","None","None","None","None","None","None","None","None","None","None","None","None","None","None","None","None"
"STU003273","4YR","4YR","CTC","4YR","4YR","4YR","4YR","4YR","4YR","4YR","4YR","4YR","4YR","4YR","4YR","4YR","None","None","None","None","None","None","None","None","None","None","None","None"
"STU003274","CTC","CTC","None","CTC","CTC","CTC","4YR","4YR","4YR","4YR","4YR","4YR","4YR","4YR","None","4YR","4YR","None","None","None","None","None","None","None","None","None","None","None"
"STU003275","4YR","4YR","4YR","4YR","4YR","4YR","4YR","4YR","4YR","4YR","4YR","4YR","4YR","4YR","4YR","4YR","4YR","4YR","4YR","4YR","CTC","4YR","4YR","4YR","4YR","4YR","CTC","4YR"
"STU003276","4YR","CTC","4YR","4YR","4YR","4YR","4YR","4YR","4YR","4YR","4YR","4YR","4YR","4YR","None","None","None","None","None","None","None","None","None","None","None","None","None","None"
"STU003277","CTC","CTC","CTC","CTC","CTC","CTC","CTC","CTC","4YR","4YR","4YR","4YR","4YR","4YR","None","None","4YR","None","None","None","None","None","None","None","None","None","None","None"
"STU003278","CTC","CTC","CTC","CTC","CTC","CTC","CTC","CTC","None","CTC","None","CTC","CTC","CTC","CTC","None","None","None","None","None","None","None","None","None","None","None","None","None"
"STU003279","CTC","CTC","CTC","CTC","CTC","CTC","4YR","4YR","4YR","4YR","4YR","4YR","4YR","4YR","4YR","4YR","4YR","None","None","None","None","None","None","None","None","None","None","None"
"STU003280","CTC","CTC","CTC","CTC","CTC","CTC","None","None","None","None","None","None","None","None","None","None","None","None","None","None","None","None","None","None","None","None","None","None"
"STU003281","4YR","None","CTC","CTC","None","None","None","None","None","None","None","None","None","None","None","None","None","None","None","None","None","None","None","None","None","None","None","None"
"STU003282","None","None","None","None","CTC","None","CTC","CTC","CTC","CTC","CTC","CTC","None","None","None","None","None","None","None","None","None","None","None","None","None","None","None","None"
"STU003283","None","None","CTC","CTC","None","None","None","None","None","None","None","None","None","None","None","None","None","None","None","None","None","None","None","None","None","None","None","None"
"STU003284","None","CTC","CTC","CTC","CTC","None","CTC","None","None","None","None","None","None","None","None","None","None","None","None","None","None","None","None","None","None","None","None","None"
"STU003285","CTC","CTC","CTC","None","None","None","None","None","None","None","None","None","None","None","None","None","None","None","None","None","None","None","None","None","None","None","None","None"
"STU003286","4YR","4YR","4YR","4YR","CTC","4YR","4YR","4YR","None","4YR","4YR","4YR","4YR","4YR","4YR","4YR","None","None","None","None","None","None","None","None","None","None","None","None"
"STU003287","None","None","None","None","None","None","None","None","None","None","None","None","None","None","None","None","None","None","None","None","None","None","None","None","None","None","None","None"
"STU003288","CTC","CTC","CTC","CTC","CTC","CTC","CTC","4YR","CTC","CTC","CTC","None","CTC","CTC","CTC","CTC","CTC","CTC","CTC","None","None","None","None","None","None","None","None","None"
"STU003289","None","None","None","None","None","None","None","None","None","None","None","None","None","None","None","None","None","None","None","None","None","None","None","None","None","None","None","None"
"STU003290","4YR","4YR","4YR","4YR","4YR","4YR","4YR","4YR","4YR","4YR","4YR","None","None","None","None","None","None","None","None","None","None","None","None","None","None","None","None","None"
"STU003291","4YR","4YR","4YR","4YR","None","None","4YR","4YR","None","4YR","4YR","4YR","4YR","4YR","4YR","None","None","None","None","None","None","None","None","None","None","None","None","None"
"STU003292","4YR","4YR","4YR","4YR","4YR","None","4YR","4YR","4YR","4YR","None","None","None","None","None","None","None","None","None","None","None","None","None","None","None","None","None","None"
"STU003293","CTC","None","CTC","CTC","CTC","CTC","CTC","CTC","CTC","CTC","None","None","None","None","None","None","None","None","None","None","None","None","None","None","None","None","None","None"
"STU003294","CTC","CTC","CTC","None","CTC","CTC","CTC","CTC","CTC","CTC","CTC","CTC","CTC","CTC","CTC","CTC","None","None","None","None","None","None","None","None","None","None","None","None"
"STU003295","None","CTC","CTC","CTC","CTC","CTC","None","None","None","None","None","None","None","None","None","None","None","None","None","None","None","None","None","None","None","None","None","None"
"STU003296","CTC","CTC","CTC","CTC","CTC","CTC","CTC","CTC","CTC","CTC","CTC","4YR","CTC","None","None","None","None","None","None","None","None","None","None","None","None","None","None","None"
"STU003297","None","None","None","None","None","None","None","None","None","None","None","None","None","None","None","None","None","None","None","None","None","None","None","None","None","None","None","None"
"STU003298","None","None","CTC","None","CTC","CTC","CTC","CTC","None","None","CTC","CTC","CTC","None","CTC","CTC","CTC","None","None","None","None","None","None","None","None","None","None","None"
"STU003299","CTC","CTC","CTC","CTC","CTC","CTC","CTC","None","None","None","None","None","None","None","None","None","None","None","None","None","None","None","None","None","None","None","None","None"
"STU003300","None","CTC","None","None","None","None","None","None","None","None","None","None","None","None","None","None","None","None","None","None","None","None","None","None","None","None","None","None"
"STU003301","None","None","CTC","CTC","CTC","CTC","CTC","CTC","CTC","None","None","None","None","None","None","None","None","None","None","None","None","None","None","None","None","None","None","None"
"STU003302","None","None","None","None","None","None","None","None","None","None","None","None","None","None","None","None","None","None","None","None","None","None","None","None","None","None","None","None"
"STU003303","None","None","None","CTC","CTC","CTC","4YR","None","None","None","None","None","None","None","None","None","None","None","None","None","None","None","None","None","None","None","None","None"
"STU003304","4YR","4YR","4YR","4YR","None","4YR","4YR","4YR","4YR","4YR","4YR","4YR","4YR","4YR","None","None","None","None","None","None","None","None","None","None","None","None","None","None"
"STU003305","CTC","CTC","CTC","None","CTC","None","CTC","CTC","CTC","CTC","CTC","CTC","None","None","None","None","None","None","None","None","None","None","None","None","None","None","None","None"
"STU003306","None","None","None","None","None","None","None","None","None","None","None","None","None","None","None","None","None","None","None","None","None","None","None","None","None","None","None","None"
"STU003307","CTC","CTC","CTC","CTC","CTC","CTC","None","None","None","None","None","None","None","None","None","None","None","None","None","None","None","None","None","None","None","None","None","None"
"STU003308","4YR","4YR","4YR","4YR","4YR","4YR","4YR","4YR","4YR","4YR","4YR","4YR","CTC","None","4YR","4YR","None","None","None","None","None","None","None","None","None","None","None","None"
"STU003309","4YR","4YR","4YR","4YR","4YR","4YR","4YR","4YR","4YR","None","4YR","None","4YR","4YR","4YR","None","None","None","None","None","None","None","None","None","None","None","None","None"
"STU003310","None","None","None","None","None","None","None","None","None","None","None","None","None","None","None","None","None","None","None","None","None","None","None","None","None","None","None","None"
"STU003311","None","None","None","None","None","None","None","None","None","None","None","None","None","None","None","None","None","None","None","None","None","None","None","None","None","None","None","None"
"STU003312","None","None","CTC","CTC","CTC","None","None","None","None","None","None","None","None","None","None","None","None","None","None","None","None","None","None","None","None","None","None","None"
"STU003313","None","None","None","None","4YR","4YR","4YR","4YR","4YR","4YR","4YR","None","None","None","None","None","None","None","None","None","None","None","None","None","None","None","None","None"
"STU003314","4YR","4YR","4YR","4YR","4YR","4YR","4YR","4YR","4YR","4YR","CTC","4YR","4YR","4YR","None","None","None","None","None","None","None","None","None","None","None","None","None","None"
"STU003315","CTC","CTC","CTC","CTC","None","CTC","CTC","4YR","4YR","4YR","4YR","4YR","4YR","4YR","4YR","4YR","None","None","None","None","None","None","None","None","None","None","None","None"
"STU003316","CTC","CTC","CTC","4YR","CTC","CTC","4YR","4YR","4YR","None","4YR","4YR","4YR","4YR","4YR","4YR","4YR","None","None","None","None","None","None","None","None","None","None","None"
"STU003317","None","None","4YR","4YR","4YR","4YR","None","None","4YR","None","4YR","4YR","4YR","4YR","None","None","None","None","None","None","None","None","None","None","None","None","None","None"
"STU003318","None","None","CTC","CTC","CTC","None","None","None","None","None","None","None","None","None","None","None","None","None","None","None","None","None","None","None","None","None","None","None"
"STU003319","None","CTC","None","None","None","None","None","None","None","None","None","None","None","None","None","None","None","None","None","None","None","None","None","None","None","None","None","None"
"STU003320","CTC","CTC","CTC","CTC","CTC","CTC","CTC","CTC","CTC","CTC","CTC","CTC","CTC","CTC","CTC","CTC","CTC","None","None","None","None","None","None","None","None","None","None","None"
"STU003321","None","None","None","None","None","None","None","None","None","None","None","None","None","None","None","None","None","None","None","None","None","None","None","None","None","None","None","None"
"STU003322","CTC","CTC","CTC","CTC","4YR","CTC","CTC","CTC","CTC","CTC","CTC","CTC","None","CTC","CTC","CTC","None","None","None","None","None","None","None","None","None","None","None","None"
"STU003323","None","CTC","CTC","CTC","CTC","CTC","None","None","None","None","None","None","None","None","None","None","None","None","None","None","None","None","None","None","None","None","None","None"
"STU003324","CTC","CTC","CTC","CTC","CTC","CTC","CTC","CTC","CTC","CTC","CTC","CTC","CTC","None","None","None","None","None","None","None","None","None","None","None","None","None","None","None"
"STU003325","None","None","None","None","None","None","None","None","None","None","None","None","None","None","None","None","None","None","None","None","None","None","None","None","None","None","None","None"
"STU003326","4YR","4YR","4YR","4YR","4YR","4YR","4YR","4YR","4YR","4YR","4YR","4YR","4YR","4YR","4YR","4YR","None","None","None","None","None","None","None","None","None","None","None","None"
"STU003327","4YR","4YR","4YR","4YR","4YR","None","None","4YR","4YR","4YR","4YR","CTC","4YR","CTC","None","None","None","None","None","None","None","None","None","None","None","None","None","None"
"STU003328","None","None","None","None","None","None","None","None","None","None","None","None","None","None","None","None","None","None","None","None","None","None","None","None","None","None","None","None"
"STU003329","None","None","None","None","None","None","None","None","None","None","None","None","None","None","None","None","None","None","None","None","None","None","None","None","None","None","None","None"
"STU003330","None","CTC","4YR","CTC","CTC","None","CTC","CTC","None","CTC","None","None","None","None","None","None","None","None","None","None","None","None","None","None","None","None","None","None"
"STU003331","CTC","None","None","None","None","None","None","None","None","None","None","None","None","None","None","None","None","None","None","None","None","None","None","None","None","None","None","None"
"STU003332","None","None","None","None","None","None","None","None","None","None","None","None","None","None","None","None","None","None","None","None","None","None","None","None","None","None","None","None"
"STU003333","None","None","None","None","None","None","None","None","None","None","None","None","None","None","None","None","None","None","None","None","None","None","None","None","None","None","None","None"
"STU003334","4YR","4YR","4YR","4YR","None","None","None","None","None","None","None","None","None","None","None","None","None","None","None","None","None","None","None","None","None","None","None","None"
"STU003335","None","None","None","None","CTC","CTC","CTC","CTC","CTC","CTC","4YR","None","CTC","None","None","None","None","None","None","None","None","None","None","None","None","None","None","None"
"STU003336","None","None","None","None","None","None","None","None","None","None","None","None","None","None","None","None","None","None","None","None","None","None","None","None","None","None","None","None"
"STU003337","CTC","CTC","4YR","None","None","None","None","None","None","None","None","None","None","None","None","None","None","None","None","None","None","None","None","None","None","None","None","None"
"STU003338","None","None","None","None","None","None","None","None","None","None","None","None","None","None","None","None","None","None","None","None","None","None","None","None","None","None","None","None"
"STU003339","CTC","CTC","CTC","None","CTC","CTC","CTC","CTC","CTC","CTC","CTC","CTC","CTC","CTC","CTC","None","None","None","None","None","None","None","None","None","None","None","None","None"
"STU003340","4YR","4YR","4YR","4YR","4YR","4YR","4YR","4YR","4YR","4YR","4YR","4YR","4YR","CTC","4YR","4YR","None","None","None","None","None","None","None","None","None","None","None","None"
"STU003341","CTC","CTC","CTC","CTC","CTC","CTC","None","None","None","None","None","None","None","None","None","None","None","None","None","None","None","None","None","None","None","None","None","None"
"STU003342","None","None","None","None","None","None","None","None","None","None","None","None","None","None","None","None","None","None","None","None","None","None","None","None","None","None","None","None"
"STU003343","None","None","None","4YR","4YR","4YR","4YR","4YR","4YR","None","None","None","None","None","None","None","None","None","None","None","None","None","None","None","None","None","None","None"
"STU003344","CTC","CTC","CTC","CTC","CTC","CTC","CTC","None","None","None","None","None","None","None","None","None","None","None","None","None","None","None","None","None","None","None","None","None"
"STU003345","CTC","CTC","None","CTC","CTC","CTC","CTC","4YR","CTC","CTC","None","CTC","CTC","CTC","CTC","CTC","CTC","None","None","None","None","None","None","None","None","None","None","None"
"STU003346","4YR","4YR","4YR","4YR","4YR","None","4YR","4YR","None","4YR","4YR","4YR","4YR","4YR","4YR","4YR","None","None","None","None","None","None","None","None","None","None","None","None"
"STU003347","4YR","4YR","4YR","4YR","None","4YR","4YR","4YR","4YR","CTC","4YR","4YR","4YR","4YR","4YR","4YR","None","4YR","4YR","4YR","4YR","4YR","None","None","None","None","None","None"
"STU003348","None","None","None","None","None","None","None","None","None","None","None","None","None","None","None","None","None","None","None","None","None","None","None","None","None","None","None","None"
"STU003349","None","CTC","None","CTC","None","CTC","CTC","CTC","CTC","None","None","None","None","None","None","None","None","None","None","None","None","None","None","None","None","None","None","None"
"STU003350","None","4YR","4YR","4YR","4YR","4YR","4YR","4YR","4YR","4YR","4YR","None","None","None","None","None","None","None","None","None","None","None","None","None","None","None","None","None"
"STU003351","CTC","CTC","CTC","CTC","CTC","4YR","CTC","None","None","None","None","None","None","None","None","None","None","None","None","None","None","None","None","None","None","None","None","None"
"STU003352","None","None","None","None","None","None","None","None","None","None","None","None","None","None","None","None","None","None","None","None","None","None","None","None","None","None","None","None"
"STU003353","None","None","None","None","None","None","None","None","None","None","None","None","None","None","None","None","None","None","None","None","None","None","None","None","None","None","None","None"
"STU003354","None","None","None","None","None","None","None","None","None","None","None","None","None","None","None","None","None","None","None","None","None","None","None","None","None","None","None","None"
"STU003355","None","None","CTC","CTC","CTC","CTC","4YR","CTC","CTC","CTC","CTC","None","None","None","None","None","None","None","None","None","None","None","None","None","None","None","None","None"
"STU003356","CTC","4YR","4YR","CTC","CTC","CTC","CTC","CTC","CTC","None","CTC","CTC","CTC","CTC","CTC","CTC","CTC","CTC","None","None","None","None","None","None","None","None","None","None"
"STU003357","CTC","CTC","CTC","CTC","CTC","None","None","None","None","None","None","None","None","None","None","None","None","None","None","None","None","None","None","None","None","None","None","None"
"STU003358","CTC","CTC","CTC","CTC","CTC","CTC","None","CTC","CTC","CTC","CTC","CTC","4YR","CTC","None","None","None","None","None","None","None","None","None","None","None","None","None","None"
"STU003359","4YR","4YR","4YR","4YR","4YR","4YR","4YR","4YR","4YR","4YR","4YR","4YR","4YR","4YR","4YR","4YR","4YR","4YR","4YR","4YR","4YR","4YR","None","None","None","None","None","None"
"STU003360","None","None","None","None","None","None","None","None","None","None","None","None","None","None","None","None","None","None","None","None","None","None","None","None","None","None","None","None"
"STU003361","4YR","4YR","4YR","None","None","None","None","None","None","None","None","None","None","None","None","None","None","None","None","None","None","None","None","None","None","None","None","None"
"STU003362","None","CTC","CTC","None","CTC","CTC","CTC","CTC","None","None","None","None","None","None","None","None","None","None","None","None","None","None","None","None","None","None","None","None"
"STU003363","4YR","4YR","4YR","None","None","None","None","None","None","None","None","None","None","None","None","None","None","None","None","None","None","None","None","None","None","None","None","None"
"STU003364","CTC","CTC","CTC","CTC","CTC","CTC","None","None","None","None","None","None","None","None","None","None","None","None","None","None","None","None","None","None","None","None","None","None"
"STU003365","CTC","CTC","CTC","CTC","CTC","CTC","4YR","None","4YR","4YR","4YR","None","4YR","4YR","4YR","4YR","4YR","4YR","4YR","4YR","None","None","None","None","None","None","None","None"
"STU003366","None","CTC","CTC","4YR","CTC","CTC","None","None","None","None","None","None","None","None","None","None","None","None","None","None","None","None","None","None","None","None","None","None"
"STU003367","None","None","None","None","None","None","None","None","None","None","None","None","None","None","None","None","None","None","None","None","None","None","None","None","None","None","None","None"
"STU003368","CTC","CTC","CTC","CTC","4YR","4YR","CTC","None","None","None","None","None","None","None","None","None","None","None","None","None","None","None","None","None","None","None","None","None"
"STU003369","None","None","None","None","None","None","None","None","None","None","None","None","None","None","None","None","None","None","None","None","None","None","None","None","None","None","None","None"
"STU003370","None","None","None","None","None","None","None","None","None","None","None","None","None","None","None","None","None","None","None","None","None","None","None","None","None","None","None","None"
"STU003371","CTC","CTC","CTC","None","None","None","None","None","None","None","None","None","None","None","None","None","None","None","None","None","None","None","None","None","None","None","None","None"
"STU003372","CTC","CTC","CTC","CTC","None","CTC","CTC","CTC","CTC","None","None","None","None","None","None","None","None","None","None","None","None","None","None","None","None","None","None","None"
"STU003373","4YR","4YR","4YR","CTC","4YR","4YR","4YR","4YR","4YR","4YR","4YR","4YR","4YR","None","4YR","4YR","None","4YR","4YR","4YR","4YR","4YR","4YR","None","None","None","None","None"
"STU003374","4YR","4YR","None","None","None","None","None","None","None","None","None","None","None","None","None","None","None","None","None","None","None","None","None","None","None","None","None","None"
"STU003375","4YR","4YR","4YR","4YR","4YR","None","4YR","4YR","4YR","None","4YR","4YR","4YR","4YR","None","None","None","None","None","None","None","None","None","None","None","None","None","None"
"STU003376","CTC","CTC","CTC","CTC","CTC","CTC","CTC","4YR","4YR","4YR","4YR","CTC","4YR","4YR","None","4YR","4YR","4YR","4YR","None","None","None","None","None","None","None","None","None"
"STU003377","None","CTC","None","CTC","CTC","None","CTC","CTC","None","CTC","CTC","None","None","None","None","None","None","None","None","None","None","None","None","None","None","None","None","None"
"STU003378","4YR","4YR","4YR","4YR","4YR","4YR","4YR","4YR","None","4YR","4YR","4YR","4YR","4YR","4YR","4YR","4YR","4YR","4YR","4YR","4YR","4YR","4YR","None","None","None","None","None"
"STU003379","4YR","4YR","4YR","None","None","4YR","4YR","4YR","4YR","None","4YR","4YR","4YR","4YR","4YR","None","None","None","None","None","None","None","None","None","None","None","None","None"
"STU003380","4YR","4YR","4YR","4YR","4YR","4YR","4YR","4YR","4YR","4YR","4YR","4YR","4YR","4YR","4YR","None","None","None","None","None","None","None","None","None","None","None","None","None"
"STU003381","4YR","4YR","4YR","4YR","4YR","4YR","4YR","4YR","4YR","4YR","4YR","4YR","4YR","4YR","4YR","4YR","4YR","4YR","4YR","4YR","4YR","None","None","None","None","None","None","None"
"STU003382","None","CTC","CTC","CTC","CTC","None","CTC","CTC","CTC","CTC","None","None","CTC","CTC","CTC","CTC","None","None","None","None","None","None","None","None","None","None","None","None"
"STU003383","4YR","4YR","4YR","4YR","4YR","4YR","4YR","4YR","4YR","4YR","CTC","4YR","CTC","4YR","CTC","4YR","None","None","None","None","None","None","None","None","None","None","None","None"
"STU003384","None","None","None","CTC","CTC","CTC","None","None","None","None","None","None","None","None","None","None","None","None","None","None","None","None","None","None","None","None","None","None"
"STU003385","4YR","4YR","4YR","4YR","4YR","4YR","4YR","4YR","None","None","None","None","None","None","None","None","None","None","None","None","None","None","None","None","None","None","None","None"
"STU003386","None","None","None","CTC","CTC","CTC","CTC","CTC","CTC","CTC","CTC","None","None","None","None","None","None","None","None","None","None","None","None","None","None","None","None","None"
"STU003387","None","None","None","None","CTC","CTC","CTC","CTC","CTC","CTC","CTC","CTC","CTC","CTC","None","CTC","CTC","CTC","CTC","CTC","CTC","None","None","None","None","None","None","None"
"STU003388","CTC","CTC","CTC","CTC","None","None","None","None","None","None","None","None","None","None","None","None","None","None","None","None","None","None","None","None","None","None","None","None"
"STU003389","None","None","None","None","None","None","None","None","None","None","None","None","None","None","None","None","None","None","None","None","None","None","None","None","None","None","None","None"
"STU003390","None","4YR","4YR","4YR","4YR","CTC","4YR","CTC","4YR","4YR","None","None","None","4YR","4YR","4YR","4YR","4YR","4YR","4YR","None","None","None","None","None","None","None","None"
"STU003391","None","CTC","CTC","None","None","None","None","None","None","None","None","None","None","None","None","None","None","None","None","None","None","None","None","None","None","None","None","None"
"STU003392","4YR","4YR","4YR","4YR","4YR","4YR","4YR","4YR","4YR","4YR","4YR","4YR","4YR","4YR","4YR","4YR","None","None","None","None","None","None","None","None","None","None","None","None"
"STU003393","4YR","4YR","4YR","4YR","4YR","4YR","4YR","4YR","None","None","None","None","None","None","None","None","None","None","None","None","None","None","None","None","None","None","None","None"
"STU003394","4YR","4YR","4YR","4YR","None","4YR","4YR","4YR","4YR","4YR","4YR","4YR","4YR","4YR","4YR","4YR","None","None","None","None","None","None","None","None","None","None","None","None"
"STU003395","None","None","None","CTC","CTC","CTC","4YR","CTC","CTC","CTC","CTC","CTC","CTC","None","None","None","None","None","None","None","None","None","None","None","None","None","None","None"
"STU003396","CTC","None","CTC","None","CTC","CTC","CTC","None","None","None","None","None","None","None","None","None","None","None","None","None","None","None","None","None","None","None","None","None"
"STU003397","4YR","4YR","4YR","CTC","4YR","4YR","4YR","4YR","4YR","None","None","None","4YR","4YR","4YR","4YR","None","None","None","None","None","None","None","None","None","None","None","None"
"STU003398","4YR","None","4YR","None","4YR","4YR","4YR","4YR","4YR","4YR","4YR","4YR","4YR","4YR","4YR","4YR","4YR","4YR","4YR","4YR","4YR","4YR","None","None","None","None","None","None"
"STU003399","None","None","None","4YR","4YR","4YR","4YR","4YR","4YR","None","None","None","None","None","None","None","None","None","None","None","None","None","None","None","None","None","None","None"
"STU003400","CTC","CTC","CTC","None","CTC","CTC","None","None","None","None","None","None","None","None","None","None","None","None","None","None","None","None","None","None","None","None","None","None"
"STU003401","CTC","CTC","CTC","CTC","CTC","CTC","CTC","CTC","None","None","None","None","None","None","None","None","None","None","None","None","None","None","None","None","None","None","None","None"
"STU003402","None","None","None","None","None","None","None","None","None","None","None","None","None","None","None","None","None","None","None","None","None","None","None","None","None","None","None","None"
"STU003403","None","CTC","CTC","CTC","CTC","CTC","CTC","CTC","CTC","CTC","CTC","CTC","CTC","CTC","None","CTC","CTC","None","CTC","CTC","None","None","None","None","None","None","None","None"
"STU003404","CTC","CTC","CTC","CTC","CTC","CTC","CTC","None","None","None","None","None","None","None","None","None","None","None","None","None","None","None","None","None","None","None","None","None"
"STU003405","CTC","CTC","CTC","CTC","CTC","None","None","None","None","None","None","None","None","None","None","None","None","None","None","None","None","None","None","None","None","None","None","None"
"STU003406","None","None","CTC","CTC","None","CTC","CTC","CTC","CTC","None","None","None","None","None","None","None","None","None","None","None","None","None","None","None","None","None","None","None"
"STU003407","CTC","CTC","CTC","CTC","CTC","CTC","CTC","CTC","CTC","CTC","CTC","None","None","None","None","None","None","None","None","None","None","None","None","None","None","None","None","None"
"STU003408","None","None","None","None","CTC","None","None","None","None","None","None","None","None","None","None","None","None","None","None","None","None","None","None","None","None","None","None","None"
"STU003409","None","None","None","None","None","None","None","None","None","None","None","None","None","None","None","None","None","None","None","None","None","None","None","None","None","None","None","None"
"STU003410","None","None","None","None","None","None","None","None","None","None","None","None","None","None","None","None","CTC","None","None","None","None","None","None","None","None","None","None","None"
"STU003411","None","None","None","CTC","CTC","CTC","CTC","4YR","CTC","CTC","None","CTC","CTC","None","None","None","None","None","None","None","None","None","None","None","None","None","None","None"
"STU003412","CTC","None","CTC","CTC","CTC","CTC","None","None","None","None","None","None","None","None","None","None","None","None","None","None","None","None","None","None","None","None","None","None"
"STU003413","CTC","CTC","CTC","CTC","CTC","CTC","CTC","CTC","CTC","CTC","None","None","None","CTC","CTC","CTC","CTC","CTC","None","None","None","None","None","None","None","None","None","None"
"STU003414","CTC","CTC","CTC","CTC","CTC","CTC","None","4YR","None","None","None","None","None","None","None","None","None","None","None","None","None","None","None","None","None","None","None","None"
"STU003415","CTC","CTC","CTC","CTC","CTC","CTC","CTC","CTC","CTC","CTC","4YR","CTC","CTC","CTC","CTC","CTC","CTC","None","CTC","None","None","None","None","None","None","None","None","None"
"STU003416","None","None","None","None","None","None","None","None","None","None","None","None","None","None","None","None","None","None","None","None","None","None","None","None","None","None","None","None"
"STU003417","None","None","4YR","4YR","None","4YR","4YR","None","4YR","4YR","None","4YR","CTC","4YR","4YR","4YR","4YR","4YR","4YR","None","None","None","None","None","None","None","None","None"
"STU003418","CTC","4YR","None","CTC","CTC","CTC","CTC","None","None","None","None","None","None","None","None","None","None","None","None","None","None","None","None","None","None","None","None","None"
"STU003419","None","None","None","None","None","None","None","None","None","None","None","None","None","None","None","None","None","None","None","None","None","None","None","None","None","None","None","None"
"STU003420","None","None","None","None","None","None","None","None","None","None","None","None","None","None","None","None","None","None","None","None","None","None","None","None","None","None","None","None"
"STU003421","4YR","CTC","4YR","4YR","4YR","4YR","4YR","None","None","None","None","None","None","None","None","None","None","None","None","None","None","None","None","None","None","None","None","None"
"STU003422","CTC","CTC","CTC","CTC","CTC","CTC","None","None","None","None","None","None","None","None","None","None","None","None","None","None","None","None","None","None","None","None","None","None"
"STU003423","None","None","None","None","CTC","CTC","None","None","None","None","None","None","None","None","None","None","None","None","None","None","None","None","None","None","None","None","None","None"
"STU003424","4YR","4YR","4YR","4YR","4YR","4YR","CTC","4YR","4YR","None","None","None","None","None","None","None","None","None","None","None","None","None","None","None","None","None","None","None"
"STU003425","CTC","None","CTC","CTC","None","None","None","None","None","None","None","None","None","None","None","None","None","None","None","None","None","None","None","None","None","None","None","None"
"STU003426","CTC","CTC","CTC","CTC","CTC","CTC","CTC","CTC","CTC","None","None","None","None","None","None","None","None","None","None","None","None","None","None","None","None","None","None","None"
"STU003427","4YR","4YR","4YR","4YR","4YR","4YR","4YR","None","4YR","CTC","4YR","4YR","4YR","None","None","None","None","None","None","None","None","None","None","None","None","None","None","None"
"STU003428","CTC","CTC","4YR","CTC","CTC","CTC","None","None","None","None","None","None","None","None","None","None","None","None","None","None","None","None","None","None","None","None","None","None"
"STU003429","4YR","4YR","4YR","4YR","4YR","4YR","4YR","4YR","4YR","4YR","4YR","4YR","None","4YR","4YR","None","None","None","None","None","None","None","None","None","None","None","None","None"
"STU003430","None","None","None","None","None","None","None","None","None","None","None","None","None","None","None","None","None","None","None","None","None","None","None","None","None","None","None","None"
"STU003431","None","None","None","None","None","None","None","None","None","None","None","None","None","None","None","None","None","None","None","None","None","None","None","None","None","None","None","None"
"STU003432","CTC","CTC","CTC","CTC","CTC","CTC","None","None","None","None","None","None","None","None","None","None","None","None","None","None","None","None","None","None","None","None","None","None"
"STU003433","CTC","CTC","CTC","CTC","CTC","CTC","CTC","CTC","CTC","CTC","CTC","None","CTC","CTC","CTC","CTC","None","CTC","CTC","None","None","None","None","None","None","None","None","None"
"STU003434","None","None","None","None","CTC","CTC","CTC","CTC","None","CTC","CTC","CTC","CTC","None","None","None","None","None","None","None","None","None","None","None","None","None","None","None"
"STU003435","CTC","None","None","CTC","CTC","CTC","CTC","None","None","None","None","None","None","None","None","None","None","None","None","None","None","None","None","None","None","None","None","None"
"STU003436","CTC","None","CTC","CTC","CTC","None","CTC","CTC","CTC","CTC","CTC","CTC","CTC","CTC","CTC","CTC","None","None","None","None","None","None","None","None","None","None","None","None"
"STU003437","None","None","None","None","None","None","None","None","None","None","None","None","None","None","None","None","None","None","None","None","None","None","None","None","None","None","None","None"
"STU003438","4YR","None","4YR","4YR","4YR","4YR","4YR","4YR","4YR","4YR","4YR","4YR","4YR","4YR","4YR","4YR","4YR","4YR","4YR","4YR","4YR","4YR","None","None","None","None","None","None"
"STU003439","None","None","CTC","CTC","CTC","CTC","CTC","CTC","CTC","CTC","CTC","None","None","CTC","CTC","CTC","CTC","None","None","None","None","None","None","None","None","None","None","None"
"STU003440","None","None","None","None","None","None","None","None","None","None","None","None","None","None","None","None","None","None","None","None","None","None","None","None","None","None","None","None"
"STU003441","CTC","None","CTC","CTC","CTC","CTC","4YR","CTC","4YR","4YR","4YR","4YR","4YR","4YR","4YR","4YR","4YR","4YR","None","None","None","None","None","None","None","None","None","None"
"STU003442","4YR","4YR","4YR","4YR","4YR","None","4YR","None","4YR","4YR","4YR","4YR","4YR","4YR","CTC","4YR","None","None","None","None","None","None","None","None","None","None","None","None"
"STU003443","CTC","CTC","CTC","CTC","CTC","None","None","4YR","4YR","4YR","4YR","4YR","4YR","4YR","4YR","4YR","4YR","4YR","4YR","None","None","None","None","None","None","None","None","None"
"STU003444","None","None","None","None","4YR","4YR","4YR","4YR","None","None","None","None","None","None","None","None","None","None","None","None","None","None","None","None","None","None","None","None"
"STU003445","CTC","CTC","CTC","CTC","CTC","CTC","None","None","None","None","None","None","None","None","None","None","None","None","None","None","None","None","None","None","None","None","None","None"
"STU003446","CTC","CTC","CTC","CTC","None","None","None","None","None","None","None","None","None","None","None","None","None","None","None","None","None","None","None","None","None","None","None","None"
"STU003447","4YR","4YR","4YR","4YR","4YR","None","4YR","4YR","CTC","CTC","None","CTC","CTC","None","CTC","CTC","CTC","None","CTC","None","None","None","None","None","None","None","None","None"
"STU003448","None","None","None","None","None","None","None","None","None","None","None","None","None","None","None","None","None","None","None","None","None","None","None","None","None","None","None","None"
"STU003449","None","None","None","None","None","None","None","None","None","None","None","None","None","None","None","None","None","None","None","None","None","None","None","None","None","None","None","None"
"STU003450","None","None","None","None","4YR","4YR","None","None","None","4YR","4YR","4YR","4YR","None","None","None","None","None","None","None","None","None","None","None","None","None","None","None"
"STU003451","None","CTC","CTC","CTC","CTC","CTC","None","None","None","None","None","None","None","None","None","None","None","None","None","None","None","None","None","None","None","None","None","None"
"STU003452","CTC","4YR","CTC","CTC","None","None","None","None","None","None","None","None","None","None","None","None","None","None","None","None","None","None","None","None","None","None","None","None"
"STU003453","CTC","CTC","CTC","CTC","CTC","CTC","4YR","CTC","None","None","None","None","None","None","None","None","None","None","None","None","None","None","None","None","None","None","None","None"
"STU003454","CTC","CTC","CTC","None","CTC","CTC","CTC","CTC","CTC","CTC","CTC","CTC","CTC","CTC","CTC","None","None","None","None","None","None","None","None","None","None","None","None","None"
"STU003455","CTC","CTC","CTC","CTC","CTC","CTC","CTC","CTC","4YR","4YR","4YR","4YR","4YR","4YR","4YR","4YR","CTC","None","None","None","None","None","None","None","None","None","None","None"
"STU003456","None","None","None","None","None","None","None","None","None","None","None","None","None","None","None","None","None","None","None","None","None","None","None","None","None","None","None","None"
"STU003457","4YR","4YR","4YR","None","4YR","4YR","4YR","4YR","4YR","4YR","4YR","4YR","4YR","4YR","4YR","None","None","None","None","None","None","None","None","None","None","None","None","None"
"STU003458","None","None","None","None","None","None","None","None","None","None","None","None","None","None","None","None","None","None","None","None","None","None","None","None","None","None","None","None"
"STU003459","None","None","None","None","None","None","None","None","None","None","None","None","None","None","None","None","None","None","None","None","None","None","None","None","None","None","None","None"
"STU003460","None","None","None","None","4YR","4YR","4YR","4YR","4YR","4YR","4YR","4YR","4YR","None","None","4YR","4YR","4YR","4YR","CTC","4YR","4YR","None","None","None","None","None","None"
"STU003461","None","CTC","CTC","CTC","None","None","None","None","None","None","None","None","None","None","None","None","None","None","None","None","None","None","None","None","None","None","None","None"
"STU003462","None","None","None","None","CTC","CTC","CTC","CTC","CTC","CTC","CTC","CTC","None","None","None","None","None","None","None","None","None","None","None","None","None","None","None","None"
"STU003463","None","None","None","None","None","None","None","None","None","None","None","None","None","None","None","None","None","None","None","None","None","None","None","None","None","None","None","None"
"STU003464","None","None","None","None","None","None","None","None","None","None","None","None","None","None","None","None","None","None","None","None","None","None","None","None","None","None","None","None"
"STU003465","None","None","CTC","CTC","CTC","CTC","CTC","CTC","CTC","CTC","CTC","CTC","None","None","None","None","None","None","None","None","None","None","None","None","None","None","None","None"
"STU003466","None","None","None","None","None","None","None","None","None","None","None","None","None","None","None","None","None","None","None","None","None","None","None","None","None","None","None","None"
"STU003467","None","None","None","4YR","4YR","4YR","4YR","4YR","4YR","4YR","None","None","None","None","None","None","None","None","None","None","None","None","None","None","None","None","None","None"
"STU003468","4YR","CTC","CTC","CTC","CTC","CTC","CTC","None","None","None","None","None","None","None","None","None","None","None","None","None","None","None","None","None","None","None","None","None"
"STU003469","4YR","4YR","4YR","4YR","4YR","4YR","4YR","4YR","4YR","4YR","4YR","4YR","4YR","4YR","4YR","4YR","4YR","4YR","4YR","4YR","None","4YR","4YR","4YR","None","None","None","None"
"STU003470","4YR","4YR","4YR","4YR","None","None","None","None","None","None","None","None","None","None","None","None","None","None","None","None","None","None","None","None","None","None","None","None"
"STU003471","4YR","4YR","4YR","4YR","4YR","4YR","None","4YR","4YR","4YR","4YR","4YR","4YR","None","None","None","None","None","None","None","None","None","None","None","None","None","None","None"
"STU003472","None","None","None","None","None","None","None","None","None","None","None","None","None","None","None","None","None","None","None","None","None","None","None","None","None","None","None","None"
"STU003473","None","None","None","None","CTC","CTC","CTC","CTC","CTC","CTC","None","None","None","None","None","None","None","None","None","None","None","None","None","None","None","None","None","None"
"STU003474","None","None","None","CTC","CTC","CTC","CTC","CTC","CTC","CTC","CTC","None","None","None","None","None","None","None","None","None","None","None","None","None","None","None","None","None"
"STU003475","4YR","4YR","4YR","4YR","4YR","4YR","4YR","4YR","4YR","4YR","4YR","4YR","4YR","4YR","None","None","None","None","None","None","None","None","None","None","None","None","None","None"
"STU003476","None","4YR","4YR","4YR","4YR","4YR","None","4YR","4YR","4YR","4YR","4YR","4YR","4YR","None","None","None","None","None","None","None","None","None","None","None","None","None","None"
"STU003477","None","None","None","None","None","None","None","None","None","None","None","None","None","None","None","None","None","None","None","None","None","None","None","None","None","None","None","None"
"STU003478","CTC","None","None","None","None","None","None","None","None","None","None","None","None","None","None","None","None","None","None","None","None","None","None","None","None","None","None","None"
"STU003479","None","None","CTC","CTC","CTC","CTC","CTC","None","None","None","None","None","None","None","None","None","None","None","None","None","None","None","None","None","None","None","None","None"
"STU003480","None","None","None","CTC","CTC","CTC","CTC","CTC","CTC","CTC","CTC","CTC","CTC","None","None","None","None","None","None","None","None","None","None","None","None","None","None","None"
"STU003481","4YR","CTC","CTC","CTC","CTC","CTC","4YR","None","None","None","None","None","None","None","None","None","None","None","None","None","None","None","None","None","None","None","None","None"
"STU003482","CTC","CTC","CTC","None","None","None","None","None","None","None","None","None","None","None","None","None","None","None","None","None","None","None","None","None","None","None","None","None"
"STU003483","4YR","4YR","4YR","4YR","4YR","4YR","4YR","4YR","None","4YR","4YR","4YR","None","4YR","4YR","4YR","4YR","4YR","4YR","4YR","4YR","4YR","4YR","None","None","None","None","None"
"STU003484","None","None","None","None","CTC","CTC","CTC","None","None","CTC","CTC","None","None","None","None","CTC","CTC","CTC","CTC","CTC","CTC","None","None","None","None","None","None","None"
"STU003485","CTC","CTC","CTC","CTC","CTC","CTC","CTC","CTC","None","None","None","None","None","None","None","None","None","None","None","None","None","None","None","None","None","None","None","None"
"STU003486","None","None","None","4YR","CTC","CTC","None","None","None","None","None","None","None","None","None","None","None","None","None","None","None","None","None","None","None","None","None","None"
"STU003487","None","CTC","CTC","CTC","CTC","CTC","CTC","CTC","CTC","None","None","None","None","None","None","None","None","None","None","None","None","None","None","None","None","None","None","None"
"STU003488","4YR","4YR","4YR","4YR","4YR","4YR","4YR","None","4YR","4YR","4YR","4YR","4YR","4YR","4YR","4YR","None","None","None","None","None","None","None","None","None","None","None","None"
"STU003489","None","None","None","4YR","4YR","None","None","4YR","None","None","None","None","None","None","None","None","None","None","None","None","None","None","None","None","None","None","None","None"
"STU003490","4YR","4YR","4YR","4YR","None","4YR","4YR","4YR","4YR","None","None","None","None","None","None","None","None","None","None","None","None","None","None","None","None","None","None","None"
"STU003491","None","None","None","CTC","CTC","CTC","CTC","CTC","CTC","CTC","CTC","CTC","CTC","None","None","CTC","CTC","CTC","CTC","None","CTC","None","None","None","None","None","None","None"
"STU003492","CTC","CTC","CTC","CTC","CTC","None","CTC","4YR","None","4YR","CTC","4YR","4YR","None","CTC","4YR","4YR","CTC","4YR","None","None","None","None","None","None","None","None","None"
"STU003493","CTC","CTC","CTC","CTC","None","CTC","4YR","CTC","CTC","CTC","CTC","CTC","None","None","None","None","None","None","None","None","None","None","None","None","None","None","None","None"
"STU003494","None","None","None","None","CTC","CTC","CTC","CTC","CTC","None","None","None","CTC","CTC","CTC","CTC","None","None","None","None","None","None","None","None","None","None","None","None"
"STU003495","CTC","None","CTC","None","CTC","None","CTC","CTC","None","None","None","None","None","None","None","None","None","None","None","None","None","None","None","None","None","None","None","None"
"STU003496","None","4YR","4YR","4YR","4YR","4YR","4YR","4YR","4YR","4YR","4YR","4YR","4YR","4YR","4YR","4YR","None","None","None","None","None","None","None","None","None","None","None","None"
"STU003497","CTC","CTC","CTC","CTC","CTC","CTC","CTC","CTC","CTC","CTC","CTC","CTC","None","None","None","None","None","None","None","None","None","None","None","None","None","None","None","None"
"STU003498","None","None","None","None","None","None","None","None","None","None","None","None","None","None","None","None","None","None","None","None","None","None","None","None","None","None","None","None"
"STU003499","CTC","CTC","CTC","CTC","CTC","CTC","CTC","None","None","None","None","None","None","None","None","None","None","None","None","None","None","None","None","None","None","None","None","None"
"STU003500","CTC","CTC","CTC","CTC","CTC","CTC","CTC","CTC","CTC","None","None","None","None","None","None","None","None","None","None","None","None","None","None","None","None","None","None","None"
"STU003501","CTC","CTC","CTC","CTC","None","4YR","CTC","CTC","None","CTC","None","CTC","None","None","None","None","None","None","None","None","None","None","None","None","None","None","None","None"
"STU003502","None","None","None","None","None","None","None","None","None","None","None","None","None","None","None","None","None","None","None","None","None","None","None","None","None","None","None","None"
"STU003503","None","None","None","None","None","None","None","None","None","None","None","None","None","None","None","None","None","None","None","None","None","None","None","None","None","None","None","None"
"STU003504","4YR","4YR","4YR","4YR","4YR","4YR","4YR","4YR","4YR","4YR","None","4YR","4YR","4YR","4YR","4YR","None","None","None","None","None","None","None","None","None","None","None","None"
"STU003505","None","None","CTC","None","CTC","CTC","CTC","CTC","CTC","CTC","CTC","CTC","None","None","None","None","None","None","None","None","None","None","None","None","None","None","None","None"
"STU003506","None","None","None","None","None","None","None","None","None","None","None","None","None","None","None","None","None","None","None","None","None","None","None","None","None","None","None","None"
"STU003507","4YR","4YR","4YR","4YR","4YR","4YR","4YR","4YR","4YR","4YR","None","None","None","None","None","None","None","None","None","None","None","None","None","None","None","None","None","None"
"STU003508","4YR","4YR","4YR","4YR","4YR","4YR","None","CTC","4YR","4YR","4YR","4YR","4YR","4YR","4YR","4YR","4YR","4YR","None","4YR","4YR","4YR","4YR","None","4YR","4YR","4YR","None"
"STU003509","None","None","None","None","None","None","None","None","None","None","None","None","None","None","None","None","None","None","None","None","None","None","None","None","None","None","None","None"
"STU003510","None","None","None","None","None","None","None","None","None","None","None","None","None","None","None","None","None","None","None","None","None","None","None","None","None","None","None","None"
"STU003511","None","None","CTC","CTC","None","None","CTC","CTC","CTC","CTC","None","None","None","None","None","None","None","None","None","None","None","None","None","None","None","None","None","None"
"STU003512","CTC","CTC","CTC","CTC","CTC","CTC","CTC","CTC","4YR","4YR","4YR","4YR","4YR","4YR","CTC","4YR","4YR","4YR","None","None","None","None","None","None","None","None","None","None"
"STU003513","None","None","None","None","None","None","None","None","None","None","None","None","None","None","None","None","None","None","None","None","None","None","None","None","None","None","None","None"
"STU003514","None","None","None","None","None","None","None","None","None","None","None","None","None","None","None","None","None","None","None","None","None","None","None","None","None","None","None","None"
"STU003515","4YR","4YR","4YR","4YR","4YR","4YR","4YR","4YR","4YR","4YR","4YR","4YR","4YR","4YR","None","None","None","None","None","None","None","None","None","None","None","None","None","None"
"STU003516","None","None","None","None","None","None","None","None","None","None","None","None","None","None","None","None","None","None","None","None","None","None","None","None","None","None","None","None"
"STU003517","None","None","None","None","None","None","None","None","None","None","None","None","None","None","None","None","None","None","None","None","None","None","None","None","None","None","None","None"
"STU003518","4YR","4YR","None","4YR","4YR","4YR","4YR","4YR","4YR","CTC","4YR","4YR","CTC","4YR","4YR","4YR","4YR","4YR","4YR","None","None","None","None","None","None","None","None","None"
"STU003519","None","CTC","CTC","CTC","CTC","4YR","CTC","None","None","None","None","None","None","None","None","None","None","None","None","None","None","None","None","None","None","None","None","None"
"STU003520","CTC","4YR","CTC","CTC","CTC","CTC","None","None","None","None","None","None","None","None","None","None","None","None","None","None","None","None","None","None","None","None","None","None"
"STU003521","4YR","4YR","4YR","4YR","4YR","4YR","4YR","4YR","4YR","4YR","4YR","4YR","4YR","4YR","4YR","4YR","4YR","4YR","4YR","None","4YR","4YR","4YR","4YR","4YR","4YR","None","None"
"STU003522","None","CTC","4YR","CTC","CTC","CTC","CTC","CTC","CTC","None","None","None","None","None","None","None","None","None","None","None","None","None","None","None","None","None","None","None"
"STU003523","None","None","None","None","CTC","CTC","CTC","CTC","CTC","None","CTC","CTC","None","None","None","None","None","None","None","None","None","None","None","None","None","None","None","None"
"STU003524","CTC","CTC","CTC","CTC","CTC","None","CTC","CTC","None","None","None","None","None","None","None","None","None","None","None","None","None","None","None","None","None","None","None","None"
"STU003525","None","None","None","None","None","None","None","None","None","None","None","None","None","None","None","None","None","None","None","None","None","None","None","None","None","None","None","None"
"STU003526","4YR","4YR","None","4YR","None","None","None","None","None","None","None","None","None","None","None","None","None","None","None","None","None","None","None","None","None","None","None","None"
"STU003527","None","None","None","None","CTC","CTC","4YR","CTC","CTC","CTC","CTC","CTC","CTC","CTC","None","None","None","None","None","None","None","None","None","None","None","None","None","None"
"STU003528","4YR","4YR","4YR","None","4YR","4YR","4YR","CTC","4YR","4YR","4YR","4YR","4YR","4YR","4YR","None","None","None","None","None","None","None","None","None","None","None","None","None"
"STU003529","CTC","4YR","4YR","4YR","4YR","4YR","4YR","4YR","4YR","4YR","None","4YR","4YR","4YR","4YR","None","None","None","None","None","None","None","None","None","None","None","None","None"
"STU003530","CTC","CTC","None","CTC","CTC","CTC","CTC","CTC","None","None","None","None","None","None","None","None","None","None","None","None","None","None","None","None","None","None","None","None"
"STU003531","4YR","None","4YR","4YR","4YR","4YR","4YR","None","None","4YR","4YR","4YR","4YR","4YR","None","None","None","None","None","None","None","None","None","None","None","None","None","None"
"STU003532","None","None","None","None","4YR","CTC","CTC","CTC","CTC","CTC","CTC","CTC","None","None","None","None","None","None","None","None","None","None","None","None","None","None","None","None"
"STU003533","None","None","None","None","None","None","None","None","None","None","None","None","None","None","None","None","None","None","None","None","None","None","None","None","None","None","None","None"
"STU003534","CTC","CTC","CTC","CTC","CTC","CTC","CTC","None","4YR","4YR","4YR","4YR","4YR","4YR","4YR","4YR","4YR","None","None","None","None","None","None","None","None","None","None","None"
"STU003535","None","None","None","4YR","4YR","4YR","None","None","4YR","4YR","4YR","None","None","None","4YR","4YR","None","4YR","4YR","4YR","4YR","None","None","None","None","None","None","None"
"STU003536","None","None","None","None","None","None","None","None","None","None","None","None","None","None","None","None","None","None","None","None","None","None","None","None","None","None","None","None"
"STU003537","None","None","None","None","None","None","None","None","None","None","None","None","None","None","None","None","None","None","None","None","None","None","None","None","None","None","None","None"
"STU003538","None","None","None","None","None","None","None","None","None","None","None","None","None","None","None","None","None","None","None","None","None","None","None","None","None","None","None","None"
"STU003539","CTC","CTC","CTC","CTC","CTC","CTC","CTC","CTC","CTC","CTC","CTC","CTC","CTC","CTC","CTC","CTC","CTC","None","None","None","None","None","None","None","None","None","None","None"
"STU003540","CTC","None","CTC","CTC","CTC","CTC","CTC","None","None","None","None","None","None","None","None","None","None","None","None","None","None","None","None","None","None","None","None","None"
"STU003541","CTC","None","CTC","CTC","CTC","CTC","CTC","CTC","CTC","CTC","CTC","CTC","CTC","CTC","None","None","None","None","None","None","None","None","None","None","None","None","None","None"
"STU003542","None","None","None","4YR","4YR","4YR","4YR","4YR","4YR","None","4YR","4YR","4YR","4YR","4YR","None","None","None","None","None","None","None","None","None","None","None","None","None"
"STU003543","CTC","CTC","CTC","CTC","CTC","CTC","None","None","None","None","None","None","None","None","None","None","None","None","None","None","None","None","None","None","None","None","None","None"
"STU003544","CTC","CTC","None","CTC","CTC","CTC","4YR","4YR","4YR","4YR","None","CTC","4YR","4YR","CTC","4YR","4YR","4YR","None","None","None","None","None","None","None","None","None","None"
"STU003545","None","None","CTC","CTC","None","CTC","CTC","None","None","None","None","None","None","None","None","None","None","None","None","None","None","None","None","None","None","None","None","None"
"STU003546","None","None","None","None","None","None","None","None","None","None","None","None","None","None","None","None","None","None","None","None","None","None","None","None","None","None","None","None"
"STU003547","4YR","4YR","4YR","4YR","4YR","4YR","4YR","4YR","4YR","4YR","4YR","None","4YR","4YR","None","None","None","None","None","None","None","None","None","None","None","None","None","None"
"STU003548","None","None","CTC","CTC","None","None","CTC","CTC","CTC","4YR","CTC","None","None","None","None","None","None","None","None","None","None","None","None","None","None","None","None","None"
"STU003549","None","None","CTC","CTC","CTC","CTC","CTC","CTC","None","None","None","None","None","None","None","None","None","None","None","None","None","None","None","None","None","None","None","None"
"STU003550","None","None","None","None","None","None","None","None","None","None","None","None","None","None","None","None","None","None","None","None","None","None","None","None","None","None","None","None"
"STU003551","None","None","None","None","None","None","None","None","None","None","None","None","None","None","None","None","None","None","None","None","None","None","None","None","None","None","None","None"
"STU003552","None","None","None","None","None","None","None","None","None","None","None","None","None","None","None","None","None","None","None","None","None","None","None","None","None","None","None","None"
"STU003553","4YR","CTC","4YR","4YR","4YR","4YR","4YR","4YR","4YR","4YR","None","None","None","None","None","None","None","None","None","None","None","None","None","None","None","None","None","None"
"STU003554","4YR","4YR","4YR","4YR","4YR","CTC","4YR","None","None","None","None","None","None","None","None","None","None","None","None","None","None","None","None","None","None","None","None","None"
"STU003555","CTC","CTC","4YR","CTC","CTC","CTC","CTC","CTC","CTC","4YR","CTC","CTC","CTC","CTC","CTC","None","None","None","None","None","None","None","None","None","None","None","None","None"
"STU003556","None","None","None","None","None","None","None","None","None","None","None","None","None","None","None","None","None","None","None","None","None","None","None","None","None","None","None","None"
"STU003557","CTC","CTC","CTC","CTC","CTC","CTC","CTC","CTC","CTC","None","None","None","None","None","None","None","None","None","None","None","None","None","None","None","None","None","None","None"
"STU003558","4YR","4YR","4YR","4YR","4YR","4YR","4YR","4YR","None","None","None","None","None","None","None","None","None","None","None","None","None","None","None","None","None","None","None","None"
"STU003559","None","None","None","None","None","None","None","None","None","None","None","None","None","None","None","None","None","None","None","None","None","None","None","None","None","None","None","None"
"STU003560","4YR","4YR","4YR","4YR","4YR","CTC","4YR","4YR","4YR","None","None","None","None","None","None","None","None","None","None","None","None","None","None","None","None","None","None","None"
"STU003561","None","CTC","CTC","CTC","CTC","CTC","CTC","None","None","None","None","None","None","None","None","None","None","None","None","None","None","None","None","None","None","None","None","None"
"STU003562","None","None","None","None","None","None","None","None","None","None","None","None","None","None","None","None","None","None","None","None","None","None","None","None","None","None","None","None"
"STU003563","4YR","4YR","None","4YR","4YR","4YR","4YR","4YR","4YR","4YR","4YR","4YR","4YR","4YR","4YR","None","None","None","None","None","None","None","None","None","None","None","None","None"
"STU003564","4YR","4YR","4YR","4YR","4YR","4YR","4YR","4YR","4YR","4YR","4YR","4YR","4YR","4YR","4YR","4YR","None","None","None","None","None","None","None","None","None","None","None","None"
"STU003565","CTC","CTC","CTC","CTC","CTC","CTC","4YR","4YR","4YR","None","4YR","4YR","4YR","4YR","4YR","4YR","None","None","None","None","None","None","None","None","None","None","None","None"
"STU003566","4YR","4YR","4YR","4YR","CTC","4YR","4YR","None","4YR","4YR","CTC","4YR","4YR","4YR","4YR","4YR","None","None","None","None","None","None","None","None","None","None","None","None"
"STU003567","None","None","None","None","CTC","CTC","CTC","CTC","CTC","None","None","None","None","None","None","None","None","None","None","None","None","None","None","None","None","None","None","None"
"STU003568","None","None","None","None","None","None","None","None","None","None","None","None","None","None","None","None","None","None","None","None","None","None","None","None","None","None","None","None"
"STU003569","CTC","CTC","CTC","CTC","CTC","CTC","CTC","CTC","None","None","None","None","None","None","None","None","None","None","None","None","None","None","None","None","None","None","None","None"
"STU003570","None","None","None","None","CTC","CTC","CTC","CTC","CTC","None","None","None","None","None","None","None","None","None","None","None","None","None","None","None","None","None","None","None"
"STU003571","CTC","None","CTC","CTC","CTC","CTC","None","None","None","None","None","None","None","None","None","None","None","None","None","None","None","None","None","None","None","None","None","None"
"STU003572","CTC","CTC","CTC","CTC","CTC","CTC","4YR","4YR","None","4YR","4YR","4YR","4YR","4YR","4YR","None","4YR","4YR","4YR","None","None","None","None","None","None","None","None","None"
"STU003573","None","None","None","None","None","None","None","None","None","None","None","None","None","None","None","None","None","None","None","None","None","None","None","None","None","None","None","None"
"STU003574","CTC","CTC","CTC","CTC","CTC","CTC","CTC","CTC","None","None","None","None","None","None","None","None","None","None","None","None","None","None","None","None","None","None","None","None"
"STU003575","None","None","None","None","None","None","CTC","CTC","CTC","CTC","CTC","CTC","None","None","None","None","None","None","None","None","None","None","None","None","None","None","None","None"
"STU003576","CTC","4YR","CTC","CTC","CTC","CTC","CTC","CTC","CTC","CTC","CTC","CTC","CTC","CTC","CTC","CTC","CTC","None","None","None","None","None","None","None","None","None","None","None"
"STU003577","CTC","CTC","CTC","CTC","CTC","CTC","None","None","CTC","CTC","CTC","CTC","CTC","CTC","None","None","None","None","None","None","None","None","None","None","None","None","None","None"
"STU003578","None","None","None","None","4YR","4YR","None","4YR","4YR","4YR","None","None","None","None","None","None","None","None","None","None","None","None","None","None","None","None","None","None"
"STU003579","None","CTC","CTC","CTC","None","4YR","CTC","None","None","CTC","CTC","CTC","CTC","CTC","CTC","None","None","None","None","None","None","None","None","None","None","None","None","None"
"STU003580","None","None","None","None","None","None","None","None","None","None","None","None","None","None","None","None","None","None","None","None","None","None","None","None","None","None","None","None"
"STU003581","None","4YR","CTC","4YR","CTC","None","CTC","CTC","CTC","CTC","None","None","None","None","None","None","None","None","None","None","None","None","None","None","None","None","None","None"
"STU003582","None","None","None","None","None","None","None","None","None","None","None","None","None","None","None","None","None","None","None","None","None","None","None","None","None","None","None","None"
"STU003583","4YR","4YR","4YR","None","4YR","4YR","None","4YR","4YR","4YR","4YR","4YR","4YR","CTC","None","4YR","4YR","CTC","4YR","4YR","4YR","4YR","4YR","4YR","None","None","None","None"
"STU003584","CTC","CTC","CTC","None","None","None","None","None","None","None","None","None","None","None","None","None","None","None","None","None","None","None","None","None","None","None","None","None"
"STU003585","None","None","CTC","CTC","None","None","CTC","CTC","CTC","None","CTC","CTC","None","CTC","None","None","None","None","None","None","None","None","None","None","None","None","None","None"
"STU003586","CTC","CTC","CTC","None","None","None","None","None","None","None","None","None","None","None","None","None","None","None","None","None","None","None","None","None","None","None","None","None"
"STU003587","CTC","CTC","CTC","CTC","CTC","None","CTC","CTC","CTC","CTC","None","None","None","None","None","None","None","None","None","None","None","None","None","None","None","None","None","None"
"STU003588","CTC","None","None","None","None","None","None","None","None","None","None","None","None","None","None","None","None","None","None","None","None","None","None","None","None","None","None","None"
"STU003589","None","None","None","None","None","None","None","None","None","None","None","None","None","None","None","None","None","None","None","None","None","None","None","None","None","None","None","None"
"STU003590","4YR","4YR","None","4YR","4YR","4YR","None","4YR","None","4YR","4YR","4YR","CTC","4YR","4YR","None","None","None","None","None","None","None","None","None","None","None","None","None"
"STU003591","CTC","CTC","CTC","CTC","CTC","CTC","CTC","None","None","None","None","None","None","None","None","None","None","None","None","None","None","None","None","None","None","None","None","None"
"STU003592","CTC","CTC","CTC","None","CTC","CTC","None","None","None","None","None","None","None","None","None","None","None","None","None","None","None","None","None","None","None","None","None","None"
"STU003593","CTC","None","None","None","None","None","None","None","None","None","None","None","None","None","None","None","None","None","None","None","None","None","None","None","None","None","None","None"
"STU003594","4YR","4YR","4YR","None","None","None","None","None","None","None","None","None","None","None","None","None","None","None","None","None","None","None","None","None","None","None","None","None"
"STU003595","4YR","4YR","4YR","4YR","4YR","4YR","4YR","4YR","4YR","4YR","4YR","4YR","4YR","4YR","None","None","None","None","None","None","None","None","None","None","None","None","None","None"
"STU003596","None","None","None","None","None","None","None","None","None","None","None","None","None","None","None","None","None","None","None","None","None","None","None","None","None","None","None","None"
"STU003597","CTC","CTC","CTC","CTC","CTC","CTC","CTC","4YR","None","None","None","None","None","None","None","None","None","None","None","None","None","None","None","None","None","None","None","None"
"STU003598","None","None","None","None","CTC","None","CTC","CTC","CTC","CTC","None","None","None","None","None","None","None","None","None","None","None","None","None","None","None","None","None","None"
"STU003599","None","CTC","CTC","None","None","None","None","None","None","None","None","None","None","None","None","None","None","None","None","None","None","None","None","None","None","None","None","None"
"STU003600","4YR","CTC","CTC","CTC","CTC","CTC","CTC","None","4YR","4YR","4YR","4YR","4YR","None","4YR","4YR","4YR","4YR","None","None","None","None","None","None","None","None","None","None"
"STU003601","None","4YR","None","4YR","4YR","4YR","CTC","4YR","4YR","4YR","4YR","None","None","None","None","None","None","None","None","None","None","None","None","None","None","None","None","None"
"STU003602","CTC","CTC","4YR","CTC","CTC","None","4YR","None","CTC","CTC","CTC","CTC","CTC","None","None","None","None","None","None","None","None","None","None","None","None","None","None","None"
"STU003603","CTC","CTC","CTC","CTC","CTC","CTC","CTC","CTC","CTC","CTC","CTC","CTC","CTC","CTC","CTC","CTC","CTC","CTC","CTC","None","None","None","None","None","None","None","None","None"
"STU003604","4YR","4YR","4YR","4YR","4YR","4YR","4YR","None","4YR","4YR","4YR","4YR","4YR","4YR","4YR","None","None","None","None","None","None","None","None","None","None","None","None","None"
"STU003605","None","None","None","CTC","CTC","None","None","None","None","None","None","None","None","None","None","None","None","None","None","None","None","None","None","None","None","None","None","None"
"STU003606","None","None","None","CTC","CTC","CTC","CTC","CTC","CTC","CTC","CTC","CTC","None","None","None","None","None","None","None","None","None","None","None","None","None","None","None","None"
"STU003607","None","None","None","None","None","None","None","None","None","None","None","None","None","None","None","None","None","None","None","None","None","None","None","None","None","None","None","None"
"STU003608","CTC","4YR","CTC","CTC","CTC","CTC","4YR","4YR","4YR","4YR","4YR","4YR","CTC","4YR","4YR","None","None","None","None","None","None","None","None","None","None","None","None","None"
"STU003609","None","None","None","None","None","None","None","None","None","None","None","None","None","None","None","None","None","None","None","None","None","None","None","None","None","None","None","None"
"STU003610","None","None","None","None","CTC","CTC","None","None","CTC","CTC","CTC","CTC","CTC","CTC","None","None","None","None","None","None","None","None","None","None","None","None","None","None"
"STU003611","None","None","None","None","None","None","None","None","None","None","None","None","None","None","None","None","None","None","None","None","None","None","None","None","None","None","None","None"
"STU003612","CTC","CTC","CTC","CTC","CTC","None","CTC","CTC","CTC","CTC","CTC","CTC","CTC","None","CTC","4YR","CTC","CTC","None","None","None","None","None","None","None","None","None","None"
"STU003613","4YR","4YR","None","4YR","4YR","4YR","4YR","4YR","4YR","CTC","None","None","None","None","None","None","None","None","None","None","None","None","None","None","None","None","None","None"
"STU003614","None","4YR","4YR","4YR","4YR","None","4YR","4YR","4YR","4YR","None","None","None","None","None","None","None","None","None","None","None","None","None","None","None","None","None","None"
"STU003615","None","4YR","4YR","4YR","4YR","4YR","4YR","4YR","4YR","4YR","4YR","4YR","4YR","None","None","4YR","4YR","4YR","4YR","4YR","4YR","4YR","None","None","None","None","None","None"
"STU003616","None","None","None","None","None","None","None","None","None","None","None","None","None","None","None","None","None","None","None","None","None","None","None","None","None","None","None","None"
"STU003617","CTC","None","CTC","CTC","CTC","CTC","CTC","CTC","CTC","None","None","None","None","None","None","None","None","None","None","None","None","None","None","None","None","None","None","None"
"STU003618","CTC","CTC","None","None","CTC","CTC","None","None","None","None","None","None","None","None","None","None","None","None","None","None","None","None","None","None","None","None","None","None"
"STU003619","4YR","4YR","None","4YR","4YR","4YR","4YR","4YR","4YR","4YR","4YR","4YR","4YR","4YR","4YR","None","None","None","None","None","None","None","None","None","None","None","None","None"
"STU003620","4YR","4YR","4YR","None","4YR","None","4YR","4YR","4YR","4YR","4YR","4YR","4YR","4YR","4YR","4YR","4YR","4YR","4YR","4YR","4YR","None","4YR","None","None","None","None","None"
"STU003621","CTC","CTC","CTC","CTC","None","CTC","CTC","4YR","4YR","4YR","4YR","4YR","4YR","4YR","4YR","4YR","4YR","None","None","None","None","None","None","None","None","None","None","None"
"STU003622","None","None","None","None","None","CTC","4YR","None","None","None","None","None","None","None","None","None","None","None","None","None","None","None","None","None","None","None","None","None"
"STU003623","4YR","4YR","4YR","4YR","4YR","4YR","4YR","4YR","4YR","4YR","4YR","4YR","4YR","4YR","4YR","4YR","None","None","None","None","None","None","None","None","None","None","None","None"
"STU003624","None","None","None","None","None","None","None","None","None","None","None","None","None","None","None","None","None","None","None","None","None","None","None","None","None","None","None","None"
"STU003625","None","None","None","None","None","None","None","None","None","None","None","None","None","None","None","None","None","None","None","None","None","None","None","None","None","None","None","None"
"STU003626","CTC","CTC","CTC","CTC","CTC","None","None","None","None","None","None","None","None","None","None","None","None","None","None","None","None","None","None","None","None","None","None","None"
"STU003627","4YR","CTC","CTC","CTC","None","None","None","CTC","CTC","CTC","CTC","CTC","CTC","CTC","None","None","None","None","None","None","None","None","None","None","None","None","None","None"
"STU003628","4YR","4YR","4YR","4YR","4YR","4YR","4YR","CTC","4YR","4YR","4YR","4YR","4YR","4YR","CTC","4YR","4YR","4YR","4YR","None","None","None","None","None","None","None","None","None"
"STU003629","CTC","CTC","CTC","CTC","CTC","CTC","CTC","None","None","None","None","None","None","None","None","None","None","None","None","None","None","None","None","None","None","None","None","None"
"STU003630","None","None","None","None","CTC","CTC","CTC","CTC","CTC","None","None","None","None","None","None","None","None","None","None","None","None","None","None","None","None","None","None","None"
"STU003631","CTC","CTC","CTC","CTC","CTC","CTC","CTC","CTC","CTC","CTC","CTC","CTC","None","None","None","None","None","None","None","None","None","None","None","None","None","None","None","None"
"STU003632","CTC","CTC","CTC","CTC","None","CTC","CTC","None","None","None","None","None","None","None","None","None","None","None","None","None","None","None","None","None","None","None","None","None"
"STU003633","None","4YR","4YR","4YR","CTC","None","4YR","4YR","4YR","4YR","None","None","4YR","4YR","4YR","None","None","None","None","None","None","None","None","None","None","None","None","None"
"STU003634","None","None","CTC","CTC","CTC","CTC","CTC","CTC","CTC","None","None","CTC","CTC","None","CTC","CTC","None","None","None","None","None","None","None","None","None","None","None","None"
"STU003635","CTC","CTC","CTC","CTC","None","None","None","None","None","None","None","None","None","None","None","None","None","None","None","None","None","None","None","None","None","None","None","None"
"STU003636","None","CTC","CTC","CTC","None","CTC","None","CTC","CTC","CTC","CTC","None","None","None","None","None","None","None","None","None","None","None","None","None","None","None","None","None"
"STU003637","CTC","CTC","CTC","CTC","CTC","CTC","CTC","CTC","CTC","CTC","CTC","None","None","None","None","None","None","None","None","None","None","None","None","None","None","None","None","None"
"STU003638","CTC","CTC","None","CTC","CTC","CTC","CTC","CTC","4YR","4YR","4YR","None","4YR","4YR","4YR","4YR","4YR","4YR","4YR","None","None","None","None","None","None","None","None","None"
"STU003639","None","CTC","CTC","CTC","CTC","CTC","4YR","4YR","4YR","4YR","4YR","4YR","4YR","4YR","4YR","4YR","None","None","None","None","None","None","None","None","None","None","None","None"
"STU003640","None","None","None","None","None","None","None","None","None","None","None","None","None","None","None","None","None","None","None","None","None","None","None","None","None","None","None","None"
"STU003641","4YR","4YR","CTC","4YR","4YR","4YR","4YR","4YR","4YR","4YR","4YR","4YR","4YR","4YR","None","None","None","None","None","None","None","None","None","None","None","None","None","None"
"STU003642","CTC","CTC","CTC","CTC","CTC","CTC","None","None","None","None","None","None","None","None","None","None","None","None","None","None","None","None","None","None","None","None","None","None"
"STU003643","None","None","None","None","None","None","None","None","None","None","None","None","None","None","None","None","None","None","None","None","None","None","None","None","None","None","None","None"
"STU003644","CTC","CTC","CTC","CTC","CTC","CTC","CTC","None","CTC","CTC","CTC","CTC","CTC","CTC","CTC","CTC","CTC","4YR","4YR","None","None","None","None","None","None","None","None","None"
"STU003645","None","None","CTC","CTC","CTC","CTC","CTC","CTC","CTC","CTC","None","None","None","None","None","None","None","None","None","None","None","None","None","None","None","None","None","None"
"STU003646","None","None","None","None","None","None","None","None","None","None","None","None","None","None","None","None","None","None","None","None","None","None","None","None","None","None","None","None"
"STU003647","4YR","4YR","None","4YR","4YR","4YR","4YR","None","4YR","4YR","4YR","4YR","None","4YR","4YR","4YR","4YR","CTC","4YR","4YR","4YR","4YR","None","None","None","None","None","None"
"STU003648","None","None","None","None","None","None","None","None","None","None","None","None","None","None","None","None","None","None","None","None","None","None","None","None","None","None","None","None"
"STU003649","4YR","4YR","4YR","4YR","4YR","4YR","4YR","4YR","4YR","4YR","4YR","4YR","4YR","4YR","4YR","4YR","None","None","None","None","None","None","None","None","None","None","None","None"
"STU003650","4YR","4YR","4YR","4YR","CTC","4YR","4YR","None","None","None","None","None","None","None","None","None","None","None","None","None","None","None","None","None","None","None","None","None"
"STU003651","CTC","CTC","CTC","CTC","CTC","CTC","CTC","None","CTC","CTC","CTC","CTC","None","CTC","None","CTC","CTC","None","CTC","CTC","None","None","None","None","None","None","None","None"
"STU003652","4YR","4YR","4YR","4YR","4YR","4YR","4YR","4YR","4YR","4YR","4YR","None","None","4YR","None","None","None","None","None","None","None","None","None","None","None","None","None","None"
"STU003653","4YR","4YR","4YR","4YR","4YR","CTC","None","4YR","4YR","4YR","4YR","4YR","4YR","4YR","4YR","4YR","None","None","None","None","None","None","None","None","None","None","None","None"
"STU003654","None","None","None","CTC","4YR","CTC","CTC","None","None","None","None","None","None","None","None","None","None","None","None","None","None","None","None","None","None","None","None","None"
"STU003655","CTC","CTC","CTC","None","None","None","None","None","None","None","None","None","None","None","None","None","None","None","None","None","None","None","None","None","None","None","None","None"
"STU003656","None","None","None","None","None","None","None","None","None","None","None","None","None","None","None","None","None","None","None","None","None","None","None","None","None","None","None","None"
"STU003657","4YR","4YR","4YR","None","4YR","4YR","4YR","4YR","None","4YR","None","4YR","4YR","4YR","4YR","None","None","None","None","None","None","None","None","None","None","None","None","None"
"STU003658","None","None","4YR","4YR","4YR","4YR","4YR","4YR","None","None","None","None","None","None","None","None","None","None","None","None","None","None","None","None","None","None","None","None"
"STU003659","None","None","None","CTC","CTC","CTC","CTC","CTC","CTC","CTC","CTC","None","None","None","None","None","None","None","None","None","None","None","None","None","None","None","None","None"
"STU003660","None","None","None","None","None","None","None","None","None","None","None","None","None","None","None","None","None","None","None","None","None","None","None","None","None","None","None","None"
"STU003661","None","None","None","None","CTC","CTC","CTC","CTC","CTC","CTC","CTC","CTC","CTC","None","None","None","None","CTC","CTC","CTC","CTC","CTC","CTC","None","None","None","None","None"
"STU003662","4YR","4YR","4YR","4YR","4YR","4YR","4YR","None","None","4YR","4YR","4YR","4YR","4YR","4YR","4YR","None","4YR","4YR","4YR","None","None","None","None","None","None","None","None"
"STU003663","CTC","CTC","None","None","None","None","None","None","None","None","None","None","None","None","None","None","None","None","None","None","None","None","None","None","None","None","None","None"
"STU003664","None","None","None","None","None","None","None","None","None","None","None","None","None","None","None","None","None","None","None","None","None","None","None","None","None","None","None","None"
"STU003665","CTC","CTC","CTC","CTC","CTC","None","None","None","None","None","None","None","None","None","None","None","None","None","None","None","None","None","None","None","None","None","None","None"
"STU003666","CTC","CTC","CTC","CTC","CTC","CTC","CTC","4YR","4YR","4YR","4YR","4YR","4YR","4YR","4YR","None","None","None","None","None","None","None","None","None","None","None","None","None"
"STU003667","None","CTC","None","None","None","None","None","CTC","CTC","CTC","CTC","CTC","CTC","None","None","None","None","None","None","None","None","None","None","None","None","None","None","None"
"STU003668","4YR","4YR","None","None","None","None","None","None","None","None","None","None","None","None","None","None","None","None","None","None","None","None","None","None","None","None","None","None"
"STU003669","None","None","None","None","4YR","4YR","4YR","None","4YR","4YR","4YR","4YR","4YR","4YR","4YR","None","None","None","None","None","None","None","None","None","None","None","None","None"
"STU003670","None","None","None","None","None","None","None","None","None","None","None","None","None","None","None","None","None","None","None","None","None","None","None","None","None","None","None","None"
"STU003671","None","CTC","CTC","CTC","CTC","4YR","CTC","CTC","CTC","CTC","CTC","CTC","CTC","CTC","CTC","CTC","CTC","CTC","CTC","CTC","None","None","None","None","None","None","None","None"
"STU003672","None","None","None","CTC","CTC","CTC","CTC","CTC","CTC","None","None","None","None","None","None","None","None","None","None","None","None","None","None","None","None","None","None","None"
"STU003673","None","None","None","None","None","None","None","None","None","None","None","None","None","None","None","None","None","None","None","None","None","None","None","None","None","None","None","None"
"STU003674","None","CTC","CTC","4YR","CTC","None","CTC","None","None","None","None","None","None","None","None","None","None","None","None","None","None","None","None","None","None","None","None","None"
"STU003675","None","None","CTC","CTC","CTC","CTC","None","None","None","None","None","None","None","None","None","None","None","None","None","None","None","None","None","None","None","None","None","None"
"STU003676","4YR","4YR","4YR","4YR","4YR","4YR","4YR","4YR","4YR","4YR","4YR","None","4YR","4YR","4YR","None","None","None","None","None","None","None","None","None","None","None","None","None"
"STU003677","None","None","None","CTC","CTC","CTC","CTC","CTC","None","None","None","None","None","None","None","None","None","None","None","None","None","None","None","None","None","None","None","None"
"STU003678","None","CTC","CTC","CTC","CTC","CTC","CTC","None","None","None","None","None","None","None","None","None","None","None","None","None","None","None","None","None","None","None","None","None"
"STU003679","CTC","CTC","CTC","CTC","CTC","CTC","CTC","CTC","CTC","None","CTC","None","None","CTC","CTC","CTC","None","None","None","None","None","None","None","None","None","None","None","None"
"STU003680","CTC","CTC","CTC","CTC","CTC","CTC","CTC","CTC","None","None","None","None","None","None","None","None","None","None","None","None","None","None","None","None","None","None","None","None"
"STU003681","4YR","4YR","4YR","4YR","4YR","4YR","4YR","4YR","None","4YR","4YR","4YR","4YR","4YR","4YR","None","4YR","CTC","4YR","CTC","4YR","4YR","4YR","4YR","4YR","None","None","None"
"STU003682","None","None","None","None","None","None","None","None","None","None","None","None","None","None","None","None","None","None","None","None","None","None","None","None","None","None","None","None"
"STU003683","None","None","4YR","4YR","4YR","4YR","None","4YR","CTC","4YR","4YR","4YR","None","None","None","None","None","None","None","None","None","None","None","None","None","None","None","None"
"STU003684","4YR","4YR","4YR","4YR","4YR","4YR","4YR","4YR","4YR","4YR","None","None","4YR","4YR","None","4YR","4YR","4YR","4YR","4YR","4YR","None","None","None","None","None","None","None"
"STU003685","4YR","CTC","CTC","CTC","CTC","CTC","CTC","4YR","CTC","None","None","None","None","None","None","None","None","None","None","None","None","None","None","None","None","None","None","None"
"STU003686","None","None","CTC","CTC","4YR","CTC","4YR","CTC","CTC","4YR","CTC","None","None","None","None","None","None","None","None","None","None","None","None","None","None","None","None","None"
"STU003687","None","None","None","None","None","None","None","None","None","None","None","None","None","None","None","None","None","None","None","None","None","None","None","None","None","None","None","None"
"STU003688","None","None","None","None","None","None","None","None","None","None","None","None","None","None","None","None","None","None","None","None","None","None","None","None","None","None","None","None"
"STU003689","CTC","CTC","CTC","CTC","None","None","None","None","None","None","None","None","None","None","None","None","None","None","None","None","None","None","None","None","None","None","None","None"
"STU003690","4YR","4YR","4YR","4YR","4YR","4YR","4YR","4YR","4YR","4YR","4YR","4YR","4YR","4YR","None","None","None","None","None","None","None","None","None","None","None","None","None","None"
"STU003691","None","None","None","None","4YR","4YR","4YR","4YR","4YR","4YR","4YR","4YR","4YR","None","None","None","None","4YR","4YR","4YR","None","None","None","None","None","None","None","None"
"STU003692","None","CTC","CTC","None","CTC","CTC","CTC","CTC","CTC","CTC","CTC","4YR","CTC","CTC","None","None","None","None","None","None","None","None","None","None","None","None","None","None"
"STU003693","None","None","None","None","None","None","None","None","None","None","None","None","None","None","None","None","None","None","None","None","None","None","None","None","None","None","None","None"
"STU003694","None","None","None","None","None","None","None","None","None","None","None","None","None","None","None","None","None","None","None","None","None","None","None","None","None","None","None","None"
"STU003695","None","4YR","4YR","4YR","4YR","4YR","4YR","4YR","4YR","4YR","4YR","None","None","4YR","None","None","None","None","None","None","None","None","None","None","None","None","None","None"
"STU003696","None","None","None","None","CTC","CTC","CTC","CTC","CTC","CTC","CTC","CTC","CTC","None","None","None","None","None","None","None","None","None","None","None","None","None","None","None"
"STU003697","None","None","None","None","None","None","None","None","None","None","None","None","None","None","None","None","None","None","None","None","None","None","None","None","None","None","None","None"
"STU003698","CTC","CTC","CTC","CTC","CTC","CTC","CTC","None","CTC","CTC","CTC","CTC","CTC","CTC","None","CTC","CTC","None","None","None","None","None","None","None","None","None","None","None"
"STU003699","4YR","4YR","4YR","4YR","4YR","4YR","4YR","4YR","4YR","4YR","None","4YR","4YR","4YR","4YR","None","None","None","None","None","None","None","None","None","None","None","None","None"
"STU003700","CTC","CTC","CTC","None","CTC","CTC","4YR","CTC","CTC","CTC","CTC","CTC","CTC","CTC","CTC","None","None","None","None","None","None","None","None","None","None","None","None","None"
"STU003701","4YR","4YR","4YR","4YR","4YR","4YR","4YR","4YR","4YR","4YR","4YR","4YR","4YR","4YR","4YR","4YR","4YR","4YR","4YR","None","None","None","None","None","None","None","None","None"
"STU003702","None","None","None","None","None","None","None","None","None","None","None","None","None","None","None","None","None","None","None","None","None","None","None","None","None","None","None","None"
"STU003703","None","None","CTC","CTC","None","None","None","None","None","None","None","None","None","None","None","None","None","None","None","None","None","None","None","None","None","None","None","None"
"STU003704","None","None","None","None","None","None","None","None","None","None","None","None","None","None","None","None","None","None","None","None","None","None","None","None","None","None","None","None"
"STU003705","4YR","4YR","4YR","4YR","4YR","4YR","4YR","4YR","4YR","4YR","4YR","4YR","4YR","4YR","4YR","None","None","None","None","None","None","None","None","None","None","None","None","None"
"STU003706","CTC","CTC","CTC","CTC","CTC","CTC","CTC","CTC","None","None","None","None","None","None","None","None","None","None","None","None","None","None","None","None","None","None","None","None"
"STU003707","None","CTC","CTC","CTC","CTC","CTC","None","None","None","None","None","None","None","None","None","None","None","None","None","None","None","None","None","None","None","None","None","None"
"STU003708","None","None","None","None","None","None","None","None","None","None","None","None","None","None","None","None","None","None","None","None","None","None","None","None","None","None","None","None"
"STU003709","None","None","None","None","None","None","None","None","None","None","None","None","None","None","None","None","None","None","None","None","None","None","None","None","None","None","None","None"
"STU003710","None","None","None","None","None","None","None","None","None","None","None","None","None","None","None","None","None","None","None","None","None","None","None","None","None","None","None","None"
"STU003711","CTC","CTC","CTC","CTC","CTC","CTC","CTC","4YR","4YR","4YR","CTC","4YR","4YR","4YR","4YR","4YR","4YR","4YR","None","None","None","None","None","None","None","None","None","None"
"STU003712","None","None","CTC","CTC","CTC","CTC","4YR","CTC","CTC","CTC","CTC","None","None","None","CTC","CTC","CTC","CTC","CTC","CTC","None","None","None","None","None","None","None","None"
"STU003713","None","None","None","None","None","None","None","None","None","None","None","None","None","None","None","None","None","None","None","None","None","None","None","None","None","None","None","None"
"STU003714","None","None","None","None","None","None","None","None","None","None","None","None","None","None","None","None","None","None","None","None","None","None","None","None","None","None","None","None"
"STU003715","None","None","None","None","None","None","None","None","None","None","None","None","None","None","None","None","None","None","None","None","None","None","None","None","None","None","None","None"
"STU003716","CTC","CTC","CTC","CTC","CTC","CTC","4YR","4YR","None","4YR","4YR","4YR","4YR","4YR","4YR","4YR","4YR","4YR","None","None","None","None","None","None","None","None","None","None"
"STU003717","None","None","None","CTC","CTC","CTC","CTC","CTC","CTC","CTC","CTC","None","CTC","CTC","CTC","CTC","CTC","CTC","CTC","None","None","None","None","None","None","None","None","None"
"STU003718","CTC","CTC","CTC","CTC","CTC","CTC","CTC","CTC","None","CTC","CTC","CTC","CTC","CTC","CTC","CTC","CTC","None","None","None","None","None","None","None","None","None","None","None"
"STU003719","None","None","None","4YR","4YR","4YR","None","None","None","None","None","None","None","None","None","None","None","None","None","None","None","None","None","None","None","None","None","None"
"STU003720","CTC","CTC","CTC","None","CTC","CTC","4YR","CTC","4YR","4YR","4YR","4YR","4YR","4YR","4YR","4YR","4YR","None","None","None","None","None","None","None","None","None","None","None"
"STU003721","CTC","CTC","CTC","CTC","CTC","CTC","CTC","CTC","None","None","None","None","None","None","None","None","None","None","None","None","None","None","None","None","None","None","None","None"
"STU003722","4YR","4YR","4YR","4YR","4YR","4YR","4YR","4YR","4YR","4YR","4YR","4YR","4YR","4YR","4YR","None","None","None","None","None","None","None","None","None","None","None","None","None"
"STU003723","CTC","CTC","CTC","CTC","CTC","CTC","4YR","4YR","4YR","4YR","4YR","4YR","4YR","4YR","4YR","4YR","None","None","None","None","None","None","None","None","None","None","None","None"
"STU003724","None","None","None","None","4YR","4YR","4YR","4YR","None","None","None","None","None","None","None","None","None","None","None","None","None","None","None","None","None","None","None","None"
"STU003725","CTC","CTC","CTC","CTC","CTC","CTC","CTC","CTC","CTC","CTC","CTC","CTC","CTC","None","None","None","None","None","None","None","None","None","None","None","None","None","None","None"
"STU003726","None","CTC","CTC","None","None","None","None","None","None","None","None","None","None","None","None","None","None","None","None","None","None","None","None","None","None","None","None","None"
"STU003727","None","None","None","None","4YR","4YR","4YR","None","None","None","None","None","None","None","None","None","None","None","None","None","None","None","None","None","None","None","None","None"
"STU003728","CTC","CTC","None","4YR","CTC","CTC","CTC","CTC","CTC","CTC","CTC","CTC","None","CTC","CTC","CTC","None","None","None","None","None","None","None","None","None","None","None","None"
"STU003729","CTC","CTC","CTC","CTC","CTC","CTC","None","CTC","CTC","CTC","CTC","CTC","CTC","CTC","CTC","CTC","None","None","None","None","None","None","None","None","None","None","None","None"
"STU003730","4YR","4YR","4YR","4YR","4YR","4YR","4YR","4YR","4YR","4YR","4YR","4YR","4YR","4YR","4YR","4YR","4YR","4YR","4YR","4YR","4YR","4YR","CTC","4YR","4YR","None","None","None"
"STU003731","None","4YR","4YR","None","4YR","4YR","CTC","4YR","4YR","4YR","4YR","None","None","None","None","None","None","None","None","None","None","None","None","None","None","None","None","None"
"STU003732","CTC","CTC","CTC","CTC","CTC","CTC","CTC","CTC","CTC","CTC","None","None","None","None","None","None","None","None","None","None","None","None","None","None","None","None","None","None"
"STU003733","4YR","4YR","4YR","4YR","4YR","4YR","4YR","4YR","4YR","4YR","4YR","None","4YR","4YR","4YR","None","None","None","None","None","None","None","None","None","None","None","None","None"
"STU003734","CTC","CTC","CTC","CTC","CTC","CTC","CTC","None","None","None","None","None","None","None","None","None","None","None","None","None","None","None","None","None","None","None","None","None"
"STU003735","4YR","4YR","4YR","4YR","4YR","4YR","4YR","4YR","CTC","4YR","4YR","4YR","4YR","4YR","4YR","4YR","4YR","4YR","4YR","4YR","None","None","None","None","None","None","None","None"
"STU003736","CTC","CTC","CTC","CTC","4YR","None","None","None","None","None","None","None","None","None","None","None","None","None","None","None","None","None","None","None","None","None","None","None"
"STU003737","CTC","4YR","4YR","4YR","None","4YR","4YR","4YR","4YR","4YR","4YR","4YR","4YR","4YR","4YR","4YR","4YR","4YR","CTC","None","None","None","None","None","None","None","None","None"
"STU003738","None","4YR","4YR","4YR","4YR","4YR","4YR","4YR","4YR","4YR","4YR","4YR","4YR","None","4YR","4YR","None","None","None","None","None","None","None","None","None","None","None","None"
"STU003739","CTC","CTC","CTC","None","None","None","None","None","None","None","None","None","None","None","None","None","None","None","None","None","None","None","None","None","None","None","None","None"
"STU003740","4YR","4YR","4YR","4YR","None","4YR","4YR","4YR","4YR","4YR","4YR","4YR","4YR","4YR","4YR","None","None","None","None","None","None","None","None","None","None","None","None","None"
"STU003741","4YR","4YR","4YR","4YR","4YR","4YR","4YR","4YR","CTC","4YR","4YR","4YR","4YR","CTC","4YR","None","None","None","None","None","None","None","None","None","None","None","None","None"
"STU003742","4YR","4YR","4YR","4YR","4YR","4YR","4YR","4YR","4YR","4YR","4YR","4YR","4YR","None","4YR","None","None","None","None","None","None","None","None","None","None","None","None","None"
"STU003743","None","None","None","CTC","CTC","CTC","CTC","CTC","CTC","4YR","None","CTC","CTC","None","None","None","CTC","CTC","CTC","CTC","CTC","None","None","None","None","None","None","None"
"STU003744","None","None","None","None","None","None","None","None","None","None","None","None","None","None","None","None","None","None","None","None","None","None","None","None","None","None","None","None"
"STU003745","4YR","CTC","CTC","CTC","CTC","CTC","CTC","CTC","CTC","None","None","None","None","None","None","None","None","None","None","None","None","None","None","None","None","None","None","None"
"STU003746","CTC","CTC","CTC","CTC","CTC","CTC","CTC","None","None","None","None","None","None","None","None","None","None","None","None","None","None","None","None","None","None","None","None","None"
"STU003747","None","None","CTC","CTC","CTC","CTC","CTC","CTC","CTC","CTC","CTC","None","None","None","None","None","None","None","None","None","None","None","None","None","None","None","None","None"
"STU003748","None","None","None","None","None","None","None","None","None","None","None","None","None","None","None","None","None","CTC","None","None","None","None","None","None","None","None","None","None"
"STU003749","None","None","None","None","None","CTC","CTC","CTC","CTC","CTC","CTC","4YR","4YR","CTC","None","None","None","None","None","None","None","None","None","None","None","None","None","None"
"STU003750","None","None","CTC","CTC","CTC","CTC","CTC","None","None","None","None","None","None","None","None","None","None","None","None","None","None","None","None","None","None","None","None","None"
"STU003751","CTC","CTC","None","None","None","None","None","None","None","None","None","None","None","None","None","None","None","None","None","None","None","None","None","None","None","None","None","None"
"STU003752","CTC","CTC","CTC","CTC","None","None","None","None","None","None","None","None","None","None","None","None","None","None","None","None","None","None","None","None","None","None","None","None"
"STU003753","None","CTC","CTC","CTC","CTC","CTC","None","None","CTC","CTC","CTC","4YR","CTC","CTC","None","None","None","None","None","None","None","None","None","None","None","None","None","None"
"STU003754","None","None","None","CTC","CTC","CTC","CTC","CTC","CTC","CTC","CTC","None","None","None","None","None","None","None","None","None","None","None","None","None","None","None","None","None"
"STU003755","None","None","None","None","None","None","None","None","None","None","None","None","None","None","None","None","None","None","None","None","None","None","None","None","None","None","None","None"
"STU003756","None","4YR","4YR","4YR","4YR","4YR","4YR","4YR","4YR","4YR","4YR","4YR","None","None","4YR","4YR","CTC","4YR","None","4YR","4YR","4YR","4YR","4YR","4YR","None","4YR","None"
"STU003757","None","None","4YR","4YR","4YR","4YR","4YR","4YR","4YR","4YR","4YR","None","4YR","4YR","4YR","4YR","4YR","None","None","None","None","None","None","None","None","None","None","None"
"STU003758","CTC","CTC","CTC","CTC","CTC","CTC","CTC","CTC","4YR","4YR","4YR","4YR","4YR","4YR","CTC","4YR","4YR","4YR","4YR","None","None","None","None","None","None","None","None","None"
"STU003759","None","None","4YR","4YR","4YR","None","CTC","4YR","4YR","4YR","4YR","4YR","4YR","None","None","None","None","None","None","None","None","None","None","None","None","None","None","None"
"STU003760","4YR","4YR","CTC","4YR","4YR","None","4YR","4YR","4YR","None","4YR","None","None","4YR","4YR","4YR","4YR","4YR","None","None","None","None","None","None","None","None","None","None"
"STU003761","None","None","None","4YR","4YR","4YR","4YR","4YR","None","None","None","None","None","None","None","None","None","None","None","None","None","None","None","None","None","None","None","None"
"STU003762","CTC","None","CTC","CTC","CTC","CTC","CTC","CTC","None","None","None","None","None","None","None","None","None","None","None","None","None","None","None","None","None","None","None","None"
"STU003763","4YR","None","4YR","4YR","4YR","4YR","4YR","4YR","CTC","4YR","4YR","None","None","CTC","4YR","None","None","None","None","None","None","None","None","None","None","None","None","None"
"STU003764","None","CTC","CTC","CTC","None","CTC","4YR","4YR","None","4YR","4YR","4YR","4YR","4YR","4YR","4YR","None","None","None","None","None","None","None","None","None","None","None","None"
"STU003765","4YR","CTC","4YR","4YR","4YR","4YR","4YR","4YR","4YR","4YR","4YR","4YR","4YR","4YR","None","None","None","None","None","None","None","None","None","None","None","None","None","None"
"STU003766","4YR","4YR","4YR","4YR","4YR","4YR","None","4YR","CTC","CTC","CTC","CTC","CTC","CTC","CTC","CTC","None","None","None","None","None","None","None","None","None","None","None","None"
"STU003767","None","None","None","None","None","None","None","None","None","None","None","None","None","None","None","None","None","None","None","None","None","None","None","None","None","None","None","None"
"STU003768","CTC","CTC","CTC","CTC","None","None","None","None","None","None","None","None","None","None","None","None","None","None","None","None","None","None","None","None","None","None","None","None"
"STU003769","None","None","None","None","None","None","None","None","None","None","None","None","None","None","None","None","None","None","None","None","None","None","None","None","None","None","None","None"
"STU003770","CTC","CTC","CTC","None","None","4YR","CTC","CTC","CTC","CTC","CTC","None","None","None","None","None","None","None","None","None","None","None","None","None","None","None","None","None"
"STU003771","4YR","4YR","4YR","4YR","4YR","4YR","4YR","4YR","4YR","4YR","4YR","4YR","4YR","4YR","None","4YR","None","4YR","CTC","4YR","4YR","4YR","4YR","4YR","4YR","None","None","None"
"STU003772","None","None","None","None","None","None","None","None","None","None","None","None","None","None","None","None","None","None","None","None","None","None","None","None","None","None","None","None"
"STU003773","CTC","CTC","CTC","CTC","CTC","CTC","CTC","CTC","CTC","CTC","CTC","CTC","CTC","CTC","CTC","CTC","CTC","CTC","None","None","None","None","None","None","None","None","None","None"
"STU003774","CTC","CTC","CTC","CTC","CTC","CTC","CTC","CTC","CTC","CTC","CTC","CTC","CTC","None","None","None","None","None","None","None","None","None","None","None","None","None","None","None"
"STU003775","4YR","4YR","None","4YR","4YR","4YR","4YR","4YR","4YR","4YR","4YR","4YR","4YR","4YR","4YR","4YR","4YR","4YR","4YR","4YR","4YR","4YR","None","4YR","4YR","4YR","4YR","4YR"
"STU003776","4YR","4YR","4YR","4YR","None","4YR","4YR","4YR","4YR","4YR","4YR","4YR","4YR","4YR","4YR","4YR","4YR","4YR","4YR","4YR","4YR","4YR","4YR","4YR","4YR","4YR","4YR","4YR"
"STU003777","CTC","CTC","CTC","CTC","None","None","None","None","None","None","None","None","None","None","None","None","None","None","None","None","None","None","None","None","None","None","None","None"
"STU003778","CTC","CTC","CTC","CTC","CTC","CTC","CTC","None","None","None","None","None","None","None","None","None","None","None","None","None","None","None","None","None","None","None","None","None"
"STU003779","None","None","None","None","4YR","4YR","None","4YR","4YR","4YR","4YR","4YR","None","None","None","None","None","None","None","None","None","None","None","None","None","None","None","None"
"STU003780","CTC","4YR","4YR","4YR","None","4YR","4YR","4YR","CTC","4YR","4YR","4YR","4YR","4YR","4YR","4YR","4YR","4YR","None","None","None","None","None","None","None","None","None","None"
"STU003781","4YR","None","4YR","4YR","4YR","4YR","4YR","None","4YR","4YR","4YR","4YR","None","4YR","None","None","None","None","None","None","None","None","None","None","None","None","None","None"
"STU003782","4YR","4YR","4YR","CTC","4YR","None","None","None","None","None","None","None","None","None","None","None","None","None","None","None","None","None","None","None","None","None","None","None"
"STU003783","None","CTC","CTC","CTC","CTC","CTC","CTC","CTC","CTC","CTC","None","None","None","None","None","None","None","None","None","None","None","None","None","None","None","None","None","None"
"STU003784","4YR","CTC","CTC","None","None","None","None","None","None","None","None","None","None","None","None","None","None","None","None","None","None","None","None","None","None","None","None","None"
"STU003785","4YR","4YR","4YR","4YR","4YR","4YR","4YR","None","CTC","4YR","4YR","None","4YR","None","4YR","4YR","4YR","4YR","4YR","4YR","4YR","4YR","4YR","None","None","None","None","None"
"STU003786","CTC","CTC","CTC","CTC","CTC","None","CTC","CTC","CTC","CTC","CTC","CTC","CTC","CTC","CTC","CTC","None","None","None","None","None","None","None","None","None","None","None","None"
"STU003787","None","None","None","CTC","CTC","4YR","CTC","None","None","None","None","None","None","None","None","None","None","None","None","None","None","None","None","None","None","None","None","None"
"STU003788","None","None","CTC","CTC","None","CTC","CTC","CTC","CTC","CTC","None","None","None","None","None","None","None","None","None","None","None","None","None","None","None","None","None","None"
"STU003789","None","None","4YR","4YR","4YR","4YR","4YR","4YR","4YR","4YR","4YR","None","None","None","None","None","None","None","None","None","None","None","None","None","None","None","None","None"
"STU003790","CTC","CTC","None","None","None","None","None","None","None","None","None","None","None","None","None","None","None","None","None","None","None","None","None","None","None","None","None","None"
"STU003791","4YR","4YR","4YR","4YR","4YR","4YR","4YR","4YR","4YR","4YR","4YR","4YR","4YR","4YR","None","None","None","None","None","None","None","None","None","None","None","None","None","None"
"STU003792","4YR","4YR","4YR","4YR","4YR","4YR","4YR","4YR","4YR","4YR","4YR","4YR","4YR","4YR","CTC","4YR","4YR","4YR","4YR","4YR","4YR","None","4YR","4YR","None","None","None","None"
"STU003793","4YR","4YR","4YR","None","4YR","4YR","4YR","4YR","4YR","4YR","CTC","4YR","4YR","4YR","4YR","4YR","4YR","4YR","4YR","4YR","4YR","4YR","4YR","4YR","None","None","None","None"
"STU003794","None","None","None","None","None","None","None","None","None","None","None","None","None","None","None","None","None","None","None","None","None","None","None","None","None","None","None","None"
"STU003795","CTC","CTC","None","CTC","CTC","CTC","CTC","4YR","4YR","4YR","4YR","4YR","4YR","4YR","4YR","4YR","4YR","4YR","None","None","None","None","None","None","None","None","None","None"
"STU003796","CTC","CTC","CTC","CTC","CTC","None","None","None","None","None","None","None","None","None","None","None","None","None","None","None","None","None","None","None","None","None","None","None"
"STU003797","None","4YR","CTC","4YR","4YR","4YR","4YR","4YR","4YR","None","None","None","None","None","None","None","None","None","None","None","None","None","None","None","None","None","None","None"
"STU003798","4YR","4YR","4YR","4YR","4YR","4YR","4YR","4YR","4YR","4YR","None","None","None","None","None","None","None","None","None","None","None","None","None","None","None","None","None","None"
"STU003799","None","None","None","None","None","None","None","None","None","None","None","None","None","None","None","None","None","None","None","None","None","None","None","None","None","None","None","None"
"STU003800","CTC","CTC","CTC","CTC","CTC","CTC","CTC","CTC","CTC","CTC","CTC","CTC","CTC","CTC","CTC","CTC","CTC","CTC","None","None","None","None","None","None","None","None","None","None"
"STU003801","None","4YR","4YR","4YR","4YR","4YR","4YR","4YR","None","4YR","4YR","4YR","4YR","4YR","4YR","None","None","None","None","None","None","None","None","None","None","None","None","None"
"STU003802","None","None","CTC","CTC","CTC","CTC","CTC","None","None","None","None","None","None","None","None","None","None","None","None","None","None","None","None","None","None","None","None","None"
"STU003803","CTC","CTC","CTC","CTC","CTC","CTC","CTC","None","None","None","None","None","None","None","None","None","None","None","None","None","None","None","None","None","None","None","None","None"
"STU003804","CTC","CTC","CTC","CTC","CTC","CTC","None","None","None","None","None","None","None","None","None","None","None","None","None","None","None","None","None","None","None","None","None","None"
"STU003805","CTC","CTC","CTC","CTC","None","None","None","None","None","None","None","None","None","None","None","None","None","None","None","None","None","None","None","None","None","None","None","None"
"STU003806","4YR","4YR","4YR","4YR","4YR","4YR","4YR","None","None","None","None","None","None","None","None","None","None","None","None","None","None","None","None","None","None","None","None","None"
"STU003807","None","CTC","CTC","CTC","CTC","CTC","CTC","CTC","CTC","CTC","None","None","None","None","None","None","None","None","None","None","None","None","None","None","None","None","None","None"
"STU003808","None","None","None","None","None","None","None","None","None","None","None","None","None","None","None","None","None","None","None","None","None","None","None","None","None","None","None","None"
"STU003809","None","CTC","CTC","CTC","CTC","CTC","CTC","CTC","CTC","CTC","None","None","None","None","None","None","None","None","None","None","None","None","None","None","None","None","None","None"
"STU003810","4YR","4YR","4YR","4YR","None","4YR","4YR","4YR","4YR","4YR","None","4YR","4YR","4YR","4YR","None","None","None","None","None","None","None","None","None","None","None","None","None"
"STU003811","CTC","CTC","CTC","CTC","None","None","CTC","None","None","None","None","None","None","None","None","None","None","None","None","None","None","None","None","None","None","None","None","None"
"STU003812","None","None","None","None","None","None","None","None","None","None","None","None","None","None","None","None","None","None","None","None","None","None","None","None","None","None","None","None"
"STU003813","CTC","CTC","CTC","CTC","CTC","CTC","4YR","4YR","4YR","4YR","4YR","CTC","4YR","4YR","4YR","None","None","None","None","None","None","None","None","None","None","None","None","None"
"STU003814","CTC","None","CTC","CTC","CTC","CTC","CTC","CTC","CTC","CTC","None","None","None","None","None","None","None","None","None","None","None","None","None","None","None","None","None","None"
"STU003815","None","None","None","None","None","None","None","None","None","None","None","None","None","None","None","None","None","None","None","None","None","None","None","None","None","None","None","None"
"STU003816","None","None","None","CTC","CTC","CTC","CTC","CTC","CTC","None","None","None","CTC","CTC","CTC","CTC","None","None","None","None","None","None","None","None","None","None","None","None"
"STU003817","4YR","4YR","4YR","4YR","4YR","4YR","4YR","None","None","None","None","None","None","None","None","None","None","None","None","None","None","None","None","None","None","None","None","None"
"STU003818","None","None","None","None","None","None","None","None","None","None","None","None","None","None","None","None","None","None","None","None","None","None","None","None","None","None","None","None"
"STU003819","None","None","None","None","4YR","4YR","4YR","4YR","4YR","4YR","None","None","None","4YR","4YR","4YR","4YR","4YR","None","4YR","None","None","None","None","None","None","None","None"
"STU003820","CTC","CTC","CTC","CTC","CTC","CTC","CTC","CTC","CTC","CTC","CTC","CTC","CTC","CTC","None","None","None","None","None","None","None","None","None","None","None","None","None","None"
"STU003821","None","None","None","None","None","None","None","None","None","None","None","None","None","None","None","None","None","None","None","None","None","None","None","None","None","None","None","None"
"STU003822","None","None","None","CTC","CTC","CTC","CTC","CTC","None","None","CTC","CTC","CTC","None","None","None","None","None","None","None","None","None","None","None","None","None","None","None"
"STU003823","CTC","CTC","CTC","CTC","None","None","None","None","None","None","None","None","None","None","None","None","None","None","None","None","None","None","None","None","None","None","None","None"
"STU003824","None","None","None","None","None","None","None","None","None","None","None","None","None","None","None","None","None","None","None","None","None","None","None","None","None","None","None","None"
"STU003825","4YR","4YR","4YR","4YR","4YR","4YR","4YR","4YR","CTC","4YR","4YR","4YR","None","4YR","4YR","4YR","None","None","None","None","None","None","None","None","None","None","None","None"
"STU003826","None","None","None","None","CTC","4YR","None","CTC","CTC","CTC","CTC","CTC","CTC","CTC","CTC","None","CTC","CTC","CTC","CTC","None","None","None","None","None","None","None","None"
"STU003827","None","None","None","None","None","None","None","None","None","None","None","None","None","None","None","None","None","None","None","None","None","None","None","None","None","None","None","None"
"STU003828","CTC","CTC","CTC","CTC","CTC","CTC","CTC","CTC","4YR","CTC","None","None","None","None","None","None","None","None","None","None","None","None","None","None","None","None","None","None"
"STU003829","None","4YR","None","4YR","4YR","4YR","4YR","None","None","None","None","None","None","None","None","None","None","None","None","None","None","None","None","None","None","None","None","None"
"STU003830","None","4YR","4YR","4YR","4YR","4YR","4YR","4YR","4YR","4YR","4YR","4YR","4YR","4YR","4YR","4YR","None","None","None","None","None","None","None","None","None","None","None","None"
"STU003831","CTC","4YR","4YR","4YR","4YR","None","4YR","4YR","4YR","4YR","4YR","4YR","4YR","4YR","None","4YR","4YR","4YR","None","4YR","None","None","None","None","None","None","None","None"
"STU003832","CTC","4YR","4YR","4YR","None","4YR","4YR","4YR","4YR","4YR","None","4YR","4YR","4YR","4YR","4YR","None","None","None","None","None","None","None","None","None","None","None","None"
"STU003833","None","None","CTC","CTC","CTC","CTC","CTC","CTC","CTC","None","CTC","CTC","CTC","None","None","None","None","None","None","None","None","None","None","None","None","None","None","None"
"STU003834","None","None","None","4YR","4YR","4YR","4YR","4YR","None","4YR","4YR","4YR","4YR","4YR","None","None","None","None","None","None","None","None","None","None","None","None","None","None"
"STU003835","CTC","CTC","CTC","CTC","CTC","CTC","CTC","CTC","None","None","None","None","None","None","None","None","None","None","None","None","None","None","None","None","None","None","None","None"
"STU003836","CTC","CTC","CTC","CTC","CTC","CTC","CTC","4YR","CTC","CTC","CTC","None","CTC","CTC","None","CTC","CTC","None","None","None","None","None","None","None","None","None","None","None"
"STU003837","CTC","CTC","None","None","None","None","None","None","None","None","None","None","None","None","None","None","None","None","None","None","None","None","None","None","None","None","None","None"
"STU003838","None","None","4YR","4YR","4YR","None","4YR","4YR","4YR","4YR","None","4YR","None","None","None","None","None","None","None","None","None","None","None","None","None","None","None","None"
"STU003839","None","None","None","None","None","None","None","None","None","None","None","None","None","None","None","None","None","None","None","None","None","None","None","None","None","None","None","None"
"STU003840","CTC","CTC","CTC","CTC","CTC","None","CTC","CTC","None","None","None","None","None","None","None","None","None","None","None","None","None","None","None","None","None","None","None","None"
"STU003841","4YR","None","4YR","4YR","None","4YR","4YR","4YR","4YR","4YR","4YR","4YR","4YR","4YR","4YR","None","4YR","4YR","4YR","4YR","4YR","None","None","None","None","None","None","None"
"STU003842","None","CTC","CTC","CTC","CTC","None","None","CTC","None","None","None","None","None","None","None","None","None","None","None","None","None","None","None","None","None","None","None","None"
"STU003843","4YR","4YR","4YR","4YR","4YR","4YR","4YR","4YR","4YR","4YR","4YR","4YR","4YR","4YR","4YR","4YR","4YR","4YR","4YR","4YR","4YR","None","4YR","4YR","4YR","4YR","4YR","4YR"
"STU003844","CTC","CTC","CTC","None","None","None","None","None","None","None","None","None","None","None","None","None","None","None","None","None","None","None","None","None","None","None","None","None"
"STU003845","None","CTC","CTC","None","CTC","CTC","CTC","None","CTC","CTC","CTC","None","None","None","None","None","None","None","None","None","None","None","None","None","None","None","None","None"
"STU003846","CTC","CTC","CTC","CTC","CTC","None","None","None","None","None","None","None","None","None","None","None","None","None","None","None","None","None","None","None","None","None","None","None"
"STU003847","CTC","None","CTC","CTC","CTC","None","None","None","None","None","None","None","None","None","None","None","None","None","None","None","None","None","None","None","None","None","None","None"
"STU003848","None","None","None","None","None","None","None","None","None","None","None","None","None","None","None","None","None","None","None","None","None","None","None","None","None","None","None","None"
"STU003849","CTC","CTC","CTC","CTC","CTC","CTC","CTC","None","None","None","None","None","None","None","None","None","None","None","None","None","None","None","None","None","None","None","None","None"
"STU003850","None","None","None","None","None","None","None","None","None","None","None","None","None","None","None","None","None","None","None","None","None","None","None","None","None","None","None","None"
"STU003851","None","None","None","None","None","None","None","None","None","None","None","None","None","None","None","None","None","None","None","None","None","None","None","None","None","None","None","None"
"STU003852","4YR","4YR","4YR","4YR","4YR","4YR","4YR","4YR","4YR","4YR","4YR","4YR","4YR","4YR","4YR","4YR","4YR","4YR","4YR","None","4YR","4YR","None","None","None","None","None","None"
"STU003853","4YR","4YR","4YR","4YR","CTC","CTC","4YR","4YR","None","None","None","None","None","None","None","None","None","None","None","None","None","None","None","None","None","None","None","None"
"STU003854","None","None","None","CTC","CTC","CTC","CTC","CTC","4YR","None","CTC","CTC","CTC","None","None","None","None","None","None","None","None","None","None","None","None","None","None","None"
"STU003855","None","None","None","None","None","None","None","None","None","None","None","None","None","None","None","None","None","None","None","None","None","None","None","None","None","None","None","None"
"STU003856","4YR","CTC","CTC","None","None","None","None","None","None","None","None","None","None","None","None","None","None","None","None","None","None","None","None","None","None","None","None","None"
"STU003857","4YR","CTC","4YR","4YR","4YR","4YR","4YR","4YR","4YR","None","4YR","4YR","4YR","4YR","4YR","4YR","4YR","4YR","4YR","4YR","4YR","4YR","4YR","None","None","None","None","None"
"STU003858","None","None","None","None","None","None","None","None","None","None","None","None","None","None","None","None","None","None","None","None","None","None","None","None","None","None","None","None"
"STU003859","None","CTC","None","None","None","None","None","None","None","None","None","None","None","None","None","None","None","None","None","None","None","None","None","None","None","None","None","None"
"STU003860","None","None","None","None","None","None","None","None","None","None","None","None","None","None","None","None","None","None","None","None","None","None","None","None","None","None","None","None"
"STU003861","CTC","CTC","CTC","CTC","CTC","None","CTC","CTC","CTC","None","CTC","CTC","None","None","None","None","None","None","None","None","None","None","None","None","None","None","None","None"
"STU003862","CTC","CTC","CTC","CTC","None","None","None","None","None","None","None","None","None","None","None","None","None","None","None","None","None","None","None","None","None","None","None","None"
"STU003863","None","None","None","None","None","None","None","None","None","None","None","None","None","None","None","None","None","None","None","None","None","None","None","None","None","None","None","None"
"STU003864","None","None","None","None","None","None","None","None","None","None","None","None","None","None","None","None","None","None","None","None","None","None","None","None","None","None","None","None"
"STU003865","None","None","None","None","None","None","None","None","None","None","None","None","None","None","None","CTC","None","None","None","None","None","None","None","None","None","None","None","None"
"STU003866","None","None","None","None","None","None","None","None","None","None","None","None","None","None","None","None","None","None","None","None","None","None","None","None","None","None","None","None"
"STU003867","CTC","CTC","CTC","CTC","None","None","None","None","None","None","None","None","None","None","None","None","None","None","None","None","None","None","None","None","None","None","None","None"
"STU003868","None","None","None","None","None","None","None","None","None","None","None","None","None","None","None","None","None","None","None","None","None","None","None","None","None","None","None","None"
"STU003869","None","None","None","4YR","None","4YR","4YR","4YR","CTC","CTC","4YR","4YR","4YR","None","None","None","4YR","4YR","None","4YR","4YR","4YR","None","None","None","None","None","None"
"STU003870","4YR","4YR","4YR","4YR","4YR","4YR","None","None","4YR","4YR","4YR","4YR","4YR","4YR","4YR","4YR","4YR","4YR","4YR","CTC","None","None","None","None","None","None","None","None"
"STU003871","CTC","None","CTC","CTC","4YR","CTC","CTC","None","None","None","None","None","None","None","None","None","None","None","None","None","None","None","None","None","None","None","None","None"
"STU003872","4YR","4YR","4YR","None","4YR","4YR","4YR","4YR","4YR","4YR","4YR","CTC","4YR","4YR","4YR","4YR","4YR","4YR","None","4YR","4YR","4YR","4YR","None","None","None","None","None"
"STU003873","CTC","CTC","CTC","None","CTC","None","CTC","CTC","CTC","CTC","CTC","CTC","CTC","CTC","CTC","CTC","None","CTC","CTC","None","None","None","None","None","None","None","None","None"
"STU003874","CTC","CTC","CTC","CTC","CTC","CTC","CTC","CTC","CTC","CTC","CTC","CTC","4YR","CTC","CTC","None","None","None","None","None","None","None","None","None","None","None","None","None"
"STU003875","CTC","CTC","CTC","CTC","None","CTC","CTC","CTC","CTC","CTC","CTC","CTC","CTC","CTC","CTC","CTC","None","None","None","None","None","None","None","None","None","None","None","None"
"STU003876","None","None","CTC","CTC","CTC","4YR","CTC","CTC","None","4YR","4YR","4YR","CTC","4YR","4YR","4YR","4YR","None","None","None","None","None","None","None","None","None","None","None"
"STU003877","CTC","CTC","CTC","CTC","CTC","None","None","None","None","None","None","None","None","None","None","None","None","None","None","None","None","None","None","None","None","None","None","None"
"STU003878","None","None","None","None","CTC","CTC","CTC","CTC","CTC","CTC","None","CTC","CTC","CTC","CTC","CTC","None","None","None","None","None","None","None","None","None","None","None","None"
"STU003879","4YR","4YR","4YR","4YR","4YR","4YR","4YR","4YR","4YR","None","None","None","None","None","None","None","None","None","None","None","None","None","None","None","None","None","None","None"
"STU003880","4YR","4YR","4YR","4YR","4YR","4YR","4YR","4YR","4YR","4YR","4YR","4YR","4YR","4YR","None","None","None","None","None","None","None","None","None","None","None","None","None","None"
"STU003881","4YR","4YR","4YR","4YR","CTC","4YR","4YR","4YR","4YR","4YR","4YR","4YR","4YR","4YR","None","4YR","4YR","4YR","None","None","None","None","None","None","None","None","None","None"
"STU003882","CTC","None","CTC","CTC","CTC","CTC","None","None","None","None","None","None","None","None","None","None","None","None","None","None","None","None","None","None","None","None","None","None"
"STU003883","None","None","None","None","None","None","None","None","None","None","None","None","None","None","None","None","None","None","None","None","None","None","None","None","None","None","None","None"
"STU003884","4YR","4YR","4YR","4YR","4YR","4YR","CTC","4YR","4YR","4YR","4YR","4YR","4YR","4YR","4YR","4YR","4YR","4YR","None","4YR","4YR","None","None","None","None","None","None","None"
"STU003885","4YR","4YR","4YR","4YR","4YR","4YR","4YR","4YR","4YR","4YR","4YR","4YR","4YR","4YR","None","None","None","None","None","None","None","None","None","None","None","None","None","None"
"STU003886","4YR","CTC","4YR","4YR","4YR","4YR","4YR","4YR","4YR","4YR","4YR","4YR","4YR","4YR","4YR","4YR","4YR","4YR","None","None","None","None","None","None","None","None","None","None"
"STU003887","None","None","CTC","CTC","CTC","None","None","None","CTC","CTC","CTC","CTC","CTC","CTC","None","None","None","None","None","None","None","None","None","None","None","None","None","None"
"STU003888","None","None","None","CTC","None","None","None","None","None","None","None","None","None","None","None","None","None","None","None","None","None","None","None","None","None","None","None","None"
"STU003889","None","None","None","None","CTC","None","CTC","4YR","4YR","None","CTC","CTC","CTC","None","None","None","None","None","None","None","None","None","None","None","None","None","None","None"
"STU003890","4YR","4YR","4YR","4YR","None","None","None","None","None","None","None","None","None","None","None","None","None","None","None","None","None","None","None","None","None","None","None","None"
"STU003891","None","None","None","None","None","None","None","None","None","None","None","None","None","None","None","None","None","None","None","None","None","None","None","None","None","None","None","None"
"STU003892","None","None","None","None","None","None","None","None","None","None","None","None","None","None","None","None","None","None","None","None","None","None","None","None","None","None","None","None"
"STU003893","None","None","None","CTC","CTC","CTC","None","None","None","None","None","None","None","None","None","None","None","None","None","None","None","None","None","None","None","None","None","None"
"STU003894","4YR","4YR","4YR","4YR","4YR","4YR","4YR","4YR","None","4YR","4YR","4YR","4YR","4YR","4YR","None","None","None","None","None","None","None","None","None","None","None","None","None"
"STU003895","4YR","4YR","4YR","4YR","4YR","4YR","4YR","4YR","4YR","4YR","4YR","4YR","4YR","4YR","None","None","None","None","None","None","None","None","None","None","None","None","None","None"
"STU003896","CTC","CTC","CTC","CTC","CTC","CTC","CTC","CTC","CTC","CTC","None","CTC","CTC","None","CTC","CTC","CTC","None","None","None","None","None","None","None","None","None","None","None"
"STU003897","CTC","CTC","CTC","CTC","None","CTC","None","CTC","4YR","4YR","4YR","4YR","4YR","4YR","4YR","4YR","4YR","4YR","None","None","None","None","None","None","None","None","None","None"
"STU003898","None","None","None","None","None","None","None","None","None","None","None","None","None","None","None","None","None","None","None","None","None","None","None","None","None","None","None","None"
"STU003899","CTC","CTC","CTC","CTC","None","None","None","None","None","None","None","None","None","None","None","None","None","None","None","None","None","None","None","None","None","None","None","None"
"STU003900","CTC","None","None","None","None","None","None","None","None","None","None","None","None","None","None","None","None","None","None","None","None","None","None","None","None","None","None","None"
"STU003901","None","None","None","None","None","None","None","None","None","None","None","None","None","None","None","None","None","None","None","None","None","None","None","None","None","None","None","None"
"STU003902","CTC","CTC","CTC","CTC","CTC","CTC","CTC","CTC","4YR","4YR","4YR","4YR","None","4YR","4YR","4YR","4YR","4YR","4YR","4YR","None","None","None","None","None","None","None","None"
"STU003903","4YR","4YR","4YR","None","4YR","None","4YR","4YR","4YR","4YR","4YR","CTC","4YR","4YR","None","None","None","None","None","None","None","None","None","None","None","None","None","None"
"STU003904","4YR","4YR","4YR","None","4YR","4YR","4YR","CTC","4YR","4YR","4YR","4YR","4YR","4YR","4YR","4YR","4YR","None","4YR","CTC","4YR","4YR","4YR","4YR","4YR","None","None","None"
"STU003905","None","None","None","None","None","None","None","None","None","None","None","None","None","None","None","None","None","None","None","None","None","None","None","None","None","None","None","None"
"STU003906","CTC","CTC","None","None","None","None","None","None","None","None","None","None","None","None","None","None","None","None","None","None","None","None","None","None","None","None","None","None"
"STU003907","4YR","None","4YR","4YR","4YR","4YR","4YR","4YR","4YR","None","CTC","CTC","CTC","CTC","CTC","None","None","None","None","None","None","None","None","None","None","None","None","None"
"STU003908","None","None","None","None","CTC","CTC","CTC","CTC","CTC","CTC","CTC","CTC","CTC","CTC","None","None","None","None","None","None","None","None","None","None","None","None","None","None"
"STU003909","CTC","CTC","CTC","CTC","CTC","CTC","4YR","CTC","None","None","None","None","None","None","None","None","None","None","None","None","None","None","None","None","None","None","None","None"
"STU003910","None","None","4YR","4YR","4YR","4YR","4YR","None","None","None","None","None","None","None","None","None","None","None","None","None","None","None","None","None","None","None","None","None"
"STU003911","CTC","CTC","CTC","CTC","CTC","CTC","CTC","CTC","4YR","4YR","4YR","4YR","4YR","None","4YR","4YR","4YR","4YR","None","None","None","None","None","None","None","None","None","None"
"STU003912","None","None","None","CTC","None","CTC","CTC","CTC","CTC","CTC","None","None","None","None","None","None","None","None","None","None","None","None","None","None","None","None","None","None"
"STU003913","None","None","4YR","4YR","4YR","None","None","None","None","None","None","None","None","None","None","None","None","None","None","None","None","None","None","None","None","None","None","None"
"STU003914","4YR","4YR","4YR","4YR","4YR","4YR","4YR","4YR","4YR","4YR","4YR","4YR","4YR","4YR","4YR","4YR","None","None","None","None","None","None","None","None","None","None","None","None"
"STU003915","None","CTC","CTC","None","None","None","None","None","None","None","None","None","None","None","None","None","None","None","None","None","None","None","None","None","None","None","None","None"
"STU003916","None","None","None","CTC","CTC","4YR","None","None","None","None","None","None","None","None","None","None","None","None","None","None","None","None","None","None","None","None","None","None"
"STU003917","None","None","CTC","CTC","CTC","CTC","None","None","None","None","None","None","None","None","None","None","None","None","None","None","None","None","None","None","None","None","None","None"
"STU003918","4YR","4YR","4YR","4YR","4YR","4YR","4YR","None","4YR","4YR","4YR","4YR","4YR","4YR","4YR","4YR","None","None","None","None","None","None","None","None","None","None","None","None"
"STU003919","None","None","None","CTC","CTC","None","None","None","None","None","None","None","None","None","None","None","None","None","None","None","None","None","None","None","None","None","None","None"
"STU003920","4YR","4YR","4YR","4YR","4YR","4YR","4YR","4YR","4YR","4YR","4YR","4YR","4YR","CTC","4YR","4YR","4YR","4YR","4YR","None","4YR","None","4YR","4YR","4YR","4YR","None","None"
"STU003921","4YR","4YR","4YR","4YR","4YR","4YR","4YR","None","None","None","None","None","None","None","None","None","None","None","None","None","None","None","None","None","None","None","None","None"
"STU003922","CTC","CTC","CTC","CTC","CTC","4YR","CTC","4YR","4YR","4YR","4YR","4YR","4YR","None","4YR","4YR","None","4YR","CTC","4YR","None","None","None","None","None","None","None","None"
"STU003923","4YR","CTC","CTC","CTC","CTC","None","None","None","None","None","None","None","None","None","None","None","None","None","None","None","None","None","None","None","None","None","None","None"
"STU003924","CTC","None","None","None","None","None","None","None","None","None","None","None","None","None","None","None","None","None","None","None","None","None","None","None","None","None","None","None"
"STU003925","CTC","CTC","CTC","CTC","CTC","CTC","None","None","None","None","None","None","None","None","None","None","None","None","None","None","None","None","None","None","None","None","None","None"
"STU003926","None","4YR","4YR","None","4YR","CTC","4YR","None","None","None","None","None","None","None","None","None","None","None","None","None","None","None","None","None","None","None","None","None"
"STU003927","None","None","None","None","None","None","None","None","None","None","None","None","None","None","None","None","None","None","None","None","None","None","None","None","None","None","None","None"
"STU003928","None","None","None","None","None","None","None","None","None","None","None","None","None","None","None","None","None","None","None","None","None","None","None","None","None","None","None","None"
"STU003929","CTC","CTC","CTC","None","CTC","CTC","None","None","None","None","None","None","None","None","None","None","None","None","None","None","None","None","None","None","None","None","None","None"
"STU003930","4YR","4YR","4YR","4YR","4YR","4YR","None","None","None","None","None","None","None","None","None","None","None","None","None","None","None","None","None","None","None","None","None","None"
"STU003931","4YR","4YR","4YR","4YR","4YR","4YR","4YR","4YR","4YR","4YR","4YR","4YR","4YR","4YR","4YR","4YR","4YR","4YR","4YR","4YR","4YR","4YR","4YR","4YR","None","None","None","None"
"STU003932","4YR","4YR","4YR","CTC","4YR","4YR","4YR","4YR","4YR","4YR","4YR","4YR","4YR","4YR","4YR","4YR","None","4YR","4YR","4YR","4YR","4YR","None","4YR","None","None","None","None"
"STU003933","None","None","None","None","None","None","None","None","None","None","None","None","None","None","None","None","None","None","None","None","None","None","None","None","None","None","None","None"
"STU003934","4YR","4YR","4YR","4YR","4YR","4YR","4YR","4YR","4YR","4YR","4YR","4YR","4YR","4YR","4YR","None","None","None","None","None","None","None","None","None","None","None","None","None"
"STU003935","None","None","None","None","None","None","None","None","None","None","None","None","None","None","None","None","None","None","None","None","None","None","None","None","None","None","None","None"
"STU003936","4YR","4YR","4YR","4YR","4YR","4YR","4YR","4YR","4YR","4YR","4YR","4YR","4YR","4YR","4YR","CTC","4YR","4YR","4YR","4YR","4YR","4YR","4YR","4YR","4YR","4YR","4YR","None"
"STU003937","None","None","None","CTC","None","CTC","CTC","CTC","CTC","CTC","CTC","None","None","None","None","None","None","None","None","None","None","None","None","None","None","None","None","None"
"STU003938","None","None","None","None","CTC","CTC","CTC","CTC","None","CTC","None","None","CTC","CTC","CTC","CTC","CTC","4YR","None","None","None","None","None","None","None","None","None","None"
"STU003939","CTC","CTC","None","CTC","CTC","CTC","None","CTC","None","None","None","None","None","None","None","None","None","None","None","None","None","None","None","None","None","None","None","None"
"STU003940","None","None","None","None","None","None","None","None","None","None","None","None","None","None","None","None","None","None","None","None","None","None","CTC","None","None","None","None","None"
"STU003941","None","None","None","None","None","None","None","None","None","None","None","None","None","None","None","None","None","None","None","None","None","None","None","None","None","None","None","None"
"STU003942","CTC","CTC","CTC","CTC","CTC","CTC","4YR","4YR","4YR","4YR","4YR","4YR","None","4YR","4YR","None","None","None","None","None","None","None","None","None","None","None","None","None"
"STU003943","None","None","None","None","None","None","None","None","None","None","None","None","None","None","None","None","None","None","None","None","None","None","None","None","None","None","None","None"
"STU003944","4YR","4YR","4YR","4YR","CTC","CTC","CTC","CTC","CTC","CTC","CTC","CTC","4YR","CTC","CTC","CTC","None","None","None","None","None","None","None","None","None","None","None","None"
"STU003945","None","4YR","4YR","4YR","4YR","None","4YR","4YR","4YR","None","4YR","4YR","4YR","None","4YR","4YR","4YR","4YR","4YR","4YR","4YR","4YR","4YR","4YR","4YR","None","None","None"
"STU003946","None","None","None","None","None","None","None","None","None","None","None","None","None","None","None","None","None","None","None","None","None","None","None","None","None","None","None","None"
"STU003947","None","None","None","4YR","4YR","4YR","4YR","None","None","None","4YR","4YR","4YR","4YR","4YR","None","None","None","None","None","None","None","None","None","None","None","None","None"
"STU003948","4YR","4YR","4YR","4YR","4YR","4YR","4YR","4YR","4YR","4YR","4YR","CTC","4YR","4YR","CTC","CTC","CTC","None","None","None","None","None","None","None","None","None","None","None"
"STU003949","CTC","CTC","None","CTC","CTC","CTC","CTC","4YR","4YR","4YR","4YR","4YR","4YR","4YR","4YR","4YR","4YR","4YR","None","None","None","None","None","None","None","None","None","None"
"STU003950","4YR","4YR","4YR","4YR","4YR","4YR","4YR","4YR","4YR","4YR","None","4YR","4YR","4YR","4YR","4YR","4YR","4YR","4YR","None","None","None","None","None","None","None","None","None"
"STU003951","4YR","4YR","4YR","4YR","4YR","CTC","4YR","4YR","4YR","4YR","4YR","4YR","4YR","4YR","None","None","None","None","None","None","None","None","None","None","None","None","None","None"
"STU003952","4YR","4YR","4YR","4YR","4YR","4YR","4YR","4YR","4YR","4YR","4YR","4YR","4YR","4YR","4YR","4YR","4YR","4YR","4YR","4YR","4YR","4YR","4YR","None","None","None","None","None"
"STU003953","CTC","CTC","CTC","CTC","CTC","CTC","CTC","CTC","None","None","None","None","None","None","None","None","None","None","None","None","None","None","None","None","None","None","None","None"
"STU003954","4YR","4YR","4YR","4YR","4YR","4YR","4YR","4YR","4YR","4YR","4YR","4YR","4YR","4YR","4YR","4YR","None","None","None","None","None","None","None","None","None","None","None","None"
"STU003955","None","None","CTC","None","None","None","None","None","None","None","None","None","None","None","None","None","None","None","None","None","None","None","None","None","None","None","None","None"
"STU003956","4YR","4YR","4YR","4YR","4YR","4YR","4YR","4YR","None","4YR","4YR","4YR","4YR","4YR","4YR","4YR","4YR","CTC","4YR","4YR","4YR","4YR","None","None","None","None","None","None"
"STU003957","CTC","CTC","CTC","None","CTC","CTC","None","CTC","CTC","CTC","None","None","None","None","None","None","None","None","None","None","None","None","None","None","None","None","None","None"
"STU003958","None","None","None","None","CTC","CTC","CTC","CTC","None","None","None","None","None","None","None","None","None","None","None","None","None","None","None","None","None","None","None","None"
"STU003959","CTC","CTC","CTC","CTC","None","None","None","None","None","None","None","None","None","None","None","None","None","None","None","None","None","None","None","None","None","None","None","None"
"STU003960","None","CTC","CTC","CTC","CTC","4YR","None","None","None","CTC","CTC","CTC","CTC","CTC","CTC","CTC","None","None","None","None","None","None","None","None","None","None","None","None"
"STU003961","CTC","4YR","CTC","None","CTC","None","CTC","CTC","None","CTC","None","None","None","None","None","None","None","None","None","None","None","None","None","None","None","None","None","None"
"STU003962","None","None","None","CTC","CTC","None","None","None","None","None","None","None","None","None","None","None","None","None","None","None","None","None","None","None","None","None","None","None"
"STU003963","4YR","4YR","4YR","4YR","4YR","4YR","4YR","4YR","4YR","None","4YR","4YR","4YR","4YR","4YR","None","None","None","None","None","None","None","None","None","None","None","None","None"
"STU003964","CTC","None","CTC","CTC","CTC","4YR","None","None","None","None","None","None","None","None","None","None","None","None","None","None","None","None","None","None","None","None","None","None"
"STU003965","None","None","None","None","None","None","None","None","None","None","None","None","None","None","None","None","None","None","None","None","None","None","None","None","None","None","None","None"
"STU003966","4YR","4YR","4YR","4YR","4YR","4YR","CTC","None","CTC","CTC","CTC","CTC","CTC","CTC","4YR","None","None","None","None","None","None","None","None","None","None","None","None","None"
"STU003967","None","4YR","4YR","4YR","4YR","4YR","4YR","4YR","4YR","None","None","None","None","None","None","None","None","None","None","None","None","None","None","None","None","None","None","None"
"STU003968","4YR","CTC","CTC","CTC","CTC","CTC","CTC","CTC","4YR","CTC","CTC","CTC","CTC","CTC","None","4YR","CTC","None","None","None","None","None","None","None","None","None","None","None"
"STU003969","None","None","None","None","None","None","None","None","None","None","None","None","None","None","None","None","None","None","None","None","None","None","None","None","None","None","None","None"
"STU003970","None","None","CTC","CTC","CTC","CTC","None","None","None","None","None","None","None","None","None","None","None","None","None","None","None","None","None","None","None","None","None","None"
"STU003971","CTC","None","CTC","CTC","CTC","CTC","None","None","None","None","None","None","None","None","None","None","None","None","None","None","None","None","None","None","None","None","None","None"
"STU003972","CTC","CTC","CTC","4YR","CTC","CTC","None","None","None","None","None","None","None","None","None","None","None","None","None","None","None","None","None","None","None","None","None","None"
"STU003973","None","4YR","CTC","CTC","None","None","None","None","None","None","None","None","None","None","None","None","None","None","None","None","None","None","None","None","None","None","None","None"
"STU003974","CTC","CTC","CTC","CTC","None","CTC","None","CTC","CTC","CTC","None","None","None","None","None","None","None","None","None","None","None","None","None","None","None","None","None","None"
"STU003975","4YR","4YR","None","4YR","4YR","4YR","4YR","4YR","4YR","None","4YR","4YR","None","4YR","None","None","None","None","None","None","None","None","None","None","None","None","None","None"
"STU003976","CTC","None","None","None","None","None","None","None","None","None","None","None","None","None","None","None","None","None","None","None","None","None","None","None","None","None","None","None"
"STU003977","None","CTC","CTC","CTC","CTC","CTC","CTC","CTC","CTC","CTC","None","CTC","CTC","CTC","CTC","CTC","CTC","None","None","None","None","None","None","None","None","None","None","None"
"STU003978","CTC","CTC","CTC","CTC","CTC","CTC","CTC","4YR","4YR","4YR","4YR","4YR","4YR","4YR","4YR","4YR","4YR","4YR","4YR","None","None","None","None","None","None","None","None","None"
"STU003979","None","None","CTC","CTC","CTC","CTC","CTC","None","None","None","None","None","None","None","None","None","None","None","None","None","None","None","None","None","None","None","None","None"
"STU003980","4YR","4YR","4YR","4YR","4YR","4YR","4YR","4YR","4YR","4YR","4YR","4YR","4YR","4YR","4YR","4YR","4YR","4YR","4YR","None","4YR","4YR","None","None","None","None","None","None"
"STU003981","CTC","CTC","None","None","CTC","CTC","CTC","CTC","CTC","CTC","None","None","None","CTC","CTC","CTC","CTC","None","None","None","None","None","None","None","None","None","None","None"
"STU003982","None","None","CTC","CTC","CTC","CTC","CTC","CTC","None","None","None","None","None","None","None","None","None","None","None","None","None","None","None","None","None","None","None","None"
"STU003983","CTC","CTC","CTC","CTC","None","CTC","CTC","CTC","CTC","CTC","CTC","CTC","None","None","None","None","None","None","None","None","None","None","None","None","None","None","None","None"
"STU003984","CTC","CTC","CTC","None","None","None","None","None","None","None","None","None","None","None","None","None","None","None","None","None","None","None","None","None","None","None","None","None"
"STU003985","4YR","4YR","4YR","4YR","None","4YR","4YR","4YR","4YR","4YR","None","4YR","4YR","4YR","None","None","None","None","None","None","None","None","None","None","None","None","None","None"
"STU003986","None","None","None","CTC","CTC","CTC","CTC","CTC","None","None","None","None","None","None","None","None","None","None","None","None","None","None","None","None","None","None","None","None"
"STU003987","4YR","4YR","4YR","4YR","4YR","4YR","4YR","4YR","4YR","4YR","4YR","4YR","4YR","4YR","4YR","None","None","None","None","None","None","None","None","None","None","None","None","None"
"STU003988","None","None","None","None","None","None","None","None","None","None","None","None","None","None","None","None","None","None","None","None","None","None","None","None","None","None","None","None"
"STU003989","None","None","None","None","None","None","None","None","None","None","None","None","None","None","None","None","None","None","None","None","None","None","None","None","None","None","None","None"
"STU003990","None","None","None","CTC","CTC","CTC","CTC","None","None","None","None","CTC","CTC","CTC","CTC","CTC","CTC","None","None","None","None","None","None","None","None","None","None","None"
"STU003991","CTC","CTC","CTC","CTC","CTC","CTC","CTC","CTC","CTC","CTC","CTC","CTC","CTC","CTC","None","None","None","None","None","None","None","None","None","None","None","None","None","None"
"STU003992","None","None","None","None","CTC","CTC","CTC","None","None","None","None","None","None","None","None","None","None","None","None","None","None","None","None","None","None","None","None","None"
"STU003993","CTC","CTC","CTC","CTC","CTC","CTC","CTC","4YR","4YR","4YR","4YR","4YR","4YR","4YR","4YR","4YR","4YR","None","None","None","None","None","None","None","None","None","None","None"
"STU003994","None","None","CTC","CTC","CTC","CTC","CTC","CTC","CTC","CTC","CTC","None","CTC","CTC","CTC","None","None","None","None","None","None","None","None","None","None","None","None","None"
"STU003995","4YR","4YR","4YR","4YR","4YR","4YR","4YR","CTC","4YR","4YR","None","4YR","4YR","4YR","4YR","4YR","4YR","4YR","CTC","None","4YR","4YR","4YR","4YR","4YR","None","None","None"
"STU003996","CTC","CTC","CTC","CTC","4YR","CTC","CTC","4YR","4YR","4YR","4YR","4YR","4YR","CTC","4YR","4YR","4YR","4YR","None","None","None","None","None","None","None","None","None","None"
"STU003997","4YR","4YR","4YR","4YR","4YR","4YR","4YR","4YR","4YR","4YR","None","None","None","None","None","None","None","None","None","None","None","None","None","None","None","None","None","None"
"STU003998","None","None","None","None","None","None","None","None","None","None","None","None","None","None","None","None","CTC","None","None","None","None","None","None","None","None","None","None","None"
"STU003999","CTC","CTC","CTC","CTC","CTC","CTC","CTC","None","None","None","None","None","None","None","None","None","None","None","None","None","None","None","None","None","None","None","None","None"
"STU004000","None","None","None","None","None","None","None","None","None","None","None","None","None","None","None","None","None","None","None","None","None","None","None","None","None","None","None","None"
"STU004001","None","None","None","None","None","None","None","None","None","None","None","None","None","None","None","None","None","None","None","None","None","None","None","None","None","None","None","None"
"STU004002","None","4YR","4YR","4YR","4YR","4YR","4YR","4YR","4YR","4YR","4YR","4YR","None","None","None","None","None","None","None","None","None","None","None","None","None","None","None","None"
"STU004003","CTC","CTC","CTC","CTC","CTC","CTC","4YR","4YR","4YR","None","4YR","4YR","4YR","4YR","4YR","4YR","4YR","4YR","None","None","None","None","None","None","None","None","None","None"
"STU004004","None","None","None","None","CTC","CTC","CTC","4YR","CTC","CTC","None","None","None","None","None","None","None","None","None","None","None","None","None","None","None","None","None","None"
"STU004005","None","None","None","None","4YR","4YR","4YR","4YR","4YR","4YR","4YR","4YR","None","None","4YR","None","4YR","4YR","None","None","None","None","None","None","None","None","None","None"
"STU004006","CTC","CTC","CTC","CTC","CTC","CTC","CTC","4YR","CTC","CTC","CTC","CTC","CTC","CTC","None","None","None","None","None","None","None","None","None","None","None","None","None","None"
"STU004007","CTC","CTC","None","None","None","CTC","CTC","CTC","CTC","None","None","None","None","None","None","None","None","None","None","None","None","None","None","None","None","None","None","None"
"STU004008","4YR","CTC","CTC","CTC","CTC","CTC","None","None","None","None","None","None","None","None","None","None","None","None","None","None","None","None","None","None","None","None","None","None"
"STU004009","CTC","CTC","CTC","None","CTC","CTC","None","None","None","None","None","None","None","None","None","None","None","None","None","None","None","None","None","None","None","None","None","None"
"STU004010","None","None","CTC","CTC","CTC","CTC","CTC","None","CTC","CTC","CTC","None","None","None","None","None","None","None","None","None","None","None","None","None","None","None","None","None"
"STU004011","None","None","None","None","None","None","None","None","None","None","None","None","None","None","None","None","None","None","None","None","None","None","None","None","None","None","None","None"
"STU004012","CTC","CTC","CTC","CTC","4YR","4YR","CTC","None","None","None","None","None","None","None","None","None","None","None","None","None","None","None","None","None","None","None","None","None"
"STU004013","CTC","None","CTC","CTC","CTC","None","None","None","None","None","None","None","None","None","None","None","None","None","None","None","None","None","None","None","None","None","None","None"
"STU004014","None","None","None","None","None","None","None","None","None","None","None","None","None","None","None","None","None","None","None","None","None","None","None","None","None","None","None","None"
"STU004015","CTC","CTC","CTC","CTC","CTC","CTC","4YR","None","None","None","None","None","None","None","None","None","None","None","None","None","None","None","None","None","None","None","None","None"
"STU004016","4YR","4YR","4YR","4YR","4YR","4YR","4YR","4YR","4YR","4YR","4YR","4YR","4YR","4YR","4YR","4YR","4YR","4YR","4YR","4YR","None","None","None","None","None","None","None","None"
"STU004017","CTC","CTC","None","CTC","CTC","CTC","None","None","None","None","None","None","None","None","None","None","None","None","None","None","None","None","None","None","None","None","None","None"
"STU004018","None","CTC","CTC","CTC","None","CTC","CTC","None","None","CTC","CTC","None","CTC","CTC","CTC","None","None","None","None","None","None","None","None","None","None","None","None","None"
"STU004019","4YR","4YR","4YR","4YR","4YR","4YR","None","4YR","4YR","4YR","None","4YR","4YR","4YR","4YR","None","None","None","None","None","None","None","None","None","None","None","None","None"
"STU004020","CTC","None","CTC","CTC","CTC","CTC","None","None","None","None","None","None","None","None","None","None","None","None","None","None","None","None","None","None","None","None","None","None"
"STU004021","None","None","CTC","CTC","CTC","None","None","None","None","None","None","None","None","None","None","None","None","None","None","None","None","None","None","None","None","None","None","None"
"STU004022","4YR","4YR","4YR","4YR","None","4YR","4YR","4YR","CTC","4YR","CTC","CTC","CTC","CTC","CTC","CTC","CTC","CTC","None","None","None","None","None","None","None","None","None","None"
"STU004023","None","None","None","None","None","None","None","None","None","None","None","None","None","None","None","None","None","None","None","None","None","None","None","None","None","None","None","None"
"STU004024","None","4YR","CTC","4YR","4YR","4YR","4YR","None","None","None","None","None","None","None","None","None","None","None","None","None","None","None","None","None","None","None","None","None"
"STU004025","4YR","CTC","CTC","4YR","CTC","None","None","None","None","None","None","None","None","None","None","None","None","None","None","None","None","None","None","None","None","None","None","None"
"STU004026","None","None","None","None","None","None","None","None","None","None","None","None","None","None","None","None","None","None","None","None","None","None","None","None","None","None","None","None"
"STU004027","4YR","4YR","4YR","4YR","4YR","4YR","4YR","4YR","4YR","4YR","None","4YR","4YR","4YR","4YR","None","None","None","None","None","None","None","None","None","None","None","None","None"
"STU004028","None","None","None","None","None","None","None","None","None","None","None","None","None","None","None","None","None","None","None","None","None","None","None","None","None","None","None","None"
"STU004029","None","None","CTC","CTC","CTC","CTC","None","None","None","None","None","None","None","None","None","None","None","None","None","None","None","None","None","None","None","None","None","None"
"STU004030","CTC","CTC","CTC","CTC","CTC","None","CTC","CTC","CTC","CTC","CTC","CTC","None","None","None","None","None","None","None","None","None","None","None","None","None","None","None","None"
"STU004031","4YR","4YR","4YR","4YR","4YR","4YR","None","None","None","None","None","None","None","None","None","None","None","None","None","None","None","None","None","None","None","None","None","None"
"STU004032","4YR","4YR","4YR","4YR","None","CTC","CTC","CTC","CTC","CTC","CTC","CTC","CTC","None","CTC","CTC","None","None","None","None","None","None","None","None","None","None","None","None"
"STU004033","None","None","None","None","None","None","None","None","None","None","None","None","None","None","None","None","None","None","None","None","None","None","None","None","None","None","None","None"
"STU004034","CTC","None","None","None","None","None","None","None","None","None","None","None","None","None","None","None","None","None","None","None","None","None","None","None","None","None","None","None"
"STU004035","CTC","CTC","CTC","CTC","CTC","CTC","CTC","CTC","None","None","None","None","None","None","None","None","None","None","None","None","None","None","None","None","None","None","None","None"
"STU004036","4YR","CTC","CTC","CTC","None","None","None","None","None","None","None","None","None","None","None","None","None","None","None","None","None","None","None","None","None","None","None","None"
"STU004037","None","None","None","None","None","None","None","None","None","None","None","None","None","None","None","None","None","None","None","None","None","None","None","None","None","None","None","None"
"STU004038","None","None","None","None","None","None","None","None","None","None","None","None","None","None","None","None","None","None","None","None","None","None","None","None","None","None","None","None"
"STU004039","None","None","None","None","None","None","None","None","None","None","None","None","None","None","None","None","None","None","None","None","None","None","None","None","None","None","None","None"
"STU004040","CTC","CTC","CTC","CTC","None","CTC","CTC","None","None","None","None","None","None","None","None","None","None","None","None","None","None","None","None","None","None","None","None","None"
"STU004041","None","CTC","CTC","CTC","None","None","None","None","None","None","None","None","None","None","None","None","None","None","None","None","None","None","None","None","None","None","None","None"
"STU004042","None","None","None","None","None","None","None","None","None","None","None","None","None","None","None","None","None","None","None","None","None","None","None","None","None","None","None","None"
"STU004043","None","CTC","CTC","CTC","CTC","CTC","CTC","None","None","None","None","None","None","None","None","None","None","None","None","None","None","None","None","None","None","None","None","None"
"STU004044","None","4YR","CTC","CTC","CTC","CTC","CTC","CTC","CTC","CTC","CTC","CTC","CTC","CTC","CTC","4YR","CTC","CTC","CTC","CTC","None","None","None","None","None","None","None","None"
"STU004045","None","None","None","None","CTC","CTC","CTC","CTC","CTC","CTC","CTC","CTC","None","CTC","CTC","None","CTC","CTC","None","None","None","None","None","None","None","None","None","None"
"STU004046","CTC","CTC","CTC","None","CTC","CTC","CTC","None","None","None","None","None","None","None","None","None","None","None","None","None","None","None","None","None","None","None","None","None"
"STU004047","None","None","CTC","CTC","CTC","CTC","CTC","CTC","CTC","CTC","None","None","None","None","None","None","None","None","None","None","None","None","None","None","None","None","None","None"
"STU004048","None","None","None","None","CTC","CTC","CTC","CTC","CTC","CTC","CTC","CTC","CTC","None","None","None","None","None","None","None","None","None","None","None","None","None","None","None"
"STU004049","None","None","None","None","None","None","None","None","None","None","None","None","None","None","None","None","None","None","None","None","None","None","None","None","None","None","None","None"
"STU004050","4YR","4YR","4YR","4YR","4YR","4YR","4YR","4YR","4YR","4YR","4YR","4YR","4YR","4YR","4YR","4YR","4YR","None","4YR","4YR","4YR","4YR","4YR","4YR","4YR","4YR","4YR","4YR"
"STU004051","None","CTC","CTC","CTC","CTC","CTC","CTC","CTC","None","None","None","None","None","None","None","None","None","None","None","None","None","None","None","None","None","None","None","None"
"STU004052","None","None","None","None","None","None","None","None","None","None","None","None","None","None","None","None","None","None","None","None","None","None","None","None","None","None","None","None"
"STU004053","CTC","CTC","CTC","CTC","None","CTC","CTC","4YR","4YR","4YR","4YR","4YR","CTC","4YR","4YR","4YR","None","4YR","4YR","None","None","None","None","None","None","None","None","None"
"STU004054","None","None","None","None","None","None","None","None","None","None","None","None","None","None","None","None","None","None","None","None","None","None","None","None","None","None","None","None"
"STU004055","None","None","None","None","4YR","4YR","4YR","None","None","None","None","None","None","None","None","None","None","None","None","None","None","None","None","None","None","None","None","None"
"STU004056","CTC","CTC","CTC","CTC","CTC","CTC","CTC","CTC","None","None","None","None","None","None","None","None","None","None","None","None","None","None","None","None","None","None","None","None"
"STU004057","4YR","4YR","None","4YR","4YR","4YR","4YR","4YR","None","None","None","None","None","None","None","None","None","None","None","None","None","None","None","None","None","None","None","None"
"STU004058","None","None","None","None","None","None","None","None","None","None","None","None","None","None","None","None","None","None","None","None","None","None","None","None","None","None","None","None"
"STU004059","None","None","None","None","4YR","4YR","4YR","4YR","4YR","4YR","4YR","4YR","4YR","4YR","None","None","None","None","None","None","None","None","None","None","None","None","None","None"
"STU004060","None","None","None","None","None","None","None","None","None","None","None","None","None","None","None","None","None","None","None","None","None","None","None","None","None","None","None","None"
"STU004061","4YR","CTC","CTC","CTC","CTC","CTC","CTC","4YR","4YR","4YR","4YR","4YR","4YR","4YR","4YR","4YR","4YR","4YR","None","None","None","None","None","None","None","None","None","None"
"STU004062","None","None","None","None","None","None","None","None","None","None","None","None","None","None","None","None","None","None","None","None","None","None","None","None","None","None","None","None"
"STU004063","None","None","CTC","CTC","CTC","CTC","CTC","CTC","CTC","None","CTC","CTC","None","None","None","None","None","None","None","None","None","None","None","None","None","None","None","None"
"STU004064","4YR","4YR","4YR","4YR","4YR","4YR","4YR","4YR","4YR","4YR","4YR","CTC","4YR","4YR","None","None","None","None","None","None","None","None","None","None","None","None","None","None"
"STU004065","CTC","None","CTC","CTC","CTC","None","CTC","CTC","CTC","CTC","CTC","CTC","CTC","CTC","CTC","CTC","None","None","None","None","None","None","None","None","None","None","None","None"
"STU004066","None","CTC","CTC","CTC","CTC","CTC","CTC","CTC","CTC","CTC","CTC","CTC","CTC","CTC","CTC","None","None","None","None","None","None","None","None","None","None","None","None","None"
"STU004067","CTC","None","None","None","None","None","None","None","None","None","None","None","None","None","None","None","None","None","None","None","None","None","None","None","None","None","None","None"
"STU004068","4YR","None","4YR","4YR","4YR","4YR","None","4YR","4YR","4YR","4YR","4YR","4YR","CTC","None","None","None","None","None","None","None","None","None","None","None","None","None","None"
"STU004069","CTC","4YR","CTC","CTC","CTC","CTC","CTC","None","CTC","CTC","CTC","CTC","CTC","CTC","None","None","None","None","None","None","None","None","None","None","None","None","None","None"
"STU004070","None","None","None","None","CTC","CTC","CTC","CTC","CTC","CTC","CTC","CTC","None","None","None","CTC","CTC","CTC","None","None","None","None","None","None","None","None","None","None"
"STU004071","CTC","CTC","CTC","CTC","CTC","CTC","CTC","CTC","CTC","CTC","CTC","CTC","CTC","CTC","CTC","CTC","CTC","CTC","CTC","None","None","None","None","None","None","None","None","None"
"STU004072","4YR","4YR","4YR","4YR","4YR","4YR","4YR","4YR","4YR","4YR","4YR","4YR","None","4YR","4YR","4YR","None","None","None","None","None","None","None","None","None","None","None","None"
"STU004073","None","None","None","None","None","None","None","None","None","None","None","None","None","None","None","None","None","None","None","None","None","None","None","None","None","None","None","None"
"STU004074","4YR","4YR","4YR","4YR","4YR","4YR","4YR","4YR","4YR","4YR","4YR","4YR","4YR","4YR","None","4YR","4YR","4YR","4YR","4YR","4YR","None","None","None","None","None","None","None"
"STU004075","4YR","4YR","4YR","4YR","4YR","4YR","4YR","4YR","4YR","4YR","4YR","4YR","4YR","4YR","4YR","4YR","4YR","4YR","4YR","4YR","4YR","4YR","4YR","4YR","None","None","None","None"
"STU004076","CTC","CTC","CTC","CTC","CTC","CTC","None","None","None","None","None","None","None","None","None","None","None","None","None","None","None","None","None","None","None","None","None","None"
"STU004077","None","None","None","None","None","None","None","None","None","None","None","None","None","None","None","None","None","None","None","None","None","None","None","None","None","None","None","None"
"STU004078","CTC","CTC","CTC","CTC","CTC","CTC","None","None","None","None","None","None","None","None","None","None","None","None","None","None","None","None","None","None","None","None","None","None"
"STU004079","None","None","None","None","None","None","None","None","None","None","None","None","None","None","None","None","None","None","None","None","None","None","None","None","None","None","None","None"
"STU004080","CTC","CTC","CTC","CTC","CTC","CTC","CTC","CTC","CTC","CTC","None","None","None","None","None","None","None","None","None","None","None","None","None","None","None","None","None","None"
"STU004081","None","None","None","None","None","None","None","None","None","None","None","None","None","None","None","None","None","None","None","None","None","None","None","None","None","None","None","None"
"STU004082","4YR","4YR","4YR","4YR","CTC","4YR","4YR","None","None","None","None","None","None","None","None","None","None","None","None","None","None","None","None","None","None","None","None","None"
"STU004083","4YR","4YR","4YR","4YR","4YR","4YR","4YR","4YR","4YR","4YR","None","4YR","4YR","4YR","4YR","4YR","4YR","4YR","4YR","4YR","4YR","4YR","4YR","4YR","CTC","4YR","None","4YR"
"STU004084","None","None","CTC","CTC","CTC","CTC","CTC","CTC","None","None","None","CTC","CTC","None","CTC","CTC","CTC","CTC","None","None","None","None","None","None","None","None","None","None"
"STU004085","None","CTC","None","None","None","None","None","None","None","None","None","None","None","None","None","None","None","None","None","None","None","None","None","None","None","None","None","None"
"STU004086","None","None","None","None","None","None","None","None","None","None","None","None","None","None","None","None","None","None","None","None","None","None","None","None","None","None","None","None"
"STU004087","None","None","None","CTC","CTC","CTC","CTC","CTC","CTC","CTC","CTC","None","None","None","None","None","None","None","None","None","None","None","None","None","None","None","None","None"
"STU004088","None","None","None","None","None","None","None","None","None","None","None","None","None","None","None","None","None","None","None","None","None","None","None","None","None","None","None","None"
"STU004089","CTC","CTC","CTC","CTC","CTC","CTC","CTC","CTC","None","None","None","None","None","None","None","None","None","None","None","None","None","None","None","None","None","None","None","None"
"STU004090","None","None","CTC","CTC","CTC","CTC","CTC","CTC","CTC","None","None","None","None","None","None","None","None","None","None","None","None","None","None","None","None","None","None","None"
"STU004091","CTC","None","CTC","CTC","None","CTC","4YR","4YR","4YR","4YR","4YR","4YR","4YR","4YR","None","4YR","4YR","4YR","4YR","None","None","None","None","None","None","None","None","None"
"STU004092","None","CTC","CTC","CTC","CTC","CTC","CTC","None","CTC","CTC","None","CTC","CTC","None","None","None","None","None","None","None","None","None","None","None","None","None","None","None"
"STU004093","None","CTC","CTC","CTC","CTC","CTC","CTC","None","None","None","CTC","CTC","CTC","CTC","None","None","None","None","None","None","None","None","None","None","None","None","None","None"
"STU004094","None","None","None","None","None","None","None","None","None","None","None","None","None","None","None","None","None","None","None","None","None","None","None","None","None","None","None","None"
"STU004095","4YR","4YR","4YR","4YR","4YR","4YR","4YR","4YR","4YR","4YR","None","None","None","None","None","None","None","None","None","None","None","None","None","None","None","None","None","None"
"STU004096","CTC","CTC","CTC","CTC","CTC","CTC","CTC","CTC","CTC","CTC","CTC","CTC","CTC","CTC","CTC","CTC","None","None","None","None","None","None","None","None","None","None","None","None"
"STU004097","CTC","CTC","CTC","CTC","None","None","None","None","None","None","None","None","None","None","None","None","None","None","None","None","None","None","None","None","None","None","None","None"
"STU004098","None","None","None","None","CTC","CTC","CTC","CTC","CTC","CTC","CTC","CTC","4YR","CTC","None","None","None","None","None","None","None","None","None","None","None","None","None","None"
"STU004099","None","None","None","None","None","None","None","None","None","None","None","None","None","None","None","None","None","None","None","None","None","None","None","None","None","None","None","None"
"STU004100","CTC","CTC","CTC","CTC","None","None","None","None","None","None","None","None","None","None","None","None","None","None","None","None","None","None","None","None","None","None","None","None"
"STU004101","CTC","None","None","None","None","None","None","None","None","None","None","None","None","None","None","None","None","None","None","None","None","None","None","None","None","None","None","None"
"STU004102","CTC","None","None","CTC","CTC","CTC","None","CTC","CTC","CTC","4YR","CTC","CTC","CTC","CTC","None","CTC","None","None","None","None","None","None","None","None","None","None","None"
"STU004103","4YR","4YR","4YR","None","4YR","4YR","4YR","4YR","4YR","4YR","CTC","4YR","4YR","4YR","4YR","4YR","None","None","None","None","None","None","None","None","None","None","None","None"
"STU004104","CTC","CTC","CTC","CTC","4YR","CTC","CTC","CTC","CTC","CTC","CTC","CTC","None","None","None","None","None","None","None","None","None","None","None","None","None","None","None","None"
"STU004105","None","None","None","CTC","CTC","CTC","CTC","CTC","CTC","CTC","CTC","CTC","None","None","None","None","None","None","None","None","None","None","None","None","None","None","None","None"
"STU004106","None","None","None","CTC","CTC","None","CTC","CTC","CTC","CTC","None","None","None","None","None","None","None","None","None","None","None","None","None","None","None","None","None","None"
"STU004107","CTC","CTC","None","CTC","CTC","CTC","None","None","None","None","None","None","None","None","None","None","None","None","None","None","None","None","None","None","None","None","None","None"
"STU004108","None","None","None","None","None","None","None","None","None","None","None","None","None","None","None","None","None","None","None","None","None","None","None","None","None","None","None","None"
"STU004109","None","None","None","None","None","None","None","None","None","None","None","None","None","None","None","None","None","None","None","None","None","None","None","None","None","None","None","None"
"STU004110","CTC","4YR","4YR","4YR","4YR","4YR","4YR","4YR","4YR","4YR","None","None","None","None","None","None","None","None","None","None","None","None","None","None","None","None","None","None"
"STU004111","None","CTC","CTC","None","CTC","CTC","CTC","4YR","4YR","4YR","4YR","4YR","4YR","4YR","4YR","4YR","None","None","None","None","None","None","None","None","None","None","None","None"
"STU004112","CTC","CTC","CTC","CTC","CTC","CTC","CTC","None","None","None","None","None","None","None","None","None","None","None","None","None","None","None","None","None","None","None","None","None"
"STU004113","CTC","CTC","CTC","CTC","CTC","CTC","CTC","None","None","None","None","None","None","None","None","None","None","None","None","None","None","None","None","None","None","None","None","None"
"STU004114","CTC","4YR","4YR","4YR","4YR","4YR","4YR","4YR","4YR","4YR","4YR","None","4YR","4YR","4YR","None","None","None","None","None","None","None","None","None","None","None","None","None"
"STU004115","None","None","None","None","None","None","None","None","None","None","None","None","None","None","None","None","None","None","None","None","None","None","None","None","None","None","None","None"
"STU004116","None","CTC","CTC","None","CTC","CTC","None","None","None","None","None","None","None","None","None","None","None","None","None","None","None","None","None","None","None","None","None","None"
"STU004117","None","None","None","None","None","None","None","None","None","None","None","None","None","None","None","None","None","None","None","None","None","None","None","None","None","None","None","None"
"STU004118","CTC","CTC","CTC","4YR","CTC","CTC","None","None","None","None","None","None","None","None","None","None","None","None","None","None","None","None","None","None","None","None","None","None"
"STU004119","None","None","None","None","CTC","None","CTC","CTC","None","CTC","CTC","CTC","None","None","None","None","None","None","None","None","None","None","None","None","None","None","None","None"
"STU004120","None","CTC","CTC","CTC","CTC","CTC","CTC","None","CTC","CTC","CTC","None","None","CTC","CTC","CTC","CTC","None","None","None","None","None","None","None","None","None","None","None"
"STU004121","None","None","None","None","4YR","4YR","4YR","4YR","4YR","4YR","4YR","4YR","None","None","None","None","None","None","None","None","None","None","None","None","None","None","None","None"
"STU004122","CTC","CTC","CTC","CTC","CTC","CTC","CTC","CTC","None","None","None","None","None","None","None","None","None","None","None","None","None","None","None","None","None","None","None","None"
"STU004123","4YR","4YR","None","4YR","4YR","4YR","4YR","4YR","4YR","4YR","4YR","4YR","4YR","4YR","None","None","None","None","None","None","None","None","None","None","None","None","None","None"
"STU004124","None","None","CTC","CTC","CTC","CTC","CTC","CTC","CTC","CTC","CTC","None","None","None","None","None","None","None","None","None","None","None","None","None","None","None","None","None"
"STU004125","4YR","CTC","4YR","4YR","None","4YR","4YR","4YR","4YR","4YR","4YR","4YR","4YR","4YR","4YR","4YR","4YR","4YR","4YR","4YR","None","None","None","None","None","None","None","None"
"STU004126","None","None","None","None","4YR","4YR","4YR","4YR","4YR","4YR","4YR","4YR","4YR","4YR","None","None","None","None","None","None","None","None","None","None","None","None","None","None"
"STU004127","None","None","None","None","CTC","CTC","None","None","CTC","CTC","CTC","CTC","CTC","CTC","None","None","None","None","None","None","None","None","None","None","None","None","None","None"
"STU004128","CTC","None","None","None","None","None","None","None","None","None","None","None","None","None","None","None","None","None","None","None","None","None","None","None","None","None","None","None"
"STU004129","None","None","None","4YR","4YR","4YR","None","None","None","None","None","None","None","None","None","None","None","None","None","None","None","None","None","None","None","None","None","None"
"STU004130","CTC","CTC","None","CTC","CTC","CTC","CTC","None","CTC","CTC","None","CTC","CTC","4YR","None","None","None","None","None","None","None","None","None","None","None","None","None","None"
"STU004131","None","None","None","None","None","CTC","CTC","CTC","CTC","CTC","CTC","4YR","None","None","CTC","CTC","CTC","None","None","None","None","None","None","None","None","None","None","None"
"STU004132","CTC","CTC","CTC","CTC","CTC","None","4YR","None","4YR","4YR","4YR","4YR","4YR","None","4YR","4YR","None","None","None","None","None","None","None","None","None","None","None","None"
"STU004133","4YR","4YR","4YR","None","4YR","None","4YR","4YR","4YR","4YR","4YR","4YR","4YR","None","None","None","None","None","None","None","None","None","None","None","None","None","None","None"
"STU004134","CTC","CTC","CTC","CTC","CTC","CTC","CTC","CTC","CTC","None","CTC","CTC","CTC","CTC","CTC","CTC","None","None","None","None","None","None","None","None","None","None","None","None"
"STU004135","None","None","None","None","4YR","4YR","4YR","4YR","None","None","None","None","None","None","None","None","None","None","None","None","None","None","None","None","None","None","None","None"
"STU004136","None","None","CTC","CTC","CTC","CTC","CTC","CTC","CTC","CTC","None","None","None","None","None","None","None","None","None","None","None","None","None","None","None","None","None","None"
"STU004137","CTC","CTC","CTC","CTC","CTC","CTC","None","None","None","None","None","None","None","None","None","None","None","None","None","None","None","None","None","None","None","None","None","None"
"STU004138","4YR","4YR","4YR","4YR","4YR","4YR","4YR","4YR","4YR","4YR","4YR","4YR","4YR","4YR","4YR","None","None","None","None","None","None","None","None","None","None","None","None","None"
"STU004139","None","None","None","None","None","None","None","None","None","None","None","None","None","None","None","None","None","None","None","None","None","None","None","None","None","None","None","None"
"STU004140","None","None","None","None","CTC","CTC","None","None","None","None","CTC","CTC","CTC","CTC","CTC","CTC","CTC","None","None","None","None","None","None","None","None","None","None","None"
"STU004141","None","None","None","4YR","4YR","4YR","4YR","CTC","None","4YR","4YR","None","None","None","None","None","None","None","None","None","None","None","None","None","None","None","None","None"
"STU004142","4YR","4YR","4YR","None","CTC","4YR","4YR","4YR","4YR","None","4YR","4YR","4YR","4YR","4YR","None","None","None","None","None","None","None","None","None","None","None","None","None"
"STU004143","4YR","4YR","4YR","4YR","4YR","4YR","4YR","4YR","4YR","4YR","4YR","4YR","4YR","4YR","4YR","None","None","None","None","None","None","None","None","None","None","None","None","None"
"STU004144","CTC","CTC","CTC","CTC","CTC","None","None","None","None","None","None","None","None","None","None","None","None","None","None","None","None","None","None","None","None","None","None","None"
"STU004145","4YR","4YR","4YR","4YR","None","4YR","4YR","4YR","4YR","None","4YR","4YR","4YR","4YR","4YR","4YR","4YR","4YR","4YR","4YR","None","None","None","None","None","None","None","None"
"STU004146","4YR","4YR","4YR","4YR","4YR","4YR","4YR","4YR","4YR","4YR","4YR","4YR","4YR","4YR","4YR","None","None","None","None","None","None","None","None","None","None","None","None","None"
"STU004147","None","None","None","None","None","None","None","None","None","None","None","None","None","None","None","None","None","None","None","None","None","None","None","None","None","None","None","None"
"STU004148","None","None","None","None","None","None","None","None","None","None","None","None","None","None","None","None","None","None","None","None","None","None","None","None","None","None","None","None"
"STU004149","CTC","CTC","4YR","CTC","CTC","CTC","CTC","CTC","CTC","CTC","CTC","None","CTC","CTC","CTC","CTC","None","None","None","None","None","None","None","None","None","None","None","None"
"STU004150","None","CTC","CTC","CTC","CTC","CTC","CTC","None","CTC","None","4YR","CTC","CTC","CTC","None","None","None","None","None","None","None","None","None","None","None","None","None","None"
"STU004151","None","None","None","None","None","None","None","None","None","None","None","None","None","None","None","None","None","None","None","None","None","None","None","None","None","None","None","None"
"STU004152","CTC","CTC","CTC","CTC","None","None","None","None","None","None","None","None","None","None","None","None","None","None","None","None","None","None","None","None","None","None","None","None"
"STU004153","4YR","4YR","CTC","4YR","4YR","4YR","4YR","None","4YR","4YR","4YR","4YR","4YR","None","4YR","4YR","4YR","CTC","None","None","None","None","None","None","None","None","None","None"
"STU004154","CTC","CTC","CTC","None","CTC","None","None","None","None","None","None","None","None","None","None","None","None","None","None","None","None","None","None","None","None","None","None","None"
"STU004155","CTC","CTC","CTC","CTC","CTC","CTC","CTC","CTC","4YR","4YR","4YR","4YR","4YR","4YR","4YR","4YR","4YR","None","None","None","None","None","None","None","None","None","None","None"
"STU004156","CTC","CTC","CTC","CTC","CTC","CTC","CTC","4YR","CTC","CTC","CTC","CTC","CTC","CTC","None","None","None","None","None","None","None","None","None","None","None","None","None","None"
"STU004157","None","None","4YR","4YR","4YR","CTC","4YR","None","None","None","CTC","4YR","4YR","4YR","4YR","4YR","None","None","None","None","None","None","None","None","None","None","None","None"
"STU004158","CTC","CTC","None","None","None","CTC","CTC","CTC","None","None","None","None","None","None","None","None","None","None","None","None","None","None","None","None","None","None","None","None"
"STU004159","None","None","CTC","CTC","CTC","CTC","None","None","None","None","None","None","None","None","None","None","None","None","None","None","None","None","None","None","None","None","None","None"
"STU004160","4YR","4YR","None","4YR","CTC","4YR","4YR","4YR","4YR","4YR","4YR","4YR","4YR","4YR","None","None","None","None","None","None","None","None","None","None","None","None","None","None"
"STU004161","CTC","CTC","CTC","CTC","CTC","4YR","CTC","4YR","None","4YR","4YR","4YR","4YR","4YR","None","4YR","4YR","4YR","4YR","4YR","None","None","None","None","None","None","None","None"
"STU004162","4YR","4YR","4YR","4YR","4YR","4YR","4YR","4YR","4YR","4YR","None","4YR","4YR","4YR","4YR","None","None","None","None","None","None","None","None","None","None","None","None","None"
"STU004163","None","None","None","None","None","None","None","None","None","None","None","None","None","None","None","None","None","None","None","None","None","None","None","None","None","None","None","None"
"STU004164","CTC","CTC","CTC","None","CTC","None","None","None","None","None","None","None","None","None","None","None","None","None","None","None","None","None","None","None","None","None","None","None"
"STU004165","None","None","None","None","None","None","None","None","None","None","None","None","None","None","None","None","None","None","None","None","None","None","None","None","None","None","None","None"
"STU004166","None","None","CTC","CTC","CTC","CTC","None","None","None","None","None","None","None","None","None","None","None","None","None","None","None","None","None","None","None","None","None","None"
"STU004167","None","None","None","None","None","None","None","None","None","None","None","None","None","None","None","None","None","None","None","None","None","None","None","None","None","None","None","None"
"STU004168","CTC","CTC","CTC","CTC","CTC","CTC","CTC","None","None","None","None","None","None","None","None","None","None","None","None","None","None","None","None","None","None","None","None","None"
"STU004169","None","CTC","CTC","CTC","CTC","CTC","None","None","None","None","None","None","None","None","None","None","None","None","None","None","None","None","None","None","None","None","None","None"
"STU004170","CTC","CTC","CTC","CTC","CTC","CTC","CTC","CTC","CTC","CTC","CTC","CTC","CTC","None","None","None","None","None","None","None","None","None","None","None","None","None","None","None"
"STU004171","None","4YR","CTC","None","None","CTC","CTC","None","None","None","None","None","None","None","None","None","None","None","None","None","None","None","None","None","None","None","None","None"
"STU004172","None","CTC","CTC","CTC","CTC","CTC","CTC","CTC","CTC","CTC","CTC","None","None","None","None","None","None","None","None","None","None","None","None","None","None","None","None","None"
"STU004173","None","None","CTC","CTC","CTC","CTC","CTC","CTC","CTC","CTC","None","CTC","None","None","None","None","None","None","None","None","None","None","None","None","None","None","None","None"
"STU004174","CTC","None","CTC","CTC","CTC","CTC","4YR","4YR","4YR","4YR","4YR","4YR","4YR","4YR","4YR","None","None","None","None","None","None","None","None","None","None","None","None","None"
"STU004175","CTC","CTC","CTC","CTC","CTC","CTC","CTC","CTC","CTC","CTC","CTC","CTC","None","None","None","None","None","None","None","None","None","None","None","None","None","None","None","None"
"STU004176","None","None","None","None","None","None","None","None","None","None","None","None","None","None","None","None","None","None","None","None","None","None","None","None","None","None","None","None"
"STU004177","CTC","CTC","CTC","None","CTC","CTC","CTC","None","None","None","None","None","None","None","None","None","None","None","None","None","None","None","None","None","None","None","None","None"
"STU004178","4YR","4YR","None","4YR","4YR","4YR","None","4YR","None","4YR","CTC","4YR","4YR","4YR","4YR","4YR","4YR","4YR","4YR","None","None","None","None","None","None","None","None","None"
"STU004179","4YR","4YR","4YR","4YR","4YR","4YR","4YR","None","4YR","4YR","4YR","4YR","4YR","4YR","4YR","None","None","None","None","None","None","None","None","None","None","None","None","None"
"STU004180","CTC","CTC","None","None","None","None","None","None","None","None","None","None","None","None","None","None","None","None","None","None","None","None","None","None","None","None","None","None"
"STU004181","CTC","CTC","CTC","None","CTC","CTC","CTC","CTC","4YR","4YR","4YR","4YR","4YR","4YR","4YR","4YR","None","4YR","4YR","4YR","4YR","None","None","None","None","None","None","None"
"STU004182","CTC","CTC","CTC","CTC","CTC","CTC","CTC","4YR","4YR","4YR","4YR","4YR","4YR","4YR","4YR","4YR","None","4YR","4YR","4YR","None","None","None","None","None","None","None","None"
"STU004183","None","None","None","None","None","None","None","None","None","None","None","None","None","None","None","None","None","None","None","None","None","None","None","None","None","None","None","None"
"STU004184","None","None","None","None","None","None","None","None","None","None","None","None","None","None","None","None","None","None","None","None","None","None","None","None","None","None","None","None"
"STU004185","4YR","CTC","4YR","4YR","4YR","None","4YR","4YR","4YR","4YR","None","None","None","None","None","None","None","None","None","None","None","None","None","None","None","None","None","None"
"STU004186","CTC","CTC","CTC","CTC","CTC","CTC","CTC","None","None","None","None","None","None","None","None","None","None","None","None","None","None","None","None","None","None","None","None","None"
"STU004187","CTC","CTC","CTC","CTC","CTC","CTC","CTC","CTC","CTC","CTC","CTC","CTC","CTC","CTC","None","CTC","CTC","None","None","None","None","None","None","None","None","None","None","None"
"STU004188","CTC","CTC","CTC","CTC","CTC","CTC","CTC","CTC","4YR","4YR","4YR","4YR","None","4YR","4YR","4YR","4YR","4YR","4YR","None","None","None","None","None","None","None","None","None"
"STU004189","None","None","None","CTC","CTC","CTC","None","CTC","CTC","CTC","CTC","CTC","CTC","None","None","None","None","None","None","None","None","None","None","None","None","None","None","None"
"STU004190","4YR","4YR","4YR","4YR","4YR","4YR","4YR","4YR","4YR","4YR","4YR","4YR","4YR","4YR","4YR","None","None","None","None","None","None","None","None","None","None","None","None","None"
"STU004191","None","None","None","None","None","None","None","None","None","None","None","None","None","None","None","None","None","None","None","None","None","None","None","None","None","None","None","None"
"STU004192","None","4YR","4YR","4YR","4YR","4YR","4YR","4YR","CTC","4YR","4YR","None","None","None","None","None","None","None","None","None","None","None","None","None","None","None","None","None"
"STU004193","CTC","4YR","4YR","4YR","4YR","4YR","4YR","4YR","4YR","4YR","4YR","4YR","4YR","4YR","4YR","None","None","None","None","None","None","None","None","None","None","None","None","None"
"STU004194","None","None","None","None","None","None","None","None","None","None","None","None","None","None","None","None","None","None","None","None","None","None","None","None","None","None","None","None"
"STU004195","None","None","None","CTC","None","None","None","None","None","None","None","None","None","None","None","None","None","None","None","None","None","None","None","None","None","None","None","None"
"STU004196","None","None","None","None","None","None","None","None","None","None","None","None","None","None","None","None","None","None","None","None","None","None","None","None","None","None","None","None"
"STU004197","4YR","4YR","4YR","4YR","4YR","4YR","4YR","4YR","4YR","4YR","4YR","4YR","4YR","4YR","None","None","None","None","None","None","None","None","None","None","None","None","None","None"
"STU004198","None","None","None","None","None","None","None","None","None","None","None","None","None","None","None","CTC","None","None","None","None","None","None","None","None","None","None","None","None"
"STU004199","4YR","4YR","4YR","4YR","4YR","4YR","4YR","4YR","4YR","4YR","4YR","4YR","None","4YR","4YR","None","None","None","None","None","None","None","None","None","None","None","None","None"
"STU004200","None","None","None","None","CTC","CTC","CTC","CTC","None","None","None","CTC","CTC","CTC","None","None","None","None","None","None","None","None","None","None","None","None","None","None"
"STU004201","None","None","None","None","None","None","None","None","None","None","None","None","None","None","None","None","None","None","None","None","None","None","None","None","None","None","None","None"
"STU004202","4YR","4YR","4YR","4YR","4YR","4YR","4YR","4YR","4YR","None","4YR","4YR","4YR","4YR","4YR","4YR","4YR","4YR","4YR","4YR","4YR","4YR","4YR","4YR","None","None","None","None"
"STU004203","CTC","None","CTC","CTC","CTC","CTC","CTC","None","None","None","None","None","None","None","None","None","None","None","None","None","None","None","None","None","None","None","None","None"
"STU004204","None","4YR","4YR","4YR","4YR","None","None","4YR","4YR","4YR","4YR","4YR","4YR","None","None","None","None","None","None","None","None","None","None","None","None","None","None","None"
"STU004205","None","None","None","4YR","4YR","4YR","4YR","4YR","None","None","None","None","None","None","None","None","None","None","None","None","None","None","None","None","None","None","None","None"
"STU004206","CTC","CTC","CTC","CTC","CTC","CTC","None","CTC","CTC","CTC","CTC","CTC","CTC","CTC","CTC","CTC","CTC","CTC","CTC","None","None","None","None","None","None","None","None","None"
"STU004207","None","None","None","None","CTC","CTC","CTC","CTC","CTC","CTC","None","CTC","CTC","None","CTC","CTC","CTC","CTC","CTC","None","None","None","None","None","None","None","None","None"
"STU004208","4YR","4YR","4YR","None","4YR","4YR","4YR","None","4YR","None","4YR","4YR","4YR","4YR","4YR","4YR","None","None","None","None","None","None","None","None","None","None","None","None"
"STU004209","4YR","CTC","CTC","None","None","CTC","CTC","CTC","CTC","None","None","None","None","None","None","None","None","None","None","None","None","None","None","None","None","None","None","None"
"STU004210","CTC","CTC","CTC","CTC","CTC","CTC","CTC","4YR","4YR","4YR","4YR","4YR","4YR","4YR","4YR","4YR","None","None","None","None","None","None","None","None","None","None","None","None"
"STU004211","CTC","CTC","CTC","CTC","CTC","None","None","None","None","None","None","None","None","None","None","None","None","None","None","None","None","None","None","None","None","None","None","None"
"STU004212","None","None","CTC","CTC","CTC","CTC","CTC","None","None","None","None","None","None","None","None","None","None","None","None","None","None","None","None","None","None","None","None","None"
"STU004213","None","None","None","None","CTC","CTC","CTC","CTC","CTC","CTC","None","None","CTC","CTC","CTC","CTC","CTC","CTC","None","None","None","None","None","None","None","None","None","None"
"STU004214","None","None","None","None","None","None","None","None","None","None","None","None","None","None","None","None","None","None","None","None","None","None","None","None","None","None","None","None"
"STU004215","CTC","None","None","None","None","None","None","None","None","None","None","None","None","None","None","None","None","None","None","None","None","None","None","None","None","None","None","None"
"STU004216","CTC","CTC","CTC","CTC","CTC","CTC","CTC","CTC","CTC","CTC","CTC","CTC","None","None","None","None","None","None","None","None","None","None","None","None","None","None","None","None"
"STU004217","None","4YR","4YR","4YR","4YR","4YR","4YR","4YR","4YR","4YR","4YR","None","None","None","None","None","None","None","None","None","None","None","None","None","None","None","None","None"
"STU004218","None","None","None","None","None","None","None","None","None","None","None","None","None","None","None","None","None","None","None","None","None","None","None","None","None","None","None","None"
"STU004219","CTC","CTC","CTC","CTC","CTC","CTC","CTC","CTC","None","None","None","None","None","None","None","None","None","None","None","None","None","None","None","None","None","None","None","None"
"STU004220","CTC","CTC","CTC","None","None","None","None","None","None","None","None","None","None","None","None","None","None","None","None","None","None","None","None","None","None","None","None","None"
"STU004221","None","None","CTC","CTC","None","CTC","None","None","CTC","CTC","CTC","CTC","None","None","None","None","None","None","None","None","None","None","None","None","None","None","None","None"
"STU004222","None","None","None","CTC","CTC","CTC","CTC","None","CTC","None","None","None","None","None","None","None","None","None","None","None","None","None","None","None","None","None","None","None"
"STU004223","None","None","4YR","4YR","None","None","None","None","None","None","None","None","None","None","None","None","None","None","None","None","None","None","None","None","None","None","None","None"
"STU004224","None","None","None","None","CTC","CTC","CTC","None","None","CTC","CTC","CTC","None","None","None","None","None","None","None","None","None","None","None","None","None","None","None","None"
"STU004225","CTC","None","CTC","CTC","CTC","CTC","CTC","None","None","None","None","None","None","None","None","None","None","None","None","None","None","None","None","None","None","None","None","None"
"STU004226","4YR","4YR","4YR","4YR","4YR","4YR","None","4YR","4YR","4YR","4YR","4YR","4YR","4YR","None","None","None","None","None","None","None","None","None","None","None","None","None","None"
"STU004227","None","None","None","None","None","None","None","None","None","None","None","None","None","None","None","None","None","None","None","None","None","None","None","None","None","None","None","None"
"STU004228","CTC","CTC","CTC","None","CTC","CTC","CTC","CTC","CTC","CTC","None","None","None","None","None","None","None","None","None","None","None","None","None","None","None","None","None","None"
"STU004229","None","None","CTC","4YR","4YR","4YR","4YR","4YR","4YR","4YR","4YR","4YR","None","4YR","4YR","4YR","4YR","4YR","None","None","None","None","None","None","None","None","None","None"
"STU004230","None","None","None","None","None","None","None","None","None","None","None","None","None","None","None","None","None","None","None","None","None","CTC","None","None","None","None","None","None"
"STU004231","None","None","CTC","CTC","None","None","None","None","None","None","None","None","None","None","None","None","None","None","None","None","None","None","None","None","None","None","None","None"
"STU004232","4YR","4YR","4YR","4YR","4YR","4YR","4YR","4YR","4YR","4YR","CTC","4YR","4YR","4YR","4YR","4YR","4YR","4YR","4YR","None","4YR","4YR","4YR","None","None","None","None","None"
"STU004233","None","None","None","None","None","None","None","None","None","None","None","None","None","None","None","None","None","None","None","None","None","None","None","None","None","None","None","None"
"STU004234","None","None","None","None","CTC","4YR","CTC","None","CTC","CTC","4YR","None","CTC","None","None","None","None","None","None","None","None","None","None","None","None","None","None","None"
"STU004235","CTC","CTC","None","None","None","None","None","None","None","None","None","None","None","None","None","None","None","None","None","None","None","None","None","None","None","None","None","None"
"STU004236","None","None","None","None","None","None","None","None","None","None","None","None","None","None","None","None","None","None","None","None","None","None","None","None","None","None","None","None"
"STU004237","None","None","None","4YR","CTC","CTC","CTC","CTC","CTC","CTC","CTC","CTC","CTC","None","None","None","None","None","None","None","None","None","None","None","None","None","None","None"
"STU004238","None","CTC","CTC","4YR","None","CTC","CTC","None","None","None","CTC","CTC","CTC","CTC","CTC","None","None","None","None","None","None","None","None","None","None","None","None","None"
"STU004239","CTC","CTC","CTC","CTC","CTC","CTC","None","None","None","None","None","None","None","None","None","None","None","None","None","None","None","None","None","None","None","None","None","None"
"STU004240","None","None","None","None","None","None","None","None","None","None","None","None","None","None","None","None","None","None","None","None","None","None","None","None","None","None","None","None"
"STU004241","None","CTC","CTC","CTC","CTC","CTC","None","CTC","CTC","CTC","CTC","CTC","CTC","CTC","CTC","CTC","CTC","CTC","CTC","None","None","None","None","None","None","None","None","None"
"STU004242","4YR","None","4YR","None","CTC","4YR","4YR","4YR","4YR","4YR","4YR","4YR","4YR","4YR","4YR","None","None","None","None","None","None","None","None","None","None","None","None","None"
"STU004243","None","None","None","None","None","None","None","None","None","None","None","None","None","None","None","None","None","None","None","None","None","None","None","None","None","None","None","None"
"STU004244","CTC","CTC","CTC","None","None","None","None","None","None","None","None","None","None","None","None","None","None","None","None","None","None","None","None","None","None","None","None","None"
"STU004245","CTC","CTC","CTC","CTC","CTC","CTC","CTC","CTC","CTC","CTC","CTC","CTC","CTC","None","CTC","CTC","None","None","None","None","None","None","None","None","None","None","None","None"
"STU004246","CTC","CTC","CTC","CTC","CTC","CTC","4YR","4YR","4YR","4YR","4YR","4YR","4YR","4YR","4YR","4YR","4YR","4YR","None","None","None","None","None","None","None","None","None","None"
"STU004247","None","None","None","CTC","CTC","CTC","CTC","CTC","CTC","CTC","CTC","CTC","None","None","None","None","None","None","None","None","None","None","None","None","None","None","None","None"
"STU004248","None","None","None","None","None","None","None","None","None","None","None","None","None","None","None","None","None","None","None","None","None","None","None","None","None","None","None","None"
"STU004249","4YR","None","4YR","None","None","4YR","4YR","4YR","4YR","4YR","4YR","4YR","4YR","4YR","4YR","4YR","None","None","None","None","None","None","None","None","None","None","None","None"
"STU004250","None","None","None","None","CTC","CTC","None","None","None","None","None","None","None","None","None","None","None","None","None","None","None","None","None","None","None","None","None","None"
"STU004251","None","None","None","None","None","None","None","None","None","None","None","None","None","None","None","None","None","None","None","None","None","None","None","None","None","None","None","None"
"STU004252","CTC","CTC","None","CTC","CTC","None","CTC","CTC","CTC","CTC","CTC","CTC","CTC","None","None","None","None","None","None","None","None","None","None","None","None","None","None","None"
"STU004253","CTC","CTC","CTC","CTC","CTC","CTC","CTC","None","None","None","None","None","None","None","None","None","None","None","None","None","None","None","None","None","None","None","None","None"
"STU004254","None","CTC","CTC","CTC","CTC","CTC","CTC","None","None","None","None","None","None","None","None","None","None","None","None","None","None","None","None","None","None","None","None","None"
"STU004255","CTC","CTC","CTC","CTC","CTC","CTC","CTC","CTC","CTC","None","None","None","None","None","None","None","None","None","None","None","None","None","None","None","None","None","None","None"
"STU004256","None","None","None","None","None","None","None","None","None","None","None","None","None","None","None","None","None","None","None","None","None","None","None","None","None","None","None","None"
"STU004257","None","None","None","None","None","None","None","None","None","None","None","None","None","None","None","None","None","None","None","None","None","None","None","None","None","None","None","None"
"STU004258","4YR","4YR","4YR","4YR","4YR","4YR","4YR","4YR","None","4YR","4YR","4YR","None","4YR","None","4YR","4YR","CTC","4YR","CTC","None","None","None","None","None","None","None","None"
"STU004259","4YR","None","4YR","4YR","4YR","4YR","4YR","4YR","4YR","4YR","4YR","4YR","4YR","4YR","4YR","None","None","None","None","None","None","None","None","None","None","None","None","None"
"STU004260","CTC","CTC","CTC","CTC","CTC","None","None","None","None","None","None","None","None","None","None","None","None","None","None","None","None","None","None","None","None","None","None","None"
"STU004261","CTC","CTC","CTC","CTC","CTC","None","None","CTC","None","None","None","None","None","None","None","None","None","None","None","None","None","None","None","None","None","None","None","None"
"STU004262","None","None","None","None","CTC","CTC","CTC","CTC","CTC","CTC","None","CTC","CTC","CTC","CTC","None","CTC","None","None","None","None","None","None","None","None","None","None","None"
"STU004263","None","None","None","None","None","None","None","None","None","None","None","None","None","None","None","None","None","None","None","None","None","None","None","None","None","None","None","None"
"STU004264","CTC","CTC","CTC","CTC","CTC","CTC","CTC","CTC","CTC","CTC","CTC","None","None","None","None","None","None","None","None","None","None","None","None","None","None","None","None","None"
"STU004265","None","None","None","None","CTC","CTC","None","None","None","None","None","None","None","None","None","None","None","None","None","None","None","None","None","None","None","None","None","None"
"STU004266","CTC","CTC","CTC","CTC","4YR","CTC","CTC","CTC","4YR","CTC","4YR","4YR","4YR","4YR","4YR","4YR","4YR","4YR","4YR","4YR","4YR","None","None","None","None","None","None","None"
"STU004267","None","CTC","CTC","None","None","None","None","None","None","None","None","None","None","None","None","None","None","None","None","None","None","None","None","None","None","None","None","None"
"STU004268","None","None","None","None","None","None","None","None","None","None","None","None","None","None","None","None","None","None","None","None","None","None","None","None","None","None","None","None"
"STU004269","4YR","4YR","4YR","4YR","4YR","CTC","4YR","4YR","4YR","4YR","None","None","None","None","None","None","None","None","None","None","None","None","None","None","None","None","None","None"
"STU004270","None","CTC","CTC","CTC","CTC","CTC","4YR","4YR","4YR","4YR","4YR","4YR","4YR","4YR","4YR","None","None","None","None","None","None","None","None","None","None","None","None","None"
"STU004271","CTC","CTC","None","None","None","None","None","None","None","None","None","None","None","None","None","None","None","None","None","None","None","None","None","None","None","None","None","None"
"STU004272","CTC","CTC","CTC","CTC","CTC","CTC","CTC","CTC","None","CTC","CTC","None","CTC","CTC","CTC","CTC","CTC","CTC","CTC","None","None","None","None","None","None","None","None","None"
"STU004273","CTC","CTC","CTC","CTC","CTC","CTC","CTC","CTC","None","None","None","None","None","None","None","None","None","None","None","None","None","None","None","None","None","None","None","None"
"STU004274","4YR","CTC","4YR","4YR","4YR","4YR","4YR","None","4YR","4YR","4YR","4YR","4YR","4YR","4YR","None","4YR","4YR","4YR","4YR","4YR","4YR","4YR","None","None","None","None","None"
"STU004275","None","None","None","None","None","None","None","None","None","None","None","None","None","None","None","None","None","None","None","None","None","None","None","None","None","None","None","None"
"STU004276","CTC","CTC","CTC","None","CTC","CTC","None","None","None","None","None","None","None","None","None","None","None","None","None","None","None","None","None","None","None","None","None","None"
"STU004277","None","None","CTC","CTC","None","None","None","None","None","None","None","None","None","None","None","None","None","None","None","None","None","None","None","None","None","None","None","None"
"STU004278","None","None","None","CTC","None","CTC","CTC","CTC","CTC","CTC","CTC","CTC","CTC","None","None","None","None","None","None","None","None","None","None","None","None","None","None","None"
"STU004279","None","None","None","None","CTC","CTC","CTC","CTC","CTC","4YR","CTC","CTC","None","None","None","None","None","None","None","None","None","None","None","None","None","None","None","None"
"STU004280","CTC","CTC","None","None","None","None","None","None","None","None","None","None","None","None","None","None","None","None","None","None","None","None","None","None","None","None","None","None"
"STU004281","None","None","None","None","None","None","None","None","None","None","None","None","None","None","None","None","None","None","None","None","None","None","None","None","None","None","None","None"
"STU004282","CTC","CTC","CTC","CTC","CTC","CTC","None","None","None","None","None","None","None","None","None","None","None","None","None","None","None","None","None","None","None","None","None","None"
"STU004283","CTC","CTC","CTC","CTC","CTC","CTC","CTC","CTC","None","None","None","None","None","None","None","None","None","None","None","None","None","None","None","None","None","None","None","None"
"STU004284","CTC","CTC","CTC","CTC","CTC","CTC","None","None","None","None","None","None","None","None","None","None","None","None","None","None","None","None","None","None","None","None","None","None"
"STU004285","CTC","CTC","CTC","None","CTC","CTC","CTC","None","None","None","None","None","None","None","None","None","None","None","None","None","None","None","None","None","None","None","None","None"
"STU004286","CTC","CTC","CTC","CTC","CTC","None","CTC","None","None","None","None","None","None","None","None","None","None","None","None","None","None","None","None","None","None","None","None","None"
"STU004287","CTC","CTC","CTC","CTC","CTC","CTC","None","None","None","None","None","None","None","None","None","None","None","None","None","None","None","None","None","None","None","None","None","None"
"STU004288","None","None","None","4YR","4YR","4YR","4YR","4YR","4YR","None","None","None","None","None","None","None","None","None","None","None","None","None","None","None","None","None","None","None"
"STU004289","None","None","None","None","CTC","None","CTC","CTC","CTC","CTC","CTC","None","CTC","CTC","None","None","None","None","None","None","None","None","None","None","None","None","None","None"
"STU004290","None","None","None","None","None","None","None","None","None","None","None","None","None","None","None","None","None","None","None","None","None","None","None","None","None","None","None","None"
"STU004291","CTC","CTC","CTC","CTC","CTC","CTC","None","None","None","None","None","None","None","None","None","None","None","None","None","None","None","None","None","None","None","None","None","None"
"STU004292","None","None","4YR","4YR","4YR","None","4YR","None","None","None","None","None","None","None","None","None","None","None","None","None","None","None","None","None","None","None","None","None"
"STU004293","None","None","CTC","CTC","CTC","CTC","CTC","None","None","None","CTC","CTC","CTC","None","CTC","CTC","None","None","None","None","None","None","None","None","None","None","None","None"
"STU004294","CTC","CTC","CTC","CTC","CTC","None","CTC","4YR","4YR","4YR","4YR","4YR","4YR","None","4YR","4YR","4YR","None","None","None","None","None","None","None","None","None","None","None"
"STU004295","None","None","None","None","None","None","None","None","None","None","None","None","None","None","None","None","None","None","None","None","None","None","None","None","None","None","None","None"
"STU004296","None","4YR","4YR","4YR","4YR","4YR","4YR","4YR","4YR","4YR","4YR","4YR","4YR","4YR","4YR","4YR","None","None","None","None","None","None","None","None","None","None","None","None"
"STU004297","None","CTC","CTC","CTC","CTC","CTC","CTC","CTC","None","None","None","None","None","None","None","None","None","None","None","None","None","None","None","None","None","None","None","None"
"STU004298","None","None","None","None","None","None","None","None","None","None","None","None","None","None","None","None","None","None","None","None","None","None","None","None","None","None","None","None"
"STU004299","None","None","None","None","None","None","None","None","None","None","None","None","None","None","None","None","None","None","None","None","None","None","None","None","None","None","None","None"
"STU004300","CTC","4YR","CTC","CTC","CTC","CTC","CTC","CTC","CTC","CTC","CTC","CTC","CTC","CTC","CTC","CTC","None","None","None","None","None","None","None","None","None","None","None","None"
"STU004301","None","None","None","None","None","None","None","None","None","None","None","None","None","None","None","None","None","None","None","None","None","None","None","None","None","None","None","None"
"STU004302","4YR","4YR","4YR","4YR","None","None","4YR","4YR","4YR","4YR","4YR","None","4YR","4YR","4YR","4YR","4YR","4YR","4YR","4YR","4YR","4YR","4YR","None","None","None","None","None"
"STU004303","None","None","None","None","None","None","None","None","None","None","None","None","None","None","None","None","None","None","None","None","None","None","None","None","None","None","None","None"
"STU004304","None","None","CTC","CTC","CTC","None","None","None","CTC","CTC","CTC","None","None","None","None","None","None","None","None","None","None","None","None","None","None","None","None","None"
"STU004305","CTC","CTC","CTC","CTC","CTC","CTC","CTC","CTC","4YR","4YR","4YR","4YR","4YR","4YR","4YR","4YR","4YR","4YR","4YR","4YR","None","None","None","None","None","None","None","None"
"STU004306","None","None","None","None","None","None","None","None","None","None","None","None","None","None","None","None","None","None","None","None","None","None","None","None","None","None","None","None"
"STU004307","CTC","None","CTC","CTC","CTC","None","None","None","None","None","None","None","None","None","None","None","None","None","None","None","None","None","None","None","None","None","None","None"
"STU004308","CTC","CTC","None","CTC","CTC","CTC","CTC","CTC","CTC","CTC","None","CTC","CTC","CTC","CTC","None","None","None","None","None","None","None","None","None","None","None","None","None"
"STU004309","CTC","CTC","CTC","CTC","CTC","CTC","CTC","CTC","None","None","None","None","None","None","None","None","None","None","None","None","None","None","None","None","None","None","None","None"
"STU004310","4YR","4YR","4YR","None","4YR","None","4YR","4YR","4YR","4YR","4YR","4YR","4YR","4YR","None","None","None","None","None","None","None","None","None","None","None","None","None","None"
"STU004311","CTC","CTC","CTC","4YR","CTC","CTC","CTC","CTC","CTC","CTC","None","None","None","None","None","None","None","None","None","None","None","None","None","None","None","None","None","None"
"STU004312","None","None","None","None","CTC","CTC","CTC","None","CTC","None","None","None","None","None","None","None","None","None","None","None","None","None","None","None","None","None","None","None"
"STU004313","CTC","CTC","CTC","CTC","4YR","CTC","CTC","None","None","None","None","None","None","None","None","None","None","None","None","None","None","None","None","None","None","None","None","None"
"STU004314","CTC","CTC","CTC","CTC","CTC","CTC","CTC","4YR","CTC","4YR","4YR","4YR","4YR","4YR","None","4YR","4YR","4YR","4YR","4YR","None","None","None","None","None","None","None","None"
"STU004315","None","None","None","None","None","None","None","None","None","None","None","None","None","None","None","None","None","None","None","None","None","None","None","None","None","None","None","None"
"STU004316","4YR","4YR","CTC","4YR","4YR","4YR","4YR","None","None","None","4YR","4YR","4YR","4YR","4YR","4YR","4YR","None","None","None","None","None","None","None","None","None","None","None"
"STU004317","None","None","None","None","None","None","None","None","None","None","None","None","None","None","None","None","None","None","None","None","None","None","None","None","None","None","None","None"
"STU004318","4YR","4YR","4YR","4YR","CTC","4YR","CTC","4YR","4YR","4YR","4YR","4YR","4YR","4YR","4YR","4YR","4YR","None","None","None","None","None","None","None","None","None","None","None"
"STU004319","CTC","CTC","CTC","CTC","CTC","CTC","None","None","None","None","None","None","None","None","None","None","None","None","None","None","None","None","None","None","None","None","None","None"
"STU004320","CTC","CTC","CTC","CTC","CTC","CTC","CTC","4YR","4YR","4YR","4YR","None","4YR","None","4YR","4YR","None","None","None","None","None","None","None","None","None","None","None","None"
"STU004321","4YR","4YR","4YR","4YR","CTC","4YR","4YR","4YR","4YR","4YR","4YR","4YR","4YR","4YR","4YR","4YR","4YR","4YR","4YR","4YR","4YR","4YR","4YR","4YR","None","None","None","None"
"STU004322","4YR","CTC","4YR","4YR","4YR","4YR","4YR","4YR","4YR","CTC","4YR","4YR","4YR","4YR","4YR","4YR","4YR","4YR","4YR","4YR","4YR","4YR","4YR","4YR","4YR","4YR","4YR","None"
"STU004323","CTC","CTC","CTC","CTC","CTC","CTC","4YR","4YR","4YR","4YR","4YR","4YR","4YR","4YR","4YR","4YR","CTC","4YR","4YR","None","None","None","None","None","None","None","None","None"
"STU004324","4YR","4YR","4YR","4YR","4YR","4YR","4YR","4YR","4YR","4YR","None","None","None","None","None","None","None","None","None","None","None","None","None","None","None","None","None","None"
"STU004325","4YR","4YR","4YR","4YR","None","4YR","4YR","4YR","None","4YR","4YR","4YR","4YR","4YR","4YR","4YR","None","None","None","None","None","None","None","None","None","None","None","None"
"STU004326","None","None","None","None","None","None","None","None","None","None","None","None","None","None","None","None","None","None","None","None","None","None","None","None","None","None","None","None"
"STU004327","None","None","None","None","None","None","None","None","None","None","None","None","None","None","None","None","None","None","None","None","None","None","None","None","None","None","None","None"
"STU004328","None","None","None","None","None","None","None","None","None","None","None","None","None","None","None","None","None","None","None","None","None","None","None","None","None","None","None","None"
"STU004329","None","None","CTC","CTC","CTC","CTC","None","None","None","None","None","None","None","None","None","None","None","None","None","None","None","None","None","None","None","None","None","None"
"STU004330","4YR","4YR","4YR","4YR","4YR","4YR","4YR","4YR","4YR","4YR","4YR","4YR","4YR","4YR","4YR","4YR","None","None","None","None","None","None","None","None","None","None","None","None"
"STU004331","None","CTC","CTC","4YR","CTC","CTC","None","None","None","None","None","None","None","None","None","None","None","None","None","None","None","None","None","None","None","None","None","None"
"STU004332","CTC","CTC","CTC","CTC","CTC","CTC","CTC","None","None","None","None","None","None","None","None","None","None","None","None","None","None","None","None","None","None","None","None","None"
"STU004333","CTC","None","CTC","None","CTC","CTC","None","4YR","4YR","4YR","4YR","4YR","4YR","4YR","4YR","4YR","4YR","4YR","4YR","None","None","None","None","None","None","None","None","None"
"STU004334","CTC","CTC","CTC","CTC","CTC","CTC","CTC","CTC","CTC","CTC","CTC","CTC","CTC","CTC","CTC","CTC","CTC","None","None","None","None","None","None","None","None","None","None","None"
"STU004335","CTC","CTC","CTC","CTC","CTC","CTC","None","None","None","None","None","None","None","None","None","None","None","None","None","None","None","None","None","None","None","None","None","None"
"STU004336","None","None","None","None","None","None","None","None","None","None","None","None","None","None","None","None","None","None","None","None","None","None","None","None","None","None","None","None"
"STU004337","CTC","CTC","CTC","CTC","CTC","CTC","4YR","4YR","None","4YR","4YR","4YR","None","4YR","4YR","4YR","4YR","4YR","None","None","None","None","None","None","None","None","None","None"
"STU004338","None","None","None","CTC","CTC","CTC","CTC","CTC","CTC","None","None","None","None","None","None","None","None","None","None","None","None","None","None","None","None","None","None","None"
"STU004339","None","None","None","None","None","None","None","None","None","None","None","None","None","None","None","None","None","None","None","None","None","None","None","None","None","None","None","None"
"STU004340","None","CTC","CTC","CTC","CTC","CTC","CTC","CTC","None","None","None","CTC","CTC","CTC","CTC","CTC","None","None","None","None","None","None","None","None","None","None","None","None"
"STU004341","None","CTC","CTC","CTC","CTC","None","None","None","None","None","None","None","None","None","None","None","None","None","None","None","None","None","None","None","None","None","None","None"
"STU004342","None","None","None","None","None","None","None","None","None","None","None","None","None","None","None","None","None","None","None","None","None","None","None","None","None","None","None","None"
"STU004343","4YR","4YR","4YR","4YR","4YR","4YR","4YR","4YR","4YR","4YR","4YR","4YR","4YR","4YR","4YR","None","None","None","None","None","None","None","None","None","None","None","None","None"
"STU004344","None","None","None","None","None","None","None","None","None","None","None","None","None","None","None","None","None","None","None","None","None","None","None","None","None","None","None","None"
"STU004345","CTC","CTC","CTC","CTC","None","CTC","CTC","None","CTC","CTC","None","CTC","None","CTC","CTC","None","None","None","None","None","None","None","None","None","None","None","None","None"
"STU004346","CTC","CTC","CTC","CTC","4YR","CTC","CTC","CTC","CTC","CTC","CTC","CTC","CTC","CTC","CTC","CTC","CTC","CTC","CTC","None","None","None","None","None","None","None","None","None"
"STU004347","None","CTC","CTC","4YR","CTC","CTC","CTC","CTC","CTC","CTC","CTC","None","None","None","None","None","None","None","None","None","None","None","None","None","None","None","None","None"
"STU004348","CTC","None","CTC","None","CTC","CTC","CTC","CTC","None","None","None","None","None","None","None","None","None","None","None","None","None","None","None","None","None","None","None","None"
"STU004349","None","None","None","None","4YR","4YR","4YR","4YR","4YR","4YR","4YR","None","None","None","None","None","None","None","None","None","None","None","None","None","None","None","None","None"
"STU004350","CTC","CTC","CTC","CTC","CTC","CTC","CTC","None","None","None","None","None","None","None","None","None","None","None","None","None","None","None","None","None","None","None","None","None"
"STU004351","4YR","4YR","4YR","4YR","4YR","4YR","4YR","4YR","4YR","4YR","4YR","4YR","CTC","4YR","None","4YR","4YR","4YR","4YR","None","None","None","None","None","None","None","None","None"
"STU004352","None","None","None","None","CTC","CTC","CTC","None","None","CTC","CTC","4YR","None","None","None","None","None","None","None","None","None","None","None","None","None","None","None","None"
"STU004353","None","None","None","None","4YR","CTC","CTC","CTC","CTC","CTC","CTC","CTC","CTC","CTC","None","None","None","None","None","None","None","None","None","None","None","None","None","None"
"STU004354","4YR","4YR","4YR","4YR","4YR","None","None","4YR","4YR","4YR","4YR","CTC","4YR","4YR","4YR","4YR","4YR","4YR","4YR","4YR","4YR","4YR","None","None","None","None","None","None"
"STU004355","CTC","CTC","CTC","CTC","CTC","CTC","CTC","CTC","CTC","CTC","CTC","CTC","CTC","None","None","None","None","None","None","None","None","None","None","None","None","None","None","None"
"STU004356","CTC","CTC","CTC","4YR","CTC","CTC","4YR","4YR","4YR","4YR","4YR","4YR","4YR","4YR","4YR","4YR","None","None","None","None","None","None","None","None","None","None","None","None"
"STU004357","None","None","None","None","None","None","None","None","None","None","None","None","None","None","None","None","None","None","None","None","None","None","None","None","None","None","None","None"
"STU004358","None","None","4YR","None","4YR","4YR","4YR","4YR","None","None","None","None","None","None","None","None","None","None","None","None","None","None","None","None","None","None","None","None"
"STU004359","None","None","None","CTC","4YR","CTC","CTC","None","None","None","None","None","None","None","None","None","None","None","None","None","None","None","None","None","None","None","None","None"
"STU004360","None","CTC","CTC","None","CTC","CTC","CTC","None","None","None","None","None","None","None","None","None","None","None","None","None","None","None","None","None","None","None","None","None"
"STU004361","None","None","None","None","None","None","None","None","None","None","None","None","None","None","None","None","None","None","None","None","None","None","None","None","None","None","None","None"
"STU004362","None","None","None","None","None","None","None","None","None","None","None","None","None","None","None","None","None","None","None","None","None","None","None","None","None","None","None","None"
"STU004363","None","4YR","4YR","4YR","4YR","None","4YR","CTC","4YR","4YR","4YR","4YR","4YR","None","4YR","4YR","4YR","4YR","4YR","4YR","4YR","4YR","4YR","4YR","None","None","None","None"
"STU004364","CTC","CTC","None","None","None","None","None","None","None","None","None","None","None","None","None","None","None","None","None","None","None","None","None","None","None","None","None","None"
"STU004365","CTC","CTC","CTC","CTC","None","CTC","CTC","CTC","CTC","None","CTC","CTC","CTC","CTC","CTC","CTC","CTC","None","None","None","None","None","None","None","None","None","None","None"
"STU004366","CTC","CTC","CTC","CTC","CTC","CTC","CTC","CTC","CTC","CTC","CTC","CTC","None","None","None","None","None","None","None","None","None","None","None","None","None","None","None","None"
"STU004367","CTC","CTC","CTC","CTC","CTC","CTC","CTC","None","None","None","None","None","None","None","None","None","None","None","None","None","None","None","None","None","None","None","None","None"
"STU004368","4YR","4YR","4YR","4YR","4YR","4YR","4YR","CTC","4YR","CTC","4YR","4YR","4YR","4YR","None","None","None","None","None","None","None","None","None","None","None","None","None","None"
"STU004369","4YR","4YR","4YR","4YR","4YR","4YR","4YR","4YR","4YR","4YR","None","4YR","4YR","4YR","None","None","None","None","None","None","None","None","None","None","None","None","None","None"
"STU004370","None","None","None","None","None","None","None","None","None","None","None","None","None","None","None","None","None","None","None","None","None","None","None","None","None","None","None","None"
"STU004371","CTC","CTC","CTC","CTC","CTC","None","CTC","CTC","CTC","CTC","CTC","CTC","CTC","None","None","None","None","None","None","None","None","None","None","None","None","None","None","None"
"STU004372","CTC","CTC","CTC","CTC","CTC","CTC","CTC","CTC","CTC","CTC","CTC","CTC","CTC","CTC","CTC","CTC","4YR","CTC","CTC","CTC","None","None","None","None","None","None","None","None"
"STU004373","None","CTC","CTC","CTC","CTC","CTC","CTC","CTC","CTC","None","None","None","None","None","None","None","None","None","None","None","None","None","None","None","None","None","None","None"
"STU004374","4YR","4YR","4YR","CTC","4YR","4YR","4YR","None","None","None","None","None","None","None","None","None","None","None","None","None","None","None","None","None","None","None","None","None"
"STU004375","None","None","None","None","None","None","None","None","None","None","None","None","None","None","None","None","None","None","None","None","None","None","None","None","None","None","None","None"
"STU004376","None","CTC","CTC","CTC","CTC","CTC","CTC","CTC","CTC","CTC","None","None","None","None","None","None","None","None","None","None","None","None","None","None","None","None","None","None"
"STU004377","None","None","None","None","None","None","None","None","None","None","None","None","None","None","None","None","None","None","None","None","None","None","None","None","None","None","None","None"
"STU004378","CTC","CTC","CTC","CTC","CTC","CTC","CTC","CTC","CTC","CTC","CTC","None","CTC","None","None","None","None","None","None","None","None","None","None","None","None","None","None","None"
"STU004379","None","None","None","None","None","None","None","None","None","None","None","None","None","None","None","None","None","None","None","None","None","None","None","None","None","None","None","None"
"STU004380","None","None","None","None","None","None","None","None","None","None","None","None","None","None","None","None","None","None","None","None","None","None","None","None","None","None","None","None"
"STU004381","CTC","None","CTC","CTC","CTC","None","CTC","CTC","CTC","CTC","CTC","CTC","CTC","CTC","CTC","CTC","CTC","CTC","CTC","CTC","None","None","None","None","None","None","None","None"
"STU004382","4YR","4YR","4YR","4YR","4YR","4YR","4YR","4YR","4YR","4YR","4YR","4YR","4YR","4YR","4YR","None","None","None","None","None","None","None","None","None","None","None","None","None"
"STU004383","None","None","None","4YR","4YR","4YR","4YR","None","None","None","None","4YR","4YR","4YR","4YR","4YR","4YR","None","None","None","None","None","None","None","None","None","None","None"
"STU004384","CTC","CTC","None","None","None","None","None","None","None","None","None","None","None","None","None","None","None","None","None","None","None","None","None","None","None","None","None","None"
"STU004385","None","CTC","CTC","CTC","CTC","4YR","CTC","CTC","CTC","CTC","CTC","None","CTC","CTC","CTC","None","CTC","CTC","None","None","None","None","None","None","None","None","None","None"
"STU004386","CTC","CTC","CTC","CTC","4YR","None","CTC","CTC","None","CTC","CTC","4YR","CTC","CTC","None","None","None","None","None","None","None","None","None","None","None","None","None","None"
"STU004387","4YR","None","4YR","4YR","4YR","4YR","4YR","None","4YR","4YR","4YR","4YR","4YR","4YR","4YR","4YR","4YR","None","None","None","None","None","None","None","None","None","None","None"
"STU004388","CTC","CTC","CTC","CTC","CTC","CTC","CTC","CTC","None","CTC","None","CTC","CTC","CTC","CTC","CTC","None","None","None","None","None","None","None","None","None","None","None","None"
"STU004389","4YR","4YR","4YR","4YR","4YR","4YR","4YR","4YR","4YR","4YR","4YR","4YR","4YR","4YR","4YR","4YR","4YR","4YR","4YR","4YR","4YR","4YR","4YR","4YR","4YR","4YR","4YR","None"
"STU004390","None","None","None","None","None","None","None","None","None","None","None","None","None","None","None","None","None","None","None","None","None","None","None","None","None","None","None","None"
"STU004391","None","4YR","4YR","None","4YR","4YR","4YR","4YR","CTC","4YR","4YR","None","None","None","None","None","None","None","None","None","None","None","None","None","None","None","None","None"
"STU004392","None","CTC","CTC","CTC","CTC","None","None","None","None","None","None","None","None","None","None","None","None","None","None","None","None","None","None","None","None","None","None","None"
"STU004393","None","None","None","None","None","None","None","None","None","None","None","None","None","None","None","None","None","None","None","None","None","None","None","None","None","None","None","None"
"STU004394","None","None","None","CTC","CTC","CTC","CTC","CTC","CTC","CTC","None","None","None","None","None","None","None","None","None","None","None","None","None","None","None","None","None","None"
"STU004395","4YR","4YR","4YR","4YR","4YR","4YR","4YR","4YR","4YR","4YR","CTC","4YR","4YR","4YR","4YR","4YR","4YR","4YR","4YR","4YR","4YR","None","4YR","4YR","CTC","None","None","None"
"STU004396","None","None","None","CTC","CTC","CTC","CTC","CTC","CTC","None","None","None","None","None","None","None","None","None","None","None","None","None","None","None","None","None","None","None"
"STU004397","CTC","CTC","CTC","CTC","CTC","None","CTC","CTC","CTC","CTC","CTC","CTC","CTC","CTC","CTC","None","None","CTC","None","None","None","None","None","None","None","None","None","None"
"STU004398","CTC","4YR","4YR","4YR","4YR","4YR","4YR","4YR","4YR","None","4YR","4YR","4YR","4YR","4YR","4YR","4YR","4YR","4YR","4YR","CTC","4YR","4YR","4YR","4YR","4YR","4YR","None"
"STU004399","4YR","4YR","4YR","None","4YR","4YR","4YR","4YR","4YR","4YR","4YR","4YR","4YR","4YR","4YR","4YR","None","None","None","None","None","None","None","None","None","None","None","None"
"STU004400","None","CTC","CTC","None","None","None","CTC","CTC","CTC","None","None","None","None","None","None","None","None","None","None","None","None","None","None","None","None","None","None","None"
"STU004401","4YR","4YR","4YR","4YR","4YR","None","4YR","4YR","4YR","4YR","4YR","4YR","4YR","4YR","4YR","None","None","None","None","None","None","None","None","None","None","None","None","None"
"STU004402","CTC","CTC","CTC","CTC","CTC","None","None","None","None","None","None","None","None","None","None","None","None","None","None","None","None","None","None","None","None","None","None","None"
"STU004403","CTC","CTC","CTC","CTC","CTC","CTC","None","CTC","CTC","None","CTC","CTC","CTC","CTC","CTC","None","None","None","None","None","None","None","None","None","None","None","None","None"
"STU004404","4YR","4YR","4YR","4YR","4YR","4YR","4YR","4YR","4YR","4YR","4YR","4YR","4YR","4YR","4YR","None","None","None","None","None","None","None","None","None","None","None","None","None"
"STU004405","4YR","4YR","4YR","4YR","4YR","None","None","None","None","None","None","None","None","None","None","None","None","None","None","None","None","None","None","None","None","None","None","None"
"STU004406","None","None","None","None","None","None","None","None","None","None","None","None","None","None","None","None","None","None","None","None","None","None","None","None","None","None","None","None"
"STU004407","None","None","CTC","CTC","CTC","None","None","None","CTC","None","CTC","CTC","CTC","CTC","None","None","None","None","None","None","None","None","None","None","None","None","None","None"
"STU004408","CTC","CTC","CTC","CTC","CTC","CTC","CTC","CTC","CTC","CTC","CTC","CTC","CTC","CTC","CTC","CTC","CTC","CTC","CTC","CTC","None","None","None","None","None","None","None","None"
"STU004409","CTC","CTC","CTC","None","CTC","CTC","None","CTC","CTC","CTC","None","CTC","CTC","CTC","4YR","CTC","None","CTC","None","None","None","None","None","None","None","None","None","None"
"STU004410","None","CTC","CTC","CTC","CTC","CTC","CTC","None","None","None","None","None","None","None","None","None","None","None","None","None","None","None","None","None","None","None","None","None"
"STU004411","CTC","CTC","CTC","CTC","CTC","CTC","None","None","None","None","None","None","None","None","None","None","None","None","None","None","None","None","None","None","None","None","None","None"
"STU004412","CTC","CTC","CTC","None","None","None","None","None","None","None","None","None","None","None","None","None","None","None","None","None","None","None","None","None","None","None","None","None"
"STU004413","CTC","CTC","CTC","CTC","CTC","4YR","CTC","CTC","CTC","CTC","CTC","CTC","4YR","CTC","CTC","None","None","None","None","None","None","None","None","None","None","None","None","None"
"STU004414","CTC","CTC","None","CTC","CTC","CTC","CTC","None","None","None","None","None","None","None","None","None","None","None","None","None","None","None","None","None","None","None","None","None"
"STU004415","None","None","None","CTC","CTC","CTC","CTC","CTC","CTC","CTC","CTC","None","None","None","None","None","None","None","None","None","None","None","None","None","None","None","None","None"
"STU004416","None","None","None","CTC","None","CTC","CTC","CTC","CTC","None","None","None","None","None","None","None","None","None","None","None","None","None","None","None","None","None","None","None"
"STU004417","None","None","CTC","CTC","CTC","CTC","CTC","CTC","None","None","None","None","None","None","None","None","None","None","None","None","None","None","None","None","None","None","None","None"
"STU004418","None","None","None","CTC","None","CTC","4YR","CTC","None","CTC","CTC","CTC","CTC","CTC","None","None","None","None","None","None","None","None","None","None","None","None","None","None"
"STU004419","None","CTC","CTC","CTC","CTC","CTC","CTC","None","None","None","None","None","None","None","None","None","None","None","None","None","None","None","None","None","None","None","None","None"
"STU004420","4YR","4YR","None","4YR","None","4YR","4YR","4YR","4YR","4YR","None","4YR","4YR","4YR","None","None","None","None","None","None","None","None","None","None","None","None","None","None"
"STU004421","4YR","4YR","None","4YR","4YR","4YR","4YR","4YR","4YR","4YR","4YR","4YR","None","4YR","4YR","4YR","4YR","4YR","4YR","4YR","None","None","None","None","None","None","None","None"
"STU004422","None","4YR","4YR","4YR","4YR","4YR","4YR","4YR","4YR","4YR","4YR","4YR","4YR","None","4YR","None","None","None","None","None","None","None","None","None","None","None","None","None"
"STU004423","4YR","4YR","4YR","4YR","None","4YR","4YR","4YR","4YR","4YR","4YR","4YR","4YR","CTC","4YR","4YR","4YR","4YR","4YR","4YR","4YR","4YR","4YR","4YR","None","None","None","None"
"STU004424","CTC","CTC","CTC","4YR","CTC","CTC","CTC","CTC","CTC","CTC","CTC","CTC","None","CTC","None","None","None","None","None","None","None","None","None","None","None","None","None","None"
"STU004425","CTC","CTC","CTC","CTC","CTC","CTC","CTC","None","4YR","4YR","4YR","4YR","4YR","4YR","4YR","4YR","None","None","None","None","None","None","None","None","None","None","None","None"
"STU004426","None","CTC","CTC","None","None","None","None","None","None","None","None","None","None","None","None","None","None","None","None","None","None","None","None","None","None","None","None","None"
"STU004427","None","None","None","None","CTC","CTC","None","None","None","None","None","None","None","None","None","None","None","None","None","None","None","None","None","None","None","None","None","None"
"STU004428","CTC","CTC","CTC","CTC","None","CTC","CTC","CTC","None","None","None","None","None","None","None","None","None","None","None","None","None","None","None","None","None","None","None","None"
"STU004429","None","None","None","None","None","None","None","None","None","None","None","None","None","None","None","None","None","None","None","None","None","None","None","None","None","None","None","None"
"STU004430","None","None","None","None","None","None","None","None","None","None","None","None","None","None","None","None","None","None","None","None","None","None","None","None","None","None","None","None"
"STU004431","4YR","CTC","4YR","4YR","4YR","4YR","4YR","None","CTC","4YR","4YR","4YR","4YR","4YR","4YR","None","4YR","CTC","4YR","4YR","4YR","4YR","None","None","None","None","None","None"
"STU004432","CTC","CTC","CTC","CTC","CTC","CTC","CTC","CTC","None","CTC","CTC","CTC","4YR","CTC","CTC","CTC","None","None","None","None","None","None","None","None","None","None","None","None"
"STU004433","4YR","4YR","4YR","4YR","4YR","None","4YR","4YR","None","4YR","4YR","4YR","4YR","4YR","CTC","4YR","None","None","None","None","None","None","None","None","None","None","None","None"
"STU004434","None","None","None","None","None","None","None","None","None","None","None","None","None","None","None","None","None","None","None","None","None","None","None","None","None","None","None","None"
"STU004435","CTC","CTC","None","CTC","None","CTC","None","None","None","None","None","None","None","None","None","None","None","None","None","None","None","None","None","None","None","None","None","None"
"STU004436","None","4YR","4YR","4YR","4YR","4YR","4YR","4YR","None","None","None","None","None","None","None","None","None","None","None","None","None","None","None","None","None","None","None","None"
"STU004437","None","4YR","4YR","4YR","None","4YR","None","None","None","None","None","None","None","None","None","None","None","None","None","None","None","None","None","None","None","None","None","None"
"STU004438","None","None","CTC","CTC","CTC","CTC","CTC","None","CTC","CTC","CTC","CTC","CTC","CTC","CTC","None","None","None","None","None","None","None","None","None","None","None","None","None"
"STU004439","CTC","CTC","CTC","CTC","CTC","CTC","None","None","None","None","None","None","None","None","None","None","None","None","None","None","None","None","None","None","None","None","None","None"
"STU004440","CTC","CTC","None","CTC","None","CTC","CTC","None","None","None","None","None","None","None","None","None","None","None","None","None","None","None","None","None","None","None","None","None"
"STU004441","CTC","None","CTC","CTC","CTC","CTC","CTC","4YR","4YR","4YR","4YR","4YR","None","None","4YR","4YR","4YR","4YR","4YR","4YR","None","None","None","None","None","None","None","None"
"STU004442","CTC","4YR","CTC","CTC","CTC","CTC","CTC","4YR","4YR","4YR","4YR","4YR","4YR","4YR","4YR","4YR","None","4YR","None","None","None","None","None","None","None","None","None","None"
"STU004443","None","None","CTC","CTC","CTC","CTC","CTC","CTC","None","CTC","None","None","None","None","None","None","None","None","None","None","None","None","None","None","None","None","None","None"
"STU004444","None","CTC","CTC","None","None","None","CTC","CTC","CTC","CTC","CTC","CTC","None","None","None","None","None","None","None","None","None","None","None","None","None","None","None","None"
"STU004445","None","None","None","None","CTC","None","CTC","CTC","CTC","CTC","CTC","CTC","None","None","None","None","None","None","None","None","None","None","None","None","None","None","None","None"
"STU004446","4YR","4YR","4YR","4YR","4YR","4YR","4YR","4YR","4YR","4YR","None","None","4YR","4YR","None","None","None","None","None","None","None","None","None","None","None","None","None","None"
"STU004447","None","None","None","None","CTC","CTC","None","CTC","CTC","CTC","CTC","CTC","CTC","CTC","None","None","None","None","None","None","None","None","None","None","None","None","None","None"
"STU004448","None","None","None","None","None","None","None","None","None","None","None","None","None","None","None","None","None","None","None","None","None","None","None","CTC","None","None","None","None"
"STU004449","CTC","CTC","CTC","None","CTC","CTC","CTC","CTC","CTC","CTC","CTC","CTC","CTC","None","None","None","None","None","None","None","None","None","None","None","None","None","None","None"
"STU004450","CTC","None","CTC","CTC","CTC","CTC","CTC","CTC","CTC","CTC","CTC","CTC","CTC","CTC","CTC","CTC","CTC","CTC","None","CTC","None","None","None","None","None","None","None","None"
"STU004451","None","None","None","None","None","None","None","None","None","None","None","None","None","None","None","None","None","None","None","None","None","None","None","None","None","None","None","None"
"STU004452","CTC","CTC","CTC","CTC","CTC","CTC","CTC","CTC","None","None","None","None","None","None","None","None","None","None","None","None","None","None","None","None","None","None","None","None"
"STU004453","None","CTC","CTC","CTC","CTC","None","None","None","None","None","None","None","None","None","None","None","None","None","None","None","None","None","None","None","None","None","None","None"
"STU004454","None","None","None","None","None","None","None","None","None","None","None","None","None","None","None","None","None","None","None","None","None","None","None","None","None","None","None","None"
"STU004455","None","None","None","None","None","None","None","None","None","None","None","None","None","None","None","None","None","None","None","None","None","None","None","None","None","None","None","None"
"STU004456","None","None","None","None","CTC","CTC","CTC","CTC","CTC","CTC","CTC","None","None","None","None","None","None","None","None","None","None","None","None","None","None","None","None","None"
"STU004457","4YR","4YR","4YR","4YR","4YR","4YR","4YR","4YR","4YR","4YR","4YR","4YR","4YR","4YR","4YR","None","None","None","None","None","None","None","None","None","None","None","None","None"
"STU004458","4YR","4YR","4YR","4YR","4YR","4YR","4YR","4YR","4YR","4YR","4YR","4YR","4YR","4YR","4YR","4YR","None","None","None","None","None","None","None","None","None","None","None","None"
"STU004459","CTC","CTC","CTC","CTC","CTC","CTC","CTC","CTC","CTC","None","CTC","CTC","None","None","None","None","None","None","None","None","None","None","None","None","None","None","None","None"
"STU004460","None","None","None","None","None","None","None","None","None","None","None","None","None","None","None","None","None","None","None","None","None","None","None","None","None","None","None","None"
"STU004461","CTC","CTC","CTC","CTC","CTC","CTC","CTC","CTC","4YR","4YR","4YR","4YR","4YR","4YR","4YR","None","4YR","None","None","None","None","None","None","None","None","None","None","None"
"STU004462","None","None","CTC","CTC","CTC","CTC","CTC","None","None","None","None","None","None","None","None","None","None","None","None","None","None","None","None","None","None","None","None","None"
"STU004463","None","None","None","None","None","None","None","None","None","None","None","None","None","None","None","None","None","None","None","None","None","None","None","None","None","None","None","None"
"STU004464","None","None","None","None","CTC","CTC","CTC","CTC","CTC","None","None","None","None","None","None","None","None","None","None","None","None","None","None","None","None","None","None","None"
"STU004465","CTC","CTC","None","CTC","CTC","CTC","CTC","None","None","None","None","None","None","None","None","None","None","None","None","None","None","None","None","None","None","None","None","None"
"STU004466","None","None","None","4YR","4YR","None","None","CTC","CTC","None","None","None","None","None","None","None","None","None","None","None","None","None","None","None","None","None","None","None"
"STU004467","None","None","None","None","None","None","None","None","None","None","None","None","None","None","None","None","None","None","None","None","None","None","None","None","None","None","None","None"
"STU004468","CTC","CTC","CTC","CTC","CTC","CTC","4YR","CTC","None","None","None","None","None","None","None","None","None","None","None","None","None","None","None","None","None","None","None","None"
"STU004469","None","CTC","4YR","None","None","None","None","None","None","None","None","None","None","None","None","None","None","None","None","None","None","None","None","None","None","None","None","None"
"STU004470","CTC","CTC","CTC","CTC","CTC","CTC","CTC","None","None","None","None","None","None","None","None","None","None","None","None","None","None","None","None","None","None","None","None","None"
"STU004471","None","None","None","CTC","CTC","CTC","CTC","CTC","CTC","CTC","None","None","None","None","None","None","None","None","None","None","None","None","None","None","None","None","None","None"
"STU004472","None","None","None","None","CTC","CTC","CTC","None","None","None","None","None","None","None","None","None","None","None","None","None","None","None","None","None","None","None","None","None"
"STU004473","CTC","CTC","CTC","CTC","CTC","None","CTC","CTC","CTC","CTC","None","None","None","None","None","None","None","None","None","None","None","None","None","None","None","None","None","None"
"STU004474","None","None","None","None","4YR","4YR","4YR","None","4YR","4YR","4YR","4YR","4YR","None","4YR","4YR","CTC","None","None","None","None","None","None","None","None","None","None","None"
"STU004475","None","None","4YR","4YR","4YR","4YR","None","4YR","None","4YR","4YR","4YR","4YR","None","None","None","None","None","None","None","None","None","None","None","None","None","None","None"
"STU004476","None","None","None","None","None","None","None","None","None","None","None","None","None","None","None","None","None","None","None","None","None","None","None","None","None","None","None","None"
"STU004477","None","None","None","None","None","None","None","None","None","None","None","None","None","None","None","None","None","None","None","None","None","None","None","None","None","None","None","None"
"STU004478","None","None","None","None","CTC","CTC","CTC","CTC","CTC","CTC","CTC","CTC","None","CTC","None","None","None","None","None","None","None","None","None","None","None","None","None","None"
"STU004479","CTC","CTC","CTC","CTC","CTC","CTC","CTC","CTC","CTC","CTC","None","None","None","None","None","None","None","None","None","None","None","None","None","None","None","None","None","None"
"STU004480","None","None","None","None","None","None","None","None","None","None","None","None","None","None","None","None","None","None","None","None","None","None","None","None","None","None","None","None"
"STU004481","None","None","None","None","CTC","4YR","CTC","CTC","CTC","CTC","None","None","None","None","None","None","None","None","None","None","None","None","None","None","None","None","None","None"
"STU004482","None","None","None","None","None","None","None","None","None","None","None","None","None","None","None","None","None","None","None","None","None","None","None","None","None","None","None","None"
"STU004483","CTC","CTC","CTC","CTC","CTC","CTC","None","CTC","CTC","CTC","CTC","CTC","CTC","CTC","CTC","CTC","None","None","None","None","None","None","None","None","None","None","None","None"
"STU004484","4YR","4YR","4YR","4YR","4YR","4YR","4YR","4YR","4YR","4YR","4YR","4YR","4YR","4YR","4YR","4YR","4YR","4YR","4YR","4YR","4YR","None","None","4YR","None","None","None","None"
"STU004485","None","None","None","None","None","None","None","None","None","None","None","None","None","None","None","None","None","None","None","None","None","None","None","None","None","None","None","None"
"STU004486","4YR","4YR","4YR","4YR","4YR","CTC","4YR","None","4YR","None","None","None","None","None","None","None","None","None","None","None","None","None","None","None","None","None","None","None"
"STU004487","None","None","None","None","None","None","None","None","None","None","None","None","None","None","None","None","None","None","None","None","None","None","None","None","None","None","None","None"
"STU004488","None","None","None","None","None","None","None","None","None","None","None","None","None","None","None","None","None","None","None","None","None","None","None","None","None","None","None","None"
"STU004489","4YR","4YR","4YR","4YR","4YR","None","4YR","4YR","4YR","4YR","4YR","4YR","4YR","4YR","4YR","4YR","4YR","CTC","4YR","None","None","None","None","None","None","None","None","None"
"STU004490","CTC","CTC","CTC","4YR","CTC","CTC","CTC","CTC","CTC","4YR","CTC","CTC","CTC","CTC","CTC","CTC","None","CTC","CTC","CTC","None","None","None","None","None","None","None","None"
"STU004491","None","4YR","4YR","4YR","4YR","None","None","None","None","None","None","None","None","None","None","None","None","None","None","None","None","None","None","None","None","None","None","None"
"STU004492","None","None","None","CTC","CTC","None","CTC","CTC","None","CTC","CTC","CTC","CTC","None","None","CTC","CTC","CTC","CTC","None","None","None","None","None","None","None","None","None"
"STU004493","CTC","CTC","CTC","CTC","CTC","CTC","CTC","CTC","None","CTC","CTC","CTC","CTC","None","CTC","CTC","CTC","None","None","None","None","None","None","None","None","None","None","None"
"STU004494","None","CTC","CTC","None","None","None","None","None","None","None","None","None","None","None","None","None","None","None","None","None","None","None","None","None","None","None","None","None"
"STU004495","None","CTC","CTC","CTC","CTC","CTC","None","None","None","None","None","None","None","None","None","None","None","None","None","None","None","None","None","None","None","None","None","None"
"STU004496","None","None","None","None","None","None","None","None","None","None","None","None","None","None","None","None","None","None","None","None","None","None","None","None","None","None","None","None"
"STU004497","None","None","None","None","None","None","None","None","None","None","None","None","None","None","None","None","None","None","None","None","None","None","None","None","None","None","None","None"
"STU004498","None","None","None","None","None","None","None","None","None","None","None","None","None","None","None","None","None","None","None","None","None","None","None","None","None","None","None","None"
"STU004499","CTC","CTC","CTC","CTC","None","None","None","CTC","CTC","CTC","CTC","CTC","CTC","None","None","None","None","None","None","None","None","None","None","None","None","None","None","None"
"STU004500","None","None","None","None","None","None","None","None","None","None","None","None","None","None","None","None","None","None","None","None","None","None","None","None","None","None","None","None"
"STU004501","None","None","None","CTC","CTC","CTC","CTC","CTC","CTC","CTC","CTC","CTC","None","None","None","None","None","None","None","None","None","None","None","None","None","None","None","None"
"STU004502","None","None","None","None","CTC","CTC","CTC","CTC","CTC","CTC","CTC","CTC","CTC","None","None","4YR","CTC","CTC","CTC","CTC","None","None","None","None","None","None","None","None"
"STU004503","CTC","CTC","CTC","CTC","CTC","CTC","CTC","CTC","CTC","CTC","CTC","None","CTC","CTC","CTC","CTC","CTC","CTC","CTC","None","None","None","None","None","None","None","None","None"
"STU004504","None","None","None","CTC","CTC","CTC","CTC","None","None","None","None","None","None","None","None","None","None","None","None","None","None","None","None","None","None","None","None","None"
"STU004505","CTC","CTC","CTC","CTC","CTC","CTC","4YR","4YR","4YR","4YR","4YR","4YR","4YR","4YR","4YR","4YR","None","None","None","None","None","None","None","None","None","None","None","None"
"STU004506","CTC","CTC","CTC","CTC","CTC","CTC","CTC","CTC","CTC","CTC","CTC","CTC","CTC","CTC","CTC","CTC","None","CTC","CTC","None","None","None","None","None","None","None","None","None"
"STU004507","None","None","None","None","None","None","None","None","None","None","None","None","None","None","None","None","None","None","None","None","None","None","None","None","None","None","None","None"
"STU004508","4YR","4YR","4YR","4YR","4YR","4YR","None","None","None","None","None","None","None","None","None","None","None","None","None","None","None","None","None","None","None","None","None","None"
"STU004509","CTC","CTC","CTC","CTC","CTC","CTC","CTC","None","None","None","None","None","None","None","None","None","None","None","None","None","None","None","None","None","None","None","None","None"
"STU004510","CTC","CTC","CTC","CTC","CTC","CTC","CTC","CTC","CTC","CTC","CTC","CTC","CTC","None","CTC","CTC","None","None","None","None","None","None","None","None","None","None","None","None"
"STU004511","None","None","CTC","CTC","CTC","CTC","CTC","CTC","CTC","CTC","CTC","CTC","None","None","None","None","None","None","None","None","None","None","None","None","None","None","None","None"
"STU004512","None","None","None","None","None","None","None","None","None","None","None","None","None","None","None","None","None","None","None","None","None","None","None","None","None","None","None","None"
"STU004513","None","None","None","None","None","None","None","None","None","None","None","None","None","None","None","None","None","None","None","None","None","None","None","None","None","None","None","None"
"STU004514","CTC","CTC","CTC","CTC","CTC","CTC","CTC","None","None","None","None","None","None","None","None","None","None","None","None","None","None","None","None","None","None","None","None","None"
"STU004515","CTC","CTC","CTC","CTC","CTC","None","None","None","None","None","None","None","None","None","None","None","None","None","None","None","None","None","None","None","None","None","None","None"
"STU004516","None","None","4YR","4YR","4YR","4YR","None","None","None","None","None","None","None","None","None","None","None","None","None","None","None","None","None","None","None","None","None","None"
"STU004517","4YR","4YR","4YR","4YR","4YR","4YR","4YR","4YR","4YR","4YR","4YR","4YR","4YR","4YR","4YR","4YR","4YR","4YR","4YR","None","None","None","None","None","None","None","None","None"
"STU004518","CTC","CTC","4YR","CTC","CTC","CTC","CTC","CTC","CTC","None","None","None","None","None","None","None","None","None","None","None","None","None","None","None","None","None","None","None"
"STU004519","CTC","CTC","CTC","CTC","CTC","None","CTC","CTC","None","None","None","None","None","None","None","None","None","None","None","None","None","None","None","None","None","None","None","None"
"STU004520","None","None","None","None","4YR","CTC","CTC","CTC","CTC","CTC","None","None","None","None","None","None","None","None","None","None","None","None","None","None","None","None","None","None"
"STU004521","None","None","None","None","CTC","CTC","CTC","CTC","CTC","CTC","CTC","CTC","CTC","CTC","None","None","None","None","None","None","None","None","None","None","None","None","None","None"
"STU004522","None","None","None","None","None","None","None","None","None","None","None","None","None","None","None","None","None","None","None","None","None","None","None","None","None","None","None","None"
"STU004523","CTC","CTC","None","4YR","None","CTC","CTC","CTC","None","None","None","None","None","None","None","None","None","None","None","None","None","None","None","None","None","None","None","None"
"STU004524","4YR","4YR","None","4YR","4YR","4YR","None","4YR","4YR","4YR","None","None","None","None","None","None","None","None","None","None","None","None","None","None","None","None","None","None"
"STU004525","None","None","None","CTC","CTC","CTC","CTC","CTC","CTC","None","None","None","None","None","None","None","None","None","None","None","None","None","None","None","None","None","None","None"
"STU004526","None","None","None","None","4YR","4YR","4YR","4YR","4YR","4YR","4YR","4YR","None","None","None","None","None","None","None","None","None","None","None","None","None","None","None","None"
"STU004527","CTC","CTC","CTC","CTC","None","None","None","CTC","CTC","CTC","CTC","None","None","None","None","None","None","None","None","None","None","None","None","None","None","None","None","None"
"STU004528","None","None","None","None","None","None","None","None","None","None","None","None","None","None","None","None","None","None","None","None","None","None","None","None","None","None","None","None"
"STU004529","CTC","CTC","CTC","CTC","CTC","CTC","CTC","4YR","4YR","4YR","4YR","CTC","CTC","4YR","None","4YR","4YR","None","None","None","None","None","None","None","None","None","None","None"
"STU004530","4YR","4YR","4YR","4YR","None","4YR","4YR","4YR","4YR","4YR","4YR","4YR","4YR","4YR","4YR","None","None","None","None","None","None","None","None","None","None","None","None","None"
"STU004531","4YR","4YR","CTC","4YR","4YR","4YR","4YR","4YR","4YR","4YR","4YR","4YR","4YR","4YR","4YR","4YR","None","None","None","None","None","None","None","None","None","None","None","None"
"STU004532","None","None","None","None","None","None","None","None","None","None","None","None","None","None","None","None","None","None","None","None","None","None","None","None","None","None","None","None"
"STU004533","CTC","CTC","CTC","None","None","None","None","None","None","None","None","None","None","None","None","None","None","None","None","None","None","None","None","None","None","None","None","None"
"STU004534","4YR","4YR","4YR","4YR","4YR","4YR","None","4YR","4YR","4YR","None","4YR","4YR","None","4YR","4YR","4YR","CTC","4YR","4YR","4YR","4YR","4YR","None","None","None","None","None"
"STU004535","None","CTC","CTC","CTC","CTC","CTC","None","None","None","None","None","None","None","None","None","None","None","None","None","None","None","None","None","None","None","None","None","None"
"STU004536","CTC","CTC","CTC","CTC","CTC","CTC","None","None","None","None","None","None","None","None","None","None","None","None","None","None","None","None","None","None","None","None","None","None"
"STU004537","None","None","None","None","None","None","None","None","None","None","None","None","None","None","None","None","None","None","None","None","None","None","None","None","None","None","None","None"
"STU004538","None","4YR","4YR","CTC","4YR","4YR","4YR","4YR","4YR","4YR","4YR","4YR","4YR","4YR","4YR","None","None","None","None","None","None","None","None","None","None","None","None","None"
"STU004539","4YR","4YR","None","None","4YR","4YR","4YR","4YR","4YR","4YR","None","None","None","None","None","None","None","None","None","None","None","None","None","None","None","None","None","None"
"STU004540","CTC","CTC","CTC","CTC","CTC","CTC","None","None","None","None","None","None","None","None","None","None","None","None","None","None","None","None","None","None","None","None","None","None"
"STU004541","None","None","None","None","CTC","CTC","CTC","CTC","CTC","CTC","None","None","CTC","None","None","None","None","None","None","None","None","None","None","None","None","None","None","None"
"STU004542","CTC","CTC","CTC","CTC","None","CTC","CTC","CTC","None","CTC","CTC","CTC","CTC","CTC","CTC","CTC","None","None","None","None","None","None","None","None","None","None","None","None"
"STU004543","CTC","CTC","CTC","CTC","CTC","CTC","CTC","CTC","None","None","None","None","None","None","None","None","None","None","None","None","None","None","None","None","None","None","None","None"
"STU004544","None","None","None","None","CTC","None","CTC","None","None","None","None","None","None","None","None","None","None","None","None","None","None","None","None","None","None","None","None","None"
"STU004545","None","None","4YR","4YR","4YR","4YR","4YR","4YR","None","None","None","None","None","4YR","4YR","4YR","4YR","4YR","None","None","None","None","None","None","None","None","None","None"
"STU004546","CTC","CTC","CTC","CTC","CTC","CTC","CTC","4YR","4YR","4YR","4YR","4YR","4YR","4YR","4YR","4YR","4YR","4YR","4YR","None","None","None","None","None","None","None","None","None"
"STU004547","None","None","None","None","None","None","None","None","None","None","None","None","None","None","None","None","None","None","None","None","None","None","None","None","None","None","None","None"
"STU004548","None","None","4YR","4YR","4YR","4YR","4YR","4YR","4YR","None","None","None","None","None","None","None","None","None","None","None","None","None","None","None","None","None","None","None"
"STU004549","CTC","CTC","CTC","CTC","CTC","CTC","CTC","CTC","CTC","CTC","None","None","None","None","None","None","None","None","None","None","None","None","None","None","None","None","None","None"
"STU004550","CTC","CTC","CTC","CTC","CTC","CTC","CTC","CTC","None","CTC","CTC","CTC","None","None","None","None","None","None","None","None","None","None","None","None","None","None","None","None"
"STU004551","None","None","None","None","None","None","None","None","None","None","None","None","None","None","None","None","None","None","None","None","None","None","None","None","None","None","None","None"
"STU004552","4YR","4YR","4YR","4YR","4YR","4YR","4YR","4YR","4YR","4YR","4YR","4YR","4YR","4YR","4YR","4YR","None","None","None","None","None","None","None","None","None","None","None","None"
"STU004553","4YR","4YR","4YR","4YR","4YR","4YR","4YR","CTC","4YR","4YR","4YR","4YR","4YR","4YR","4YR","4YR","4YR","None","4YR","4YR","None","None","None","None","None","None","None","None"
"STU004554","CTC","4YR","None","None","None","None","None","None","None","None","None","None","None","None","None","None","None","None","None","None","None","None","None","None","None","None","None","None"
"STU004555","4YR","None","4YR","4YR","CTC","CTC","CTC","CTC","CTC","CTC","CTC","CTC","None","CTC","None","None","None","None","None","None","None","None","None","None","None","None","None","None"
"STU004556","4YR","None","4YR","4YR","4YR","4YR","4YR","4YR","4YR","CTC","4YR","4YR","None","4YR","4YR","4YR","None","None","None","None","None","None","None","None","None","None","None","None"
"STU004557","None","None","None","None","None","None","None","None","None","None","None","None","None","None","None","None","None","None","None","None","None","None","None","None","None","None","None","None"
"STU004558","CTC","CTC","CTC","CTC","CTC","CTC","CTC","CTC","None","None","None","None","None","None","None","None","None","None","None","None","None","None","None","None","None","None","None","None"
"STU004559","None","None","None","None","None","None","None","None","None","None","None","None","None","None","None","None","None","None","None","None","None","None","None","None","None","None","None","None"
"STU004560","None","CTC","CTC","CTC","None","None","None","CTC","CTC","CTC","None","None","None","None","None","None","None","None","None","None","None","None","None","None","None","None","None","None"
"STU004561","None","None","None","CTC","CTC","CTC","CTC","CTC","CTC","None","None","None","None","None","None","None","None","None","None","None","None","None","None","None","None","None","None","None"
"STU004562","CTC","4YR","CTC","CTC","CTC","CTC","CTC","None","None","None","None","None","None","None","None","None","None","None","None","None","None","None","None","None","None","None","None","None"
"STU004563","4YR","4YR","4YR","4YR","4YR","4YR","4YR","4YR","4YR","4YR","4YR","4YR","4YR","4YR","4YR","4YR","None","None","None","None","None","None","None","None","None","None","None","None"
"STU004564","None","None","None","None","None","None","None","None","None","None","None","None","None","None","None","None","None","None","None","None","None","None","None","None","None","None","None","None"
"STU004565","4YR","4YR","4YR","4YR","4YR","4YR","4YR","4YR","4YR","4YR","4YR","4YR","4YR","4YR","None","None","None","None","None","None","None","None","None","None","None","None","None","None"
"STU004566","CTC","CTC","CTC","CTC","CTC","CTC","None","None","None","None","None","None","None","None","None","None","None","None","None","None","None","None","None","None","None","None","None","None"
"STU004567","None","None","None","None","None","None","None","None","None","None","None","None","None","None","None","None","None","None","None","None","None","None","None","None","None","None","None","None"
"STU004568","4YR","4YR","4YR","4YR","4YR","None","4YR","None","None","None","None","None","None","None","None","None","None","None","None","None","None","None","None","None","None","None","None","None"
"STU004569","None","None","None","None","None","None","None","None","None","None","None","None","None","None","None","None","None","None","None","None","None","None","None","None","None","None","None","None"
"STU004570","CTC","CTC","CTC","CTC","CTC","CTC","CTC","CTC","CTC","CTC","CTC","CTC","CTC","CTC","CTC","CTC","None","CTC","CTC","CTC","None","None","None","None","None","None","None","None"
"STU004571","None","None","None","CTC","CTC","CTC","CTC","CTC","CTC","CTC","CTC","None","None","None","None","None","None","None","None","None","None","None","None","None","None","None","None","None"
"STU004572","CTC","CTC","CTC","CTC","CTC","CTC","CTC","CTC","CTC","CTC","None","CTC","CTC","CTC","CTC","CTC","CTC","CTC","CTC","CTC","CTC","None","None","None","None","None","None","None"
"STU004573","4YR","4YR","4YR","4YR","4YR","4YR","4YR","4YR","4YR","4YR","4YR","4YR","4YR","4YR","4YR","None","None","None","None","None","None","None","None","None","None","None","None","None"
"STU004574","4YR","4YR","4YR","4YR","4YR","4YR","4YR","4YR","4YR","4YR","4YR","4YR","4YR","4YR","4YR","4YR","None","None","None","None","None","None","None","None","None","None","None","None"
"STU004575","CTC","CTC","CTC","CTC","CTC","CTC","CTC","None","None","None","None","None","None","None","None","None","None","None","None","None","None","None","None","None","None","None","None","None"
"STU004576","None","4YR","4YR","CTC","4YR","4YR","4YR","4YR","CTC","4YR","4YR","4YR","4YR","4YR","4YR","4YR","None","None","None","None","None","None","None","None","None","None","None","None"
"STU004577","CTC","CTC","CTC","CTC","CTC","CTC","CTC","None","None","CTC","CTC","CTC","CTC","None","None","None","None","None","None","None","None","None","None","None","None","None","None","None"
"STU004578","4YR","4YR","4YR","4YR","4YR","4YR","4YR","None","4YR","4YR","4YR","4YR","4YR","4YR","4YR","4YR","4YR","4YR","4YR","4YR","4YR","4YR","4YR","CTC","4YR","None","None","None"
"STU004579","CTC","CTC","CTC","CTC","None","None","None","None","None","None","None","None","None","None","None","None","None","None","None","None","None","None","None","None","None","None","None","None"
"STU004580","CTC","CTC","CTC","CTC","CTC","CTC","CTC","CTC","4YR","4YR","4YR","4YR","4YR","4YR","4YR","4YR","4YR","4YR","4YR","None","None","None","None","None","None","None","None","None"
"STU004581","None","None","None","CTC","CTC","CTC","CTC","CTC","CTC","CTC","CTC","CTC","None","CTC","CTC","CTC","CTC","None","None","None","None","None","None","None","None","None","None","None"
"STU004582","CTC","CTC","None","None","None","None","None","None","None","None","None","None","None","None","None","None","None","None","None","None","None","None","None","None","None","None","None","None"
"STU004583","None","None","None","None","None","None","None","None","None","None","None","None","None","None","None","None","None","None","None","None","None","None","None","None","None","None","None","None"
"STU004584","None","None","None","None","CTC","CTC","CTC","CTC","None","None","None","None","None","None","None","None","None","None","None","None","None","None","None","None","None","None","None","None"
"STU004585","4YR","4YR","4YR","4YR","4YR","4YR","4YR","4YR","4YR","4YR","4YR","4YR","4YR","4YR","4YR","4YR","None","None","None","None","None","None","None","None","None","None","None","None"
"STU004586","None","CTC","CTC","CTC","CTC","CTC","4YR","CTC","CTC","CTC","None","None","None","None","None","None","None","None","None","None","None","None","None","None","None","None","None","None"
"STU004587","None","CTC","CTC","CTC","CTC","CTC","CTC","CTC","None","CTC","CTC","CTC","None","CTC","CTC","CTC","None","None","None","None","None","None","None","None","None","None","None","None"
"STU004588","None","4YR","None","4YR","4YR","4YR","None","4YR","4YR","4YR","4YR","4YR","4YR","4YR","4YR","4YR","None","None","None","None","None","None","None","None","None","None","None","None"
"STU004589","None","None","None","None","None","None","None","None","None","None","None","None","None","None","None","None","None","None","None","None","None","None","None","None","None","None","None","None"
"STU004590","4YR","4YR","4YR","None","None","4YR","4YR","4YR","4YR","4YR","4YR","4YR","4YR","CTC","4YR","4YR","4YR","4YR","4YR","None","None","None","None","None","None","None","None","None"
"STU004591","None","CTC","CTC","CTC","CTC","CTC","None","CTC","CTC","CTC","CTC","None","None","CTC","CTC","CTC","CTC","CTC","None","None","None","None","None","None","None","None","None","None"
"STU004592","None","None","None","None","None","None","None","None","None","None","None","None","None","None","None","None","None","None","None","None","None","None","None","None","None","None","None","None"
"STU004593","None","CTC","None","None","None","None","CTC","CTC","CTC","None","None","None","None","None","None","None","None","None","None","None","None","None","None","None","None","None","None","None"
"STU004594","CTC","CTC","CTC","CTC","CTC","CTC","CTC","CTC","None","None","None","None","None","None","None","None","None","None","None","None","None","None","None","None","None","None","None","None"
"STU004595","None","None","None","None","None","None","None","None","None","None","None","None","None","None","None","None","None","None","None","None","None","None","None","None","None","None","None","None"
"STU004596","4YR","None","4YR","4YR","4YR","4YR","None","None","None","None","None","None","None","None","None","None","None","None","None","None","None","None","None","None","None","None","None","None"
"STU004597","None","None","None","None","None","None","None","None","None","None","None","None","None","None","None","None","None","None","None","None","None","None","None","None","None","None","None","None"
"STU004598","None","CTC","CTC","CTC","CTC","None","None","None","CTC","CTC","None","CTC","CTC","None","None","None","None","None","None","None","None","None","None","None","None","None","None","None"
"STU004599","4YR","4YR","4YR","4YR","4YR","4YR","None","4YR","4YR","4YR","4YR","4YR","CTC","4YR","None","None","None","None","None","None","None","None","None","None","None","None","None","None"
"STU004600","CTC","None","CTC","CTC","CTC","CTC","CTC","CTC","None","CTC","4YR","4YR","4YR","4YR","4YR","None","CTC","None","None","None","None","None","None","None","None","None","None","None"
"STU004601","None","None","None","CTC","CTC","CTC","None","None","CTC","CTC","CTC","CTC","None","None","None","None","None","None","None","None","None","None","None","None","None","None","None","None"
"STU004602","CTC","CTC","CTC","CTC","4YR","CTC","CTC","CTC","4YR","4YR","4YR","4YR","4YR","None","4YR","4YR","4YR","4YR","None","None","None","None","None","None","None","None","None","None"
"STU004603","CTC","CTC","CTC","CTC","CTC","CTC","CTC","4YR","4YR","4YR","4YR","4YR","4YR","4YR","4YR","4YR","4YR","4YR","None","None","None","None","None","None","None","None","None","None"
"STU004604","CTC","CTC","CTC","4YR","CTC","CTC","CTC","4YR","4YR","None","4YR","4YR","4YR","4YR","4YR","4YR","4YR","4YR","4YR","None","None","None","None","None","None","None","None","None"
"STU004605","None","None","None","None","None","None","None","None","None","None","None","None","None","None","None","None","None","None","None","None","None","None","None","None","None","None","None","None"
"STU004606","CTC","CTC","CTC","CTC","4YR","None","CTC","CTC","CTC","CTC","CTC","CTC","None","None","None","None","None","None","None","None","None","None","None","None","None","None","None","None"
"STU004607","4YR","4YR","None","None","4YR","4YR","4YR","4YR","4YR","4YR","4YR","4YR","4YR","4YR","4YR","4YR","4YR","4YR","4YR","4YR","4YR","4YR","4YR","4YR","4YR","4YR","None","None"
"STU004608","CTC","4YR","CTC","CTC","CTC","CTC","None","None","None","None","None","None","None","None","None","None","None","None","None","None","None","None","None","None","None","None","None","None"
"STU004609","None","CTC","CTC","None","None","None","None","None","None","None","None","None","None","None","None","None","None","None","None","None","None","None","None","None","None","None","None","None"
"STU004610","4YR","4YR","4YR","4YR","4YR","4YR","4YR","4YR","None","4YR","4YR","4YR","4YR","4YR","None","None","None","None","None","None","None","None","None","None","None","None","None","None"
"STU004611","4YR","4YR","4YR","4YR","None","4YR","4YR","4YR","4YR","4YR","4YR","4YR","4YR","4YR","None","None","None","None","None","None","None","None","None","None","None","None","None","None"
"STU004612","CTC","CTC","CTC","CTC","None","CTC","CTC","CTC","CTC","CTC","CTC","CTC","None","None","None","None","None","None","None","None","None","None","None","None","None","None","None","None"
"STU004613","None","None","None","CTC","4YR","CTC","CTC","CTC","4YR","None","None","None","CTC","CTC","None","CTC","CTC","None","None","None","None","None","None","None","None","None","None","None"
"STU004614","CTC","CTC","CTC","CTC","CTC","CTC","CTC","CTC","CTC","CTC","None","CTC","CTC","CTC","None","None","None","None","None","None","None","None","None","None","None","None","None","None"
"STU004615","4YR","4YR","4YR","4YR","4YR","4YR","4YR","4YR","4YR","4YR","None","4YR","4YR","4YR","4YR","None","None","None","None","None","None","None","None","None","None","None","None","None"
"STU004616","None","CTC","CTC","CTC","CTC","CTC","None","None","None","None","None","None","None","None","None","None","None","None","None","None","None","None","None","None","None","None","None","None"
"STU004617","None","None","None","CTC","CTC","None","None","None","None","None","None","None","None","None","None","None","None","None","None","None","None","None","None","None","None","None","None","None"
"STU004618","CTC","None","CTC","CTC","CTC","CTC","CTC","CTC","CTC","CTC","CTC","CTC","None","CTC","4YR","CTC","CTC","CTC","CTC","None","None","None","None","None","None","None","None","None"
"STU004619","None","None","None","CTC","CTC","4YR","CTC","CTC","CTC","None","CTC","CTC","CTC","CTC","CTC","None","None","None","None","None","None","None","None","None","None","None","None","None"
"STU004620","CTC","CTC","CTC","None","CTC","CTC","CTC","None","None","None","None","None","None","None","None","None","None","None","None","None","None","None","None","None","None","None","None","None"
"STU004621","None","None","None","None","None","None","None","None","None","None","None","None","None","None","None","None","None","None","None","None","None","None","None","None","None","None","None","None"
"STU004622","None","None","None","None","4YR","CTC","CTC","CTC","CTC","CTC","CTC","CTC","CTC","CTC","None","None","None","None","CTC","CTC","None","None","None","None","None","None","None","None"
"STU004623","None","None","None","None","CTC","4YR","None","CTC","CTC","CTC","None","None","None","None","None","None","None","None","None","None","None","None","None","None","None","None","None","None"
"STU004624","None","None","CTC","4YR","CTC","CTC","None","None","None","None","None","None","None","None","None","None","None","None","None","None","None","None","None","None","None","None","None","None"
"STU004625","CTC","CTC","CTC","CTC","CTC","CTC","CTC","CTC","CTC","CTC","CTC","CTC","CTC","CTC","CTC","None","None","None","None","None","None","None","None","None","None","None","None","None"
"STU004626","None","None","CTC","CTC","CTC","4YR","CTC","CTC","CTC","CTC","CTC","None","None","None","None","None","None","None","None","None","None","None","None","None","None","None","None","None"
"STU004627","CTC","CTC","CTC","CTC","CTC","CTC","CTC","CTC","CTC","None","None","None","None","None","None","None","None","None","None","None","None","None","None","None","None","None","None","None"
"STU004628","4YR","4YR","4YR","4YR","4YR","4YR","4YR","4YR","4YR","4YR","4YR","None","4YR","4YR","4YR","4YR","None","None","None","None","None","None","None","None","None","None","None","None"
"STU004629","4YR","4YR","4YR","4YR","4YR","4YR","4YR","4YR","CTC","None","None","None","None","None","None","None","None","None","None","None","None","None","None","None","None","None","None","None"
"STU004630","CTC","CTC","CTC","4YR","CTC","CTC","4YR","None","None","None","None","None","None","None","None","None","None","None","None","None","None","None","None","None","None","None","None","None"
"STU004631","None","CTC","CTC","None","CTC","CTC","None","None","None","None","None","None","None","None","None","None","None","None","None","None","None","None","None","None","None","None","None","None"
"STU004632","None","None","CTC","None","None","None","CTC","CTC","CTC","None","None","None","None","None","None","None","None","None","None","None","None","None","None","None","None","None","None","None"
"STU004633","None","None","None","None","None","None","None","None","None","None","None","None","None","None","None","None","None","None","None","None","None","None","None","None","None","None","None","None"
"STU004634","4YR","4YR","4YR","4YR","4YR","4YR","4YR","4YR","4YR","4YR","4YR","4YR","4YR","4YR","4YR","4YR","4YR","4YR","4YR","4YR","None","None","None","None","None","None","None","None"
"STU004635","4YR","4YR","4YR","4YR","4YR","4YR","4YR","CTC","CTC","CTC","CTC","CTC","CTC","CTC","CTC","CTC","CTC","CTC","None","None","None","None","None","None","None","None","None","None"
"STU004636","CTC","CTC","CTC","CTC","CTC","CTC","CTC","CTC","CTC","CTC","CTC","CTC","CTC","CTC","CTC","CTC","CTC","CTC","None","None","None","None","None","None","None","None","None","None"
"STU004637","4YR","4YR","4YR","4YR","4YR","4YR","4YR","4YR","CTC","4YR","4YR","4YR","4YR","4YR","4YR","CTC","4YR","4YR","4YR","4YR","4YR","None","None","None","None","None","None","None"
"STU004638","4YR","4YR","4YR","4YR","None","None","4YR","4YR","4YR","4YR","None","None","None","None","None","None","None","None","None","None","None","None","None","None","None","None","None","None"
"STU004639","None","None","4YR","4YR","None","None","None","None","None","None","None","None","None","None","None","None","None","None","None","None","None","None","None","None","None","None","None","None"
"STU004640","None","CTC","CTC","CTC","CTC","CTC","CTC","4YR","4YR","4YR","4YR","4YR","4YR","4YR","4YR","4YR","4YR","4YR","None","None","None","None","None","None","None","None","None","None"
"STU004641","None","4YR","4YR","4YR","4YR","4YR","4YR","4YR","CTC","4YR","4YR","4YR","4YR","4YR","4YR","4YR","CTC","4YR","4YR","4YR","4YR","None","None","None","None","None","None","None"
"STU004642","None","None","None","None","None","None","None","None","None","None","None","None","None","None","None","None","None","None","None","None","None","None","None","None","None","None","None","None"
"STU004643","4YR","4YR","4YR","4YR","4YR","4YR","4YR","4YR","4YR","4YR","4YR","4YR","4YR","4YR","None","None","None","None","None","None","None","None","None","None","None","None","None","None"
"STU004644","CTC","CTC","4YR","CTC","CTC","CTC","4YR","4YR","4YR","4YR","4YR","None","4YR","4YR","4YR","4YR","4YR","4YR","None","None","None","None","None","None","None","None","None","None"
"STU004645","CTC","CTC","CTC","CTC","None","None","None","None","None","None","None","None","None","None","None","None","None","None","None","None","None","None","None","None","None","None","None","None"
"STU004646","None","None","None","None","CTC","CTC","CTC","CTC","CTC","CTC","CTC","CTC","None","None","None","None","None","None","None","None","None","None","None","None","None","None","None","None"
"STU004647","None","None","None","None","CTC","CTC","CTC","CTC","4YR","CTC","None","None","None","None","None","None","None","None","None","None","None","None","None","None","None","None","None","None"
"STU004648","CTC","CTC","CTC","CTC","CTC","CTC","CTC","CTC","None","4YR","4YR","4YR","4YR","4YR","4YR","4YR","4YR","None","None","None","None","None","None","None","None","None","None","None"
"STU004649","CTC","CTC","CTC","None","CTC","CTC","None","None","None","None","None","None","None","None","None","None","None","None","None","None","None","None","None","None","None","None","None","None"
"STU004650","None","None","None","None","4YR","4YR","4YR","4YR","None","None","None","4YR","4YR","4YR","4YR","None","None","None","None","None","None","None","None","None","None","None","None","None"
"STU004651","4YR","4YR","4YR","4YR","4YR","4YR","4YR","4YR","4YR","4YR","None","4YR","4YR","4YR","None","None","None","None","None","None","None","None","None","None","None","None","None","None"
"STU004652","4YR","4YR","4YR","4YR","4YR","None","None","4YR","4YR","4YR","None","4YR","4YR","4YR","4YR","4YR","4YR","4YR","4YR","4YR","4YR","4YR","4YR","4YR","None","None","None","None"
"STU004653","None","None","None","None","4YR","4YR","4YR","4YR","4YR","None","None","None","None","None","None","None","None","None","None","None","None","None","None","None","None","None","None","None"
"STU004654","CTC","CTC","CTC","4YR","CTC","CTC","CTC","CTC","CTC","CTC","None","None","None","None","None","None","None","None","None","None","None","None","None","None","None","None","None","None"
"STU004655","4YR","4YR","4YR","4YR","4YR","4YR","4YR","4YR","4YR","None","None","None","None","None","None","None","None","None","None","None","None","None","None","None","None","None","None","None"
"STU004656","None","CTC","4YR","CTC","CTC","CTC","CTC","CTC","CTC","CTC","CTC","None","None","None","None","None","None","None","None","None","None","None","None","None","None","None","None","None"
"STU004657","None","None","None","None","None","None","None","None","None","None","None","None","None","None","None","None","None","None","None","None","None","None","None","None","None","None","None","None"
"STU004658","CTC","CTC","CTC","None","CTC","CTC","CTC","4YR","CTC","4YR","4YR","4YR","4YR","4YR","4YR","4YR","None","None","None","None","None","None","None","None","None","None","None","None"
"STU004659","4YR","4YR","None","4YR","4YR","4YR","CTC","CTC","CTC","CTC","CTC","CTC","CTC","CTC","CTC","None","None","None","None","None","None","None","None","None","None","None","None","None"
"STU004660","CTC","CTC","None","None","None","None","None","None","None","None","None","None","None","None","None","None","None","None","None","None","None","None","None","None","None","None","None","None"
"STU004661","None","None","None","None","CTC","CTC","None","None","None","None","None","None","None","None","None","None","None","None","None","None","None","None","None","None","None","None","None","None"
"STU004662","CTC","CTC","CTC","CTC","CTC","CTC","CTC","None","None","None","None","None","None","None","None","None","None","None","None","None","None","None","None","None","None","None","None","None"
"STU004663","CTC","CTC","None","CTC","CTC","CTC","CTC","4YR","4YR","4YR","4YR","4YR","4YR","4YR","CTC","4YR","4YR","4YR","4YR","None","None","None","None","None","None","None","None","None"
"STU004664","None","None","None","None","CTC","CTC","CTC","CTC","CTC","CTC","4YR","CTC","None","None","None","CTC","CTC","CTC","CTC","CTC","None","None","None","None","None","None","None","None"
"STU004665","None","None","None","None","4YR","4YR","4YR","None","4YR","None","None","4YR","4YR","4YR","4YR","4YR","4YR","None","None","None","None","None","None","None","None","None","None","None"
"STU004666","4YR","4YR","4YR","4YR","CTC","4YR","None","None","None","None","None","None","None","None","None","None","None","None","None","None","None","None","None","None","None","None","None","None"
"STU004667","None","4YR","4YR","CTC","None","4YR","4YR","4YR","4YR","4YR","4YR","4YR","4YR","4YR","4YR","4YR","CTC","4YR","4YR","4YR","4YR","4YR","4YR","4YR","4YR","4YR","None","None"
"STU004668","CTC","CTC","None","CTC","CTC","CTC","CTC","None","None","None","None","None","None","None","None","None","None","None","None","None","None","None","None","None","None","None","None","None"
"STU004669","CTC","CTC","4YR","CTC","CTC","CTC","CTC","CTC","None","None","None","None","None","None","None","None","None","None","None","None","None","None","None","None","None","None","None","None"
"STU004670","None","None","None","None","None","None","None","None","None","None","None","None","None","None","None","None","None","None","None","None","None","None","None","None","None","None","None","None"
"STU004671","None","CTC","None","CTC","None","None","None","None","None","None","None","None","None","None","None","None","None","None","None","None","None","None","None","None","None","None","None","None"
"STU004672","CTC","None","CTC","CTC","CTC","CTC","CTC","CTC","None","CTC","None","CTC","None","None","None","None","None","None","None","None","None","None","None","None","None","None","None","None"
"STU004673","None","None","None","None","None","None","None","None","None","None","None","None","None","None","None","None","None","None","None","None","None","None","None","None","None","None","None","None"
"STU004674","4YR","4YR","4YR","4YR","4YR","4YR","4YR","4YR","CTC","4YR","4YR","None","4YR","None","4YR","4YR","4YR","4YR","4YR","4YR","None","None","None","None","None","None","None","None"
"STU004675","CTC","None","CTC","CTC","CTC","CTC","CTC","CTC","CTC","CTC","CTC","CTC","CTC","None","CTC","None","None","None","None","None","None","None","None","None","None","None","None","None"
"STU004676","None","None","None","None","None","None","None","None","None","None","None","None","None","None","None","None","None","None","None","None","None","None","None","None","None","None","None","None"
"STU004677","None","None","None","4YR","4YR","4YR","4YR","4YR","4YR","4YR","4YR","None","None","4YR","4YR","4YR","None","None","None","None","None","None","None","None","None","None","None","None"
"STU004678","None","None","CTC","CTC","CTC","CTC","CTC","CTC","CTC","None","None","None","None","None","None","None","None","None","None","None","None","None","None","None","None","None","None","None"
"STU004679","None","None","None","None","None","None","None","None","None","None","None","None","None","None","None","None","None","None","None","None","None","None","None","None","None","None","None","None"
"STU004680","CTC","CTC","CTC","CTC","CTC","CTC","None","None","None","None","None","None","None","None","None","None","None","None","None","None","None","None","None","None","None","None","None","None"
"STU004681","CTC","CTC","CTC","CTC","CTC","CTC","CTC","CTC","None","None","None","None","None","None","None","None","None","None","None","None","None","None","None","None","None","None","None","None"
"STU004682","None","CTC","CTC","CTC","CTC","None","None","None","None","None","None","None","None","None","None","None","None","None","None","None","None","None","None","None","None","None","None","None"
"STU004683","CTC","None","CTC","None","None","None","None","None","None","None","None","None","None","None","None","None","None","None","None","None","None","None","None","None","None","None","None","None"
"STU004684","4YR","4YR","None","None","4YR","CTC","4YR","4YR","CTC","4YR","4YR","4YR","None","4YR","4YR","4YR","4YR","4YR","4YR","4YR","4YR","None","4YR","4YR","4YR","4YR","4YR","None"
"STU004685","CTC","CTC","CTC","CTC","None","4YR","None","None","None","4YR","CTC","CTC","CTC","None","None","None","None","None","None","None","None","None","None","None","None","None","None","None"
"STU004686","CTC","CTC","CTC","CTC","CTC","CTC","CTC","None","CTC","None","None","None","None","None","None","None","None","None","None","None","None","None","None","None","None","None","None","None"
"STU004687","None","None","None","CTC","CTC","CTC","CTC","CTC","CTC","CTC","CTC","None","None","None","None","None","None","None","None","None","None","None","None","None","None","None","None","None"
"STU004688","None","None","CTC","CTC","CTC","CTC","CTC","None","CTC","CTC","CTC","CTC","None","None","None","None","None","None","None","None","None","None","None","None","None","None","None","None"
"STU004689","None","None","None","None","None","None","None","None","None","None","None","None","None","None","None","None","None","None","None","None","None","None","None","None","None","None","None","None"
"STU004690","CTC","CTC","CTC","CTC","CTC","CTC","CTC","CTC","4YR","4YR","4YR","4YR","4YR","4YR","4YR","4YR","4YR","4YR","4YR","None","None","None","None","None","None","None","None","None"
"STU004691","None","None","CTC","CTC","CTC","None","None","None","None","None","None","None","None","None","None","None","None","None","None","None","None","None","None","None","None","None","None","None"
"STU004692","None","None","None","CTC","CTC","None","None","CTC","CTC","CTC","None","None","None","None","None","None","None","None","None","None","None","None","None","None","None","None","None","None"
"STU004693","4YR","4YR","None","4YR","4YR","4YR","4YR","None","None","None","None","None","None","None","None","None","None","None","None","None","None","None","None","None","None","None","None","None"
"STU004694","None","None","None","CTC","CTC","CTC","CTC","None","None","None","None","None","None","None","None","None","None","None","None","None","None","None","None","None","None","None","None","None"
"STU004695","None","None","None","None","None","None","None","None","None","None","None","None","None","None","None","None","None","None","None","None","None","None","None","None","None","None","None","None"
"STU004696","None","None","4YR","4YR","4YR","4YR","4YR","4YR","None","4YR","None","None","None","None","None","None","None","None","None","None","None","None","None","None","None","None","None","None"
"STU004697","CTC","CTC","CTC","CTC","4YR","CTC","CTC","CTC","CTC","CTC","CTC","CTC","CTC","CTC","CTC","CTC","CTC","None","None","None","None","None","None","None","None","None","None","None"
"STU004698","CTC","CTC","CTC","None","CTC","CTC","None","None","None","None","None","None","None","None","None","None","None","None","None","None","None","None","None","None","None","None","None","None"
"STU004699","CTC","CTC","CTC","CTC","CTC","CTC","CTC","CTC","CTC","None","CTC","CTC","CTC","CTC","CTC","CTC","CTC","CTC","CTC","None","None","None","None","None","None","None","None","None"
"STU004700","CTC","CTC","CTC","CTC","CTC","None","None","None","None","None","None","None","None","None","None","None","None","None","None","None","None","None","None","None","None","None","None","None"
"STU004701","4YR","4YR","4YR","4YR","4YR","4YR","4YR","4YR","4YR","4YR","4YR","4YR","4YR","4YR","4YR","None","None","None","None","None","None","None","None","None","None","None","None","None"
"STU004702","None","None","None","None","None","None","None","None","None","None","None","None","None","None","None","None","None","None","None","None","None","None","None","None","None","None","None","None"
"STU004703","CTC","CTC","None","None","None","None","None","None","None","None","None","None","None","None","None","None","None","None","None","None","None","None","None","None","None","None","None","None"
"STU004704","None","None","None","None","None","None","None","None","None","None","None","None","None","None","None","None","None","None","None","None","None","None","None","None","None","None","None","None"
"STU004705","None","None","None","None","None","None","None","None","None","None","None","None","None","None","None","None","None","None","None","None","None","None","None","None","None","None","None","None"
"STU004706","4YR","4YR","4YR","None","4YR","4YR","4YR","4YR","4YR","4YR","4YR","4YR","4YR","4YR","4YR","4YR","None","None","None","None","None","None","None","None","None","None","None","None"
"STU004707","4YR","4YR","4YR","4YR","4YR","4YR","4YR","4YR","4YR","4YR","4YR","4YR","4YR","4YR","4YR","4YR","None","4YR","4YR","4YR","4YR","4YR","4YR","4YR","4YR","4YR","4YR","4YR"
"STU004708","4YR","4YR","4YR","4YR","None","4YR","4YR","4YR","4YR","4YR","4YR","4YR","4YR","4YR","4YR","4YR","4YR","4YR","4YR","4YR","4YR","4YR","4YR","4YR","4YR","4YR","4YR","4YR"
"STU004709","None","CTC","CTC","CTC","None","None","None","None","None","None","None","None","None","None","None","None","None","None","None","None","None","None","None","None","None","None","None","None"
"STU004710","None","None","None","None","None","None","None","None","None","None","None","None","None","None","None","None","None","None","None","None","None","None","None","None","None","None","None","None"
"STU004711","None","None","CTC","CTC","CTC","CTC","None","None","None","None","None","None","None","None","None","None","None","None","None","None","None","None","None","None","None","None","None","None"
"STU004712","4YR","4YR","4YR","4YR","None","4YR","4YR","4YR","None","4YR","4YR","4YR","4YR","4YR","None","None","None","None","None","None","None","None","None","None","None","None","None","None"
"STU004713","None","None","None","None","None","None","None","None","None","None","None","None","None","None","None","None","None","None","None","None","None","None","None","None","None","None","None","None"
"STU004714","CTC","CTC","CTC","CTC","CTC","CTC","4YR","4YR","None","4YR","4YR","4YR","4YR","4YR","4YR","4YR","4YR","None","None","None","None","None","None","None","None","None","None","None"
"STU004715","None","None","CTC","CTC","None","None","None","CTC","CTC","CTC","None","None","None","None","None","None","None","None","None","None","None","None","None","None","None","None","None","None"
"STU004716","4YR","4YR","4YR","4YR","4YR","4YR","4YR","4YR","4YR","4YR","4YR","4YR","4YR","4YR","CTC","4YR","None","4YR","4YR","CTC","4YR","4YR","4YR","4YR","4YR","4YR","4YR","4YR"
"STU004717","None","None","None","None","CTC","CTC","CTC","None","None","None","None","None","None","None","None","None","None","None","None","None","None","None","None","None","None","None","None","None"
"STU004718","4YR","4YR","4YR","None","4YR","4YR","4YR","None","None","None","None","None","None","None","None","None","None","None","None","None","None","None","None","None","None","None","None","None"
"STU004719","None","None","CTC","4YR","None","CTC","CTC","CTC","None","CTC","CTC","CTC","None","None","None","None","None","None","None","None","None","None","None","None","None","None","None","None"
"STU004720","CTC","CTC","CTC","CTC","CTC","CTC","CTC","CTC","CTC","None","None","None","None","None","None","None","None","None","None","None","None","None","None","None","None","None","None","None"
"STU004721","None","4YR","4YR","4YR","4YR","4YR","4YR","None","4YR","4YR","4YR","4YR","4YR","4YR","4YR","None","None","None","None","None","None","None","None","None","None","None","None","None"
"STU004722","None","None","None","None","None","None","None","None","None","None","None","None","None","None","None","None","None","None","None","None","None","None","None","None","None","None","None","None"
"STU004723","None","None","None","CTC","CTC","CTC","CTC","CTC","CTC","CTC","CTC","CTC","None","None","None","None","None","None","None","None","None","None","None","None","None","None","None","None"
"STU004724","None","None","None","CTC","CTC","CTC","None","CTC","CTC","None","CTC","CTC","CTC","CTC","None","None","None","None","None","None","None","None","None","None","None","None","None","None"
"STU004725","4YR","4YR","CTC","4YR","4YR","4YR","4YR","CTC","4YR","4YR","4YR","4YR","4YR","4YR","CTC","None","None","None","None","None","None","None","None","None","None","None","None","None"
"STU004726","CTC","4YR","4YR","None","4YR","4YR","4YR","4YR","4YR","4YR","4YR","4YR","4YR","4YR","None","None","None","None","None","None","None","None","None","None","None","None","None","None"
"STU004727","None","None","None","None","None","None","None","None","None","None","None","None","None","None","None","None","None","None","None","None","None","None","None","None","None","None","None","None"
"STU004728","None","CTC","4YR","None","CTC","CTC","CTC","CTC","None","None","None","None","None","None","None","None","None","None","None","None","None","None","None","None","None","None","None","None"
"STU004729","None","None","None","None","None","None","None","None","None","None","None","None","None","None","None","None","None","None","None","None","None","None","None","None","None","None","None","None"
"STU004730","4YR","4YR","4YR","4YR","4YR","4YR","4YR","4YR","4YR","4YR","4YR","4YR","4YR","4YR","4YR","None","None","None","None","None","None","None","None","None","None","None","None","None"
"STU004731","CTC","CTC","None","CTC","None","None","None","None","None","None","None","None","None","None","None","None","None","None","None","None","None","None","None","None","None","None","None","None"
"STU004732","None","None","None","4YR","CTC","CTC","4YR","4YR","None","None","4YR","None","None","None","None","None","None","None","None","None","None","None","None","None","None","None","None","None"
"STU004733","None","CTC","CTC","CTC","None","CTC","CTC","CTC","None","None","None","None","None","None","None","None","None","None","None","None","None","None","None","None","None","None","None","None"
"STU004734","None","None","None","None","CTC","CTC","CTC","CTC","CTC","None","CTC","CTC","CTC","CTC","None","None","None","None","None","None","None","None","None","None","None","None","None","None"
"STU004735","CTC","CTC","CTC","CTC","CTC","CTC","CTC","CTC","CTC","None","CTC","CTC","CTC","CTC","CTC","CTC","CTC","CTC","CTC","None","None","None","None","None","None","None","None","None"
"STU004736","None","None","None","None","CTC","CTC","CTC","CTC","4YR","CTC","None","CTC","CTC","CTC","CTC","CTC","CTC","None","None","None","None","None","None","None","None","None","None","None"
"STU004737","None","None","None","None","None","None","None","None","None","None","None","None","None","None","None","None","None","None","None","None","None","None","None","None","None","None","None","None"
"STU004738","4YR","4YR","None","4YR","4YR","4YR","None","4YR","4YR","None","4YR","4YR","4YR","4YR","4YR","None","None","None","None","None","None","None","None","None","None","None","None","None"
"STU004739","None","CTC","CTC","None","None","None","None","None","None","None","None","None","None","None","None","None","None","None","None","None","None","None","None","None","None","None","None","None"
"STU004740","4YR","4YR","CTC","4YR","None","None","None","None","None","None","None","None","None","None","None","None","None","None","None","None","None","None","None","None","None","None","None","None"
"STU004741","None","None","None","None","CTC","CTC","None","None","None","None","None","None","None","None","None","None","None","None","None","None","None","None","None","None","None","None","None","None"
"STU004742","CTC","None","CTC","CTC","CTC","CTC","None","CTC","CTC","CTC","CTC","4YR","4YR","CTC","CTC","CTC","CTC","CTC","CTC","CTC","CTC","None","None","None","None","None","None","None"
"STU004743","4YR","4YR","4YR","4YR","4YR","4YR","None","None","None","None","None","None","None","None","None","None","None","None","None","None","None","None","None","None","None","None","None","None"
"STU004744","None","None","None","None","None","None","None","None","None","None","None","None","None","None","None","None","None","None","None","None","None","None","None","None","None","None","None","None"
"STU004745","None","None","None","None","None","None","None","None","None","None","None","None","None","None","None","None","None","None","None","None","None","None","None","None","None","None","None","None"
"STU004746","4YR","4YR","4YR","None","4YR","4YR","4YR","4YR","None","None","4YR","4YR","4YR","None","4YR","4YR","4YR","4YR","4YR","4YR","4YR","4YR","4YR","4YR","4YR","4YR","4YR","None"
"STU004747","None","None","None","4YR","CTC","None","4YR","CTC","CTC","CTC","CTC","CTC","CTC","CTC","CTC","CTC","CTC","CTC","CTC","None","None","None","None","None","None","None","None","None"
"STU004748","CTC","CTC","CTC","CTC","CTC","CTC","CTC","CTC","CTC","CTC","CTC","CTC","CTC","CTC","CTC","CTC","CTC","CTC","None","None","None","None","None","None","None","None","None","None"
"STU004749","4YR","4YR","4YR","4YR","4YR","4YR","4YR","4YR","4YR","4YR","4YR","4YR","CTC","4YR","4YR","4YR","4YR","None","4YR","4YR","4YR","None","4YR","4YR","4YR","None","None","None"
"STU004750","CTC","CTC","CTC","CTC","CTC","4YR","None","None","None","None","None","None","None","None","None","None","None","None","None","None","None","None","None","None","None","None","None","None"
"STU004751","None","None","None","None","None","None","None","None","None","None","None","None","None","None","None","None","None","None","None","None","None","None","None","None","None","None","None","None"
"STU004752","CTC","CTC","CTC","CTC","4YR","CTC","CTC","4YR","None","CTC","None","None","None","None","None","None","None","None","None","None","None","None","None","None","None","None","None","None"
"STU004753","CTC","CTC","CTC","CTC","CTC","CTC","CTC","None","None","None","None","None","None","None","None","None","None","None","None","None","None","None","None","None","None","None","None","None"
"STU004754","None","None","None","None","CTC","CTC","CTC","CTC","CTC","None","None","None","CTC","CTC","CTC","CTC","CTC","CTC","None","None","None","None","None","None","None","None","None","None"
"STU004755","4YR","4YR","4YR","4YR","4YR","4YR","4YR","4YR","CTC","CTC","CTC","None","CTC","CTC","None","None","None","None","None","None","None","None","None","None","None","None","None","None"
"STU004756","CTC","CTC","CTC","CTC","None","None","None","None","None","None","None","None","None","None","None","None","None","None","None","None","None","None","None","None","None","None","None","None"
"STU004757","None","None","None","None","None","None","None","None","None","None","None","None","None","None","None","None","None","None","None","None","None","None","None","None","None","None","None","None"
"STU004758","None","CTC","CTC","CTC","CTC","CTC","CTC","None","None","None","CTC","CTC","CTC","None","None","None","None","None","None","None","None","None","None","None","None","None","None","None"
"STU004759","4YR","None","4YR","4YR","None","4YR","4YR","4YR","4YR","None","4YR","4YR","4YR","4YR","4YR","4YR","None","None","None","None","None","None","None","None","None","None","None","None"
"STU004760","None","None","CTC","CTC","CTC","CTC","CTC","CTC","CTC","None","None","None","None","None","None","None","None","None","None","None","None","None","None","None","None","None","None","None"
"STU004761","CTC","CTC","CTC","CTC","CTC","CTC","4YR","4YR","4YR","CTC","4YR","4YR","4YR","4YR","4YR","4YR","4YR","4YR","None","None","None","None","None","None","None","None","None","None"
"STU004762","None","CTC","CTC","None","None","CTC","CTC","CTC","None","None","None","None","None","None","None","None","None","None","None","None","None","None","None","None","None","None","None","None"
"STU004763","CTC","CTC","CTC","CTC","None","None","None","None","None","None","None","None","None","None","None","None","None","None","None","None","None","None","None","None","None","None","None","None"
"STU004764","None","None","None","None","None","None","None","None","None","None","None","None","None","None","None","None","None","None","None","None","None","None","None","None","None","None","None","None"
"STU004765","CTC","CTC","CTC","CTC","CTC","CTC","None","None","None","None","None","None","None","None","None","None","None","None","None","None","None","None","None","None","None","None","None","None"
"STU004766","None","None","None","4YR","4YR","4YR","4YR","4YR","4YR","4YR","4YR","4YR","None","None","None","None","None","None","None","None","None","None","None","None","None","None","None","None"
"STU004767","CTC","CTC","None","CTC","None","CTC","CTC","CTC","None","None","None","None","None","None","None","None","None","None","None","None","None","None","None","None","None","None","None","None"
"STU004768","CTC","CTC","CTC","CTC","CTC","None","None","None","None","None","None","None","None","None","None","None","None","None","None","None","None","None","None","None","None","None","None","None"
"STU004769","4YR","CTC","CTC","CTC","CTC","CTC","CTC","4YR","4YR","4YR","None","4YR","4YR","4YR","4YR","4YR","4YR","4YR","4YR","None","None","None","None","None","None","None","None","None"
"STU004770","CTC","CTC","CTC","None","None","None","None","None","None","None","None","None","None","None","None","None","None","None","None","None","None","None","None","None","None","None","None","None"
"STU004771","CTC","CTC","None","None","None","None","None","None","None","None","None","None","None","None","None","None","None","None","None","None","None","None","None","None","None","None","None","None"
"STU004772","4YR","4YR","4YR","4YR","4YR","4YR","4YR","None","None","None","None","None","None","None","None","None","None","None","None","None","None","None","None","None","None","None","None","None"
"STU004773","CTC","CTC","CTC","CTC","CTC","CTC","4YR","4YR","4YR","4YR","4YR","4YR","None","4YR","4YR","4YR","4YR","4YR","None","None","None","None","None","None","None","None","None","None"
"STU004774","4YR","4YR","4YR","4YR","None","4YR","4YR","4YR","4YR","4YR","4YR","4YR","4YR","CTC","4YR","4YR","4YR","4YR","4YR","4YR","None","None","None","None","None","None","None","None"
"STU004775","None","None","None","CTC","CTC","CTC","CTC","CTC","None","None","None","None","None","None","None","None","None","None","None","None","None","None","None","None","None","None","None","None"
"STU004776","None","None","None","None","None","None","None","None","None","None","None","None","None","None","None","None","None","None","None","None","None","None","None","None","None","None","None","None"
"STU004777","CTC","CTC","None","None","None","None","None","None","None","None","None","None","None","None","None","None","None","None","None","None","None","None","None","None","None","None","None","None"
"STU004778","CTC","CTC","None","None","None","None","None","None","None","None","None","None","None","None","None","None","None","None","None","None","None","None","None","None","None","None","None","None"
"STU004779","CTC","CTC","CTC","CTC","CTC","CTC","CTC","4YR","4YR","4YR","4YR","4YR","4YR","4YR","4YR","4YR","4YR","4YR","4YR","4YR","None","None","None","None","None","None","None","None"
"STU004780","None","None","None","None","None","None","None","None","None","None","None","None","None","None","None","None","None","None","None","None","None","None","None","None","None","None","None","None"
"STU004781","CTC","CTC","CTC","None","None","None","None","None","None","None","None","None","None","None","None","None","None","None","None","None","None","None","None","None","None","None","None","None"
"STU004782","None","None","CTC","CTC","None","None","None","None","None","None","None","None","None","None","None","None","None","None","None","None","None","None","None","None","None","None","None","None"
"STU004783","None","None","CTC","CTC","CTC","CTC","CTC","None","None","None","None","None","None","None","None","None","None","None","None","None","None","None","None","None","None","None","None","None"
"STU004784","None","CTC","CTC","4YR","CTC","CTC","CTC","CTC","CTC","CTC","None","None","None","None","None","None","None","None","None","None","None","None","None","None","None","None","None","None"
"STU004785","CTC","CTC","CTC","CTC","CTC","CTC","CTC","CTC","CTC","CTC","CTC","4YR","4YR","None","None","None","None","None","None","None","None","None","None","None","None","None","None","None"
"STU004786","None","None","None","CTC","CTC","CTC","CTC","CTC","None","None","None","None","None","None","None","None","None","None","None","None","None","None","None","None","None","None","None","None"
"STU004787","None","None","None","CTC","CTC","CTC","CTC","CTC","CTC","CTC","CTC","CTC","None","None","CTC","None","CTC","CTC","CTC","CTC","None","None","None","None","None","None","None","None"
"STU004788","None","None","None","None","None","None","None","None","None","None","None","None","None","None","None","None","None","None","None","None","None","None","None","None","None","None","None","None"
"STU004789","None","None","None","None","None","None","None","None","None","None","None","None","None","None","None","None","None","None","None","None","None","None","None","None","None","None","None","None"
"STU004790","CTC","CTC","CTC","CTC","None","CTC","CTC","CTC","4YR","4YR","4YR","4YR","4YR","4YR","4YR","4YR","4YR","4YR","4YR","4YR","4YR","4YR","None","None","None","None","None","None"
"STU004791","4YR","4YR","4YR","4YR","4YR","4YR","4YR","4YR","None","None","None","4YR","4YR","4YR","4YR","4YR","4YR","4YR","4YR","4YR","4YR","4YR","4YR","4YR","4YR","4YR","4YR","None"
"STU004792","4YR","4YR","4YR","4YR","4YR","4YR","4YR","4YR","4YR","4YR","4YR","4YR","4YR","None","4YR","4YR","4YR","4YR","4YR","None","4YR","4YR","4YR","4YR","4YR","4YR","None","None"
"STU004793","None","CTC","CTC","CTC","CTC","CTC","CTC","None","None","None","None","None","None","None","None","None","None","None","None","None","None","None","None","None","None","None","None","None"
"STU004794","4YR","4YR","None","4YR","4YR","4YR","4YR","4YR","4YR","4YR","CTC","4YR","4YR","4YR","4YR","4YR","4YR","4YR","4YR","4YR","None","4YR","4YR","4YR","None","None","None","None"
"STU004795","4YR","4YR","4YR","4YR","4YR","None","4YR","4YR","4YR","4YR","4YR","4YR","4YR","4YR","None","None","None","None","None","None","None","None","None","None","None","None","None","None"
"STU004796","None","None","None","CTC","CTC","CTC","CTC","CTC","CTC","CTC","CTC","None","None","None","None","None","None","None","None","None","None","None","None","None","None","None","None","None"
"STU004797","4YR","4YR","4YR","4YR","4YR","4YR","4YR","None","4YR","4YR","4YR","4YR","4YR","4YR","4YR","None","None","None","None","None","None","None","None","None","None","None","None","None"
"STU004798","None","CTC","CTC","CTC","CTC","CTC","CTC","CTC","None","CTC","CTC","None","None","None","None","None","None","None","None","None","None","None","None","None","None","None","None","None"
"STU004799","None","CTC","CTC","CTC","CTC","CTC","None","None","CTC","CTC","CTC","CTC","CTC","None","None","None","None","None","None","None","None","None","None","None","None","None","None","None"
"STU004800","CTC","CTC","CTC","CTC","CTC","CTC","None","None","None","None","None","None","None","None","None","None","None","None","None","None","None","None","None","None","None","None","None","None"
"STU004801","None","None","None","None","None","None","None","None","None","None","None","None","None","None","None","None","None","None","None","None","None","None","None","None","None","None","None","None"
"STU004802","CTC","CTC","CTC","CTC","None","CTC","CTC","CTC","CTC","None","None","None","None","None","None","None","None","None","None","None","None","None","None","None","None","None","None","None"
"STU004803","CTC","CTC","CTC","CTC","CTC","None","None","None","None","None","None","None","None","None","None","None","None","None","None","None","None","None","None","None","None","None","None","None"
"STU004804","CTC","CTC","CTC","None","None","None","None","None","None","None","None","None","None","None","None","None","None","None","None","None","None","None","None","None","None","None","None","None"
"STU004805","None","None","CTC","CTC","CTC","CTC","CTC","CTC","CTC","CTC","4YR","None","CTC","CTC","CTC","CTC","None","CTC","None","None","None","None","None","None","None","None","None","None"
"STU004806","4YR","4YR","4YR","4YR","None","4YR","4YR","4YR","4YR","4YR","None","None","None","None","None","None","None","None","None","None","None","None","None","None","None","None","None","None"
"STU004807","None","None","None","CTC","CTC","CTC","4YR","CTC","CTC","CTC","CTC","None","None","None","None","None","None","None","None","None","None","None","None","None","None","None","None","None"
"STU004808","4YR","4YR","4YR","4YR","4YR","4YR","4YR","4YR","4YR","4YR","4YR","4YR","4YR","4YR","4YR","4YR","4YR","4YR","4YR","4YR","4YR","4YR","4YR","4YR","4YR","4YR","None","None"
"STU004809","4YR","4YR","4YR","4YR","4YR","None","None","None","None","None","None","None","None","None","None","None","None","None","None","None","None","None","None","None","None","None","None","None"
"STU004810","4YR","4YR","4YR","4YR","4YR","4YR","4YR","4YR","4YR","4YR","4YR","4YR","4YR","4YR","4YR","4YR","4YR","4YR","4YR","4YR","4YR","None","None","None","None","None","None","None"
"STU004811","CTC","CTC","CTC","CTC","CTC","CTC","CTC","4YR","None","None","None","None","None","None","None","None","None","None","None","None","None","None","None","None","None","None","None","None"
"STU004812","4YR","4YR","4YR","4YR","4YR","4YR","4YR","4YR","4YR","4YR","4YR","4YR","4YR","4YR","4YR","4YR","4YR","4YR","None","None","None","None","None","None","None","None","None","None"
"STU004813","CTC","4YR","4YR","4YR","4YR","4YR","4YR","None","4YR","4YR","4YR","4YR","4YR","4YR","4YR","None","None","None","None","None","None","None","None","None","None","None","None","None"
"STU004814","4YR","4YR","4YR","4YR","4YR","4YR","4YR","None","4YR","None","4YR","4YR","4YR","4YR","4YR","None","None","None","None","None","None","None","None","None","None","None","None","None"
"STU004815","4YR","4YR","4YR","4YR","4YR","None","None","None","None","None","None","None","None","None","None","None","None","None","None","None","None","None","None","None","None","None","None","None"
"STU004816","None","None","None","None","CTC","CTC","CTC","4YR","None","None","None","None","None","None","None","None","None","None","None","None","None","None","None","None","None","None","None","None"
"STU004817","CTC","CTC","CTC","CTC","CTC","CTC","CTC","CTC","CTC","None","CTC","CTC","CTC","CTC","CTC","None","None","None","None","None","None","None","None","None","None","None","None","None"
"STU004818","None","None","None","None","None","None","None","None","None","None","None","None","None","None","None","None","None","None","None","None","None","None","None","None","None","None","None","None"
"STU004819","None","None","None","None","None","None","None","None","None","None","None","None","None","None","None","None","None","None","None","None","None","None","None","None","None","None","None","None"
"STU004820","CTC","None","CTC","CTC","CTC","CTC","None","CTC","CTC","CTC","CTC","CTC","None","None","None","None","None","None","None","None","None","None","None","None","None","None","None","None"
"STU004821","4YR","4YR","4YR","4YR","4YR","4YR","4YR","None","None","None","None","None","None","None","None","None","None","None","None","None","None","None","None","None","None","None","None","None"
"STU004822","4YR","4YR","4YR","4YR","4YR","4YR","4YR","4YR","None","None","None","None","None","None","None","None","None","None","None","None","None","None","None","None","None","None","None","None"
"STU004823","None","None","None","None","CTC","CTC","CTC","CTC","CTC","None","None","CTC","CTC","CTC","CTC","None","None","None","None","None","None","None","None","None","None","None","None","None"
"STU004824","None","None","None","None","None","None","None","None","None","None","None","None","None","None","None","None","None","None","None","None","None","None","None","None","None","None","None","None"
"STU004825","None","None","None","None","None","None","None","None","None","None","None","None","None","None","None","None","None","None","None","None","None","None","None","None","None","None","None","None"
"STU004826","None","4YR","4YR","CTC","4YR","None","4YR","4YR","CTC","4YR","4YR","4YR","4YR","4YR","None","4YR","None","None","None","None","None","None","None","None","None","None","None","None"
"STU004827","4YR","None","4YR","4YR","4YR","4YR","4YR","4YR","4YR","4YR","4YR","4YR","4YR","4YR","None","None","None","None","None","None","None","None","None","None","None","None","None","None"
"STU004828","None","None","CTC","CTC","CTC","None","None","None","None","None","None","None","None","None","None","None","None","None","None","None","None","None","None","None","None","None","None","None"
"STU004829","None","None","None","None","None","None","None","None","None","None","None","None","None","None","None","None","None","None","None","None","None","None","None","None","None","None","None","None"
"STU004830","CTC","CTC","CTC","CTC","CTC","CTC","CTC","None","None","None","None","None","None","None","None","None","None","None","None","None","None","None","None","None","None","None","None","None"
"STU004831","4YR","4YR","4YR","4YR","None","4YR","4YR","None","4YR","4YR","None","None","None","None","None","None","None","None","None","None","None","None","None","None","None","None","None","None"
"STU004832","None","None","None","None","None","None","None","None","None","None","None","None","None","None","None","None","None","None","None","None","None","None","None","None","None","None","None","None"
"STU004833","CTC","CTC","CTC","CTC","CTC","CTC","CTC","None","None","None","None","None","None","None","None","None","None","None","None","None","None","None","None","None","None","None","None","None"
"STU004834","None","None","None","None","CTC","CTC","None","CTC","CTC","CTC","None","None","None","None","None","None","None","None","None","None","None","None","None","None","None","None","None","None"
"STU004835","4YR","4YR","4YR","4YR","4YR","4YR","4YR","4YR","4YR","4YR","4YR","4YR","4YR","None","None","None","None","None","None","None","None","None","None","None","None","None","None","None"
"STU004836","4YR","4YR","4YR","4YR","4YR","4YR","None","None","None","None","None","None","None","None","None","None","None","None","None","None","None","None","None","None","None","None","None","None"
"STU004837","4YR","4YR","4YR","4YR","None","4YR","4YR","4YR","4YR","4YR","CTC","4YR","4YR","4YR","4YR","4YR","None","None","None","None","None","None","None","None","None","None","None","None"
"STU004838","CTC","CTC","CTC","CTC","CTC","CTC","CTC","CTC","CTC","CTC","CTC","None","CTC","None","None","None","None","None","None","None","None","None","None","None","None","None","None","None"
"STU004839","None","None","None","None","CTC","CTC","CTC","None","CTC","CTC","CTC","CTC","CTC","None","None","None","None","None","None","None","None","None","None","None","None","None","None","None"
"STU004840","CTC","CTC","CTC","CTC","None","None","None","None","None","None","None","None","None","None","None","None","None","None","None","None","None","None","None","None","None","None","None","None"
"STU004841","None","None","None","None","None","None","None","None","None","None","None","None","None","None","None","None","None","None","None","None","None","None","None","None","None","None","None","None"
"STU004842","CTC","CTC","CTC","CTC","CTC","CTC","CTC","4YR","4YR","4YR","4YR","4YR","4YR","4YR","4YR","4YR","4YR","4YR","4YR","4YR","None","None","None","None","None","None","None","None"
"STU004843","4YR","4YR","4YR","4YR","4YR","4YR","4YR","4YR","4YR","4YR","4YR","4YR","4YR","4YR","4YR","4YR","4YR","4YR","4YR","4YR","None","None","None","None","None","None","None","None"
"STU004844","4YR","4YR","4YR","4YR","None","4YR","4YR","4YR","CTC","4YR","4YR","4YR","4YR","4YR","None","None","None","None","None","None","None","None","None","None","None","None","None","None"
"STU004845","4YR","4YR","4YR","4YR","4YR","None","4YR","4YR","None","None","None","None","None","None","None","None","None","None","None","None","None","None","None","None","None","None","None","None"
"STU004846","None","CTC","CTC","None","None","None","None","None","None","None","None","None","None","None","None","None","None","None","None","None","None","None","None","None","None","None","None","None"
"STU004847","4YR","4YR","4YR","4YR","4YR","4YR","4YR","4YR","4YR","4YR","4YR","4YR","4YR","4YR","None","None","None","None","None","None","None","None","None","None","None","None","None","None"
"STU004848","CTC","CTC","CTC","4YR","CTC","CTC","None","None","None","None","None","None","None","None","None","None","None","None","None","None","None","None","None","None","None","None","None","None"
"STU004849","4YR","4YR","4YR","4YR","CTC","4YR","4YR","4YR","4YR","4YR","4YR","4YR","4YR","4YR","4YR","4YR","CTC","4YR","4YR","None","None","None","None","None","None","None","None","None"
"STU004850","None","CTC","CTC","CTC","CTC","CTC","None","None","None","CTC","CTC","CTC","CTC","CTC","CTC","None","None","None","None","None","None","None","None","None","None","None","None","None"
"STU004851","CTC","CTC","CTC","CTC","CTC","CTC","None","None","None","None","None","None","None","None","None","None","None","None","None","None","None","None","None","None","None","None","None","None"
"STU004852","None","None","None","None","None","None","None","None","None","None","None","None","None","None","None","None","None","None","None","None","None","None","None","None","None","None","None","None"
"STU004853","CTC","CTC","CTC","CTC","CTC","CTC","CTC","CTC","CTC","CTC","CTC","CTC","CTC","CTC","None","None","None","None","None","None","None","None","None","None","None","None","None","None"
"STU004854","CTC","CTC","CTC","CTC","CTC","CTC","CTC","None","None","None","None","None","None","None","None","None","None","None","None","None","None","None","None","None","None","None","None","None"
"STU004855","CTC","CTC","CTC","CTC","None","None","None","None","None","None","None","None","None","None","None","None","None","None","None","None","None","None","None","None","None","None","None","None"
"STU004856","4YR","CTC","CTC","CTC","CTC","CTC","CTC","CTC","None","None","None","None","None","None","None","None","None","None","None","None","None","None","None","None","None","None","None","None"
"STU004857","None","None","None","None","CTC","CTC","CTC","CTC","CTC","CTC","CTC","CTC","None","None","None","None","None","None","None","None","None","None","None","None","None","None","None","None"
"STU004858","CTC","None","CTC","CTC","CTC","CTC","None","None","None","None","None","None","None","None","None","None","None","None","None","None","None","None","None","None","None","None","None","None"
"STU004859","None","None","None","None","None","None","None","None","None","None","None","None","None","None","None","None","None","None","None","None","None","None","None","None","None","None","None","None"
"STU004860","None","None","None","None","None","None","None","None","None","None","None","None","None","None","None","None","None","None","None","None","None","None","None","None","None","None","None","None"
"STU004861","None","None","None","None","None","CTC","4YR","CTC","None","None","None","None","None","None","None","None","None","None","None","None","None","None","None","None","None","None","None","None"
"STU004862","None","None","None","None","CTC","CTC","CTC","None","None","None","None","None","None","None","None","None","None","None","None","None","None","None","None","None","None","None","None","None"
"STU004863","None","None","None","None","None","None","None","None","None","None","None","None","None","None","None","None","None","None","None","None","None","None","None","None","None","None","None","None"
"STU004864","CTC","CTC","CTC","CTC","CTC","CTC","CTC","CTC","4YR","4YR","4YR","4YR","4YR","4YR","4YR","4YR","4YR","4YR","4YR","4YR","4YR","4YR","None","None","None","None","None","None"
"STU004865","4YR","4YR","4YR","4YR","4YR","4YR","None","4YR","4YR","4YR","4YR","4YR","4YR","4YR","None","None","None","None","None","None","None","None","None","None","None","None","None","None"
"STU004866","None","None","None","None","None","None","None","None","None","None","None","None","None","None","None","None","None","None","None","None","None","None","None","None","None","None","None","None"
"STU004867","CTC","CTC","CTC","None","CTC","CTC","None","CTC","CTC","CTC","None","None","None","None","None","None","None","None","None","None","None","None","None","None","None","None","None","None"
"STU004868","None","None","None","None","None","None","None","None","None","None","None","None","None","None","None","None","None","None","None","None","None","None","None","None","None","None","None","None"
"STU004869","None","None","None","None","None","None","None","None","None","None","None","None","None","None","None","None","None","None","None","None","None","None","None","None","None","None","None","None"
"STU004870","4YR","4YR","4YR","4YR","4YR","CTC","4YR","4YR","4YR","4YR","4YR","4YR","CTC","4YR","4YR","CTC","4YR","4YR","4YR","None","None","None","None","None","None","None","None","None"
"STU004871","CTC","CTC","CTC","CTC","4YR","None","None","None","None","None","None","None","None","None","None","None","None","None","None","None","None","None","None","None","None","None","None","None"
"STU004872","None","None","4YR","4YR","4YR","4YR","4YR","4YR","4YR","4YR","None","None","None","None","None","None","None","None","None","None","None","None","None","None","None","None","None","None"
"STU004873","None","None","None","4YR","4YR","4YR","None","None","None","None","None","None","None","None","None","None","None","None","None","None","None","None","None","None","None","None","None","None"
"STU004874","CTC","CTC","CTC","CTC","None","CTC","CTC","None","None","None","None","None","None","None","None","None","None","None","None","None","None","None","None","None","None","None","None","None"
"STU004875","None","None","None","None","None","CTC","CTC","CTC","CTC","CTC","None","None","None","None","None","None","None","None","None","None","None","None","None","None","None","None","None","None"
"STU004876","None","None","None","None","None","None","None","None","None","None","None","None","None","None","None","None","None","None","None","None","None","None","None","None","None","None","None","None"
"STU004877","None","None","CTC","CTC","None","CTC","CTC","CTC","CTC","CTC","CTC","None","None","None","None","None","None","None","None","None","None","None","None","None","None","None","None","None"
"STU004878","None","None","None","None","None","None","None","None","None","None","None","None","None","None","None","None","None","None","None","None","None","None","None","None","None","None","None","None"
"STU004879","CTC","CTC","CTC","None","None","None","None","None","None","None","None","None","None","None","None","None","None","None","None","None","None","None","None","None","None","None","None","None"
"STU004880","4YR","4YR","4YR","4YR","4YR","4YR","4YR","None","None","None","None","None","None","None","None","None","None","None","None","None","None","None","None","None","None","None","None","None"
"STU004881","CTC","CTC","CTC","None","CTC","None","CTC","4YR","4YR","4YR","4YR","4YR","4YR","4YR","4YR","4YR","4YR","4YR","None","None","None","None","None","None","None","None","None","None"
"STU004882","CTC","CTC","CTC","CTC","CTC","CTC","CTC","CTC","CTC","CTC","CTC","None","CTC","CTC","CTC","CTC","None","4YR","None","None","None","None","None","None","None","None","None","None"
"STU004883","None","None","None","None","None","None","None","None","None","None","None","None","None","None","None","None","None","None","None","None","None","None","None","None","None","None","None","None"
"STU004884","4YR","4YR","4YR","4YR","4YR","4YR","4YR","4YR","4YR","None","None","None","None","None","None","None","None","None","None","None","None","None","None","None","None","None","None","None"
"STU004885","CTC","CTC","CTC","CTC","CTC","CTC","4YR","4YR","4YR","4YR","4YR","4YR","4YR","4YR","4YR","4YR","4YR","4YR","4YR","None","None","None","None","None","None","None","None","None"
"STU004886","CTC","CTC","CTC","CTC","4YR","None","None","None","None","None","None","None","None","None","None","None","None","None","None","None","None","None","None","None","None","None","None","None"
"STU004887","CTC","CTC","CTC","CTC","CTC","CTC","CTC","CTC","CTC","CTC","CTC","CTC","CTC","None","CTC","CTC","CTC","None","None","None","None","None","None","None","None","None","None","None"
"STU004888","None","None","CTC","CTC","CTC","CTC","CTC","CTC","CTC","CTC","None","None","None","None","None","None","None","None","None","None","None","None","None","None","None","None","None","None"
"STU004889","CTC","None","CTC","CTC","CTC","CTC","CTC","None","None","None","None","None","None","None","None","None","None","None","None","None","None","None","None","None","None","None","None","None"
"STU004890","4YR","4YR","4YR","None","4YR","4YR","4YR","4YR","4YR","4YR","4YR","4YR","4YR","4YR","4YR","4YR","CTC","4YR","None","None","None","None","None","None","None","None","None","None"
"STU004891","CTC","CTC","CTC","CTC","CTC","None","None","None","None","None","None","None","None","None","None","None","None","None","None","None","None","None","None","None","None","None","None","None"
"STU004892","4YR","4YR","None","4YR","4YR","4YR","4YR","4YR","4YR","4YR","4YR","4YR","4YR","4YR","None","None","None","None","None","None","None","None","None","None","None","None","None","None"
"STU004893","None","None","4YR","CTC","4YR","4YR","4YR","None","None","None","None","None","None","None","None","None","None","None","None","None","None","None","None","None","None","None","None","None"
"STU004894","None","None","None","None","CTC","CTC","CTC","None","CTC","CTC","CTC","None","None","CTC","None","CTC","None","None","None","None","None","None","None","None","None","None","None","None"
"STU004895","4YR","4YR","4YR","4YR","4YR","4YR","4YR","4YR","None","4YR","4YR","4YR","4YR","4YR","4YR","4YR","4YR","4YR","4YR","4YR","4YR","4YR","None","None","None","None","None","None"
"STU004896","None","None","4YR","4YR","None","None","None","None","None","None","None","None","None","None","None","None","None","None","None","None","None","None","None","None","None","None","None","None"
"STU004897","4YR","4YR","4YR","4YR","4YR","None","4YR","4YR","4YR","4YR","4YR","4YR","4YR","None","4YR","4YR","4YR","4YR","4YR","4YR","None","None","None","None","None","None","None","None"
"STU004898","None","None","CTC","CTC","CTC","None","CTC","CTC","CTC","CTC","CTC","None","None","None","CTC","CTC","CTC","CTC","None","None","None","None","None","None","None","None","None","None"
"STU004899","CTC","CTC","CTC","CTC","CTC","CTC","None","None","None","None","None","None","None","None","None","None","None","None","None","None","None","None","None","None","None","None","None","None"
"STU004900","None","None","None","None","None","None","None","None","None","None","None","None","None","None","None","None","None","None","None","None","None","None","None","None","None","None","None","None"
"STU004901","CTC","CTC","CTC","CTC","CTC","CTC","CTC","None","None","None","None","None","None","None","None","None","None","None","None","None","None","None","None","None","None","None","None","None"
"STU004902","4YR","4YR","4YR","4YR","4YR","4YR","4YR","4YR","None","4YR","4YR","4YR","4YR","4YR","None","None","None","None","None","None","None","None","None","None","None","None","None","None"
"STU004903","CTC","CTC","CTC","CTC","CTC","CTC","CTC","CTC","CTC","CTC","CTC","CTC","CTC","None","CTC","CTC","None","None","None","None","None","None","None","None","None","None","None","None"
"STU004904","4YR","4YR","4YR","4YR","4YR","None","None","None","None","None","None","None","None","None","None","None","None","None","None","None","None","None","None","None","None","None","None","None"
"STU004905","CTC","None","CTC","CTC","CTC","CTC","CTC","None","CTC","CTC","None","CTC","CTC","CTC","CTC","CTC","CTC","CTC","None","None","None","None","None","None","None","None","None","None"
"STU004906","CTC","CTC","CTC","CTC","CTC","CTC","CTC","CTC","CTC","CTC","CTC","CTC","CTC","CTC","CTC","None","None","None","None","None","None","None","None","None","None","None","None","None"
"STU004907","None","CTC","CTC","CTC","None","None","None","None","None","None","None","None","None","None","None","None","None","None","None","None","None","None","None","None","None","None","None","None"
"STU004908","CTC","None","None","None","None","None","None","None","None","None","None","None","None","None","None","None","None","None","None","None","None","None","None","None","None","None","None","None"
"STU004909","None","None","None","None","CTC","CTC","CTC","CTC","CTC","None","None","None","None","None","None","None","None","None","None","None","None","None","None","None","None","None","None","None"
"STU004910","None","None","None","None","None","4YR","4YR","4YR","4YR","4YR","4YR","4YR","4YR","4YR","4YR","None","None","4YR","4YR","4YR","4YR","4YR","4YR","4YR","None","None","None","None"
"STU004911","4YR","4YR","None","4YR","None","4YR","None","4YR","4YR","4YR","4YR","4YR","4YR","4YR","4YR","None","None","None","None","None","None","None","None","None","None","None","None","None"
"STU004912","CTC","CTC","CTC","CTC","CTC","CTC","CTC","CTC","CTC","None","None","None","None","None","None","None","None","None","None","None","None","None","None","None","None","None","None","None"
"STU004913","None","None","None","None","4YR","None","4YR","4YR","None","4YR","4YR","4YR","4YR","None","None","None","None","None","None","None","None","None","None","None","None","None","None","None"
"STU004914","CTC","4YR","CTC","CTC","None","CTC","CTC","CTC","CTC","CTC","CTC","CTC","CTC","CTC","CTC","CTC","CTC","CTC","CTC","None","None","None","None","None","None","None","None","None"
"STU004915","CTC","CTC","CTC","CTC","CTC","CTC","CTC","CTC","CTC","CTC","CTC","CTC","CTC","CTC","CTC","CTC","CTC","None","None","None","None","None","None","None","None","None","None","None"
"STU004916","None","None","None","None","4YR","4YR","4YR","None","None","None","None","None","None","None","None","None","None","None","None","None","None","None","None","None","None","None","None","None"
"STU004917","None","None","CTC","CTC","CTC","CTC","CTC","CTC","CTC","None","None","None","None","None","None","None","None","None","None","None","None","None","None","None","None","None","None","None"
"STU004918","None","None","None","None","CTC","CTC","CTC","CTC","CTC","None","None","None","CTC","CTC","CTC","CTC","CTC","None","None","None","None","None","None","None","None","None","None","None"
"STU004919","CTC","CTC","CTC","CTC","CTC","CTC","CTC","4YR","None","None","None","None","None","None","None","None","None","None","None","None","None","None","None","None","None","None","None","None"
"STU004920","4YR","None","4YR","4YR","4YR","4YR","None","4YR","None","None","None","None","None","None","None","None","None","None","None","None","None","None","None","None","None","None","None","None"
"STU004921","None","4YR","4YR","4YR","None","4YR","4YR","None","None","None","None","None","None","None","None","None","None","None","None","None","None","None","None","None","None","None","None","None"
"STU004922","CTC","CTC","CTC","CTC","4YR","CTC","None","None","None","None","None","None","None","None","None","None","None","None","None","None","None","None","None","None","None","None","None","None"
"STU004923","None","None","None","None","None","None","None","None","None","None","None","None","None","None","None","None","None","None","None","None","None","None","None","None","None","None","None","None"
"STU004924","None","None","None","None","None","None","None","None","None","None","None","None","None","None","None","None","None","None","None","None","None","None","None","None","None","None","None","None"
"STU004925","CTC","None","CTC","CTC","CTC","CTC","CTC","CTC","CTC","None","None","None","CTC","None","CTC","None","None","None","None","None","None","None","None","None","None","None","None","None"
"STU004926","CTC","CTC","CTC","None","CTC","None","None","None","None","None","None","None","None","None","None","None","None","None","None","None","None","None","None","None","None","None","None","None"
"STU004927","None","CTC","CTC","None","None","None","None","None","None","None","None","None","None","None","None","None","None","None","None","None","None","None","None","None","None","None","None","None"
"STU004928","4YR","4YR","4YR","4YR","4YR","4YR","4YR","None","None","4YR","4YR","4YR","4YR","4YR","4YR","4YR","None","None","None","None","None","None","None","None","None","None","None","None"
"STU004929","None","None","None","None","CTC","CTC","CTC","CTC","None","None","CTC","None","CTC","CTC","None","None","None","None","None","None","None","None","None","None","None","None","None","None"
"STU004930","CTC","CTC","CTC","CTC","CTC","CTC","CTC","CTC","CTC","CTC","CTC","CTC","CTC","CTC","None","None","None","None","None","None","None","None","None","None","None","None","None","None"
"STU004931","4YR","4YR","4YR","4YR","4YR","4YR","4YR","None","None","None","None","None","None","None","None","None","None","None","None","None","None","None","None","None","None","None","None","None"
"STU004932","None","None","None","None","None","None","None","None","None","None","None","None","None","None","None","None","None","None","None","None","None","None","None","None","None","None","None","None"
"STU004933","None","None","None","None","4YR","4YR","4YR","CTC","4YR","None","None","None","None","None","None","None","None","None","None","None","None","None","None","None","None","None","None","None"
"STU004934","4YR","4YR","4YR","4YR","4YR","4YR","4YR","4YR","None","None","None","None","None","None","None","None","None","None","None","None","None","None","None","None","None","None","None","None"
"STU004935","None","None","None","None","None","None","None","None","None","None","None","None","None","None","None","None","None","None","None","None","None","None","None","None","None","None","None","None"
"STU004936","CTC","CTC","CTC","CTC","CTC","CTC","CTC","None","None","None","None","None","None","None","None","None","None","None","None","None","None","None","None","None","None","None","None","None"
"STU004937","CTC","CTC","CTC","CTC","CTC","None","CTC","CTC","CTC","None","None","None","None","CTC","CTC","4YR","None","None","None","None","None","None","None","None","None","None","None","None"
"STU004938","4YR","4YR","CTC","4YR","4YR","4YR","4YR","4YR","4YR","4YR","4YR","4YR","4YR","4YR","4YR","4YR","4YR","4YR","CTC","4YR","4YR","4YR","4YR","None","None","None","None","None"
"STU004939","None","None","None","None","CTC","CTC","CTC","CTC","None","None","None","None","None","None","None","None","None","None","None","None","None","None","None","None","None","None","None","None"
"STU004940","None","None","None","CTC","CTC","CTC","None","None","None","None","None","None","None","None","None","None","None","None","None","None","None","None","None","None","None","None","None","None"
"STU004941","None","None","None","4YR","4YR","4YR","4YR","CTC","4YR","4YR","4YR","CTC","CTC","4YR","4YR","4YR","4YR","4YR","None","None","None","None","None","None","None","None","None","None"
"STU004942","None","None","None","None","None","None","None","None","None","None","None","None","None","None","None","None","None","None","None","None","None","None","None","None","None","None","None","None"
"STU004943","CTC","CTC","CTC","CTC","4YR","CTC","None","None","None","None","None","None","None","None","None","None","None","None","None","None","None","None","None","None","None","None","None","None"
"STU004944","CTC","CTC","CTC","CTC","CTC","None","None","None","None","None","None","None","None","None","None","None","None","None","None","None","None","None","None","None","None","None","None","None"
"STU004945","None","CTC","CTC","CTC","CTC","CTC","CTC","CTC","CTC","None","None","None","None","None","None","None","None","None","None","None","None","None","None","None","None","None","None","None"
"STU004946","None","None","None","None","None","None","None","None","None","None","None","None","None","None","None","None","None","None","None","None","None","None","None","None","None","None","None","None"
"STU004947","4YR","4YR","4YR","4YR","None","4YR","4YR","4YR","CTC","4YR","4YR","4YR","4YR","4YR","None","None","None","None","None","None","None","None","None","None","None","None","None","None"
"STU004948","None","None","None","None","None","None","None","None","None","None","None","None","None","None","None","None","None","None","None","None","None","None","None","None","None","None","None","None"
"STU004949","4YR","4YR","4YR","4YR","4YR","None","4YR","4YR","4YR","4YR","4YR","None","4YR","4YR","None","None","None","None","None","None","None","None","None","None","None","None","None","None"
"STU004950","None","None","None","CTC","CTC","CTC","None","None","None","None","None","None","None","None","None","None","None","None","None","None","None","None","None","None","None","None","None","None"
"STU004951","None","None","None","None","None","None","None","None","None","None","None","None","None","None","None","None","None","None","None","None","None","None","None","None","None","None","None","None"
"STU004952","4YR","4YR","4YR","4YR","None","4YR","4YR","4YR","4YR","4YR","4YR","4YR","4YR","4YR","4YR","4YR","None","None","None","None","None","None","None","None","None","None","None","None"
"STU004953","CTC","CTC","CTC","None","None","None","None","None","None","None","None","None","None","None","None","None","None","None","None","None","None","None","None","None","None","None","None","None"
"STU004954","4YR","4YR","4YR","4YR","None","4YR","4YR","4YR","4YR","None","4YR","4YR","4YR","4YR","None","None","None","None","None","None","None","None","None","None","None","None","None","None"
"STU004955","None","None","None","None","CTC","4YR","CTC","None","CTC","CTC","None","None","None","CTC","CTC","CTC","CTC","None","None","None","None","None","None","None","None","None","None","None"
"STU004956","None","None","None","None","None","None","None","None","None","None","None","None","None","None","None","None","None","None","None","None","None","None","None","None","None","None","None","None"
"STU004957","None","None","None","None","None","None","None","None","None","None","None","None","None","None","None","None","None","None","None","None","None","None","None","None","None","None","None","None"
"STU004958","None","None","None","None","None","None","None","None","None","None","None","None","None","None","None","None","None","None","None","None","None","None","None","None","None","None","None","None"
"STU004959","CTC","CTC","CTC","CTC","CTC","CTC","CTC","4YR","4YR","None","4YR","4YR","4YR","CTC","4YR","4YR","4YR","4YR","None","None","None","None","None","None","None","None","None","None"
"STU004960","None","None","CTC","CTC","CTC","CTC","None","CTC","CTC","CTC","None","None","None","None","None","None","None","None","None","None","None","None","None","None","None","None","None","None"
"STU004961","4YR","4YR","4YR","4YR","4YR","4YR","4YR","None","4YR","CTC","4YR","4YR","4YR","4YR","None","None","None","None","None","None","None","None","None","None","None","None","None","None"
"STU004962","None","None","None","None","None","None","None","None","None","None","None","None","None","None","None","None","None","None","None","None","None","None","None","None","None","None","None","None"
"STU004963","4YR","CTC","4YR","4YR","4YR","4YR","4YR","4YR","4YR","4YR","4YR","4YR","4YR","4YR","4YR","4YR","4YR","4YR","4YR","4YR","4YR","4YR","4YR","4YR","4YR","4YR","None","None"
"STU004964","None","None","None","None","None","None","None","None","None","None","None","None","None","None","None","None","None","None","None","None","None","None","None","None","None","None","None","None"
"STU004965","None","None","None","None","None","None","None","None","None","None","None","None","None","None","None","None","None","None","None","None","None","None","None","None","None","None","None","None"
"STU004966","4YR","4YR","4YR","4YR","4YR","4YR","4YR","4YR","4YR","4YR","4YR","4YR","4YR","CTC","4YR","None","None","None","None","None","None","None","None","None","None","None","None","None"
"STU004967","4YR","4YR","4YR","4YR","4YR","4YR","4YR","4YR","4YR","4YR","4YR","4YR","4YR","4YR","None","None","None","None","None","None","None","None","None","None","None","None","None","None"
"STU004968","CTC","CTC","CTC","CTC","CTC","CTC","4YR","None","None","None","None","None","None","None","None","None","None","None","None","None","None","None","None","None","None","None","None","None"
"STU004969","None","None","None","CTC","CTC","CTC","CTC","CTC","CTC","CTC","CTC","CTC","None","None","CTC","CTC","CTC","CTC","CTC","None","CTC","None","None","None","None","None","None","None"
"STU004970","CTC","CTC","CTC","CTC","CTC","None","CTC","None","None","None","None","None","None","None","None","None","None","None","None","None","None","None","None","None","None","None","None","None"
"STU004971","None","None","CTC","CTC","CTC","CTC","CTC","None","None","None","None","None","None","None","None","None","None","None","None","None","None","None","None","None","None","None","None","None"
"STU004972","4YR","4YR","4YR","4YR","4YR","4YR","4YR","4YR","4YR","4YR","4YR","4YR","4YR","4YR","4YR","None","None","None","None","None","None","None","None","None","None","None","None","None"
"STU004973","None","CTC","CTC","CTC","CTC","CTC","CTC","CTC","CTC","None","None","None","CTC","CTC","CTC","CTC","None","None","None","None","None","None","None","None","None","None","None","None"
"STU004974","CTC","CTC","CTC","CTC","CTC","CTC","CTC","None","None","None","None","None","None","None","None","None","None","None","None","None","None","None","None","None","None","None","None","None"
"STU004975","None","None","None","None","None","None","None","None","None","None","None","None","None","None","None","None","None","None","None","None","None","None","None","None","None","None","None","None"
"STU004976","4YR","CTC","4YR","4YR","4YR","4YR","4YR","4YR","4YR","4YR","4YR","4YR","4YR","4YR","4YR","4YR","4YR","4YR","4YR","4YR","None","4YR","4YR","4YR","4YR","None","None","None"
"STU004977","None","None","None","None","None","None","None","None","None","None","None","None","None","None","None","None","None","None","None","None","None","None","None","None","None","None","None","None"
"STU004978","None","4YR","4YR","4YR","4YR","4YR","4YR","4YR","4YR","4YR","4YR","4YR","None","None","None","None","None","None","None","None","None","None","None","None","None","None","None","None"
"STU004979","4YR","4YR","4YR","4YR","4YR","CTC","4YR","4YR","4YR","4YR","4YR","4YR","4YR","None","4YR","4YR","4YR","4YR","4YR","4YR","4YR","4YR","4YR","None","4YR","None","None","None"
"STU004980","CTC","CTC","CTC","CTC","CTC","CTC","CTC","CTC","None","4YR","4YR","4YR","4YR","4YR","4YR","4YR","4YR","CTC","4YR","4YR","4YR","None","None","None","None","None","None","None"
"STU004981","None","None","None","None","CTC","CTC","CTC","None","CTC","CTC","CTC","CTC","CTC","CTC","CTC","None","None","None","None","None","None","None","None","None","None","None","None","None"
"STU004982","None","CTC","CTC","CTC","CTC","None","CTC","None","None","None","CTC","CTC","CTC","CTC","CTC","None","None","None","None","None","None","None","None","None","None","None","None","None"
"STU004983","None","None","None","None","None","None","None","None","None","None","None","None","None","None","None","None","None","None","None","None","None","None","None","None","None","None","None","None"
"STU004984","None","None","None","None","None","None","None","None","None","None","None","None","None","None","None","None","None","None","None","None","None","None","None","None","None","None","None","None"
"STU004985","4YR","4YR","4YR","4YR","None","4YR","4YR","4YR","4YR","CTC","4YR","4YR","4YR","4YR","None","None","None","None","None","None","None","None","None","None","None","None","None","None"
"STU004986","CTC","CTC","CTC","CTC","CTC","CTC","CTC","CTC","None","None","None","None","None","None","None","None","None","None","None","None","None","None","None","None","None","None","None","None"
"STU004987","None","None","None","None","None","None","None","None","None","None","None","None","None","None","None","None","None","None","None","None","None","None","None","None","None","None","None","None"
"STU004988","None","None","None","None","CTC","CTC","CTC","CTC","CTC","CTC","CTC","CTC","CTC","None","None","None","None","None","None","None","None","None","None","None","None","None","None","None"
"STU004989","None","None","None","None","None","None","None","None","None","None","None","None","None","None","None","None","None","None","None","None","None","None","None","None","None","None","None","None"
"STU004990","4YR","CTC","4YR","4YR","4YR","4YR","4YR","4YR","4YR","4YR","4YR","4YR","4YR","4YR","4YR","4YR","None","None","None","None","None","None","None","None","None","None","None","None"
"STU004991","CTC","CTC","None","None","CTC","CTC","4YR","4YR","4YR","4YR","4YR","4YR","4YR","4YR","4YR","4YR","4YR","4YR","None","None","None","None","None","None","None","None","None","None"
"STU004992","CTC","CTC","CTC","CTC","CTC","CTC","CTC","CTC","CTC","CTC","CTC","CTC","CTC","CTC","None","CTC","CTC","CTC","None","None","None","None","None","None","None","None","None","None"
"STU004993","CTC","CTC","CTC","None","CTC","None","None","None","None","None","None","None","None","None","None","None","None","None","None","None","None","None","None","None","None","None","None","None"
"STU004994","CTC","CTC","CTC","None","None","None","None","None","None","None","None","None","None","None","None","None","None","None","None","None","None","None","None","None","None","None","None","None"
"STU004995","None","None","None","None","None","None","None","None","None","None","None","None","None","None","None","None","None","None","None","None","None","None","None","None","None","None","None","None"
"STU004996","None","CTC","CTC","CTC","CTC","CTC","CTC","CTC","None","None","None","None","None","None","None","None","None","None","None","None","None","None","None","None","None","None","None","None"
"STU004997","CTC","CTC","CTC","CTC","CTC","CTC","CTC","CTC","CTC","CTC","CTC","CTC","CTC","CTC","CTC","CTC","CTC","CTC","None","None","None","None","None","None","None","None","None","None"
"STU004998","None","None","None","None","None","None","None","None","None","None","None","None","None","None","None","None","None","None","None","None","None","None","None","None","None","None","None","None"
"STU004999","CTC","CTC","CTC","None","4YR","CTC","CTC","None","None","None","None","None","None","None","None","None","None","None","None","None","None","None","None","None","None","None","None","None"
"STU005000","4YR","CTC","CTC","CTC","CTC","CTC","CTC","CTC","None","None","None","None","None","None","None","None","None","None","None","None","None","None","None","None","None","None","None","None"
