"student_id","cohort_hs_grad","hs_gpa","frpl","dual_credit_flag","hs_diploma_type"
"STU000001",2016,2.86265857606777,0,0,"Standard"
"STU000002",2016,2.89735465274405,0,1,"Standard"
"STU000003",2016,2.67438238138888,1,0,"Standard"
"STU000004",2016,2.69398231190087,0,0,"Standard"
"STU000005",2016,2.23595868303745,1,0,"NonCompletion"
"STU000006",2016,2.66086245169511,0,0,"Standard"
"STU000007",2016,2.94507629515611,1,0,"NonCompletion"
"STU000008",2016,3.95512540088177,0,0,"Advanced"
"STU000009",2016,3.4846568244234,0,0,"Standard"
"STU000010",2016,3.2399295240133,0,1,"Standard"
"STU000011",2016,2.49865961685305,1,0,"NonCompletion"
"STU000012",2016,2.82926096604077,0,0,"Standard"
"STU000013",2016,2.81376326228687,1,1,"Standard"
"STU000014",2016,3.19412323514031,0,0,"Standard"
"STU000015",2016,2.38316784359187,0,0,"Standard"
"STU000016",2016,2.23745423002642,0,0,"Standard"
"STU000017",2016,3.05082394409659,0,1,"Standard"
"STU000018",2016,3.26373088171392,0,0,"Standard"
"STU000019",2016,1.70558532910587,0,0,"NonCompletion"
"STU000020",2016,2.40276152719822,0,0,"Standard"
"STU000021",2016,1.97202899796945,1,0,"NonCompletion"
"STU000022",2016,2.6550249254456,1,0,"NonCompletion"
"STU000023",2016,3.08640101036053,1,0,"Standard"
"STU000024",2016,2.52189278790412,0,0,"Standard"
"STU000025",2016,NA,0,1,"NonCompletion"
"STU000026",2016,2.98278161133836,1,0,"Standard"
"STU000027",2016,2.69081042312135,1,0,"Standard"
"STU000028",2016,1.86347158841539,0,0,"NonCompletion"
"STU000029",2016,1.8235382314461,0,0,"Standard"
"STU000030",2016,3.14038449589298,0,0,"Standard"
"STU000031",2016,3.45427634927451,0,0,"Standard"
"STU000032",2016,2.28321124824752,1,0,"Standard"
"STU000033",2016,2.8246716799187,0,1,"Standard"
"STU000034",2016,2.53819810581804,1,0,"Standard"
"STU000035",2016,3.39854483593934,0,0,"Standard"
"STU000036",2016,2.12710485524787,1,0,"Standard"
"STU000037",2016,2.53214334226221,1,0,"Standard"
"STU000038",2016,1.55136556278123,0,1,"Standard"
"STU000039",2016,2.88568599282274,0,1,"Standard"
"STU000040",2016,2.66555491627307,1,0,"NonCompletion"
"STU000041",2016,2.89941374425565,0,0,"Standard"
"STU000042",2016,3.49342432708877,0,0,"Standard"
"STU000043",2016,2.60083339552667,1,0,"Standard"
"STU000044",2016,2.49697504248835,0,0,"Standard"
"STU000045",2016,3.07959660115122,1,0,"Standard"
"STU000046",2016,3.07544236636213,0,1,"Standard"
"STU000047",2016,2.91577185510491,0,0,"Standard"
"STU000048",2016,2.69407239701678,0,0,"Standard"
"STU000049",2016,2.80152520470904,1,1,"Standard"
"STU000050",2016,3.42635310465923,0,0,"Standard"
"STU000051",2016,2.61463247118822,0,0,"Standard"
"STU000052",2016,2.96564138544484,0,1,"Standard"
"STU000053",2016,2.86172397987079,0,0,"NonCompletion"
"STU000054",2016,2.88273370569299,0,0,"Standard"
"STU000055",2016,2.57825059909158,1,0,"Standard"
"STU000056",2016,2.39438768942086,0,1,"Standard"
"STU000057",2016,3.19605048910792,0,1,"Standard"
"STU000058",2016,2.46981885729724,1,1,"Standard"
"STU000059",2016,3.52272075802653,0,0,"Advanced"
"STU000060",2016,2.4720737579015,0,0,"Standard"
"STU000061",2016,3.18232228950965,1,1,"Standard"
"STU000062",2016,2.26074415964425,0,0,"NonCompletion"
"STU000063",2016,2.91005097011145,0,1,"Standard"
"STU000064",2016,2.05269480059732,1,0,"Standard"
"STU000065",2016,3.01698556541331,1,0,"Standard"
"STU000066",2016,2.40109755359755,0,0,"Standard"
"STU000067",2016,2.58909043507601,0,0,"NonCompletion"
"STU000068",2016,3.27962035483575,0,1,"Standard"
"STU000069",2016,2.66316180695482,0,1,"Standard"
"STU000070",2016,3.12115539827581,1,0,"Standard"
"STU000071",2016,3.00583357506803,0,0,"Standard"
"STU000072",2016,2.76645038810858,1,0,"Standard"
"STU000073",2016,2.53433557980525,0,0,"Standard"
"STU000074",2016,2.39664353599256,1,0,"Standard"
"STU000075",2016,3.0398795322609,1,0,"Standard"
"STU000076",2016,2.73592719727372,1,0,"Standard"
"STU000077",2016,1.87844332197982,1,0,"Standard"
"STU000078",2016,2.37659901887967,1,0,"Standard"
"STU000079",2016,2.16988968289558,0,0,"Standard"
"STU000080",2016,2.04813251115072,0,0,"Standard"
"STU000081",2016,2.7889055487159,0,0,"Standard"
"STU000082",2016,2.5970920974478,0,1,"Standard"
"STU000083",2016,3.41618339653189,1,0,"Standard"
"STU000084",2016,2.92941485755205,0,1,"Standard"
"STU000085",2016,3.09097098049563,0,0,"Standard"
"STU000086",2016,3.11281667076559,0,0,"Standard"
"STU000087",2016,3.81692153310124,0,0,"Advanced"
"STU000088",2016,1.68862545488045,1,1,"NonCompletion"
"STU000089",2016,1.62159099990583,1,0,"Standard"
"STU000090",2016,1.39120010387455,1,0,"Standard"
"STU000091",2016,2.74382731212363,0,0,"Standard"
"STU000092",2016,3.69350169288054,0,1,"Advanced"
"STU000093",2016,2.13908805896331,1,0,"Standard"
"STU000094",2016,2.37312555132232,0,0,"Standard"
"STU000095",2016,1.52865066459125,1,0,"Standard"
"STU000096",2016,2.62861181691473,1,0,"Standard"
"STU000097",2016,2.77210543347934,1,0,"Standard"
"STU000098",2016,NA,1,0,"Standard"
"STU000099",2016,1.73454368367441,1,0,"Standard"
"STU000100",2016,2.53010818332827,0,0,"Standard"
"STU000101",2016,2.51129900430331,1,0,"Standard"
"STU000102",2016,2.37909978505428,0,0,"Standard"
"STU000103",2016,2.40706631501199,1,0,"Standard"
"STU000104",2016,2.28028600114379,1,0,"Standard"
"STU000105",2016,2.3253763621594,0,0,"Standard"
"STU000106",2016,2.49593483513297,1,0,"Standard"
"STU000107",2016,3.25515187070431,0,0,"Standard"
"STU000108",2016,3.78990241861363,1,0,"Advanced"
"STU000109",2016,3.5233067004795,1,1,"Advanced"
"STU000110",2016,3.15345711384093,1,1,"Standard"
"STU000111",2016,3.11507982252511,0,0,"Standard"
"STU000112",2016,2.58437697477992,1,0,"Standard"
"STU000113",2016,2.49634884454788,0,0,"Standard"
"STU000114",2016,2.89306989563493,0,0,"Standard"
"STU000115",2016,2.37012245760737,0,0,"Standard"
"STU000116",2016,3.21117187506056,1,1,"Standard"
"STU000117",2016,2.83693071324932,1,0,"Standard"
"STU000118",2016,3.10199161547629,0,0,"Standard"
"STU000119",2016,3.27344274283796,0,0,"Standard"
"STU000120",2016,3.35557986184203,1,1,"Standard"
"STU000121",2016,2.48354718540787,1,1,"Standard"
"STU000122",2016,2.68939487411984,0,0,"Standard"
"STU000123",2016,2.13733964744799,0,0,"NonCompletion"
"STU000124",2016,3.8795803539431,0,0,"Advanced"
"STU000125",2016,2.71472946258001,1,1,"Standard"
"STU000126",2016,2.43065239987342,1,0,"Standard"
"STU000127",2016,3.18731953695372,0,0,"Standard"
"STU000128",2016,3.67773598001521,0,1,"Advanced"
"STU000129",2016,1.91243033366627,0,0,"Standard"
"STU000130",2016,2.04144671806037,1,0,"Standard"
"STU000131",2016,3.28921058983444,1,0,"Standard"
"STU000132",2016,1.38754359950447,1,0,"Standard"
"STU000133",2016,1.88623048270505,1,0,"NonCompletion"
"STU000134",2016,1.59231699173374,0,0,"Standard"
"STU000135",2016,2.62418333162759,1,0,"Standard"
"STU000136",2016,2.45064663586401,0,1,"Standard"
"STU000137",2016,3.26994615620838,1,1,"Standard"
"STU000138",2016,2.77529553384889,0,0,"Standard"
"STU000139",2016,2.06848736381002,1,0,"Standard"
"STU000140",2016,1.82248136601767,0,0,"Standard"
"STU000141",2016,2.50345170652834,0,1,"Standard"
"STU000142",2016,2.41915528694586,0,0,"NonCompletion"
"STU000143",2016,2.33013248297889,0,0,"Standard"
"STU000144",2016,2.78416398980664,0,0,"Standard"
"STU000145",2016,2.42083184937007,0,0,"Standard"
"STU000146",2016,2.14263729688757,1,0,"Standard"
"STU000147",2016,3.33198864012842,0,1,"Standard"
"STU000148",2016,2.7979654071527,0,0,"Standard"
"STU000149",2016,2.82925033885924,0,0,"Standard"
"STU000150",2016,3.240402736663,0,0,"Standard"
"STU000151",2016,2.45542803507031,1,0,"Standard"
"STU000152",2016,3.24617631416256,0,0,"Standard"
"STU000153",2016,2.67320906480041,1,0,"Standard"
"STU000154",2016,2.15624642691193,1,0,"NonCompletion"
"STU000155",2016,2.68892936672341,0,0,"Standard"
"STU000156",2016,3.24767823274423,0,1,"Standard"
"STU000157",2016,2.67794518597671,1,0,"Standard"
"STU000158",2016,3.19613984431429,0,0,"Standard"
"STU000159",2016,3.44357865213132,0,0,"Standard"
"STU000160",2016,NA,1,1,"NonCompletion"
"STU000161",2016,2.21523468629923,1,0,"NonCompletion"
"STU000162",2016,2.04997757788102,1,1,"Standard"
"STU000163",2016,2.9847015119886,0,0,"Standard"
"STU000164",2016,2.66717462060312,1,0,"Standard"
"STU000165",2016,2.49739387945889,1,0,"Standard"
"STU000166",2016,3.46078376366694,1,0,"Standard"
"STU000167",2016,NA,0,0,"Standard"
"STU000168",2016,2.51854505963465,1,0,"Standard"
"STU000169",2016,2.19202341421398,0,0,"NonCompletion"
"STU000170",2016,3.02514437068997,1,0,"Standard"
"STU000171",2016,2.06569042152189,0,0,"Standard"
"STU000172",2016,1.87866792853719,0,0,"Standard"
"STU000173",2016,2.29673876445256,0,0,"Standard"
"STU000174",2016,2.88501535217185,0,0,"Standard"
"STU000175",2016,3.77421359990426,0,0,"Advanced"
"STU000176",2016,2.7540025499345,0,0,"Standard"
"STU000177",2016,2.32834223715981,1,1,"Standard"
"STU000178",2016,2.28793733538637,0,0,"Standard"
"STU000179",2016,1.94576141029113,1,0,"Standard"
"STU000180",2016,3.46289881712477,0,0,"Standard"
"STU000181",2016,2.12288331879388,0,0,"Standard"
"STU000182",2016,3.39318574735107,1,0,"Standard"
"STU000183",2016,3.55880520030754,0,0,"Standard"
"STU000184",2016,2.72048892577097,1,0,"Standard"
"STU000185",2016,3.59873075785064,0,1,"Advanced"
"STU000186",2016,2.10787862685121,1,0,"NonCompletion"
"STU000187",2016,NA,0,0,"Standard"
"STU000188",2016,2.35025107001999,1,1,"Standard"
"STU000189",2016,2.6473524619285,1,0,"Standard"
"STU000190",2016,NA,1,0,"Standard"
"STU000191",2016,2.90021826848465,1,0,"NonCompletion"
"STU000192",2016,2.69451928787709,1,0,"Standard"
"STU000193",2016,2.77872290386194,1,0,"Standard"
"STU000194",2016,3.38667859614407,0,0,"Standard"
"STU000195",2016,2.41744734382972,1,0,"NonCompletion"
"STU000196",2016,2.6905789565243,0,0,"Standard"
"STU000197",2016,2.05104640626304,1,0,"Standard"
"STU000198",2016,3.15703998283043,1,0,"Standard"
"STU000199",2016,2.30239126348198,1,0,"Standard"
"STU000200",2016,3.11881825588171,1,0,"Standard"
"STU000201",2016,2.35761084507981,0,0,"Standard"
"STU000202",2016,2.79869330014013,0,1,"Standard"
"STU000203",2016,2.46588638607821,0,0,"Standard"
"STU000204",2016,1.93631284901666,0,0,"Standard"
"STU000205",2016,2.03300816840079,1,0,"Standard"
"STU000206",2016,2.73065006356679,0,0,"Standard"
"STU000207",2016,2.45934868909439,0,0,"Standard"
"STU000208",2016,3.0548577004837,0,0,"Standard"
"STU000209",2016,2.21688333542374,1,0,"Standard"
"STU000210",2016,1.82745129103856,1,1,"Standard"
"STU000211",2016,3.13561290192618,0,1,"Standard"
"STU000212",2016,2.78753199009053,0,0,"Standard"
"STU000213",2016,2.55367475600577,0,0,"Standard"
"STU000214",2016,3.35753048173475,0,0,"Standard"
"STU000215",2016,2.67873994472996,1,0,"NonCompletion"
"STU000216",2016,3.31830974401091,0,0,"Standard"
"STU000217",2016,2.61673931150032,0,0,"Standard"
"STU000218",2016,3.38385056266035,0,0,"Standard"
"STU000219",2016,2.65507970655661,1,0,"Standard"
"STU000220",2016,2.49686525138173,1,0,"Standard"
"STU000221",2016,2.7768125136037,0,0,"Standard"
"STU000222",2016,2.31310551218139,1,0,"Standard"
"STU000223",2016,2.97895329494567,1,0,"Standard"
"STU000224",2016,2.45408025894712,0,0,"Standard"
"STU000225",2016,1.64365256856335,1,0,"Standard"
"STU000226",2016,2.58990415060485,1,0,"Standard"
"STU000227",2016,2.79185484074785,1,0,"Standard"
"STU000228",2016,3.77214924370768,1,0,"Advanced"
"STU000229",2016,3.37537697795325,1,0,"Standard"
"STU000230",2016,2.9676395742921,1,1,"Standard"
"STU000231",2016,2.94234061225423,1,1,"Standard"
"STU000232",2016,3.6077202424882,0,0,"Advanced"
"STU000233",2016,1.88830870085393,0,0,"Standard"
"STU000234",2016,3.02336911273909,1,1,"Standard"
"STU000235",2016,2.65943786793784,0,1,"Standard"
"STU000236",2016,3.14253735191158,0,1,"Standard"
"STU000237",2016,2.60717384546187,0,0,"Standard"
"STU000238",2016,2.88958039259968,0,1,"Standard"
"STU000239",2016,2.40207710726414,0,0,"Standard"
"STU000240",2016,2.11626165551524,1,0,"NonCompletion"
"STU000241",2016,2.06354837740562,0,0,"Standard"
"STU000242",2016,2.33501786648326,0,1,"Standard"
"STU000243",2016,2.69192172119777,0,0,"Standard"
"STU000244",2016,3.42022112168273,0,0,"Standard"
"STU000245",2016,2.97698096745281,0,1,"Standard"
"STU000246",2016,3.66643002559358,1,0,"Advanced"
"STU000247",2016,2.37475414982784,0,0,"Standard"
"STU000248",2016,2.24061579570089,0,0,"Standard"
"STU000249",2016,2.09279862392102,0,1,"Standard"
"STU000250",2016,3.39152459100551,1,0,"Standard"
"STU000251",2016,2.67534408227562,0,0,"Standard"
"STU000252",2016,2.80724118495256,0,0,"Standard"
"STU000253",2016,3.30533010258858,0,1,"Standard"
"STU000254",2016,2.74369884876511,1,0,"Standard"
"STU000255",2016,3.105062224761,1,0,"Standard"
"STU000256",2016,3.2489412539515,0,0,"Standard"
"STU000257",2016,2.35835367505456,0,0,"Standard"
"STU000258",2016,2.65060467590636,1,0,"Standard"
"STU000259",2016,2.65994972100486,0,0,"Standard"
"STU000260",2016,3.35668046797943,1,0,"Standard"
"STU000261",2016,3.205691758262,0,1,"Standard"
"STU000262",2016,2.33350593248123,0,0,"Standard"
"STU000263",2016,2.8842660910642,1,0,"Standard"
"STU000264",2016,1.4017385810502,1,0,"Standard"
"STU000265",2016,3.05033108533928,0,0,"Standard"
"STU000266",2016,2.46526927669339,1,0,"Standard"
"STU000267",2016,2.13038791552287,0,0,"Standard"
"STU000268",2016,1.97414410268868,0,0,"Standard"
"STU000269",2016,2.18717039763148,1,0,"Standard"
"STU000270",2016,3.02897632114829,1,0,"NonCompletion"
"STU000271",2016,2.71194302309429,0,0,"Standard"
"STU000272",2016,2.30701062516607,0,0,"Standard"
"STU000273",2016,2.76212849018122,0,1,"Standard"
"STU000274",2016,1.98713734974386,1,0,"Standard"
"STU000275",2016,2.48950376993091,1,0,"Standard"
"STU000276",2016,3.32472909563538,0,1,"Standard"
"STU000277",2016,1.3280984679274,1,0,"NonCompletion"
"STU000278",2016,2.86135629067464,0,1,"Standard"
"STU000279",2016,2.13311525664275,0,0,"Standard"
"STU000280",2016,3.5738772688659,1,1,"Advanced"
"STU000281",2016,2.05851429762573,1,0,"Standard"
"STU000282",2016,3.40784159799182,0,0,"Standard"
"STU000283",2016,2.0491443071288,1,0,"Standard"
"STU000284",2016,3.05072223062518,0,0,"Standard"
"STU000285",2016,NA,1,0,"Standard"
"STU000286",2016,2.26481731831957,1,0,"Standard"
"STU000287",2016,2.22069511905421,0,0,"Standard"
"STU000288",2016,2.77753454506615,1,1,"Standard"
"STU000289",2016,3.8517304140715,0,0,"Advanced"
"STU000290",2016,3.06782330501322,0,0,"Standard"
"STU000291",2016,3.19712788346128,0,0,"Standard"
"STU000292",2016,3.88008865924159,0,0,"Advanced"
"STU000293",2016,2.09564969001939,1,0,"Standard"
"STU000294",2016,1.91186196566617,1,0,"Standard"
"STU000295",2016,2.23330176298347,1,0,"Standard"
"STU000296",2016,2.65493679468251,0,1,"Standard"
"STU000297",2016,1.9056373266456,1,0,"Standard"
"STU000298",2016,NA,0,0,"Standard"
"STU000299",2016,2.05725851344538,0,0,"Standard"
"STU000300",2016,2.60827401915118,1,0,"Standard"
"STU000301",2016,3.09157217980901,0,0,"Standard"
"STU000302",2016,2.22300369397477,0,1,"Standard"
"STU000303",2016,3.1885547767324,0,1,"Standard"
"STU000304",2016,2.64121947202044,1,0,"Standard"
"STU000305",2016,3.10550052507571,0,0,"Standard"
"STU000306",2016,2.24917179427096,1,0,"Standard"
"STU000307",2016,3.08005509050561,0,1,"Standard"
"STU000308",2016,3.47789938945387,0,1,"Standard"
"STU000309",2016,2.00494387920553,0,0,"Standard"
"STU000310",2016,2.4094473604834,0,0,"NonCompletion"
"STU000311",2016,1.99424908917135,0,0,"Standard"
"STU000312",2016,2.37020685774585,0,0,"Standard"
"STU000313",2016,2.23083376778394,0,1,"Standard"
"STU000314",2016,2.83232133194415,0,0,"Standard"
"STU000315",2016,3.11488180703571,0,0,"Standard"
"STU000316",2016,2.71476559732665,0,0,"Standard"
"STU000317",2016,2.79803907790717,0,0,"Standard"
"STU000318",2016,3.47256463062064,0,0,"Standard"
"STU000319",2016,3.74473925605625,0,0,"Advanced"
"STU000320",2016,1.75696549025285,0,0,"Standard"
"STU000321",2016,2.53479268224686,0,0,"Standard"
"STU000322",2016,3.40829195481622,0,0,"Standard"
"STU000323",2016,NA,1,0,"NonCompletion"
"STU000324",2016,3.21717424670635,1,1,"Standard"
"STU000325",2016,2.14914817581743,0,0,"Standard"
"STU000326",2016,3.24904983381072,0,0,"Standard"
"STU000327",2016,3.20113026854148,0,0,"Standard"
"STU000328",2016,3.73139250965679,1,0,"Advanced"
"STU000329",2016,NA,1,0,"Standard"
"STU000330",2016,1.72347687364396,1,0,"Standard"
"STU000331",2016,3.90215727877212,0,0,"Advanced"
"STU000332",2016,2.59128474161323,0,0,"Standard"
"STU000333",2016,2.46211123195264,0,0,"Standard"
"STU000334",2016,1.50796621841836,1,0,"Standard"
"STU000335",2016,2.93142012597087,0,0,"Standard"
"STU000336",2016,2.86167988333666,0,0,"Standard"
"STU000337",2016,2.32006341515056,1,1,"Standard"
"STU000338",2016,3.53795207083847,0,1,"Advanced"
"STU000339",2016,2.92563565919051,1,0,"Standard"
"STU000340",2016,NA,0,0,"Standard"
"STU000341",2016,2.06843017874448,1,0,"NonCompletion"
"STU000342",2016,2.15070913729447,0,0,"Standard"
"STU000343",2016,2.8852926199376,1,0,"Standard"
"STU000344",2016,3.10784584157552,0,0,"Standard"
"STU000345",2016,1.94865989943628,1,0,"NonCompletion"
"STU000346",2016,3.81806238198008,0,1,"Advanced"
"STU000347",2016,2.62354462362632,1,0,"Standard"
"STU000348",2016,3.15917250043375,1,0,"Standard"
"STU000349",2016,2.28775335380363,0,0,"Standard"
"STU000350",2016,3.40406152808164,0,0,"Standard"
"STU000351",2016,2.44788716451863,1,0,"Standard"
"STU000352",2016,3.06658940409737,0,0,"Standard"
"STU000353",2016,3.23407737658181,0,1,"Standard"
"STU000354",2016,2.18350334452315,0,0,"Standard"
"STU000355",2016,2.67993715574929,0,0,"Standard"
"STU000356",2016,3.20402329341229,0,0,"Standard"
"STU000357",2016,1.29191582050051,1,0,"Standard"
"STU000358",2016,3.50384811174787,0,0,"Advanced"
"STU000359",2016,3.86049547343247,1,1,"Advanced"
"STU000360",2016,3.01921721348437,1,0,"Standard"
"STU000361",2016,2.43538840162563,0,0,"Standard"
"STU000362",2016,2.46598541203373,0,0,"Standard"
"STU000363",2016,2.44571401156695,0,0,"Standard"
"STU000364",2016,2.66745481809379,1,0,"Standard"
"STU000365",2016,1.80672020785419,1,0,"NonCompletion"
"STU000366",2016,2.43708436960714,0,0,"Standard"
"STU000367",2016,2.20748716878072,0,0,"Standard"
"STU000368",2016,2.85797773136681,0,0,"Standard"
"STU000369",2016,2.64771284882257,0,0,"Standard"
"STU000370",2016,3.05306067811075,0,0,"Standard"
"STU000371",2016,2.68452591909672,0,0,"Standard"
"STU000372",2016,2.86870502688392,0,0,"NonCompletion"
"STU000373",2016,2.10891982735844,1,0,"Standard"
"STU000374",2016,3.05527101955285,1,0,"Standard"
"STU000375",2016,2.3396381191435,1,0,"Standard"
"STU000376",2016,2.91012646044872,1,0,"Standard"
"STU000377",2016,3.37944531552801,0,0,"Standard"
"STU000378",2016,2.36239415631165,1,0,"Standard"
"STU000379",2016,2.91909624862315,1,0,"Standard"
"STU000380",2016,2.07510142016479,1,0,"Standard"
"STU000381",2016,2.53946628365631,0,1,"Standard"
"STU000382",2016,2.7235988061017,0,0,"Standard"
"STU000383",2016,3.12813358578818,0,1,"Standard"
"STU000384",2016,1.93027338070485,1,1,"NonCompletion"
"STU000385",2016,1.96355799927417,0,1,"Standard"
"STU000386",2016,3.47445410775583,0,1,"Standard"
"STU000387",2016,3.42448792984922,0,0,"Standard"
"STU000388",2016,2.47682310924163,1,0,"Standard"
"STU000389",2016,2.76202805075787,0,0,"Standard"
"STU000390",2016,3.19561084238357,1,0,"Standard"
"STU000391",2016,3.33526717841261,0,1,"Standard"
"STU000392",2016,3.68889530414655,1,0,"Advanced"
"STU000393",2016,1.62703965600673,1,0,"Standard"
"STU000394",2016,3.8166263196028,1,1,"Advanced"
"STU000395",2016,2.54392282563359,0,0,"Standard"
"STU000396",2016,3.09114474138586,0,0,"Standard"
"STU000397",2016,2.34287093830199,1,0,"Standard"
"STU000398",2016,2.09169090393932,0,0,"Standard"
"STU000399",2016,2.47795680704562,0,0,"Standard"
"STU000400",2016,3.03554119441323,1,0,"Standard"
"STU000401",2016,2.98889203760995,0,0,"Standard"
"STU000402",2016,2.54371081723176,0,1,"Standard"
"STU000403",2016,2.31552958918639,1,0,"Standard"
"STU000404",2016,2.73180156187796,1,0,"Standard"
"STU000405",2016,1.93810090430975,1,0,"Standard"
"STU000406",2016,2.69547247727032,1,0,"Standard"
"STU000407",2016,2.29840219916347,0,0,"Standard"
"STU000408",2016,2.93716866133482,0,0,"Standard"
"STU000409",2016,2.29471545011702,0,0,"Standard"
"STU000410",2016,3.49625976374539,0,0,"Standard"
"STU000411",2016,2.04789481095971,1,0,"Standard"
"STU000412",2016,2.49829258024263,1,0,"Standard"
"STU000413",2016,2.29849147632372,1,1,"Standard"
"STU000414",2016,2.45504366615866,1,0,"Standard"
"STU000415",2016,4,0,1,"Advanced"
"STU000416",2016,2.8030567090598,1,0,"NonCompletion"
"STU000417",2016,1.96232090253614,0,0,"NonCompletion"
"STU000418",2016,2.53179900804495,1,0,"Standard"
"STU000419",2016,2.41648631247704,1,0,"Standard"
"STU000420",2016,3.17159769481289,0,0,"Standard"
"STU000421",2016,2.72807640147607,0,0,"Standard"
"STU000422",2016,2.17931553711819,1,0,"Standard"
"STU000423",2016,2.61209643111291,1,0,"Standard"
"STU000424",2016,2.28569955994664,0,0,"Standard"
"STU000425",2016,3.38975003714089,0,0,"Standard"
"STU000426",2016,1.9841365650174,1,0,"NonCompletion"
"STU000427",2016,3.05224835452612,0,1,"Standard"
"STU000428",2016,2.12855220775604,1,0,"Standard"
"STU000429",2016,2.46909078099834,1,1,"Standard"
"STU000430",2016,3.08056142995713,0,0,"Standard"
"STU000431",2016,1.98795543517635,1,0,"Standard"
"STU000432",2016,4,0,1,"Advanced"
"STU000433",2016,2.99555300217755,0,1,"Standard"
"STU000434",2016,2.61230195268813,0,0,"Standard"
"STU000435",2016,2.75921495529777,1,0,"Standard"
"STU000436",2016,2.13243692805628,0,0,"Standard"
"STU000437",2016,2.51768217448828,1,0,"Standard"
"STU000438",2016,2.71479395538061,0,0,"Standard"
"STU000439",2016,2.95630706014073,0,0,"Standard"
"STU000440",2016,2.31975797393523,0,0,"Standard"
"STU000441",2016,3.43398950259482,0,0,"Standard"
"STU000442",2016,2.98424294200894,1,0,"Standard"
"STU000443",2016,2.71188917658652,1,0,"Standard"
"STU000444",2016,2.96879013467483,0,0,"Standard"
"STU000445",2016,1.63078720019011,1,0,"Standard"
"STU000446",2016,1.96760364278908,1,0,"Standard"
"STU000447",2016,2.54274166097991,0,1,"Standard"
"STU000448",2016,1.51661415213815,0,0,"NonCompletion"
"STU000449",2016,3.16792719525835,0,0,"Standard"
"STU000450",2016,3.02190099100288,0,0,"Standard"
"STU000451",2016,2.39165405718417,0,0,"Standard"
"STU000452",2016,2.19363586715646,1,1,"Standard"
"STU000453",2016,3.02983745892755,1,0,"Standard"
"STU000454",2016,3.59422665920428,0,0,"Advanced"
"STU000455",2016,3.128191346481,0,1,"Standard"
"STU000456",2016,2.41418438456948,0,0,"NonCompletion"
"STU000457",2016,2.92262835972371,0,0,"NonCompletion"
"STU000458",2016,3.33478109202736,0,0,"NonCompletion"
"STU000459",2016,1.81125787811463,0,0,"Standard"
"STU000460",2016,1.8460762727714,1,0,"Standard"
"STU000461",2016,3.07962689576333,1,0,"Standard"
"STU000462",2016,3.07488525549114,0,0,"Standard"
"STU000463",2016,3.1704699421356,0,0,"Standard"
"STU000464",2016,2.31294340570028,1,1,"Standard"
"STU000465",2016,3.02828377492639,0,0,"Standard"
"STU000466",2016,2.82863749496015,1,0,"Standard"
"STU000467",2016,2.83432539228501,0,0,"Standard"
"STU000468",2016,2.70066859533062,1,0,"Standard"
"STU000469",2016,2.92151054226704,1,0,"Standard"
"STU000470",2016,2.18472725733357,0,0,"Standard"
"STU000471",2016,2.64100426068921,1,0,"Standard"
"STU000472",2016,3.0121951189672,0,0,"Standard"
"STU000473",2016,2.1756941815396,1,0,"Standard"
"STU000474",2016,2.44882821174255,0,0,"Standard"
"STU000475",2016,1.9828534490139,0,1,"Standard"
"STU000476",2016,2.15420841535434,1,1,"Standard"
"STU000477",2016,4,0,0,"Advanced"
"STU000478",2016,2.68401095423514,0,0,"Standard"
"STU000479",2016,1.9629898262721,1,0,"NonCompletion"
"STU000480",2016,2.85113780584547,0,0,"Standard"
"STU000481",2016,1.24564033028274,0,0,"Standard"
"STU000482",2016,2.07461382219667,1,0,"Standard"
"STU000483",2016,2.38454310718967,1,0,"NonCompletion"
"STU000484",2016,2.29927047708819,1,0,"NonCompletion"
"STU000485",2016,2.30720136847489,1,0,"Standard"
"STU000486",2016,2.4209351387588,1,1,"Standard"
"STU000487",2016,2.42602634874722,0,0,"Standard"
"STU000488",2016,4,0,0,"Advanced"
"STU000489",2016,NA,1,0,"NonCompletion"
"STU000490",2016,3.23992414146966,0,0,"Standard"
"STU000491",2016,3.62588954286259,0,0,"Advanced"
"STU000492",2016,2.91982505262455,0,0,"Standard"
"STU000493",2016,3.32323823254571,1,1,"Standard"
"STU000494",2016,3.10387448129194,0,1,"Standard"
"STU000495",2016,2.22624760404057,1,0,"Standard"
"STU000496",2016,2.3757870070332,0,0,"Standard"
"STU000497",2016,2.43314505321818,0,0,"Standard"
"STU000498",2016,2.00028156920549,0,0,"Standard"
"STU000499",2016,3.29043022866979,0,0,"Standard"
"STU000500",2016,3.49032729331807,0,0,"Standard"
"STU000501",2016,2.24208382761842,0,0,"Standard"
"STU000502",2016,2.12126681046867,0,0,"Standard"
"STU000503",2016,3.09353002039937,1,0,"NonCompletion"
"STU000504",2016,2.80961383064924,1,0,"Standard"
"STU000505",2016,2.76451733805197,1,0,"Standard"
"STU000506",2016,3.31511801640583,1,1,"Standard"
"STU000507",2016,2.28323145953277,1,0,"Standard"
"STU000508",2016,3.18545406773866,0,0,"Standard"
"STU000509",2016,3.31832403310119,1,0,"Standard"
"STU000510",2016,2.48448889195278,0,1,"Standard"
"STU000511",2016,2.28010960606474,1,0,"Standard"
"STU000512",2016,2.59370240763311,1,0,"Standard"
"STU000513",2016,2.5303520211733,0,0,"Standard"
"STU000514",2016,2.06198752235876,1,0,"Standard"
"STU000515",2016,2.59704784759097,0,0,"Standard"
"STU000516",2016,2.91087496138657,1,0,"Standard"
"STU000517",2016,3.14555287077184,0,0,"Standard"
"STU000518",2016,3.088799581046,0,0,"Standard"
"STU000519",2016,2.23065926256146,0,1,"Standard"
"STU000520",2016,2.4343645594786,1,0,"Standard"
"STU000521",2016,2.7308942080023,0,1,"Standard"
"STU000522",2016,NA,0,0,"NonCompletion"
"STU000523",2016,2.83220430287714,0,0,"Standard"
"STU000524",2016,2.31449553033033,0,0,"Standard"
"STU000525",2016,2.61996620116755,0,0,"Standard"
"STU000526",2016,2.0921228522672,1,0,"Standard"
"STU000527",2016,1.60948794688367,1,0,"Standard"
"STU000528",2016,2.42030947269665,1,0,"Standard"
"STU000529",2016,2.97988191961088,1,0,"Standard"
"STU000530",2016,NA,1,0,"NonCompletion"
"STU000531",2016,2.96737957443069,1,0,"Standard"
"STU000532",2016,3.44993977088923,1,1,"Standard"
"STU000533",2016,3.86757346121296,0,0,"Advanced"
"STU000534",2016,2.07896220183565,0,0,"Standard"
"STU000535",2016,3.51781803538248,0,0,"Advanced"
"STU000536",2016,3.04930607607914,0,0,"Standard"
"STU000537",2016,2.23647553041409,1,0,"Standard"
"STU000538",2016,2.96985318401089,0,0,"Standard"
"STU000539",2016,2.80039711958204,1,0,"Standard"
"STU000540",2016,3.26968348520113,1,0,"Standard"
"STU000541",2016,3.92858962792534,0,0,"Advanced"
"STU000542",2016,2.2790765295409,1,0,"Standard"
"STU000543",2016,1.85171304905192,0,0,"Standard"
"STU000544",2016,2.80629085568704,1,0,"Standard"
"STU000545",2016,1.98989949449531,1,0,"Standard"
"STU000546",2016,3.48626651210233,1,1,"Standard"
"STU000547",2016,2.82927720803708,0,0,"Standard"
"STU000548",2016,2.97891541726099,0,1,"Standard"
"STU000549",2016,2.40366370265627,1,0,"NonCompletion"
"STU000550",2016,2.21847315447149,0,0,"Standard"
"STU000551",2016,1.97960776145772,0,0,"NonCompletion"
"STU000552",2016,3.1328638468075,0,0,"Standard"
"STU000553",2016,2.63962877786403,1,0,"NonCompletion"
"STU000554",2016,2.27246766611604,0,0,"Standard"
"STU000555",2016,2.04198635204779,0,1,"NonCompletion"
"STU000556",2016,3.2356304539712,0,0,"Standard"
"STU000557",2016,2.24225357691765,0,0,"Standard"
"STU000558",2016,2.46185314349991,0,0,"Standard"
"STU000559",2016,2.48965120111688,0,0,"Standard"
"STU000560",2016,2.88406065875712,1,0,"Standard"
"STU000561",2016,2.11886967604384,0,0,"Standard"
"STU000562",2016,2.62773820905533,1,0,"Standard"
"STU000563",2016,3.77378367763739,0,0,"Advanced"
"STU000564",2016,2.33595411363964,0,0,"Standard"
"STU000565",2016,3.34117847151006,0,0,"Standard"
"STU000566",2016,2.73317158903246,0,1,"Standard"
"STU000567",2016,2.27371021816173,1,1,"Standard"
"STU000568",2016,2.43986333897261,1,0,"Standard"
"STU000569",2016,2.94091452269014,0,0,"Standard"
"STU000570",2016,2.32231069799148,0,0,"NonCompletion"
"STU000571",2016,3.47653117866575,0,0,"Standard"
"STU000572",2016,2.41168357583878,0,0,"Standard"
"STU000573",2016,2.42965689032436,1,0,"Standard"
"STU000574",2016,3.45796127225401,1,0,"Standard"
"STU000575",2016,2.74100169485393,0,1,"Standard"
"STU000576",2016,3.73298796317156,1,0,"Advanced"
"STU000577",2016,3.50168628901513,0,1,"Advanced"
"STU000578",2016,3.15385242462757,0,1,"Standard"
"STU000579",2016,2.34564095499019,1,0,"Standard"
"STU000580",2016,1.58843723437153,1,0,"Standard"
"STU000581",2016,2.32259611580449,1,0,"Standard"
"STU000582",2016,3.29892142202337,0,1,"Standard"
"STU000583",2016,2.6416331970881,1,0,"Standard"
"STU000584",2016,2.97456031540697,0,1,"Standard"
"STU000585",2016,2.92696406035484,1,0,"Standard"
"STU000586",2016,2.23387711581986,0,1,"Standard"
"STU000587",2016,2.42597761263949,0,1,"Standard"
"STU000588",2016,3.96057318966211,1,1,"Advanced"
"STU000589",2016,2.45447448861817,1,0,"Standard"
"STU000590",2016,3.42298314505019,1,1,"Standard"
"STU000591",2016,2.36924786819121,1,0,"Standard"
"STU000592",2016,3.74683948336532,0,1,"Advanced"
"STU000593",2016,3.55048311504946,1,0,"Advanced"
"STU000594",2016,3.30904142107468,0,1,"Standard"
"STU000595",2016,3.43609081866065,0,0,"Standard"
"STU000596",2016,2.24665539575121,1,0,"NonCompletion"
"STU000597",2016,3.04469508601415,0,0,"Standard"
"STU000598",2016,2.68503726695833,0,0,"Standard"
"STU000599",2016,2.56492254989571,1,0,"Standard"
"STU000600",2016,3.20475486080957,0,1,"Standard"
"STU000601",2016,2.97710708974718,1,1,"NonCompletion"
"STU000602",2016,3.00866245581666,1,0,"Standard"
"STU000603",2016,2.55000051767975,0,0,"Standard"
"STU000604",2016,3.24885016085655,0,0,"Standard"
"STU000605",2016,2.19499484848431,0,0,"Standard"
"STU000606",2016,3.60948238202022,1,1,"Advanced"
"STU000607",2016,2.81822049682602,1,0,"Standard"
"STU000608",2016,3.37625420211209,1,0,"Standard"
"STU000609",2016,3.06419451817015,0,0,"Standard"
"STU000610",2016,3.39758652692479,1,0,"Standard"
"STU000611",2016,3.2781177321211,0,1,"Standard"
"STU000612",2016,2.62897537766319,1,0,"Standard"
"STU000613",2016,2.47778165192325,0,0,"Standard"
"STU000614",2016,3.17750749869986,0,0,"Standard"
"STU000615",2016,2.2008360010571,0,0,"Standard"
"STU000616",2016,2.82353361422776,0,0,"Standard"
"STU000617",2016,2.63658929662356,0,0,"Standard"
"STU000618",2016,3.25829439106906,0,0,"Standard"
"STU000619",2016,2.87393785425415,0,0,"Standard"
"STU000620",2016,2.40813664239321,1,0,"NonCompletion"
"STU000621",2016,2.01006695561437,1,0,"Standard"
"STU000622",2016,2.26252176318099,0,0,"Standard"
"STU000623",2016,2.03705569386951,1,0,"Standard"
"STU000624",2016,2.64902935297873,1,0,"Standard"
"STU000625",2016,2.08471206786938,1,0,"Standard"
"STU000626",2016,2.47925767046943,1,0,"Standard"
"STU000627",2016,3.46434609588467,1,0,"Standard"
"STU000628",2016,3.17215533652432,1,0,"NonCompletion"
"STU000629",2016,1.56365952222503,0,0,"Standard"
"STU000630",2016,2.96497533814986,0,0,"Standard"
"STU000631",2016,3.31579623153027,0,1,"Standard"
"STU000632",2016,2.75503657066974,1,0,"Standard"
"STU000633",2016,2.06308971734731,1,0,"Standard"
"STU000634",2016,3.12426223924298,0,0,"Standard"
"STU000635",2016,2.41120784437514,0,0,"Standard"
"STU000636",2016,3.3403663331818,1,0,"Standard"
"STU000637",2016,3.39522584936477,1,0,"Standard"
"STU000638",2016,2.06384962887825,1,0,"Standard"
"STU000639",2016,2.53257588059879,1,1,"Standard"
"STU000640",2016,1.87395155548389,1,0,"Standard"
"STU000641",2016,NA,0,0,"Standard"
"STU000642",2016,2.37109480665423,1,0,"Standard"
"STU000643",2016,3.78436663927332,0,0,"Advanced"
"STU000644",2016,2.59260821987161,1,0,"Standard"
"STU000645",2016,1.15931868253259,0,0,"Standard"
"STU000646",2016,2.83317836344131,0,0,"Standard"
"STU000647",2016,2.35642187383194,0,0,"Standard"
"STU000648",2016,2.38512880388089,1,0,"Standard"
"STU000649",2016,2.01583530007834,0,0,"Standard"
"STU000650",2016,2.45318459154369,0,0,"Standard"
"STU000651",2016,2.03945740142301,1,0,"Standard"
"STU000652",2016,3.09349762840079,0,0,"Standard"
"STU000653",2016,2.11441172399882,0,0,"Standard"
"STU000654",2016,2.58630084327089,1,0,"Standard"
"STU000655",2016,NA,0,0,"NonCompletion"
"STU000656",2016,2.35582148757653,1,0,"Standard"
"STU000657",2016,2.49418823899662,1,0,"Standard"
"STU000658",2016,2.52052953751583,1,0,"Standard"
"STU000659",2016,2.11816214723196,0,0,"Standard"
"STU000660",2016,2.76310762160441,1,0,"Standard"
"STU000661",2016,1.530824167286,1,0,"NonCompletion"
"STU000662",2016,2.12810084517636,1,0,"Standard"
"STU000663",2016,2.2813513784278,1,0,"Standard"
"STU000664",2016,3.22733712840354,0,1,"Standard"
"STU000665",2016,2.7141048086471,1,0,"Standard"
"STU000666",2016,2.23715002076232,0,0,"Standard"
"STU000667",2016,NA,0,0,"NonCompletion"
"STU000668",2016,3.30054281845219,0,1,"Standard"
"STU000669",2016,2.1329822859265,1,0,"Standard"
"STU000670",2016,2.75722516916527,1,0,"Standard"
"STU000671",2016,3.63881581791409,0,0,"Advanced"
"STU000672",2016,2.53485927048563,0,0,"Standard"
"STU000673",2016,3.42425310347243,0,0,"Standard"
"STU000674",2016,2.81259287896226,0,0,"Standard"
"STU000675",2016,2.73323044872221,1,0,"Standard"
"STU000676",2016,2.06734012017225,0,0,"Standard"
"STU000677",2016,3.11076907565729,0,0,"Standard"
"STU000678",2016,2.36881495498959,0,0,"Standard"
"STU000679",2016,2.19609386251685,0,0,"NonCompletion"
"STU000680",2016,3.09383364738596,1,0,"NonCompletion"
"STU000681",2016,2.49674548572023,0,0,"Standard"
"STU000682",2016,2.02349539165912,0,0,"Standard"
"STU000683",2016,3.67057631324148,1,1,"Advanced"
"STU000684",2016,3.26990258343204,1,1,"Standard"
"STU000685",2016,3.43584426800004,1,0,"Standard"
"STU000686",2016,2.74076440021158,1,0,"Standard"
"STU000687",2016,2.7107446923161,0,0,"Standard"
"STU000688",2016,3.14093717681892,1,1,"Standard"
"STU000689",2016,2.25660259193007,1,0,"Standard"
"STU000690",2016,1.94125274475107,1,1,"Standard"
"STU000691",2016,3.62330617735894,0,0,"Advanced"
"STU000692",2016,2.94718589757496,1,0,"Standard"
"STU000693",2016,3.11391956463802,1,0,"Standard"
"STU000694",2016,2.8301218882892,0,0,"Standard"
"STU000695",2016,2.80986545954071,0,0,"Standard"
"STU000696",2016,2.73207029354222,1,0,"Standard"
"STU000697",2016,1.91097354478522,0,0,"Standard"
"STU000698",2016,2.18811993079956,1,0,"Standard"
"STU000699",2016,2.8916420776343,1,0,"Standard"
"STU000700",2016,2.70749012031256,0,1,"NonCompletion"
"STU000701",2016,3.52984789248861,0,1,"Advanced"
"STU000702",2016,2.66334181003511,0,0,"Standard"
"STU000703",2016,1.56630620003921,0,0,"Standard"
"STU000704",2016,2.67801492803644,0,0,"NonCompletion"
"STU000705",2016,3.40117358386196,0,0,"Standard"
"STU000706",2016,2.90827947388965,0,0,"Standard"
"STU000707",2016,2.25064461367737,0,0,"Standard"
"STU000708",2016,2.83194308530935,0,0,"Standard"
"STU000709",2016,3.00473487448767,1,0,"Standard"
"STU000710",2016,3.49115518260189,0,1,"Standard"
"STU000711",2016,3.14765654472514,1,0,"Standard"
"STU000712",2016,2.24634846861024,0,0,"Standard"
"STU000713",2016,3.82557880398095,0,0,"Advanced"
"STU000714",2016,3.03005916767892,0,0,"Standard"
"STU000715",2016,2.62655033118913,1,0,"Standard"
"STU000716",2016,1.82355100303042,1,0,"Standard"
"STU000717",2016,2.35785926382672,0,0,"Standard"
"STU000718",2016,2.51328345587847,0,0,"Standard"
"STU000719",2016,3.56914093172383,0,0,"Advanced"
"STU000720",2016,2.0723759095265,1,0,"Standard"
"STU000721",2016,3.52660284295942,0,0,"Advanced"
"STU000722",2016,1.96423643580876,0,0,"Standard"
"STU000723",2016,2.43692479474321,1,0,"Standard"
"STU000724",2016,3.3874891148543,0,1,"Standard"
"STU000725",2016,3.08880746994859,0,0,"Standard"
"STU000726",2016,2.23165566381775,1,1,"Standard"
"STU000727",2016,2.95900245340753,0,1,"Standard"
"STU000728",2016,3.00913896212822,0,0,"Standard"
"STU000729",2016,3.04272484138075,0,1,"Standard"
"STU000730",2016,3.5985745651971,0,1,"Advanced"
"STU000731",2016,2.94771429940394,0,0,"Standard"
"STU000732",2016,3.44395198277442,1,0,"Standard"
"STU000733",2016,2.94427510553614,0,1,"Standard"
"STU000734",2016,1.80293731789895,1,1,"NonCompletion"
"STU000735",2016,2.75551696171116,0,0,"Standard"
"STU000736",2016,1.64630323966641,1,0,"Standard"
"STU000737",2016,2.08961871329323,1,0,"Standard"
"STU000738",2016,3.1887795560841,0,0,"Standard"
"STU000739",2016,2.83842471724388,0,0,"Standard"
"STU000740",2016,2.63422590189723,1,0,"Standard"
"STU000741",2016,2.37517883780619,0,0,"Standard"
"STU000742",2016,2.96360931011044,1,0,"Standard"
"STU000743",2016,1.9818204513398,1,0,"Standard"
"STU000744",2016,2.26728274412867,1,0,"Standard"
"STU000745",2016,2.82337847170966,1,1,"Standard"
"STU000746",2016,2.92419203232231,0,0,"Standard"
"STU000747",2016,2.14262655973849,1,0,"Standard"
"STU000748",2016,1.64384667569056,1,0,"NonCompletion"
"STU000749",2016,2.24745161518904,0,0,"Standard"
"STU000750",2016,3.35357605815484,1,0,"Standard"
"STU000751",2016,2.75749225026407,0,1,"Standard"
"STU000752",2016,3.44555681324806,0,0,"Standard"
"STU000753",2016,1.99235097114783,0,0,"Standard"
"STU000754",2016,3.81644507380534,0,0,"Advanced"
"STU000755",2016,2.52209621550992,0,0,"Standard"
"STU000756",2016,2.34160853410933,0,0,"Standard"
"STU000757",2016,2.26722518998566,0,0,"Standard"
"STU000758",2016,2.04210356781349,1,0,"Standard"
"STU000759",2016,2.57708112816238,0,0,"Standard"
"STU000760",2016,2.19922264766364,1,0,"Standard"
"STU000761",2016,2.22766976167978,0,0,"NonCompletion"
"STU000762",2016,2.88734349716057,0,1,"Standard"
"STU000763",2016,2.04311797984555,1,0,"Standard"
"STU000764",2016,3.14661570683854,0,0,"Standard"
"STU000765",2016,2.67470080064471,1,0,"Standard"
"STU000766",2016,2.43648474289059,1,0,"Standard"
"STU000767",2016,2.42481208249174,0,0,"Standard"
"STU000768",2016,2.3456281087802,1,1,"Standard"
"STU000769",2016,2.39344735393134,1,0,"NonCompletion"
"STU000770",2016,3.84209734242526,0,0,"Advanced"
"STU000771",2016,3.23902163680813,0,1,"Standard"
"STU000772",2016,2.71820167836407,0,0,"Standard"
"STU000773",2016,2.57019683557281,0,0,"Standard"
"STU000774",2016,2.54251661494919,1,0,"Standard"
"STU000775",2016,1.53210511698189,1,0,"Standard"
"STU000776",2016,3.51669279725952,0,0,"Advanced"
"STU000777",2016,3.26429764999569,0,1,"Standard"
"STU000778",2016,1.93953825853424,0,1,"Standard"
"STU000779",2016,2.79908784014568,0,0,"Standard"
"STU000780",2016,2.33075128041282,1,0,"Standard"
"STU000781",2016,3.92727755461234,0,0,"Advanced"
"STU000782",2016,2.35717290851082,1,1,"Standard"
"STU000783",2016,2.32673583943598,0,0,"Standard"
"STU000784",2016,2.54497854090194,1,0,"Standard"
"STU000785",2016,2.25627944828112,1,0,"Standard"
"STU000786",2016,1.87963984467771,0,0,"NonCompletion"
"STU000787",2016,3.11673286735614,0,0,"Standard"
"STU000788",2016,3.0136755826279,1,0,"Standard"
"STU000789",2016,2.96292398112058,0,1,"Standard"
"STU000790",2016,2.30154345603611,1,0,"Standard"
"STU000791",2016,2.48133266319313,0,1,"Standard"
"STU000792",2016,2.42126032731056,1,0,"Standard"
"STU000793",2016,2.29460526893508,0,0,"Standard"
"STU000794",2016,2.10627852654902,0,0,"Standard"
"STU000795",2016,2.44107795479421,0,1,"Standard"
"STU000796",2016,2.62093748977181,0,0,"Standard"
"STU000797",2016,2.14448219873394,0,0,"Standard"
"STU000798",2016,2.74350005460658,0,0,"Standard"
"STU000799",2016,3.17470276623983,1,0,"Standard"
"STU000800",2016,3.97974050201149,0,0,"Advanced"
"STU000801",2016,3.45824199041492,1,0,"Standard"
"STU000802",2016,1.75693327388774,1,0,"Standard"
"STU000803",2016,2.0959370853395,0,1,"Standard"
"STU000804",2016,4,0,1,"Advanced"
"STU000805",2016,2.70441060534876,1,0,"Standard"
"STU000806",2016,2.54174625399686,1,1,"NonCompletion"
"STU000807",2016,2.32780453159907,0,0,"Standard"
"STU000808",2016,2.06888517012941,1,0,"Standard"
"STU000809",2016,2.07679724395083,0,0,"Standard"
"STU000810",2016,1.93639365748181,1,0,"Standard"
"STU000811",2016,3.85843885455318,0,1,"Advanced"
"STU000812",2016,3.91406002677965,0,0,"Advanced"
"STU000813",2016,3.59030891644534,0,1,"Advanced"
"STU000814",2016,2.72375038500372,1,0,"Standard"
"STU000815",2016,3.99717070009436,0,0,"Advanced"
"STU000816",2016,3.24425450439875,1,0,"Standard"
"STU000817",2016,2.60190824922436,0,0,"Standard"
"STU000818",2016,2.97702404413877,1,0,"Standard"
"STU000819",2016,3.05377657532754,0,0,"Standard"
"STU000820",2016,3.0956079866276,0,1,"Standard"
"STU000821",2016,2.24745652015859,1,0,"Standard"
"STU000822",2016,3.10875771718287,1,0,"Standard"
"STU000823",2016,2.51021340509027,0,0,"Standard"
"STU000824",2016,2.94250554481369,1,0,"Standard"
"STU000825",2016,2.21490167877874,0,0,"Standard"
"STU000826",2016,2.45020597296583,0,0,"Standard"
"STU000827",2016,2.80250978524204,0,0,"Standard"
"STU000828",2016,2.03541386378518,1,0,"Standard"
"STU000829",2016,2.29883389532586,0,0,"Standard"
"STU000830",2016,2.54267317775878,1,0,"Standard"
"STU000831",2016,3.03451877761986,0,1,"Standard"
"STU000832",2016,3.51108248499808,0,0,"Advanced"
"STU000833",2016,2.33352782796595,1,0,"Standard"
"STU000834",2016,2.76211117814744,0,0,"Standard"
"STU000835",2016,3.3873023096945,0,0,"Standard"
"STU000836",2016,3.05540600272518,0,1,"Standard"
"STU000837",2016,2.46063611238314,1,0,"Standard"
"STU000838",2016,1.99994227976952,0,0,"NonCompletion"
"STU000839",2016,2.88463529263228,0,0,"Standard"
"STU000840",2016,3.02210064350033,1,1,"Standard"
"STU000841",2016,3.05506699295334,1,1,"Standard"
"STU000842",2016,2.37082235813197,1,1,"Standard"
"STU000843",2016,2.37841223631095,0,0,"Standard"
"STU000844",2016,2.6703756047594,0,0,"Standard"
"STU000845",2016,2.12963301805579,1,0,"Standard"
"STU000846",2016,2.94247455933818,0,0,"Standard"
"STU000847",2016,2.92093878340489,0,0,"NonCompletion"
"STU000848",2016,NA,1,1,"Standard"
"STU000849",2016,2.16815794841172,0,0,"Standard"
"STU000850",2016,3.59904577186445,0,0,"Advanced"
"STU000851",2016,1.97873599445097,1,0,"NonCompletion"
"STU000852",2016,3.19209612791731,0,0,"Standard"
"STU000853",2016,3.28632498775106,1,0,"Standard"
"STU000854",2016,1.91335194031133,0,0,"Standard"
"STU000855",2016,2.06583509356149,1,0,"NonCompletion"
"STU000856",2016,1.87133869473205,0,1,"Standard"
"STU000857",2016,1.8673561629406,1,0,"NonCompletion"
"STU000858",2016,2.36499522571368,0,0,"Standard"
"STU000859",2016,3.14676884586067,0,0,"Standard"
"STU000860",2016,2.0763508412447,1,0,"Standard"
"STU000861",2016,3.14621425863411,1,0,"Standard"
"STU000862",2016,2.30759743326574,1,1,"Standard"
"STU000863",2016,2.28439019643191,0,0,"Standard"
"STU000864",2016,2.48460629316226,0,0,"Standard"
"STU000865",2016,2.83923066695132,0,0,"Standard"
"STU000866",2016,2.2050845795412,1,0,"Standard"
"STU000867",2016,2.23120692503164,0,0,"Standard"
"STU000868",2016,2.1718925618111,0,0,"Standard"
"STU000869",2016,1.99818147446179,0,0,"Standard"
"STU000870",2016,2.58154195525772,1,0,"Standard"
"STU000871",2016,1.8287362215382,1,0,"Standard"
"STU000872",2016,1.43273488280508,0,0,"Standard"
"STU000873",2016,2.11373381300583,0,0,"Standard"
"STU000874",2016,2.09959003937986,0,0,"Standard"
"STU000875",2016,2.81357461987983,0,0,"Standard"
"STU000876",2016,2.29941135216477,0,0,"Standard"
"STU000877",2016,2.50178851997409,0,0,"Standard"
"STU000878",2016,3.15278752816378,0,0,"Standard"
"STU000879",2016,2.69540405423829,1,0,"Standard"
"STU000880",2016,2.49912416790022,1,0,"Standard"
"STU000881",2016,2.75423589847195,0,1,"Standard"
"STU000882",2016,1.95216277794983,1,0,"Standard"
"STU000883",2016,3.30829194979182,0,1,"Standard"
"STU000884",2016,2.73514203004813,0,0,"Standard"
"STU000885",2016,1.78061216879739,1,1,"NonCompletion"
"STU000886",2016,2.25201344767521,1,0,"Standard"
"STU000887",2016,3.02460797102618,0,1,"Standard"
"STU000888",2016,2.53419276496267,1,0,"Standard"
"STU000889",2016,2.39453661609601,1,0,"Standard"
"STU000890",2016,2.7362187972624,1,0,"Standard"
"STU000891",2016,2.58647026106263,1,1,"Standard"
"STU000892",2016,2.16690490414064,1,0,"Standard"
"STU000893",2016,2.39368053519488,0,1,"NonCompletion"
"STU000894",2016,2.56076163797337,1,1,"Standard"
"STU000895",2016,2.39564357374484,0,0,"Standard"
"STU000896",2016,3.10150768059859,0,0,"Standard"
"STU000897",2016,2.88183450584292,0,1,"Standard"
"STU000898",2016,2.48082967256108,0,0,"Standard"
"STU000899",2016,2.10179480343709,1,0,"Standard"
"STU000900",2016,3.66869132348785,1,0,"Advanced"
"STU000901",2016,NA,1,0,"Standard"
"STU000902",2016,3.74064736379446,0,1,"Advanced"
"STU000903",2016,2.88727070019243,0,1,"Standard"
"STU000904",2016,3.6780847885353,0,0,"Advanced"
"STU000905",2016,2.95095657471822,1,0,"Standard"
"STU000906",2016,2.27779297040352,0,0,"Standard"
"STU000907",2016,3.23897928912175,0,0,"Standard"
"STU000908",2016,2.66835996207612,0,0,"Standard"
"STU000909",2016,2.44073284301423,0,1,"Standard"
"STU000910",2016,3.36716076039946,0,0,"Standard"
"STU000911",2016,2.53318778456516,0,0,"Standard"
"STU000912",2016,2.83814603578006,0,0,"Standard"
"STU000913",2016,3.25617874702991,0,1,"Standard"
"STU000914",2016,3.7052883814065,0,0,"Advanced"
"STU000915",2016,1.67833432226472,1,0,"Standard"
"STU000916",2016,2.45100983745521,1,0,"NonCompletion"
"STU000917",2016,NA,0,0,"Standard"
"STU000918",2016,3.3003161504463,0,1,"Standard"
"STU000919",2016,2.29538997109561,1,0,"Standard"
"STU000920",2016,2.24927161314159,1,0,"Standard"
"STU000921",2016,2.70644954476977,1,1,"Standard"
"STU000922",2016,2.84521629688471,1,0,"Standard"
"STU000923",2016,2.47050090151119,1,0,"Standard"
"STU000924",2016,2.75685775478066,0,0,"Standard"
"STU000925",2016,3.49721357764618,0,0,"Standard"
"STU000926",2016,3.1365733245307,0,1,"Standard"
"STU000927",2016,2.92594130109344,0,0,"Standard"
"STU000928",2016,2.21596585185516,0,0,"Standard"
"STU000929",2016,2.94387182084186,0,1,"Standard"
"STU000930",2016,3.0305642742949,0,0,"Standard"
"STU000931",2016,2.15553678184683,1,0,"Standard"
"STU000932",2016,3.28382531582551,0,0,"Standard"
"STU000933",2016,2.13356168610196,1,0,"Standard"
"STU000934",2016,2.72189764836502,1,0,"Standard"
"STU000935",2016,1.95477705462196,1,0,"NonCompletion"
"STU000936",2016,1.86648488241467,1,0,"NonCompletion"
"STU000937",2016,2.87902736073507,0,0,"Standard"
"STU000938",2016,2.88057378399929,0,0,"Standard"
"STU000939",2016,2.65551703240703,0,0,"Standard"
"STU000940",2016,3.56789931926487,0,1,"Advanced"
"STU000941",2016,2.67186426822686,1,0,"Standard"
"STU000942",2016,2.95180436584423,1,0,"Standard"
"STU000943",2016,3.58402272074518,0,0,"Advanced"
"STU000944",2016,2.37648328628142,0,0,"Standard"
"STU000945",2016,3.48448186438391,0,1,"Standard"
"STU000946",2016,3.46485193831437,1,0,"Standard"
"STU000947",2016,3.49818918321722,0,1,"Standard"
"STU000948",2016,2.50181408205425,1,0,"Standard"
"STU000949",2016,2.66417821826234,1,1,"Standard"
"STU000950",2016,3.19304861478211,0,0,"Standard"
"STU000951",2016,2.51799524962869,1,1,"Standard"
"STU000952",2016,2.49425634194203,1,0,"Standard"
"STU000953",2016,2.04403130646792,1,0,"Standard"
"STU000954",2016,3.24569668891801,1,0,"Standard"
"STU000955",2016,1.99863296187301,1,0,"NonCompletion"
"STU000956",2016,2.9524954251909,1,1,"Standard"
"STU000957",2016,2.04469694333612,1,0,"Standard"
"STU000958",2016,2.49357947249378,1,0,"Standard"
"STU000959",2016,3.78515213423249,1,0,"Advanced"
"STU000960",2016,2.01120560888906,1,0,"Standard"
"STU000961",2016,2.52171183026358,0,0,"Standard"
"STU000962",2016,2.76471764031513,1,0,"Standard"
"STU000963",2016,2.22561340067065,1,0,"Standard"
"STU000964",2016,2.73529571179463,0,0,"Standard"
"STU000965",2016,2.40587620510545,1,1,"Standard"
"STU000966",2016,2.42086821724339,0,0,"Standard"
"STU000967",2016,2.84068749626401,1,0,"Standard"
"STU000968",2016,3.62850906479218,0,0,"Advanced"
"STU000969",2016,2.56331586651707,1,0,"Standard"
"STU000970",2016,3.3143253439808,0,0,"Standard"
"STU000971",2016,3.04727162563375,0,1,"Standard"
"STU000972",2016,3.41749436870155,1,1,"Standard"
"STU000973",2016,1.95003801793932,1,0,"Standard"
"STU000974",2016,2.26282381730092,1,0,"Standard"
"STU000975",2016,3.089782038212,0,0,"Standard"
"STU000976",2016,1.99524187401249,0,0,"NonCompletion"
"STU000977",2016,2.61856440497166,1,0,"Standard"
"STU000978",2016,2.58482469427535,0,0,"Standard"
"STU000979",2016,3.57073563687352,0,0,"Advanced"
"STU000980",2016,3.46373434332531,1,0,"Standard"
"STU000981",2016,2.90050394667356,1,0,"Standard"
"STU000982",2016,3.52708262360631,1,0,"Advanced"
"STU000983",2016,3.05981604806115,0,0,"Standard"
"STU000984",2016,3.33065932699805,1,1,"Standard"
"STU000985",2016,2.77210704191626,0,0,"Standard"
"STU000986",2016,2.06292185121323,1,1,"Standard"
"STU000987",2016,3.62993689171025,0,0,"Advanced"
"STU000988",2016,2.29950806331629,1,0,"Standard"
"STU000989",2016,2.77788928037492,1,0,"Standard"
"STU000990",2016,2.94219148128778,0,0,"Standard"
"STU000991",2016,2.76547154821491,0,0,"Standard"
"STU000992",2016,2.42507751263812,0,0,"Standard"
"STU000993",2016,3.64822348595292,0,0,"Advanced"
"STU000994",2016,3.16435025985822,0,0,"Standard"
"STU000995",2016,3.35627169543131,0,1,"Standard"
"STU000996",2016,2.86889076077652,0,1,"Standard"
"STU000997",2016,3.69811705459375,0,1,"Advanced"
"STU000998",2016,2.93490444492441,1,0,"Standard"
"STU000999",2016,3.09902557849909,0,0,"Standard"
"STU001000",2016,1.98509496418185,0,0,"Standard"
"STU001001",2016,2.8663791794164,0,0,"Standard"
"STU001002",2016,1.99846154868311,0,0,"Standard"
"STU001003",2016,1.81856306362777,1,0,"Standard"
"STU001004",2016,2.65005494711304,1,0,"Standard"
"STU001005",2016,2.13611414599779,0,0,"NonCompletion"
"STU001006",2016,3.24270258854534,0,1,"Standard"
"STU001007",2016,3.12178317586259,0,1,"Standard"
"STU001008",2016,2.12153294154915,1,0,"Standard"
"STU001009",2016,2.9314557202573,0,0,"Standard"
"STU001010",2016,2.02593695383322,1,0,"Standard"
"STU001011",2016,3.31262024861686,1,0,"Standard"
"STU001012",2016,2.28465334479186,0,0,"Standard"
"STU001013",2016,2.16373524025929,1,1,"NonCompletion"
"STU001014",2016,NA,0,1,"NonCompletion"
"STU001015",2016,2.80297183809138,1,0,"Standard"
"STU001016",2016,2.48812182376219,0,0,"Standard"
"STU001017",2016,2.31610053433786,1,0,"Standard"
"STU001018",2016,2.25446688249376,1,0,"Standard"
"STU001019",2016,2.35793455497105,1,1,"NonCompletion"
"STU001020",2016,3.08034718684053,1,1,"Standard"
"STU001021",2016,1.81576490232904,1,0,"Standard"
"STU001022",2016,2.80733959115427,0,0,"Standard"
"STU001023",2016,2.43578344110796,0,0,"Standard"
"STU001024",2016,3.33752067806406,0,0,"Standard"
"STU001025",2016,2.71427508148372,1,0,"Standard"
"STU001026",2016,3.54769877972985,0,0,"Advanced"
"STU001027",2016,2.55039264056077,0,0,"Standard"
"STU001028",2016,3.34023340587304,1,1,"Standard"
"STU001029",2016,2.94816635613623,0,1,"Standard"
"STU001030",2016,2.24042094066689,1,1,"Standard"
"STU001031",2016,2.65295920072189,1,0,"Standard"
"STU001032",2016,2.06468804713242,0,0,"Standard"
"STU001033",2016,1.53275405498792,1,0,"NonCompletion"
"STU001034",2016,3.21886040740364,1,0,"Standard"
"STU001035",2016,2.85356176449955,0,0,"NonCompletion"
"STU001036",2016,3.30994275718313,0,0,"Standard"
"STU001037",2016,3.20303043941665,0,0,"Standard"
"STU001038",2016,2.44692919765412,1,0,"Standard"
"STU001039",2016,2.50086390085538,0,0,"Standard"
"STU001040",2016,2.08814184161433,1,0,"Standard"
"STU001041",2016,3.27860285340378,0,0,"Standard"
"STU001042",2016,2.52593994068678,1,0,"Standard"
"STU001043",2016,2.95215860280356,1,0,"Standard"
"STU001044",2016,2.36016635048636,0,0,"Standard"
"STU001045",2016,2.27935272775372,0,0,"Standard"
"STU001046",2016,2.87402982645275,0,0,"Standard"
"STU001047",2016,2.55749587725635,1,0,"Standard"
"STU001048",2016,3.21293409504716,0,0,"Standard"
"STU001049",2016,2.71473132697345,0,0,"Standard"
"STU001050",2016,2.53343173229958,1,0,"Standard"
"STU001051",2016,3.34880837008191,0,0,"Standard"
"STU001052",2016,2.93920575473074,0,0,"Standard"
"STU001053",2016,3.14126611213554,0,0,"Standard"
"STU001054",2016,2.41774353183502,0,0,"Standard"
"STU001055",2016,3.44461734056867,0,1,"Standard"
"STU001056",2016,2.92256054928143,0,0,"Standard"
"STU001057",2016,2.40831659622069,1,0,"Standard"
"STU001058",2016,1.97505463064985,0,0,"Standard"
"STU001059",2016,2.13086104165088,0,0,"Standard"
"STU001060",2016,NA,0,0,"NonCompletion"
"STU001061",2016,3.02409919352196,0,1,"Standard"
"STU001062",2016,2.92311092598987,0,0,"Standard"
"STU001063",2016,2.5306766497171,1,1,"Standard"
"STU001064",2016,2.71643669970371,0,0,"Standard"
"STU001065",2016,1.8234773996375,0,0,"Standard"
"STU001066",2016,2.84672275894675,0,0,"Standard"
"STU001067",2016,2.16055851433796,1,0,"Standard"
"STU001068",2016,3.21556631268066,1,0,"Standard"
"STU001069",2016,3.70384196594201,0,1,"Advanced"
"STU001070",2016,1.87119308552954,1,0,"Standard"
"STU001071",2016,2.57384050536377,1,0,"Standard"
"STU001072",2016,2.04314463147728,0,1,"Standard"
"STU001073",2016,1.8187003716289,0,0,"NonCompletion"
"STU001074",2016,2.29171574256221,1,0,"Standard"
"STU001075",2016,2.80998513365535,0,0,"Standard"
"STU001076",2016,4,0,1,"Advanced"
"STU001077",2016,2.63726848505815,1,0,"Standard"
"STU001078",2016,3.28943121147953,1,0,"Standard"
"STU001079",2016,2.45238034854454,1,0,"Standard"
"STU001080",2016,2.62159340301884,0,0,"NonCompletion"
"STU001081",2016,2.70871776705762,0,0,"Standard"
"STU001082",2016,3.52156650945637,0,0,"Advanced"
"STU001083",2016,2.35455326573871,1,0,"Standard"
"STU001084",2016,2.38866240215574,1,0,"Standard"
"STU001085",2016,2.19235744278211,0,0,"Standard"
"STU001086",2016,3.846012134523,0,0,"Advanced"
"STU001087",2016,2.22705454320593,0,0,"Standard"
"STU001088",2016,2.84648365495516,1,0,"Standard"
"STU001089",2016,1.73912246810266,0,0,"Standard"
"STU001090",2016,2.5061206371577,1,0,"Standard"
"STU001091",2016,2.97948707751926,1,0,"Standard"
"STU001092",2016,3.84273226567177,0,0,"Advanced"
"STU001093",2016,2.4269063534833,1,0,"Standard"
"STU001094",2016,2.81966772045932,0,0,"Standard"
"STU001095",2016,2.68538901468977,1,0,"Standard"
"STU001096",2016,2.27539717334584,1,1,"Standard"
"STU001097",2016,2.42872176307845,0,0,"Standard"
"STU001098",2016,2.15041098961052,1,0,"Standard"
"STU001099",2016,3.5511187517652,1,0,"Advanced"
"STU001100",2016,3.42017680387164,0,1,"Standard"
"STU001101",2016,2.29411339961105,0,0,"Standard"
"STU001102",2016,2.48898468323169,1,0,"Standard"
"STU001103",2016,2.59563381780291,1,0,"Standard"
"STU001104",2016,2.43033787102322,1,0,"NonCompletion"
"STU001105",2016,NA,1,0,"NonCompletion"
"STU001106",2016,2.1728461394087,0,0,"Standard"
"STU001107",2016,3.11497650829623,0,1,"Standard"
"STU001108",2016,2.5233619148112,1,0,"Standard"
"STU001109",2016,2.71122799574464,1,0,"Standard"
"STU001110",2016,2.84131308064115,1,0,"Standard"
"STU001111",2016,2.25349592494007,0,0,"Standard"
"STU001112",2016,2.47660735922295,1,0,"Standard"
"STU001113",2016,2.26667036777263,0,0,"Standard"
"STU001114",2016,3.70756421162692,0,0,"Advanced"
"STU001115",2016,2.95895149276566,1,1,"Standard"
"STU001116",2016,2.14905321523377,0,0,"Standard"
"STU001117",2016,3.57381957501642,0,0,"Advanced"
"STU001118",2016,2.60484652874383,1,0,"Standard"
"STU001119",2016,2.81278176105667,0,0,"Standard"
"STU001120",2016,2.47251241890302,0,0,"Standard"
"STU001121",2016,2.57931911722883,0,1,"Standard"
"STU001122",2016,2.23641020604737,1,0,"Standard"
"STU001123",2016,3.39283194267386,0,0,"Standard"
"STU001124",2016,3.44148298969216,0,0,"Standard"
"STU001125",2016,2.68896542803492,0,1,"Standard"
"STU001126",2016,2.9615069212674,0,0,"Standard"
"STU001127",2016,1.98653039729451,1,0,"NonCompletion"
"STU001128",2016,2.53850800536164,1,0,"Standard"
"STU001129",2016,3.60156598830635,0,0,"Advanced"
"STU001130",2016,3.45871549799672,0,1,"Standard"
"STU001131",2016,3.57287236302493,0,0,"Advanced"
"STU001132",2016,2.1165058343948,1,0,"Standard"
"STU001133",2016,2.94229280276588,1,0,"NonCompletion"
"STU001134",2016,3.01651460192692,0,1,"Standard"
"STU001135",2016,2.48341066887929,1,0,"Standard"
"STU001136",2016,3.58177106817602,1,0,"Advanced"
"STU001137",2016,2.09577940071881,1,0,"Standard"
"STU001138",2016,2.23919784805026,0,0,"Standard"
"STU001139",2016,2.66533687635283,0,1,"Standard"
"STU001140",2016,2.21687158029058,0,0,"Standard"
"STU001141",2016,2.30982443983161,0,0,"Standard"
"STU001142",2016,2.77159234621881,0,1,"Standard"
"STU001143",2016,1.85782768334168,0,0,"Standard"
"STU001144",2016,3.53525657028075,0,0,"Advanced"
"STU001145",2016,NA,1,0,"Standard"
"STU001146",2016,2.62522861486531,1,1,"Standard"
"STU001147",2016,2.1705548644667,0,0,"NonCompletion"
"STU001148",2016,3.13612624199414,1,0,"Standard"
"STU001149",2016,3.31228638515028,0,0,"Standard"
"STU001150",2016,2.3163996057195,1,0,"Standard"
"STU001151",2016,3.59415058713861,0,1,"Advanced"
"STU001152",2016,2.86033109313191,1,0,"Standard"
"STU001153",2016,2.88116760595174,0,0,"Standard"
"STU001154",2016,3.03072496961249,1,0,"Standard"
"STU001155",2016,2.37231211761794,1,0,"Standard"
"STU001156",2016,2.04484524959771,0,1,"Standard"
"STU001157",2016,3.99551367537842,0,0,"Advanced"
"STU001158",2016,2.33334286920744,0,0,"Standard"
"STU001159",2016,2.70842061643044,0,0,"Standard"
"STU001160",2016,3.8960284538282,0,1,"Advanced"
"STU001161",2016,2.13546270015331,1,0,"Standard"
"STU001162",2016,2.94962791078038,0,1,"Standard"
"STU001163",2016,2.2521649607172,0,0,"Standard"
"STU001164",2016,2.53047211684629,1,0,"Standard"
"STU001165",2016,2.52574913025303,1,0,"Standard"
"STU001166",2016,2.2577626627312,0,1,"Standard"
"STU001167",2016,1.91248541682038,0,0,"NonCompletion"
"STU001168",2016,1.86994858841862,0,0,"NonCompletion"
"STU001169",2016,2.84321760593797,0,0,"Standard"
"STU001170",2016,3.04914358961451,0,0,"Standard"
"STU001171",2016,2.90891407718416,1,0,"Standard"
"STU001172",2016,2.64464002649523,1,1,"Standard"
"STU001173",2016,2.76668650415131,1,0,"Standard"
"STU001174",2016,2.05682212107147,1,0,"Standard"
"STU001175",2016,4,0,1,"Advanced"
"STU001176",2016,2.80694761761032,0,0,"Standard"
"STU001177",2016,3.02561020380236,0,1,"Standard"
"STU001178",2016,1.67871027899439,0,0,"Standard"
"STU001179",2016,3.48807912004916,0,0,"Standard"
"STU001180",2016,2.29623956704089,0,0,"Standard"
"STU001181",2016,2.93880769163387,1,1,"Standard"
"STU001182",2016,3.51919019794761,0,1,"Advanced"
"STU001183",2016,3.15568085514595,1,0,"Standard"
"STU001184",2016,3.54716590987197,1,0,"Advanced"
"STU001185",2016,2.65578335643643,0,0,"Standard"
"STU001186",2016,2.90459428875771,1,0,"Standard"
"STU001187",2016,3.45258510022347,0,1,"Standard"
"STU001188",2016,1.85415593277366,1,0,"Standard"
"STU001189",2016,1.77248807637123,1,1,"NonCompletion"
"STU001190",2016,2.87786785024486,0,0,"Standard"
"STU001191",2016,NA,1,1,"Standard"
"STU001192",2016,2.96843345272935,1,1,"Standard"
"STU001193",2016,1.84154679490911,0,0,"Standard"
"STU001194",2016,2.75093323721653,1,0,"NonCompletion"
"STU001195",2016,NA,0,0,"Standard"
"STU001196",2016,2.91164940291459,1,0,"Standard"
"STU001197",2016,3.28154817130557,0,1,"Standard"
"STU001198",2016,2.98585778328371,1,0,"Standard"
"STU001199",2016,2.48346863821394,0,0,"Standard"
"STU001200",2016,2.21290110961165,0,0,"NonCompletion"
"STU001201",2016,3.85362909279089,0,0,"Advanced"
"STU001202",2016,2.16173142597485,1,1,"NonCompletion"
"STU001203",2016,2.26075307941443,1,1,"Standard"
"STU001204",2016,2.77334384036576,0,0,"Standard"
"STU001205",2016,1.90754132270327,1,0,"NonCompletion"
"STU001206",2016,3.20089389287281,0,0,"Standard"
"STU001207",2016,3.14172465785299,1,0,"Standard"
"STU001208",2016,3.60916397176235,0,1,"Advanced"
"STU001209",2016,3.75297322206984,1,0,"Advanced"
"STU001210",2016,1.96424127100573,1,0,"Standard"
"STU001211",2016,3.02278175557984,0,0,"Standard"
"STU001212",2016,3.12094750897979,0,0,"Standard"
"STU001213",2016,3.45985352766028,0,0,"Standard"
"STU001214",2016,2.50363673479763,1,1,"Standard"
"STU001215",2016,2.93308940019931,1,0,"Standard"
"STU001216",2016,4,0,0,"Advanced"
"STU001217",2016,2.23774651748382,1,0,"Standard"
"STU001218",2016,2.34454857426671,0,0,"Standard"
"STU001219",2016,2.83613673553026,1,0,"Standard"
"STU001220",2016,2.2302004488938,1,0,"Standard"
"STU001221",2016,2.40061388734583,0,0,"Standard"
"STU001222",2016,3.19127245554659,0,1,"Standard"
"STU001223",2016,2.25024255808128,0,0,"Standard"
"STU001224",2016,1.94621878055538,1,0,"NonCompletion"
"STU001225",2016,1.94540972788509,1,0,"Standard"
"STU001226",2016,2.82692314304533,0,1,"Standard"
"STU001227",2016,2.41582413630221,1,0,"Standard"
"STU001228",2016,3.53964262217102,0,1,"Advanced"
"STU001229",2016,3.42974541917125,0,0,"Standard"
"STU001230",2016,1.98695190469784,1,0,"Standard"
"STU001231",2016,2.20708913287997,1,1,"Standard"
"STU001232",2016,NA,0,0,"Standard"
"STU001233",2016,NA,1,1,"Standard"
"STU001234",2016,1.39481185850684,1,0,"Standard"
"STU001235",2016,3.19423107084039,0,0,"Standard"
"STU001236",2016,3.50015886528177,0,0,"Advanced"
"STU001237",2016,2.84444389705691,0,0,"Standard"
"STU001238",2016,NA,0,1,"Standard"
"STU001239",2016,2.6297526732875,1,0,"NonCompletion"
"STU001240",2016,3.01017106495524,0,0,"Standard"
"STU001241",2016,2.52007515799103,1,0,"Standard"
"STU001242",2016,3.12203699116888,0,0,"Standard"
"STU001243",2016,3.38274743772023,0,0,"Standard"
"STU001244",2016,2.75483163345437,0,0,"Standard"
"STU001245",2016,2.14516507742348,1,0,"Standard"
"STU001246",2016,2.73286470224419,0,1,"Standard"
"STU001247",2016,2.07916084299877,1,0,"Standard"
"STU001248",2016,3.23574951992549,0,0,"Standard"
"STU001249",2016,1.54507398238575,1,1,"NonCompletion"
"STU001250",2016,3.05692396419582,1,0,"Standard"
"STU001251",2016,2.70471722680801,1,1,"Standard"
"STU001252",2016,3.43164939274961,1,0,"Standard"
"STU001253",2016,3.86798041246855,0,0,"Advanced"
"STU001254",2016,3.4757602515805,0,1,"Standard"
"STU001255",2016,2.79463538977656,1,0,"Standard"
"STU001256",2016,2.21136320063899,1,0,"Standard"
"STU001257",2016,2.8810960859459,1,0,"Standard"
"STU001258",2016,3.15556619530574,0,0,"Standard"
"STU001259",2016,1.88878681890475,0,0,"Standard"
"STU001260",2016,2.80000994853284,1,0,"Standard"
"STU001261",2016,2.99884343207694,1,1,"Standard"
"STU001262",2016,2.31903510665843,0,1,"Standard"
"STU001263",2016,2.84472498831725,0,0,"Standard"
"STU001264",2016,3.16673839137434,1,0,"Standard"
"STU001265",2016,2.64848249832792,0,0,"Standard"
"STU001266",2016,2.55814818584787,0,1,"NonCompletion"
"STU001267",2016,2.39330071158338,0,0,"Standard"
"STU001268",2016,2.63598606572766,1,0,"Standard"
"STU001269",2016,2.79348290553892,0,0,"Standard"
"STU001270",2016,2.21505231893303,0,0,"Standard"
"STU001271",2016,2.23482082712176,1,1,"Standard"
"STU001272",2016,1.97751241236038,0,0,"Standard"
"STU001273",2016,3.60067938075384,0,1,"Advanced"
"STU001274",2016,2.69016923216062,1,1,"Standard"
"STU001275",2016,3.0765186935749,0,0,"Standard"
"STU001276",2016,3.43505967206368,0,0,"Standard"
"STU001277",2016,2.65860783113258,0,0,"Standard"
"STU001278",2016,2.59591683704466,0,0,"Standard"
"STU001279",2016,2.79386003116371,0,0,"Standard"
"STU001280",2016,2.0459501889571,0,0,"Standard"
"STU001281",2016,4,0,1,"Advanced"
"STU001282",2016,1.88954842795247,1,0,"Standard"
"STU001283",2016,3.19041589050664,0,0,"Standard"
"STU001284",2016,2.33954667607054,0,0,"Standard"
"STU001285",2016,2.34420173528021,1,0,"Standard"
"STU001286",2016,2.82045573036059,0,0,"Standard"
"STU001287",2016,3.27612326383998,0,0,"Standard"
"STU001288",2016,3.44807645772257,0,0,"Standard"
"STU001289",2016,2.33881128745897,0,0,"Standard"
"STU001290",2016,2.57002417613888,0,0,"Standard"
"STU001291",2016,3.80058017630828,0,1,"Advanced"
"STU001292",2016,3.31981222132125,0,0,"Standard"
"STU001293",2016,1.32122384800758,1,0,"Standard"
"STU001294",2016,2.23175820704057,1,0,"Standard"
"STU001295",2016,2.48691801369938,1,0,"Standard"
"STU001296",2016,3.03770993360687,0,0,"Standard"
"STU001297",2016,2.25832056899291,1,0,"Standard"
"STU001298",2016,2.80089636665156,0,0,"Standard"
"STU001299",2016,2.4587628007623,0,0,"Standard"
"STU001300",2016,3.83942949976961,1,1,"Advanced"
"STU001301",2016,2.94971153433046,0,0,"Standard"
"STU001302",2016,2.32362459532622,1,0,"Standard"
"STU001303",2016,3.21192738897948,0,1,"Standard"
"STU001304",2016,3.53248857213046,1,1,"Advanced"
"STU001305",2016,3.15539306112951,1,1,"Standard"
"STU001306",2016,1.97836615161456,1,0,"NonCompletion"
"STU001307",2016,3.43691098870677,0,0,"Standard"
"STU001308",2016,3.03700712979953,0,0,"Standard"
"STU001309",2016,2.16146647832279,1,0,"Standard"
"STU001310",2016,2.20529921632891,1,0,"Standard"
"STU001311",2016,2.2440310876655,0,0,"Standard"
"STU001312",2016,3.60269030996695,0,1,"Advanced"
"STU001313",2016,2.15281841655579,0,0,"Standard"
"STU001314",2016,2.67444919797967,1,0,"Standard"
"STU001315",2016,3.78043434046641,0,1,"Advanced"
"STU001316",2016,2.48754308135677,1,1,"Standard"
"STU001317",2016,2.62821595136259,0,0,"Standard"
"STU001318",2016,2.3455333669395,1,0,"Standard"
"STU001319",2016,2.36687152841575,1,0,"Standard"
"STU001320",2016,2.94325571091633,1,0,"Standard"
"STU001321",2016,2.06783623882315,1,0,"Standard"
"STU001322",2016,3.45029304955198,0,1,"Standard"
"STU001323",2016,2.24336764005288,0,0,"Standard"
"STU001324",2016,2.91162175669026,0,0,"Standard"
"STU001325",2016,2.70139582256104,1,0,"Standard"
"STU001326",2016,2.89834346203138,1,0,"NonCompletion"
"STU001327",2016,3.55969591953879,1,1,"Advanced"
"STU001328",2016,3.12227242026736,0,0,"Standard"
"STU001329",2016,3.35297155195325,0,1,"Standard"
"STU001330",2016,2.60027289189821,1,0,"Standard"
"STU001331",2016,2.44849772594704,1,0,"Standard"
"STU001332",2016,2.05905311231768,0,0,"NonCompletion"
"STU001333",2016,3.18773755436246,0,0,"Standard"
"STU001334",2016,3.08890498561962,0,0,"Standard"
"STU001335",2016,2.31556157078247,0,0,"Standard"
"STU001336",2016,2.60738742934935,0,1,"Standard"
"STU001337",2016,2.30576171428266,0,0,"Standard"
"STU001338",2016,1.56346121160427,1,0,"Standard"
"STU001339",2016,3.53877957499843,1,0,"Advanced"
"STU001340",2016,2.72090569418984,1,0,"Standard"
"STU001341",2016,2.91943159318613,0,1,"Standard"
"STU001342",2016,2.26953401687752,0,0,"Standard"
"STU001343",2016,2.94575353460701,0,0,"Standard"
"STU001344",2016,2.55663485435764,0,0,"Standard"
"STU001345",2016,2.1800633223252,0,0,"Standard"
"STU001346",2016,2.89761285288891,1,0,"Standard"
"STU001347",2016,2.93335603964296,1,1,"Standard"
"STU001348",2016,2.31632287222923,0,0,"NonCompletion"
"STU001349",2016,3.50257644539857,0,0,"Advanced"
"STU001350",2016,2.3080520722574,1,0,"Standard"
"STU001351",2016,3.04106485546386,0,1,"Standard"
"STU001352",2016,2.86726038078386,1,0,"Standard"
"STU001353",2016,3.31660749381428,0,0,"Standard"
"STU001354",2016,2.87730568909324,0,0,"Standard"
"STU001355",2016,2.15359946620973,0,0,"NonCompletion"
"STU001356",2016,2.65373665659299,0,0,"Standard"
"STU001357",2016,1.53711124511334,0,1,"Standard"
"STU001358",2016,3.33236180960752,0,1,"Standard"
"STU001359",2016,1.36524819967025,1,0,"NonCompletion"
"STU001360",2016,3.57084870164869,0,1,"Advanced"
"STU001361",2016,3.84674567843487,1,1,"Advanced"
"STU001362",2016,2.15153443723131,0,1,"Standard"
"STU001363",2016,2.17791358417834,0,0,"Standard"
"STU001364",2016,2.64143846388564,1,0,"Standard"
"STU001365",2016,2.96955351049679,0,0,"Standard"
"STU001366",2016,2.37320965084149,0,0,"Standard"
"STU001367",2016,3.09084559392707,0,0,"Standard"
"STU001368",2016,2.2875742715255,1,0,"Standard"
"STU001369",2016,2.91046631703497,0,0,"Standard"
"STU001370",2016,2.51528005355709,0,0,"Standard"
"STU001371",2016,2.63491590843971,1,0,"Standard"
"STU001372",2016,2.85154460874996,0,0,"Standard"
"STU001373",2016,2.24820525887194,1,0,"Standard"
"STU001374",2016,2.59428244049106,1,1,"Standard"
"STU001375",2016,2.71196441427895,1,0,"Standard"
"STU001376",2016,1.786366241943,0,0,"Standard"
"STU001377",2016,2.5059051714287,1,0,"Standard"
"STU001378",2016,2.21178914087234,1,0,"Standard"
"STU001379",2016,3.50667689225426,0,0,"Advanced"
"STU001380",2016,2.41302398785262,1,0,"Standard"
"STU001381",2016,1.98513185288577,0,1,"Standard"
"STU001382",2016,2.87488108503884,1,0,"Standard"
"STU001383",2016,2.15005696679565,0,0,"Standard"
"STU001384",2016,3.64264238516599,0,1,"Advanced"
"STU001385",2016,2.94410375332465,0,0,"Standard"
"STU001386",2016,2.68190313619927,0,0,"Standard"
"STU001387",2016,2.70050380069386,1,0,"Standard"
"STU001388",2016,2.53205389490974,0,0,"Standard"
"STU001389",2016,NA,0,1,"Standard"
"STU001390",2016,2.82543771363659,1,0,"Standard"
"STU001391",2016,2.67083511851999,0,1,"Standard"
"STU001392",2016,2.48505825817472,1,0,"Standard"
"STU001393",2016,2.79054617576871,1,0,"Standard"
"STU001394",2016,3.16628060020902,0,0,"Standard"
"STU001395",2016,3.36074922541262,1,0,"Standard"
"STU001396",2016,3.41704259112214,0,1,"Standard"
"STU001397",2016,2.15439798223134,0,0,"Standard"
"STU001398",2016,2.24871666655567,0,0,"Standard"
"STU001399",2016,2.59991806303711,1,0,"Standard"
"STU001400",2016,3.50656282017017,0,0,"Advanced"
"STU001401",2016,3.26008111068194,0,0,"Standard"
"STU001402",2016,2.29799662428557,1,0,"Standard"
"STU001403",2016,2.26473003816583,1,0,"Standard"
"STU001404",2016,2.976187750794,0,0,"Standard"
"STU001405",2016,1.84391408734503,1,0,"NonCompletion"
"STU001406",2016,3.28231380050757,0,1,"Standard"
"STU001407",2016,2.56832200607637,0,0,"NonCompletion"
"STU001408",2016,3.25145213121959,0,1,"Standard"
"STU001409",2016,2.62453795617686,0,0,"Standard"
"STU001410",2016,2.41017564904019,0,0,"Standard"
"STU001411",2016,2.21345831808975,0,0,"Standard"
"STU001412",2016,NA,0,0,"NonCompletion"
"STU001413",2016,2.46155281166955,1,1,"Standard"
"STU001414",2016,3.01753999931881,1,0,"Standard"
"STU001415",2016,2.14529373937016,1,1,"Standard"
"STU001416",2016,2.48022337505271,1,1,"Standard"
"STU001417",2016,2.92746055148585,0,0,"Standard"
"STU001418",2016,2.07022908406383,0,0,"Standard"
"STU001419",2016,3.0383980585211,1,0,"Standard"
"STU001420",2016,3.46949767837079,0,0,"Standard"
"STU001421",2016,2.70209679407637,1,0,"Standard"
"STU001422",2016,2.78333415305561,0,1,"Standard"
"STU001423",2016,2.66506636575053,0,0,"Standard"
"STU001424",2016,2.43324047022245,1,0,"Standard"
"STU001425",2016,2.02167725151361,1,1,"Standard"
"STU001426",2016,2.30559047991572,0,0,"Standard"
"STU001427",2016,1.80098137837548,0,0,"NonCompletion"
"STU001428",2016,3.11146503491005,1,0,"Standard"
"STU001429",2016,2.48690072488764,0,0,"Standard"
"STU001430",2016,2.79874918586393,0,0,"Standard"
"STU001431",2016,2.31487844556713,0,0,"Standard"
"STU001432",2016,2.62162685768961,0,0,"Standard"
"STU001433",2016,1.77487033490459,1,0,"Standard"
"STU001434",2016,3.23832877770133,0,0,"Standard"
"STU001435",2016,2.62934486745252,0,0,"Standard"
"STU001436",2016,2.89580233456513,0,0,"Standard"
"STU001437",2016,2.13427755459288,1,0,"Standard"
"STU001438",2016,3.33266558318739,0,1,"Standard"
"STU001439",2016,2.87981973929414,0,0,"Standard"
"STU001440",2016,3.50563589929797,0,0,"Advanced"
"STU001441",2016,2.52135765433849,1,0,"NonCompletion"
"STU001442",2016,2.00867429010402,1,0,"Standard"
"STU001443",2016,3.1564495580822,0,0,"NonCompletion"
"STU001444",2016,3.2039077774147,1,0,"Standard"
"STU001445",2016,2.87073189970695,1,1,"Standard"
"STU001446",2016,2.65084591265132,1,0,"Standard"
"STU001447",2016,2.36333660514205,0,0,"Standard"
"STU001448",2016,2.53034899140335,0,1,"Standard"
"STU001449",2016,2.51464539874458,0,0,"Standard"
"STU001450",2016,2.12300581061319,1,0,"Standard"
"STU001451",2016,2.09107855810721,0,0,"Standard"
"STU001452",2016,3.02138893418239,1,0,"Standard"
"STU001453",2016,1.94238192746508,1,1,"Standard"
"STU001454",2016,2.96666586647287,0,1,"Standard"
"STU001455",2016,2.22704578366313,1,0,"Standard"
"STU001456",2016,2.4283964473134,1,0,"Standard"
"STU001457",2016,3.64694652308798,0,0,"Advanced"
"STU001458",2016,2.88700688801483,0,0,"Standard"
"STU001459",2016,3.17943156707263,1,1,"Standard"
"STU001460",2016,2.75755509802738,0,0,"Standard"
"STU001461",2016,3.57425591355794,0,0,"Advanced"
"STU001462",2016,3.49343956023976,0,0,"Standard"
"STU001463",2016,3.07639494135834,0,0,"Standard"
"STU001464",2016,3.50806576262875,0,0,"Advanced"
"STU001465",2016,4,0,1,"Advanced"
"STU001466",2016,2.64743267362008,1,0,"Standard"
"STU001467",2016,1.92072107244443,1,0,"Standard"
"STU001468",2016,2.47307779131685,1,1,"NonCompletion"
"STU001469",2016,3.42393073002402,1,1,"Standard"
"STU001470",2016,2.62967748711859,1,0,"Standard"
"STU001471",2016,2.12630562867462,1,0,"Standard"
"STU001472",2016,2.1917073427653,0,0,"Standard"
"STU001473",2016,2.81463324739548,1,0,"Standard"
"STU001474",2016,2.39559510305474,1,1,"Standard"
"STU001475",2016,3.24456603289802,0,0,"Standard"
"STU001476",2016,2.16427685417362,0,0,"NonCompletion"
"STU001477",2016,2.58870752670297,0,0,"Standard"
"STU001478",2016,2.77500197369385,1,1,"Standard"
"STU001479",2016,2.84762140421076,0,0,"Standard"
"STU001480",2016,2.90700580853689,0,0,"Standard"
"STU001481",2016,2.07924584972317,0,0,"NonCompletion"
"STU001482",2016,2.65962789574029,0,0,"Standard"
"STU001483",2016,2.10901589470168,0,0,"Standard"
"STU001484",2016,2.39282056115438,0,0,"Standard"
"STU001485",2016,2.80746116379693,0,0,"Standard"
"STU001486",2016,2.00285075291566,1,0,"NonCompletion"
"STU001487",2016,3.36486772403576,0,0,"Standard"
"STU001488",2016,1.47823682887723,1,0,"NonCompletion"
"STU001489",2016,3.01808623008014,0,1,"Standard"
"STU001490",2016,2.577128372857,1,0,"Standard"
"STU001491",2016,2.00155525348447,1,0,"NonCompletion"
"STU001492",2016,3.23117597610204,0,0,"Standard"
"STU001493",2016,2.57149391252396,1,0,"Standard"
"STU001494",2016,2.81230854731057,1,0,"Standard"
"STU001495",2016,2.39106414290484,1,0,"Standard"
"STU001496",2016,2.90622886569301,0,1,"Standard"
"STU001497",2016,2.58445682405339,0,0,"Standard"
"STU001498",2016,2.47542154692471,0,1,"Standard"
"STU001499",2016,2.38798799988816,1,1,"Standard"
"STU001500",2016,NA,1,0,"NonCompletion"
"STU001501",2016,2.58771584383094,0,0,"Standard"
"STU001502",2016,2.07423677619048,0,0,"Standard"
"STU001503",2016,2.63774390777667,0,0,"Standard"
"STU001504",2016,2.50112416272479,0,0,"Standard"
"STU001505",2016,2.16070597636007,0,1,"Standard"
"STU001506",2016,2.80591009068778,0,0,"Standard"
"STU001507",2016,3.22929767288101,0,1,"Standard"
"STU001508",2016,2.22956663738628,0,0,"Standard"
"STU001509",2016,2.31287577794792,0,0,"Standard"
"STU001510",2016,2.27037503099921,0,0,"Standard"
"STU001511",2016,2.47060793578394,1,0,"Standard"
"STU001512",2016,2.48381156438841,0,0,"Standard"
"STU001513",2016,3.70519867979523,0,0,"Advanced"
"STU001514",2016,2.71680157282602,0,0,"Standard"
"STU001515",2016,1.15242426077832,1,0,"NonCompletion"
"STU001516",2016,3.18716350474936,0,0,"Standard"
"STU001517",2016,3.33517180138498,0,1,"Standard"
"STU001518",2016,2.38926312083298,0,0,"Standard"
"STU001519",2016,3.27072545233358,1,0,"Standard"
"STU001520",2016,2.68835568705755,1,0,"Standard"
"STU001521",2016,2.47265121684635,0,1,"NonCompletion"
"STU001522",2016,1.90726616436114,1,0,"NonCompletion"
"STU001523",2016,2.24902065656884,0,0,"Standard"
"STU001524",2016,2.26449999665402,1,0,"Standard"
"STU001525",2016,2.4306837585497,0,0,"Standard"
"STU001526",2016,2.00211563836033,1,0,"Standard"
"STU001527",2016,3.08164078471356,1,0,"Standard"
"STU001528",2016,2.63645190859872,0,0,"Standard"
"STU001529",2016,2.75225498961254,1,0,"Standard"
"STU001530",2016,NA,1,0,"NonCompletion"
"STU001531",2016,2.6712927605107,1,0,"Standard"
"STU001532",2016,1.99574914011527,1,0,"Standard"
"STU001533",2016,2.44193602591873,1,0,"Standard"
"STU001534",2016,2.22059151738074,1,0,"Standard"
"STU001535",2016,3.97341005957769,0,1,"Advanced"
"STU001536",2016,2.22882074278421,1,0,"Standard"
"STU001537",2016,2.07710846516023,1,1,"Standard"
"STU001538",2016,3.18903888382498,1,0,"Standard"
"STU001539",2016,1.91033290653153,1,1,"Standard"
"STU001540",2016,1.75782320076767,1,0,"NonCompletion"
"STU001541",2016,1.58126994400432,1,0,"Standard"
"STU001542",2016,3.54030040529816,0,0,"Advanced"
"STU001543",2016,2.52822714736155,0,0,"Standard"
"STU001544",2016,NA,0,0,"Standard"
"STU001545",2016,2.07135154153402,1,1,"Standard"
"STU001546",2016,2.62416356323867,0,0,"Standard"
"STU001547",2016,2.93431289728287,1,0,"Standard"
"STU001548",2016,3.27338233176458,1,0,"Standard"
"STU001549",2016,2.31696464808374,1,0,"Standard"
"STU001550",2016,1.72256607784615,1,0,"Standard"
"STU001551",2016,2.38420335371864,1,1,"Standard"
"STU001552",2016,2.62553768058425,0,0,"Standard"
"STU001553",2016,2.20572155354912,1,1,"Standard"
"STU001554",2016,2.13282952480901,1,0,"NonCompletion"
"STU001555",2016,3.0623173773977,0,0,"Standard"
"STU001556",2016,2.32866596032841,0,0,"Standard"
"STU001557",2016,2.68616568235566,0,0,"Standard"
"STU001558",2016,2.5266628184587,0,0,"Standard"
"STU001559",2016,3.91379536830291,0,0,"Advanced"
"STU001560",2016,2.65940230845862,1,0,"Standard"
"STU001561",2016,2.51110666202132,0,0,"Standard"
"STU001562",2016,2.44627522629474,0,0,"Standard"
"STU001563",2016,3.26031051798228,0,0,"Standard"
"STU001564",2016,2.76721122787837,1,0,"Standard"
"STU001565",2016,3.11065934979263,1,0,"Standard"
"STU001566",2016,2.7751138716284,0,0,"Standard"
"STU001567",2016,3.15187083107803,1,0,"Standard"
"STU001568",2016,3.04150122821441,0,0,"Standard"
"STU001569",2016,2.06175609488616,1,1,"Standard"
"STU001570",2016,2.41338112832986,0,1,"NonCompletion"
"STU001571",2016,2.84766252835893,0,0,"Standard"
"STU001572",2016,2.6850288246829,0,1,"Standard"
"STU001573",2016,3.76259876487371,0,0,"Advanced"
"STU001574",2016,3.16942069028842,0,0,"Standard"
"STU001575",2016,2.51178105263796,0,1,"Standard"
"STU001576",2016,3.0196189757497,1,0,"Standard"
"STU001577",2016,2.72459139698309,0,0,"Standard"
"STU001578",2016,3.56346253035109,1,1,"Advanced"
"STU001579",2016,2.21363647693889,1,0,"Standard"
"STU001580",2016,3.09967005542354,0,0,"Standard"
"STU001581",2016,3.16809665616936,0,0,"Standard"
"STU001582",2016,2.77135671103271,0,0,"Standard"
"STU001583",2016,2.12581605279554,1,0,"Standard"
"STU001584",2016,2.65682998789162,0,1,"Standard"
"STU001585",2016,2.79728824139998,0,0,"Standard"
"STU001586",2016,2.30128634056126,1,0,"Standard"
"STU001587",2016,2.9070866502583,1,0,"Standard"
"STU001588",2016,2.21959907948412,1,0,"Standard"
"STU001589",2016,3.27850211569496,0,1,"Standard"
"STU001590",2016,2.67652991296187,1,1,"Standard"
"STU001591",2016,1.77580834127702,0,0,"Standard"
"STU001592",2016,2.47823465736111,0,0,"Standard"
"STU001593",2016,2.69243325550856,1,0,"Standard"
"STU001594",2016,2.8411229857598,1,0,"Standard"
"STU001595",2016,2.18883868493506,1,1,"Standard"
"STU001596",2016,2.76580287445994,0,0,"Standard"
"STU001597",2016,3.14637012147583,0,0,"Standard"
"STU001598",2016,4,0,1,"Advanced"
"STU001599",2016,2.9552121410407,0,1,"Standard"
"STU001600",2016,2.32404509582283,0,1,"NonCompletion"
"STU001601",2016,2.65639433696679,1,1,"Standard"
"STU001602",2016,3.60287667423399,0,0,"Advanced"
"STU001603",2016,3.1798828073936,1,1,"Standard"
"STU001604",2016,2.72610932325452,1,0,"Standard"
"STU001605",2016,2.77060196182139,0,0,"Standard"
"STU001606",2016,2.409708064034,0,0,"Standard"
"STU001607",2016,3.0296820914995,0,0,"Standard"
"STU001608",2016,2.8690113487409,0,0,"Standard"
"STU001609",2016,2.84475176776982,0,0,"Standard"
"STU001610",2016,2.75871927850536,1,0,"Standard"
"STU001611",2016,2.27691328993756,1,0,"Standard"
"STU001612",2016,2.94501594765899,0,0,"Standard"
"STU001613",2016,1.62419360208099,0,0,"Standard"
"STU001614",2016,3.02234030328252,0,0,"Standard"
"STU001615",2016,2.67334705831545,1,1,"Standard"
"STU001616",2016,2.69823496432268,0,0,"Standard"
"STU001617",2016,2.54767472286833,0,0,"Standard"
"STU001618",2016,2.97057220697898,1,0,"Standard"
"STU001619",2016,2.68532272444271,0,0,"NonCompletion"
"STU001620",2016,2.14580780594272,1,0,"NonCompletion"
"STU001621",2016,3.96670605429975,0,1,"Advanced"
"STU001622",2016,2.80935064287673,0,0,"Standard"
"STU001623",2016,1.96387576077731,0,0,"NonCompletion"
"STU001624",2016,2.51692168767928,1,0,"Standard"
"STU001625",2016,2.48761156700318,0,0,"Standard"
"STU001626",2016,2.76256935290398,1,0,"Standard"
"STU001627",2016,2.13714005700474,1,0,"Standard"
"STU001628",2016,2.66215446618089,1,0,"Standard"
"STU001629",2016,1.92196598631045,0,0,"Standard"
"STU001630",2016,2.06904613121831,0,0,"NonCompletion"
"STU001631",2016,3.39669239458759,0,1,"Standard"
"STU001632",2016,2.59504766185502,0,1,"Standard"
"STU001633",2016,3.34756752067003,0,0,"Standard"
"STU001634",2016,2.90800869684626,1,0,"Standard"
"STU001635",2016,2.19277101118806,1,0,"Standard"
"STU001636",2016,2.52372108746612,1,0,"Standard"
"STU001637",2016,2.3813976053065,0,0,"Standard"
"STU001638",2016,2.51718019149765,1,0,"Standard"
"STU001639",2016,1.99515134684726,1,0,"NonCompletion"
"STU001640",2016,2.48934033627075,0,0,"Standard"
"STU001641",2016,3.54701608272621,0,0,"Advanced"
"STU001642",2016,3.01498146607042,1,0,"Standard"
"STU001643",2016,2.2782674561168,1,0,"Standard"
"STU001644",2016,3.69308392740048,0,1,"Advanced"
"STU001645",2016,2.89500982983717,0,0,"Standard"
"STU001646",2016,2.49020989985246,0,1,"Standard"
"STU001647",2016,3.17103719750934,0,0,"Standard"
"STU001648",2016,2.68343504922437,0,0,"Standard"
"STU001649",2016,2.56565615238007,1,0,"Standard"
"STU001650",2016,1.76029380114118,1,0,"Standard"
"STU001651",2016,2.05942947327903,1,0,"Standard"
"STU001652",2016,2.83951603809296,1,1,"Standard"
"STU001653",2016,2.91866044025972,1,1,"Standard"
"STU001654",2016,2.58333648291433,0,0,"Standard"
"STU001655",2016,1.8638384584102,1,1,"NonCompletion"
"STU001656",2016,3.16235355301758,0,0,"Standard"
"STU001657",2016,2.08260656592491,0,0,"Standard"
"STU001658",2016,2.83625158080285,0,0,"Standard"
"STU001659",2016,2.05914364015529,1,1,"Standard"
"STU001660",2016,1.96521736723078,1,0,"Standard"
"STU001661",2016,NA,0,0,"Standard"
"STU001662",2016,3.26967514092227,0,1,"Standard"
"STU001663",2016,2.78475139050589,0,0,"Standard"
"STU001664",2016,2.70096792448401,0,0,"Standard"
"STU001665",2016,1.92313410554786,1,0,"Standard"
"STU001666",2016,2.80699124282744,1,0,"Standard"
"STU001667",2016,3.47581124964255,0,0,"Standard"
"STU001668",2016,2.78106876514368,1,0,"Standard"
"STU001669",2016,2.69190924034924,0,0,"Standard"
"STU001670",2016,2.2289398515819,1,0,"Standard"
"STU001671",2016,2.89716762042026,0,0,"NonCompletion"
"STU001672",2016,2.32868449273248,0,0,"NonCompletion"
"STU001673",2016,1.94589871900354,0,0,"NonCompletion"
"STU001674",2016,2.59699155148649,1,0,"Standard"
"STU001675",2016,3.12305490829759,0,1,"Standard"
"STU001676",2016,3.36739120736855,0,0,"Standard"
"STU001677",2016,2.34054438256514,1,0,"Standard"
"STU001678",2016,2.87594366206333,0,0,"Standard"
"STU001679",2016,2.54925178582878,0,1,"Standard"
"STU001680",2016,3.32642074634549,0,0,"Standard"
"STU001681",2016,1.84010845264986,1,0,"Standard"
"STU001682",2016,2.40728447996815,1,0,"Standard"
"STU001683",2016,2.61518227592973,1,0,"NonCompletion"
"STU001684",2016,2.24958410506728,1,0,"Standard"
"STU001685",2016,3.18205940596924,1,0,"Standard"
"STU001686",2016,3.51416807033875,0,0,"Advanced"
"STU001687",2016,4,0,0,"Advanced"
"STU001688",2016,2.17169683929802,0,0,"Standard"
"STU001689",2016,2.7106470578974,1,0,"Standard"
"STU001690",2016,2.50078740624504,0,0,"Standard"
"STU001691",2016,2.7791791507109,0,0,"Standard"
"STU001692",2016,2.64448424801328,1,0,"Standard"
"STU001693",2016,3.48183636853944,0,0,"Standard"
"STU001694",2016,3.57280416342184,0,1,"Advanced"
"STU001695",2016,2.40190587617512,0,0,"Standard"
"STU001696",2016,2.01452564268386,1,0,"NonCompletion"
"STU001697",2016,2.32381086069003,1,0,"Standard"
"STU001698",2016,3.28536512376008,0,1,"Standard"
"STU001699",2016,3.13064546610609,0,0,"Standard"
"STU001700",2016,2.93743399616549,1,0,"Standard"
"STU001701",2016,1.89555179642358,0,0,"Standard"
"STU001702",2016,2.01690683309327,1,0,"Standard"
"STU001703",2016,2.92916378657875,1,0,"Standard"
"STU001704",2016,2.48540528027603,1,1,"Standard"
"STU001705",2016,4,1,1,"Advanced"
"STU001706",2016,2.2915454751759,0,0,"Standard"
"STU001707",2016,2.21234488791857,0,0,"Standard"
"STU001708",2016,2.43029813960879,0,0,"Standard"
"STU001709",2016,1.83407271958425,1,0,"NonCompletion"
"STU001710",2016,2.03794976831761,1,0,"Standard"
"STU001711",2016,2.83269050525888,1,0,"Standard"
"STU001712",2016,2.35498685267697,1,0,"Standard"
"STU001713",2016,3.16736643675693,1,0,"Standard"
"STU001714",2016,2.63048731976185,0,0,"NonCompletion"
"STU001715",2016,2.28894781034521,1,0,"Standard"
"STU001716",2016,2.69967859020989,0,0,"Standard"
"STU001717",2016,1.94704690617188,1,0,"NonCompletion"
"STU001718",2016,1.868231708509,1,0,"NonCompletion"
"STU001719",2016,2.34828781818014,1,0,"Standard"
"STU001720",2016,2.5453055748855,1,0,"Standard"
"STU001721",2016,3.8286042385001,0,1,"Advanced"
"STU001722",2016,4,0,0,"Advanced"
"STU001723",2016,2.03511200344172,1,0,"Standard"
"STU001724",2016,3.52060753488059,1,1,"Advanced"
"STU001725",2016,2.51697817053431,1,0,"Standard"
"STU001726",2016,2.92740012658666,1,0,"Standard"
"STU001727",2016,1.92944847576021,1,0,"Standard"
"STU001728",2016,3.24301245050891,1,1,"Standard"
"STU001729",2016,NA,1,0,"Standard"
"STU001730",2016,2.2876300052059,0,1,"Standard"
"STU001731",2016,2.59312056896443,1,1,"Standard"
"STU001732",2016,2.50500908430931,1,0,"Standard"
"STU001733",2016,3.22584940465274,1,0,"Standard"
"STU001734",2016,1.98592494645857,0,1,"Standard"
"STU001735",2016,1.33074864358916,1,1,"Standard"
"STU001736",2016,2.17270927130453,0,0,"Standard"
"STU001737",2016,2.82932906418054,1,0,"Standard"
"STU001738",2016,3.51337823314958,0,1,"Advanced"
"STU001739",2016,2.47462492827068,1,0,"Standard"
"STU001740",2016,2.79313086366687,0,0,"Standard"
"STU001741",2016,2.7263984600462,1,0,"Standard"
"STU001742",2016,3.13607858338066,0,1,"Standard"
"STU001743",2016,2.79763855922243,0,0,"Standard"
"STU001744",2016,2.72804186591556,0,0,"Standard"
"STU001745",2016,1.67678873898412,0,0,"Standard"
"STU001746",2016,3.0911642740192,1,0,"Standard"
"STU001747",2016,3.07362388425366,1,0,"NonCompletion"
"STU001748",2016,3.5915274175889,1,0,"Advanced"
"STU001749",2016,3.63657106961826,1,1,"Advanced"
"STU001750",2016,2.70573365199973,0,0,"Standard"
"STU001751",2016,2.23334648464257,0,1,"Standard"
"STU001752",2016,2.1472728030483,1,0,"Standard"
"STU001753",2016,2.81305582488855,0,0,"Standard"
"STU001754",2016,3.17258684185898,0,1,"Standard"
"STU001755",2016,2.59818129811558,1,0,"Standard"
"STU001756",2016,2.09208385993779,0,0,"Standard"
"STU001757",2016,3.76381137043707,0,1,"Advanced"
"STU001758",2016,3.17104991862504,0,1,"Standard"
"STU001759",2016,3.43159639812406,0,0,"Standard"
"STU001760",2016,3.59664158334258,0,1,"Advanced"
"STU001761",2016,2.39961484311987,1,0,"Standard"
"STU001762",2016,2.45453543002829,1,0,"Standard"
"STU001763",2016,2.43391309836552,0,0,"NonCompletion"
"STU001764",2016,3.09340931032235,0,0,"Standard"
"STU001765",2016,2.64122098084441,0,0,"Standard"
"STU001766",2016,2.18104773131852,1,0,"Standard"
"STU001767",2016,2.13192659580159,0,0,"Standard"
"STU001768",2016,2.1526024292292,1,0,"NonCompletion"
"STU001769",2016,2.59159142321007,0,0,"Standard"
"STU001770",2016,3.59659792808793,0,1,"Advanced"
"STU001771",2016,2.49532148854916,1,0,"Standard"
"STU001772",2016,2.41235687410702,0,0,"Standard"
"STU001773",2016,2.07072537771235,0,0,"Standard"
"STU001774",2016,2.68592611751724,0,0,"Standard"
"STU001775",2016,2.76384473688697,0,0,"Standard"
"STU001776",2016,3.63282765106999,1,0,"Advanced"
"STU001777",2016,2.69609558575876,0,0,"Standard"
"STU001778",2016,2.80464622597504,1,0,"Standard"
"STU001779",2016,2.30811898106016,1,0,"NonCompletion"
"STU001780",2016,2.75645758853635,0,0,"Standard"
"STU001781",2016,1.86270563323423,1,0,"NonCompletion"
"STU001782",2016,2.37221896892463,0,0,"Standard"
"STU001783",2016,2.69205610340478,0,0,"Standard"
"STU001784",2016,3.12332134310439,0,0,"Standard"
"STU001785",2016,2.41932323701865,0,0,"Standard"
"STU001786",2016,3.696909086693,0,0,"Advanced"
"STU001787",2016,2.06915081719122,1,0,"Standard"
"STU001788",2016,3.36948539651163,0,0,"Standard"
"STU001789",2016,NA,1,0,"NonCompletion"
"STU001790",2016,2.5976984425381,0,0,"Standard"
"STU001791",2016,1.82226795185763,0,1,"Standard"
"STU001792",2016,3.12837567191783,0,1,"Standard"
"STU001793",2016,2.57468058532449,1,0,"Standard"
"STU001794",2016,2.53018892526165,1,0,"Standard"
"STU001795",2016,2.43910125593833,1,0,"Standard"
"STU001796",2016,1.49950158710707,1,0,"Standard"
"STU001797",2016,3.47053334601897,0,0,"Standard"
"STU001798",2016,1.98634218889343,0,0,"NonCompletion"
"STU001799",2016,2.27463226565609,1,0,"Standard"
"STU001800",2016,1.7321575524542,1,0,"Standard"
"STU001801",2016,2.67008263657968,0,0,"Standard"
"STU001802",2016,2.30528595034761,0,0,"Standard"
"STU001803",2016,2.59843604281958,1,0,"Standard"
"STU001804",2016,3.6189874289571,0,0,"Advanced"
"STU001805",2016,3.1590872186084,1,0,"Standard"
"STU001806",2016,3.34628026608785,0,0,"Standard"
"STU001807",2016,2.84860250739523,0,0,"Standard"
"STU001808",2016,2.2068279027133,1,0,"Standard"
"STU001809",2016,2.28464201852393,0,0,"NonCompletion"
"STU001810",2016,4,0,1,"Advanced"
"STU001811",2016,2.78782783299756,0,0,"Standard"
"STU001812",2016,2.5772418924561,0,0,"Standard"
"STU001813",2016,2.85191902025004,0,0,"Standard"
"STU001814",2016,2.47869582210503,1,0,"Standard"
"STU001815",2016,2.27646992548048,0,0,"Standard"
"STU001816",2016,3.02224816304184,1,0,"Standard"
"STU001817",2016,1.90913116961121,1,0,"NonCompletion"
"STU001818",2016,3.04788212857848,0,1,"Standard"
"STU001819",2016,3.51491295379275,0,0,"Advanced"
"STU001820",2016,2.15209443745031,0,0,"Standard"
"STU001821",2016,1.75296686247855,0,0,"NonCompletion"
"STU001822",2016,2.56427241475397,0,0,"Standard"
"STU001823",2016,1.66623537546929,1,0,"NonCompletion"
"STU001824",2016,2.43779828236009,0,1,"Standard"
"STU001825",2016,2.9042634766027,0,0,"Standard"
"STU001826",2016,2.54089480982676,0,1,"Standard"
"STU001827",2016,2.22768287707624,0,1,"Standard"
"STU001828",2016,2.60133337633638,1,0,"Standard"
"STU001829",2016,2.96711557719123,0,1,"Standard"
"STU001830",2016,NA,1,0,"Standard"
"STU001831",2016,2.66976381882454,0,0,"Standard"
"STU001832",2016,2.37346156992246,1,0,"Standard"
"STU001833",2016,2.52587476017982,0,1,"Standard"
"STU001834",2016,2.48170385239452,0,0,"Standard"
"STU001835",2016,1.91578556178163,0,1,"Standard"
"STU001836",2016,2.38458153499847,0,0,"Standard"
"STU001837",2016,2.68524480248121,1,0,"Standard"
"STU001838",2016,1.86548116289906,1,0,"Standard"
"STU001839",2016,3.1811154552833,0,0,"Standard"
"STU001840",2016,2.96531118317409,0,0,"Standard"
"STU001841",2016,2.23538822513993,1,0,"Standard"
"STU001842",2016,3.61492789369386,0,0,"Advanced"
"STU001843",2016,1.91894288762183,0,0,"Standard"
"STU001844",2016,2.11810370643738,1,0,"Standard"
"STU001845",2016,2.85181034668482,1,0,"Standard"
"STU001846",2016,NA,0,0,"NonCompletion"
"STU001847",2016,1.72628880052426,1,0,"NonCompletion"
"STU001848",2016,2.28296458751544,0,0,"Standard"
"STU001849",2016,2.80366191314222,1,0,"Standard"
"STU001850",2016,3.30396808708836,0,1,"Standard"
"STU001851",2016,3.15352184504775,1,1,"Standard"
"STU001852",2016,1.91197352136158,0,0,"NonCompletion"
"STU001853",2016,2.70623483486581,1,0,"Standard"
"STU001854",2016,2.35694773379704,1,0,"Standard"
"STU001855",2016,2.21285468892736,0,0,"Standard"
"STU001856",2016,2.22726847809594,1,0,"Standard"
"STU001857",2016,3.19120263305057,0,0,"Standard"
"STU001858",2016,2.97235848898528,0,0,"NonCompletion"
"STU001859",2016,2.17589871395882,1,0,"Standard"
"STU001860",2016,2.56009100594023,0,0,"Standard"
"STU001861",2016,3.34852607334642,0,1,"Standard"
"STU001862",2016,3.83851316621187,1,0,"Advanced"
"STU001863",2016,2.3185775255481,0,0,"Standard"
"STU001864",2016,2.12943724027333,1,0,"Standard"
"STU001865",2016,2.91066018856005,1,0,"Standard"
"STU001866",2016,2.49507778193647,0,0,"Standard"
"STU001867",2016,3.16384612860337,0,0,"Standard"
"STU001868",2016,2.45809983806167,1,0,"Standard"
"STU001869",2016,1.60444114223001,1,0,"NonCompletion"
"STU001870",2016,2.30302372373792,1,0,"Standard"
"STU001871",2016,1.73703747171035,0,0,"Standard"
"STU001872",2016,2.76505410177914,1,0,"Standard"
"STU001873",2016,2.16586824254811,1,0,"Standard"
"STU001874",2016,2.8540947023117,1,0,"Standard"
"STU001875",2016,3.60085590936264,0,1,"Advanced"
"STU001876",2016,3.42012107806252,0,0,"Standard"
"STU001877",2016,3.96883175129545,0,0,"Advanced"
"STU001878",2016,1.91462094715527,0,0,"NonCompletion"
"STU001879",2016,3.69027672844966,1,1,"Advanced"
"STU001880",2016,2.38218325880138,1,0,"Standard"
"STU001881",2016,2.20248591314881,1,0,"Standard"
"STU001882",2016,2.50747092452611,1,0,"Standard"
"STU001883",2016,2.89824281100526,0,0,"Standard"
"STU001884",2016,3.49680115880547,0,0,"Standard"
"STU001885",2016,1.98774251703435,1,0,"Standard"
"STU001886",2016,2.01281817311202,0,0,"Standard"
"STU001887",2016,2.66545300774641,1,1,"Standard"
"STU001888",2016,2.55276870097878,1,1,"Standard"
"STU001889",2016,2.83301052190989,0,1,"Standard"
"STU001890",2016,3.18184081696691,1,0,"Standard"
"STU001891",2016,2.39943734610443,1,0,"Standard"
"STU001892",2016,3.33467096983634,1,1,"Standard"
"STU001893",2016,2.10225997987628,1,0,"Standard"
"STU001894",2016,3.43259673039775,0,0,"Standard"
"STU001895",2016,2.56425002716889,1,0,"Standard"
"STU001896",2016,3.37035048816581,1,0,"Standard"
"STU001897",2016,3.05123031173419,0,0,"Standard"
"STU001898",2016,3.09837415715615,1,1,"Standard"
"STU001899",2016,2.34624908914619,0,1,"NonCompletion"
"STU001900",2016,2.60007872112459,0,0,"Standard"
"STU001901",2016,1.91366522924063,1,1,"Standard"
"STU001902",2016,2.95926632842518,0,0,"Standard"
"STU001903",2016,2.54696285859841,0,0,"Standard"
"STU001904",2016,3.8419771585931,1,1,"Advanced"
"STU001905",2016,2.49826672240681,1,1,"Standard"
"STU001906",2016,2.43323593545956,0,0,"Standard"
"STU001907",2016,2.35262606731915,0,0,"Standard"
"STU001908",2016,2.46312748228669,0,0,"Standard"
"STU001909",2016,1.94689294024284,1,0,"Standard"
"STU001910",2016,1.95710158029986,1,0,"NonCompletion"
"STU001911",2016,2.63604254539645,1,0,"Standard"
"STU001912",2016,2.50262335871828,1,0,"Standard"
"STU001913",2016,NA,0,0,"Standard"
"STU001914",2016,2.09453216938627,1,0,"Standard"
"STU001915",2016,3.31621195255245,1,0,"Standard"
"STU001916",2016,2.83652641499388,0,0,"Standard"
"STU001917",2016,2.80102913402854,0,0,"Standard"
"STU001918",2016,2.48269332170217,1,0,"Standard"
"STU001919",2016,2.72089359428522,0,0,"Standard"
"STU001920",2016,2.50568355505869,0,1,"Standard"
"STU001921",2016,2.33080388298302,0,0,"Standard"
"STU001922",2016,2.19869898797386,1,0,"Standard"
"STU001923",2016,3.07593521918908,0,1,"Standard"
"STU001924",2016,2.96169860924161,0,0,"Standard"
"STU001925",2016,2.5649163629943,0,0,"Standard"
"STU001926",2016,3.47037013284611,0,1,"Standard"
"STU001927",2016,2.45308743436576,0,0,"Standard"
"STU001928",2016,2.51871542472439,1,0,"Standard"
"STU001929",2016,3.08500506789272,1,0,"Standard"
"STU001930",2016,2.34184268531186,1,0,"Standard"
"STU001931",2016,3.53329889742247,1,1,"Advanced"
"STU001932",2016,2.15333872996837,0,0,"Standard"
"STU001933",2016,2.82144580999144,0,0,"Standard"
"STU001934",2016,3.27693082737476,1,1,"Standard"
"STU001935",2016,3.22721491966958,0,0,"Standard"
"STU001936",2016,2.43935404347055,1,0,"Standard"
"STU001937",2016,2.14565578917044,1,0,"Standard"
"STU001938",2016,3.29320821869251,0,0,"Standard"
"STU001939",2016,2.50663108421036,0,0,"Standard"
"STU001940",2016,NA,0,0,"NonCompletion"
"STU001941",2016,2.36747641619067,1,0,"Standard"
"STU001942",2016,2.40932804370173,0,0,"NonCompletion"
"STU001943",2016,3.12144507207609,1,1,"Standard"
"STU001944",2016,2.45458253943917,1,0,"Standard"
"STU001945",2016,3.61866283520723,0,0,"Advanced"
"STU001946",2016,2.6008441858046,0,0,"Standard"
"STU001947",2016,2.78031339853961,0,0,"NonCompletion"
"STU001948",2016,1.8640540483975,0,0,"Standard"
"STU001949",2016,2.53642882454553,0,1,"Standard"
"STU001950",2016,1.71195587389485,1,1,"Standard"
"STU001951",2016,2.62096411794802,0,0,"Standard"
"STU001952",2016,2.58559444287697,1,0,"Standard"
"STU001953",2016,2.28105599399641,0,0,"Standard"
"STU001954",2016,2.21810899782044,1,0,"NonCompletion"
"STU001955",2016,3.71472596521954,0,0,"Advanced"
"STU001956",2016,1.75791318055945,1,0,"NonCompletion"
"STU001957",2016,2.52786863398512,0,0,"Standard"
"STU001958",2016,3.65007631000509,0,0,"Advanced"
"STU001959",2016,2.66887186413356,0,1,"Standard"
"STU001960",2016,2.73377954815464,0,0,"Standard"
"STU001961",2016,1.9182251785035,0,0,"Standard"
"STU001962",2016,2.41343959318034,1,0,"Standard"
"STU001963",2016,3.26466776821895,0,1,"Standard"
"STU001964",2016,3.47680816324264,1,0,"Standard"
"STU001965",2016,1.8474209364893,1,0,"Standard"
"STU001966",2016,2.18252572090763,0,0,"Standard"
"STU001967",2016,1.96304954295117,1,0,"Standard"
"STU001968",2016,2.01098699410938,0,0,"NonCompletion"
"STU001969",2016,2.26483119103811,1,1,"Standard"
"STU001970",2016,2.92842912048067,1,0,"Standard"
"STU001971",2016,3.46222848168467,0,0,"Standard"
"STU001972",2016,2.971864771704,0,0,"Standard"
"STU001973",2016,2.77064221793796,1,0,"Standard"
"STU001974",2016,3.03232513294382,1,0,"Standard"
"STU001975",2016,3.63114233794188,0,0,"Advanced"
"STU001976",2016,3.13287303897318,0,0,"Standard"
"STU001977",2016,1.93112912582438,0,0,"NonCompletion"
"STU001978",2016,3.14053901591283,1,0,"Standard"
"STU001979",2016,2.85798676566458,0,0,"Standard"
"STU001980",2016,2.64231890955853,0,0,"Standard"
"STU001981",2016,1.94252124092526,0,0,"NonCompletion"
"STU001982",2016,NA,0,0,"Standard"
"STU001983",2016,3.56903964475144,1,0,"Advanced"
"STU001984",2016,2.49696668663918,0,0,"Standard"
"STU001985",2016,3.76582021521661,1,0,"Advanced"
"STU001986",2016,3.18247272255856,1,1,"NonCompletion"
"STU001987",2016,2.15947068318432,1,0,"Standard"
"STU001988",2016,2.20789226567824,0,0,"Standard"
"STU001989",2016,3.60862032864147,0,0,"Advanced"
"STU001990",2016,2.7249229215419,0,1,"Standard"
"STU001991",2016,3.02150169708446,1,1,"Standard"
"STU001992",2016,2.01254881505511,0,0,"NonCompletion"
"STU001993",2016,2.96103573657088,1,0,"Standard"
"STU001994",2016,2.50854712198166,1,0,"Standard"
"STU001995",2016,2.08833171072244,1,0,"Standard"
"STU001996",2016,2.53567914544496,1,0,"NonCompletion"
"STU001997",2016,2.65536629709182,0,0,"Standard"
"STU001998",2016,2.77442600982913,0,0,"Standard"
"STU001999",2016,2.82146414228339,0,0,"Standard"
"STU002000",2016,2.41264533088263,1,0,"Standard"
"STU002001",2016,2.54361041704337,0,1,"Standard"
"STU002002",2016,3.54240338652508,0,1,"Advanced"
"STU002003",2016,3.48749196959383,0,1,"Standard"
"STU002004",2016,3.59149610837929,0,0,"Advanced"
"STU002005",2016,3.27462764669999,0,1,"Standard"
"STU002006",2016,2.96497002140266,0,0,"Standard"
"STU002007",2016,2.15612900553236,1,0,"Standard"
"STU002008",2016,2.6053443660176,0,0,"Standard"
"STU002009",2016,2.31604452093903,1,0,"Standard"
"STU002010",2016,2.88929356310459,0,1,"Standard"
"STU002011",2016,2.25532861726922,0,0,"Standard"
"STU002012",2016,2.95573846596745,1,0,"Standard"
"STU002013",2016,3.17262641120398,0,0,"Standard"
"STU002014",2016,2.69755921617699,0,0,"Standard"
"STU002015",2016,2.42296331472772,1,0,"Standard"
"STU002016",2016,2.73459081376177,0,0,"Standard"
"STU002017",2016,3.0757658956998,1,0,"Standard"
"STU002018",2016,1.8604028244762,1,1,"Standard"
"STU002019",2016,2.40180410410648,0,1,"Standard"
"STU002020",2016,2.34592058593074,0,0,"Standard"
"STU002021",2016,2.72739454143045,0,0,"NonCompletion"
"STU002022",2016,2.19041449569123,1,1,"Standard"
"STU002023",2016,2.92704950856288,0,1,"Standard"
"STU002024",2016,2.56212598840638,0,0,"Standard"
"STU002025",2016,2.80262447453811,1,0,"Standard"
"STU002026",2016,2.55661956472132,1,0,"Standard"
"STU002027",2016,3.11835439371149,0,0,"Standard"
"STU002028",2016,2.82989953519468,0,0,"Standard"
"STU002029",2016,2.45255598722609,1,0,"Standard"
"STU002030",2016,2.54908449383425,1,0,"Standard"
"STU002031",2016,2.97280356912233,0,1,"Standard"
"STU002032",2016,3.33205217310969,0,1,"Standard"
"STU002033",2016,2.03078811925792,1,0,"Standard"
"STU002034",2016,2.19363733682018,1,0,"Standard"
"STU002035",2016,2.84157189303429,1,0,"Standard"
"STU002036",2016,1.1123076041708,1,0,"NonCompletion"
"STU002037",2016,2.62843849771471,0,0,"Standard"
"STU002038",2016,2.05433394235584,0,0,"Standard"
"STU002039",2016,2.04786966677796,1,0,"Standard"
"STU002040",2016,3.75891094072559,0,1,"Advanced"
"STU002041",2016,2.61963153379369,1,1,"Standard"
"STU002042",2016,3.08993632610426,1,0,"Standard"
"STU002043",2016,3.00318352183044,1,0,"Standard"
"STU002044",2016,2.46699274753382,0,0,"Standard"
"STU002045",2016,2.67876082627079,1,1,"Standard"
"STU002046",2016,2.71265642352833,0,0,"Standard"
"STU002047",2016,2.96700784497338,0,0,"Standard"
"STU002048",2016,3.27634734278249,0,0,"Standard"
"STU002049",2016,2.95024090540792,1,0,"Standard"
"STU002050",2016,NA,0,0,"Standard"
"STU002051",2016,3.00598420801686,1,0,"Standard"
"STU002052",2016,3.93670386964849,0,0,"Advanced"
"STU002053",2016,3.0483507814122,1,0,"Standard"
"STU002054",2016,2.25475011273206,1,0,"NonCompletion"
"STU002055",2016,2.32255873502483,0,0,"Standard"
"STU002056",2016,3.12145857152919,0,0,"Standard"
"STU002057",2016,1.74646347764032,1,0,"Standard"
"STU002058",2016,2.18922795817931,1,0,"Standard"
"STU002059",2016,2.83280011894563,1,0,"Standard"
"STU002060",2016,3.115653045934,1,0,"Standard"
"STU002061",2016,1.791932134563,1,0,"Standard"
"STU002062",2016,2.59337151458152,1,0,"Standard"
"STU002063",2016,2.19779050183322,1,0,"Standard"
"STU002064",2016,2.67005509808898,0,0,"Standard"
"STU002065",2016,2.3611866062187,1,0,"Standard"
"STU002066",2016,4,0,1,"Advanced"
"STU002067",2016,2.41608946559396,1,0,"Standard"
"STU002068",2016,3.12425052704038,0,0,"Standard"
"STU002069",2016,2.78483029879866,1,1,"Standard"
"STU002070",2016,3.33647245954287,1,0,"Standard"
"STU002071",2016,2.24776141401004,0,0,"Standard"
"STU002072",2016,2.35152544366925,0,0,"Standard"
"STU002073",2016,2.78590873423864,0,0,"Standard"
"STU002074",2016,3.20059443905219,0,0,"Standard"
"STU002075",2016,NA,0,0,"NonCompletion"
"STU002076",2016,4,0,0,"Advanced"
"STU002077",2016,3.10591810059589,0,0,"Standard"
"STU002078",2016,3.08321101750695,0,1,"Standard"
"STU002079",2016,2.84776432543429,1,0,"Standard"
"STU002080",2016,2.28574358181108,0,0,"Standard"
"STU002081",2016,2.82189710786362,1,0,"Standard"
"STU002082",2016,2.1984685931174,0,0,"Standard"
"STU002083",2016,2.24638528596702,1,0,"Standard"
"STU002084",2016,2.61630081346491,0,0,"NonCompletion"
"STU002085",2016,2.52900326055009,0,1,"Standard"
"STU002086",2016,3.65195861619391,0,0,"Advanced"
"STU002087",2016,2.50134036607208,0,1,"Standard"
"STU002088",2016,2.39272106034016,1,0,"Standard"
"STU002089",2016,2.04085345396754,1,0,"NonCompletion"
"STU002090",2016,2.61288480033366,0,1,"Standard"
"STU002091",2016,2.22238973754393,0,1,"Standard"
"STU002092",2016,3.15317214473474,0,0,"Standard"
"STU002093",2016,2.93964308938615,0,0,"Standard"
"STU002094",2016,4,0,1,"Advanced"
"STU002095",2016,3.23271137044954,0,1,"Standard"
"STU002096",2016,2.70493673737743,1,0,"Standard"
"STU002097",2016,2.00485404130577,0,0,"Standard"
"STU002098",2016,3.25508874508731,1,0,"Standard"
"STU002099",2016,2.00065330187164,0,1,"Standard"
"STU002100",2016,2.91485253355118,1,0,"Standard"
"STU002101",2016,3.39333030766642,0,1,"Standard"
"STU002102",2016,3.10341331811365,0,0,"Standard"
"STU002103",2016,1.83158049411546,1,0,"Standard"
"STU002104",2016,2.81936091877654,1,0,"Standard"
"STU002105",2016,2.90680809572186,0,1,"Standard"
"STU002106",2016,2.05785600631342,1,0,"Standard"
"STU002107",2016,1.9419145449649,1,1,"Standard"
"STU002108",2016,3.72995591389612,1,1,"Advanced"
"STU002109",2016,2.2796393959157,1,0,"Standard"
"STU002110",2016,2.43140446700875,0,0,"NonCompletion"
"STU002111",2016,2.8111364281892,0,0,"Standard"
"STU002112",2016,2.6484652289165,0,0,"Standard"
"STU002113",2016,2.42525808889519,1,0,"Standard"
"STU002114",2016,3.34633945675669,0,0,"Standard"
"STU002115",2016,2.21654427471703,1,0,"Standard"
"STU002116",2016,2.507877477466,1,0,"Standard"
"STU002117",2016,2.54920752430874,0,0,"Standard"
"STU002118",2016,2.05489916084074,0,0,"Standard"
"STU002119",2016,1.7018764899635,0,0,"NonCompletion"
"STU002120",2016,2.27947771352135,1,1,"Standard"
"STU002121",2016,2.25090143603488,0,1,"Standard"
"STU002122",2016,2.57885156816054,0,0,"Standard"
"STU002123",2016,2.18863282353431,0,0,"NonCompletion"
"STU002124",2016,2.18642636691271,1,0,"Standard"
"STU002125",2016,2.3147533786525,1,0,"Standard"
"STU002126",2016,3.30330353645464,1,0,"Standard"
"STU002127",2016,2.19862565501085,0,0,"Standard"
"STU002128",2016,2.69633720181528,1,0,"NonCompletion"
"STU002129",2016,2.2023337497208,1,0,"NonCompletion"
"STU002130",2016,2.70047308318354,1,0,"Standard"
"STU002131",2016,2.14481188621847,0,0,"NonCompletion"
"STU002132",2016,2.42067939518316,1,0,"Standard"
"STU002133",2016,2.05139522551324,0,0,"Standard"
"STU002134",2016,2.51264547240865,0,0,"Standard"
"STU002135",2016,3.83830064114701,0,0,"Advanced"
"STU002136",2016,2.7658892985198,0,0,"Standard"
"STU002137",2016,2.75598746254841,0,0,"NonCompletion"
"STU002138",2016,2.91452293778718,0,0,"Standard"
"STU002139",2016,3.86032105285636,0,0,"Advanced"
"STU002140",2016,2.79169738138027,1,0,"Standard"
"STU002141",2016,3.06818546138635,0,0,"Standard"
"STU002142",2016,2.88085925907849,0,1,"Standard"
"STU002143",2016,3.94128889428844,0,1,"Advanced"
"STU002144",2016,3.21125141234675,0,0,"Standard"
"STU002145",2016,NA,1,0,"Standard"
"STU002146",2016,3.72988152702827,0,0,"Advanced"
"STU002147",2016,2.78510957892051,0,0,"Standard"
"STU002148",2016,1.92359285007751,1,0,"Standard"
"STU002149",2016,2.12330026468156,1,0,"Standard"
"STU002150",2016,2.45738387141367,0,0,"Standard"
"STU002151",2016,2.4945652019299,1,0,"Standard"
"STU002152",2016,2.45250367833257,1,0,"Standard"
"STU002153",2016,2.88020592823005,0,0,"Standard"
"STU002154",2016,2.61053460561547,0,0,"Standard"
"STU002155",2016,2.58640918229395,1,0,"Standard"
"STU002156",2016,3.09372485912845,0,0,"Standard"
"STU002157",2016,3.25681846350467,0,0,"Standard"
"STU002158",2016,3.00509910534972,1,0,"Standard"
"STU002159",2016,2.11422839086663,0,0,"NonCompletion"
"STU002160",2016,2.71117134118128,0,0,"Standard"
"STU002161",2016,2.60349152176597,0,0,"Standard"
"STU002162",2016,2.18531316123817,0,1,"Standard"
"STU002163",2016,1.66259024799066,0,0,"NonCompletion"
"STU002164",2016,2.41608314492243,0,0,"Standard"
"STU002165",2016,2.83805013294216,0,0,"Standard"
"STU002166",2016,3.04268134050298,0,0,"Standard"
"STU002167",2016,2.97927263261774,0,1,"Standard"
"STU002168",2016,2.87479740667089,0,0,"Standard"
"STU002169",2016,1.98060394001039,1,0,"Standard"
"STU002170",2016,3.99327805348513,0,1,"Advanced"
"STU002171",2016,2.39482199543302,0,0,"Standard"
"STU002172",2016,3.16556733231552,0,0,"Standard"
"STU002173",2016,2.88949794240774,1,1,"Standard"
"STU002174",2016,2.72734618080479,1,0,"Standard"
"STU002175",2016,1.70097737402383,1,0,"Standard"
"STU002176",2016,2.48219870819998,0,0,"Standard"
"STU002177",2016,3.31776697220987,0,1,"Standard"
"STU002178",2016,2.87685364379549,0,0,"Standard"
"STU002179",2016,2.79191745932866,1,0,"NonCompletion"
"STU002180",2016,2.24705899600354,0,0,"Standard"
"STU002181",2016,2.41004166400606,1,0,"Standard"
"STU002182",2016,2.29474893125322,0,0,"Standard"
"STU002183",2016,3.30609154773381,1,1,"Standard"
"STU002184",2016,3.56814049322936,0,0,"Advanced"
"STU002185",2016,2.62736136146847,0,0,"Standard"
"STU002186",2016,3.39120748869094,0,1,"Standard"
"STU002187",2016,2.76525886919489,1,0,"Standard"
"STU002188",2016,2.91167683600145,0,0,"Standard"
"STU002189",2016,2.69533293893687,0,0,"Standard"
"STU002190",2016,2.59440751891591,1,0,"NonCompletion"
"STU002191",2016,4,0,0,"Advanced"
"STU002192",2016,2.40014804298721,0,0,"Standard"
"STU002193",2016,2.65940756475173,0,0,"NonCompletion"
"STU002194",2016,2.27555999677906,0,0,"Standard"
"STU002195",2016,3.24134698436555,1,0,"Standard"
"STU002196",2016,4,0,1,"Advanced"
"STU002197",2016,2.35570591178343,0,0,"Standard"
"STU002198",2016,2.96951757022318,1,1,"Standard"
"STU002199",2016,3.05812350329055,1,0,"Standard"
"STU002200",2016,2.45667805703421,1,0,"Standard"
"STU002201",2016,2.36061969058821,1,0,"Standard"
"STU002202",2016,NA,1,1,"Standard"
"STU002203",2016,1.91108902725489,0,0,"NonCompletion"
"STU002204",2016,4,0,0,"Advanced"
"STU002205",2016,2.96038375178042,0,0,"Standard"
"STU002206",2016,2.38749890244711,0,0,"NonCompletion"
"STU002207",2016,3.55170829566212,0,1,"Advanced"
"STU002208",2016,2.8337089649609,0,0,"Standard"
"STU002209",2016,2.74570147226899,1,1,"Standard"
"STU002210",2016,2.35809743319967,1,0,"Standard"
"STU002211",2016,2.37029204561776,1,0,"Standard"
"STU002212",2016,3.87757771703837,0,1,"Advanced"
"STU002213",2016,2.94299361962302,0,0,"Standard"
"STU002214",2016,2.67868203779202,1,0,"Standard"
"STU002215",2016,2.57943493593636,0,0,"Standard"
"STU002216",2016,3.57302703414865,0,1,"Advanced"
"STU002217",2016,3.00788270229683,0,0,"Standard"
"STU002218",2016,3.27740832495248,0,0,"Standard"
"STU002219",2016,3.12250417068311,0,1,"Standard"
"STU002220",2016,3.15310736224478,0,0,"Standard"
"STU002221",2016,2.7463565284564,0,0,"Standard"
"STU002222",2016,3.35886462869784,0,0,"Standard"
"STU002223",2016,3.4698865068137,1,0,"Standard"
"STU002224",2016,2.98794495110388,0,0,"Standard"
"STU002225",2016,2.75392979610182,1,0,"Standard"
"STU002226",2016,2.71990293831339,0,1,"Standard"
"STU002227",2016,3.10399243043995,0,1,"Standard"
"STU002228",2016,2.88107554675769,0,0,"Standard"
"STU002229",2016,2.98496329604733,0,0,"Standard"
"STU002230",2016,2.85364169800119,0,0,"Standard"
"STU002231",2016,2.86575370665106,1,1,"Standard"
"STU002232",2016,3.34316463176418,0,1,"Standard"
"STU002233",2016,1.99358824793332,0,0,"NonCompletion"
"STU002234",2016,1.63293206541468,1,0,"NonCompletion"
"STU002235",2016,3.4740751025446,1,1,"Standard"
"STU002236",2016,2.07599574559277,1,0,"Standard"
"STU002237",2016,2.39489488016401,1,0,"Standard"
"STU002238",2016,2.38681507243388,0,0,"Standard"
"STU002239",2016,3.05251468668716,0,0,"Standard"
"STU002240",2016,2.43827871269111,1,0,"Standard"
"STU002241",2016,2.8369351998816,1,0,"Standard"
"STU002242",2016,1.56233385742816,1,0,"NonCompletion"
"STU002243",2016,3.23940848289834,1,0,"Standard"
"STU002244",2016,2.45801051237165,0,0,"Standard"
"STU002245",2016,2.38602238116776,0,1,"NonCompletion"
"STU002246",2016,2.4886956779584,1,0,"Standard"
"STU002247",2016,2.41312986930879,1,1,"NonCompletion"
"STU002248",2016,2.89521181774397,1,0,"Standard"
"STU002249",2016,2.31774662570046,0,0,"NonCompletion"
"STU002250",2016,2.71673478698427,0,0,"Standard"
"STU002251",2016,2.66275733915889,1,0,"Standard"
"STU002252",2016,3.46086030899949,0,0,"Standard"
"STU002253",2016,3.04533862858269,0,0,"Standard"
"STU002254",2016,1.87079875664438,0,0,"Standard"
"STU002255",2016,2.4346489596775,0,0,"NonCompletion"
"STU002256",2016,2.69323927956887,0,0,"Standard"
"STU002257",2016,1.62863360031054,1,0,"Standard"
"STU002258",2016,2.9233077498277,1,0,"Standard"
"STU002259",2016,3.20824559513372,0,0,"Standard"
"STU002260",2016,2.36884992112923,0,0,"Standard"
"STU002261",2016,3.24023911755887,0,0,"Standard"
"STU002262",2016,2.0020220544877,0,0,"Standard"
"STU002263",2016,2.51048409582843,0,0,"NonCompletion"
"STU002264",2016,3.14825129101236,0,1,"Standard"
"STU002265",2016,3.16822075285387,0,0,"Standard"
"STU002266",2016,3.27846872807123,0,0,"Standard"
"STU002267",2016,2.61242281887562,1,0,"Standard"
"STU002268",2016,3.35262879897344,0,0,"Standard"
"STU002269",2016,2.68045093267582,0,0,"Standard"
"STU002270",2016,2.71029022275331,0,0,"Standard"
"STU002271",2016,2.57453890336802,1,0,"Standard"
"STU002272",2016,2.57965608022039,1,0,"Standard"
"STU002273",2016,2.96770312032803,1,0,"Standard"
"STU002274",2016,2.35916573269414,1,1,"Standard"
"STU002275",2016,1.61139303853245,1,1,"Standard"
"STU002276",2016,2.53673891802896,0,0,"Standard"
"STU002277",2016,3.04472976652589,0,0,"Standard"
"STU002278",2016,2.54063418378142,0,0,"Standard"
"STU002279",2016,2.60234721477781,0,0,"Standard"
"STU002280",2016,3.27150208708232,0,0,"Standard"
"STU002281",2016,2.63267366213272,1,0,"Standard"
"STU002282",2016,2.44204261339529,0,0,"Standard"
"STU002283",2016,3.0054370695391,0,1,"Standard"
"STU002284",2016,2.45110376220322,0,0,"Standard"
"STU002285",2016,3.18008389514306,0,1,"Standard"
"STU002286",2016,2.54213291632136,1,0,"Standard"
"STU002287",2016,3.07699420838255,0,1,"Standard"
"STU002288",2016,3.80474751867736,1,0,"Advanced"
"STU002289",2016,3.23664838500461,1,1,"Standard"
"STU002290",2016,2.73818704553253,0,0,"Standard"
"STU002291",2016,3.05043206270609,0,0,"Standard"
"STU002292",2016,2.24180410204239,1,0,"Standard"
"STU002293",2016,3.15957012743723,1,0,"Standard"
"STU002294",2016,2.29375746283838,1,1,"Standard"
"STU002295",2016,1.65042371260059,1,0,"Standard"
"STU002296",2016,2.0014851180767,0,0,"Standard"
"STU002297",2016,2.20256182778871,1,0,"Standard"
"STU002298",2016,2.14618781555417,1,0,"Standard"
"STU002299",2016,3.02241251747126,1,0,"Standard"
"STU002300",2016,2.058723953819,0,0,"Standard"
"STU002301",2016,2.04158047724659,0,1,"Standard"
"STU002302",2016,1.61874644609129,1,0,"NonCompletion"
"STU002303",2016,2.69777528168467,0,1,"Standard"
"STU002304",2016,2.35869788230032,1,0,"Standard"
"STU002305",2016,2.7419722424774,1,1,"Standard"
"STU002306",2016,3.3282308680396,1,0,"Standard"
"STU002307",2016,2.06870895491331,1,1,"Standard"
"STU002308",2016,1.87340523843455,0,0,"Standard"
"STU002309",2016,2.50094507770776,0,1,"Standard"
"STU002310",2016,2.92716185975781,0,1,"Standard"
"STU002311",2016,2.0598119672255,1,0,"Standard"
"STU002312",2016,2.26844232781481,1,1,"Standard"
"STU002313",2016,2.74575770279772,1,0,"Standard"
"STU002314",2016,2.87638829204247,0,0,"Standard"
"STU002315",2016,4,0,0,"Advanced"
"STU002316",2016,2.97272428149683,0,0,"Standard"
"STU002317",2016,3.03316458826706,1,1,"Standard"
"STU002318",2016,2.0413437580661,1,1,"Standard"
"STU002319",2016,3.38261775190682,0,0,"Standard"
"STU002320",2016,2.66662107415606,1,0,"Standard"
"STU002321",2016,2.55757380114271,0,0,"NonCompletion"
"STU002322",2016,2.35821460624226,0,1,"Standard"
"STU002323",2016,3.53969175185147,0,0,"Advanced"
"STU002324",2016,3.1434739051853,1,1,"Standard"
"STU002325",2016,2.26815274479717,1,0,"Standard"
"STU002326",2016,2.51145116187269,0,1,"Standard"
"STU002327",2016,2.13900152033403,1,1,"NonCompletion"
"STU002328",2016,NA,0,0,"Standard"
"STU002329",2016,2.16541355085152,1,0,"Standard"
"STU002330",2016,2.87338215009481,0,0,"Standard"
"STU002331",2016,2.53463155644635,0,0,"Standard"
"STU002332",2016,2.0469559569169,1,0,"Standard"
"STU002333",2016,3.07540416196223,0,1,"Standard"
"STU002334",2016,2.442549064551,0,1,"Standard"
"STU002335",2016,2.69810005996263,0,0,"Standard"
"STU002336",2016,2.94817129618593,0,0,"Standard"
"STU002337",2016,2.90743999351101,1,0,"Standard"
"STU002338",2016,3.23852316832733,0,0,"Standard"
"STU002339",2016,2.78321425853398,0,0,"Standard"
"STU002340",2016,2.92811561836014,0,0,"Standard"
"STU002341",2016,2.53555994433467,1,1,"Standard"
"STU002342",2016,2.41543261551509,0,0,"Standard"
"STU002343",2016,2.72204856778856,0,1,"Standard"
"STU002344",2016,2.80080653701359,0,1,"Standard"
"STU002345",2016,1.73267903737883,0,0,"NonCompletion"
"STU002346",2016,2.33546224037169,1,0,"Standard"
"STU002347",2016,2.66601468346915,1,0,"Standard"
"STU002348",2016,2.81304923071764,1,0,"Standard"
"STU002349",2016,2.67807681433417,1,1,"Standard"
"STU002350",2016,NA,0,0,"NonCompletion"
"STU002351",2016,2.08936700156339,1,0,"Standard"
"STU002352",2016,1.60713560678062,0,0,"NonCompletion"
"STU002353",2016,2.27051371065211,1,0,"NonCompletion"
"STU002354",2016,2.83716670158683,1,0,"Standard"
"STU002355",2016,2.89314172775357,0,1,"Standard"
"STU002356",2016,1.92361191067186,0,0,"Standard"
"STU002357",2016,2.50202948106302,0,0,"Standard"
"STU002358",2016,2.76061256258078,0,0,"Standard"
"STU002359",2016,3.66769505381717,0,0,"Advanced"
"STU002360",2016,2.85139684535974,1,0,"Standard"
"STU002361",2016,2.36860889736808,1,0,"Standard"
"STU002362",2016,1.83132558813016,1,0,"Standard"
"STU002363",2016,2.26004550563584,0,0,"Standard"
"STU002364",2016,2.87146959388621,0,1,"Standard"
"STU002365",2016,2.19006033742805,1,0,"Standard"
"STU002366",2016,1.37365794892835,1,0,"Standard"
"STU002367",2016,2.23131615268577,0,0,"Standard"
"STU002368",2016,3.09606512326052,0,0,"Standard"
"STU002369",2016,2.02857641582304,0,0,"Standard"
"STU002370",2016,2.81637742647523,0,0,"Standard"
"STU002371",2016,2.36633017540367,0,0,"Standard"
"STU002372",2016,2.25984960006993,0,0,"Standard"
"STU002373",2016,2.17237245167137,1,0,"Standard"
"STU002374",2016,2.41507607750441,0,0,"Standard"
"STU002375",2016,1.87652626596138,1,0,"NonCompletion"
"STU002376",2016,2.36285656396969,0,0,"Standard"
"STU002377",2016,3.23233532850916,1,0,"Standard"
"STU002378",2016,3.62508569648429,0,1,"Advanced"
"STU002379",2016,2.96067715825762,0,1,"Standard"
"STU002380",2016,3.01856553088658,0,0,"Standard"
"STU002381",2016,2.38911929315354,0,0,"NonCompletion"
"STU002382",2016,1.98664095835452,1,1,"Standard"
"STU002383",2016,2.2880780178437,0,0,"Standard"
"STU002384",2016,3.01162551985997,0,0,"Standard"
"STU002385",2016,2.51939970098077,1,1,"Standard"
"STU002386",2016,2.3362170704584,1,0,"Standard"
"STU002387",2016,2.06903231204012,0,1,"Standard"
"STU002388",2016,2.09950889771419,0,1,"Standard"
"STU002389",2016,2.09008839258386,0,1,"Standard"
"STU002390",2016,2.57873656258924,0,0,"Standard"
"STU002391",2016,1.71709241865208,1,0,"NonCompletion"
"STU002392",2016,2.04296394667953,1,0,"Standard"
"STU002393",2016,3.71261934107306,1,0,"Advanced"
"STU002394",2016,2.31776935120339,0,1,"Standard"
"STU002395",2016,1.73699539405115,1,0,"NonCompletion"
"STU002396",2016,3.33824759102462,0,0,"Standard"
"STU002397",2016,2.22302227171639,0,1,"NonCompletion"
"STU002398",2016,2.48155838448756,1,0,"Standard"
"STU002399",2016,2.63049653794707,1,0,"Standard"
"STU002400",2016,2.59738913997665,0,0,"Standard"
"STU002401",2016,2.39165301725357,0,0,"Standard"
"STU002402",2016,NA,0,0,"Standard"
"STU002403",2016,1.73137848451145,1,0,"NonCompletion"
"STU002404",2016,2.28520740569185,1,0,"Standard"
"STU002405",2016,3.44069566941378,0,0,"Standard"
"STU002406",2016,2.88961368257207,0,0,"Standard"
"STU002407",2016,2.21317892632544,1,0,"Standard"
"STU002408",2016,2.36239528168369,1,0,"Standard"
"STU002409",2016,4,0,0,"Advanced"
"STU002410",2016,2.18382467910557,1,0,"Standard"
"STU002411",2016,2.30962540114253,0,0,"Standard"
"STU002412",2016,2.08466244843695,1,0,"Standard"
"STU002413",2016,3.36313143022407,0,0,"Standard"
"STU002414",2016,3.29159282569183,0,0,"Standard"
"STU002415",2016,1.93251824074746,1,0,"Standard"
"STU002416",2016,1.53599510438857,1,1,"Standard"
"STU002417",2016,2.7016214555346,0,1,"Standard"
"STU002418",2016,3.10002966792471,1,0,"Standard"
"STU002419",2016,2.27744747069927,1,0,"Standard"
"STU002420",2016,2.46598565174536,1,0,"Standard"
"STU002421",2016,2.05005259056657,1,0,"NonCompletion"
"STU002422",2016,2.14657767600099,0,0,"Standard"
"STU002423",2016,2.59366299983907,1,0,"Standard"
"STU002424",2016,2.54326148981533,1,0,"Standard"
"STU002425",2016,3.2409020306625,0,0,"Standard"
"STU002426",2016,1.87507252976309,1,0,"NonCompletion"
"STU002427",2016,2.52495629977742,1,0,"Standard"
"STU002428",2016,2.55633445510798,0,0,"Standard"
"STU002429",2016,2.57199772003936,1,0,"Standard"
"STU002430",2016,3.46867597288197,0,0,"Standard"
"STU002431",2016,3.13930859017095,0,0,"Standard"
"STU002432",2016,3.15334720421728,0,0,"Standard"
"STU002433",2016,2.57372340491494,1,0,"Standard"
"STU002434",2016,2.2900708910358,0,0,"Standard"
"STU002435",2016,2.54489693743537,1,0,"Standard"
"STU002436",2016,2.66015770862424,0,0,"Standard"
"STU002437",2016,2.73415834214362,1,0,"Standard"
"STU002438",2016,2.98874243746464,1,0,"Standard"
"STU002439",2016,NA,1,0,"NonCompletion"
"STU002440",2016,2.14849476041301,1,0,"Standard"
"STU002441",2016,2.58480858310463,1,0,"Standard"
"STU002442",2016,2.51814220136114,1,0,"Standard"
"STU002443",2016,3.45711965770133,0,1,"Standard"
"STU002444",2016,2.73428281504219,1,0,"Standard"
"STU002445",2016,2.65757963628911,1,0,"Standard"
"STU002446",2016,2.16191406928039,1,0,"Standard"
"STU002447",2016,2.65680214359094,0,0,"Standard"
"STU002448",2016,2.48393842088064,0,0,"Standard"
"STU002449",2016,1.99981372739352,1,1,"Standard"
"STU002450",2016,1.9665435005436,0,0,"NonCompletion"
"STU002451",2016,2.98222325175917,1,0,"Standard"
"STU002452",2016,2.75847249822849,1,0,"Standard"
"STU002453",2016,2.79332770110639,1,1,"Standard"
"STU002454",2016,1.97360574470645,1,0,"Standard"
"STU002455",2016,3.17154085810342,1,1,"Standard"
"STU002456",2016,3.11481449597141,1,0,"Standard"
"STU002457",2016,2.51558555606656,1,0,"NonCompletion"
"STU002458",2016,2.47247007879422,0,1,"Standard"
"STU002459",2016,3.13121777526163,0,0,"Standard"
"STU002460",2016,2.76464835051085,0,0,"Standard"
"STU002461",2016,3.00014229792127,0,0,"Standard"
"STU002462",2016,2.48501875196839,1,0,"Standard"
"STU002463",2016,2.33932447061514,1,0,"Standard"
"STU002464",2016,2.51480606283092,1,0,"Standard"
"STU002465",2016,1.70277816786169,1,0,"NonCompletion"
"STU002466",2016,2.61188657407453,0,0,"Standard"
"STU002467",2016,2.18699568997681,1,0,"Standard"
"STU002468",2016,2.68906660294132,0,0,"Standard"
"STU002469",2016,2.8016987989307,0,0,"Standard"
"STU002470",2016,3.73430985690152,0,0,"Advanced"
"STU002471",2016,2.63424843164528,1,0,"Standard"
"STU002472",2016,1.85822062069686,0,0,"NonCompletion"
"STU002473",2016,3.16893853648141,1,0,"Standard"
"STU002474",2016,2.18490989819032,0,0,"Standard"
"STU002475",2016,3.06345090369176,1,1,"Standard"
"STU002476",2016,2.84685575018205,0,0,"Standard"
"STU002477",2016,2.87034577824627,0,1,"Standard"
"STU002478",2016,2.17576002100395,0,0,"Standard"
"STU002479",2016,1.87041636371605,1,0,"Standard"
"STU002480",2016,2.45984240832985,0,0,"Standard"
"STU002481",2016,4,0,1,"Advanced"
"STU002482",2016,2.44527910217629,0,1,"Standard"
"STU002483",2016,2.55821133135632,0,0,"Standard"
"STU002484",2016,2.65919334639227,0,0,"Standard"
"STU002485",2016,3.3980677108757,0,1,"Standard"
"STU002486",2016,1.6180243287004,0,0,"Standard"
"STU002487",2016,1.96603495318182,1,0,"Standard"
"STU002488",2016,3.01226390080816,1,0,"Standard"
"STU002489",2016,2.6505179964712,0,0,"Standard"
"STU002490",2016,2.21161205422983,1,0,"Standard"
"STU002491",2016,2.36481519430046,0,0,"Standard"
"STU002492",2016,3.05383894102141,0,0,"Standard"
"STU002493",2016,2.33531777614095,1,0,"Standard"
"STU002494",2016,4,0,0,"Advanced"
"STU002495",2016,2.90035371972984,1,0,"Standard"
"STU002496",2016,3.21750973035626,1,0,"Standard"
"STU002497",2016,2.97014952498177,1,0,"Standard"
"STU002498",2016,3.48071747924566,0,0,"Standard"
"STU002499",2016,2.13856041786193,0,0,"Standard"
"STU002500",2016,3.61388927508776,0,0,"Advanced"
"STU002501",2016,2.66912781478384,1,0,"Standard"
"STU002502",2016,2.17090077449053,0,0,"Standard"
"STU002503",2016,3.44003194687888,0,1,"Standard"
"STU002504",2016,2.55713600082466,0,0,"Standard"
"STU002505",2016,3.34479931774222,0,0,"Standard"
"STU002506",2016,1.94026231481774,0,0,"Standard"
"STU002507",2016,2.68611894576594,0,0,"Standard"
"STU002508",2016,2.90796411414949,0,0,"Standard"
"STU002509",2016,2.78857147007012,0,0,"Standard"
"STU002510",2016,3.2838348712762,0,0,"Standard"
"STU002511",2016,2.31985440941306,1,0,"Standard"
"STU002512",2016,1.81429056625235,1,0,"NonCompletion"
"STU002513",2016,2.28482641047709,1,0,"Standard"
"STU002514",2016,3.6584504597652,0,0,"Advanced"
"STU002515",2016,3.48018818405558,0,0,"Standard"
"STU002516",2016,2.48118451630442,0,0,"Standard"
"STU002517",2016,3.19526840286722,0,1,"Standard"
"STU002518",2016,2.49575887819017,1,0,"Standard"
"STU002519",2016,2.46323716650978,0,0,"NonCompletion"
"STU002520",2016,2.99890430629721,0,0,"Standard"
"STU002521",2016,3.07514326011973,1,0,"Standard"
"STU002522",2016,2.11960824524311,1,0,"Standard"
"STU002523",2016,2.09176874129515,0,0,"Standard"
"STU002524",2016,2.4485783959123,0,0,"Standard"
"STU002525",2016,2.85136313720427,0,0,"Standard"
"STU002526",2016,1.82756244327259,0,0,"NonCompletion"
"STU002527",2016,3.39874694927318,0,1,"Standard"
"STU002528",2016,2.64045750211883,1,0,"Standard"
"STU002529",2016,2.36972966396485,0,0,"Standard"
"STU002530",2016,2.32096896316378,0,1,"Standard"
"STU002531",2016,2.69792420688583,1,0,"Standard"
"STU002532",2016,2.6050429965599,0,0,"Standard"
"STU002533",2016,2.67552572597549,0,0,"Standard"
"STU002534",2016,3.06916356157246,0,0,"Standard"
"STU002535",2016,NA,1,0,"NonCompletion"
"STU002536",2016,3.05308372194711,1,0,"Standard"
"STU002537",2016,2.77957239086776,1,0,"Standard"
"STU002538",2016,2.58037873337582,0,0,"Standard"
"STU002539",2016,2.31732025029812,1,0,"Standard"
"STU002540",2016,3.47920663436753,0,1,"Standard"
"STU002541",2016,2.23297568275273,0,1,"Standard"
"STU002542",2016,3.21567910472692,1,0,"Standard"
"STU002543",2016,2.68376853348965,0,0,"Standard"
"STU002544",2016,2.05961052202239,0,1,"Standard"
"STU002545",2016,3.8827720733708,0,0,"Advanced"
"STU002546",2016,4,1,1,"Advanced"
"STU002547",2016,2.29209779827326,0,0,"NonCompletion"
"STU002548",2016,1.58314390984491,1,0,"NonCompletion"
"STU002549",2016,3.03909750375147,0,1,"Standard"
"STU002550",2016,2.98970659338435,0,0,"Standard"
"STU002551",2016,2.66036918813169,0,0,"Standard"
"STU002552",2016,2.40153270138732,0,0,"NonCompletion"
"STU002553",2016,NA,0,0,"Standard"
"STU002554",2016,2.55579303924123,0,0,"Standard"
"STU002555",2016,3.12955980458554,0,0,"Standard"
"STU002556",2016,1.92064360682441,1,0,"Standard"
"STU002557",2016,2.48511028087308,0,0,"Standard"
"STU002558",2016,2.22608181041961,1,0,"Standard"
"STU002559",2016,2.46842968204803,1,0,"Standard"
"STU002560",2016,2.53350270782317,0,0,"Standard"
"STU002561",2016,2.98314030345748,1,0,"Standard"
"STU002562",2016,2.79128715666069,1,1,"Standard"
"STU002563",2016,2.37746089638535,0,0,"Standard"
"STU002564",2016,2.52762911002154,0,0,"Standard"
"STU002565",2016,2.71773751068418,0,0,"Standard"
"STU002566",2016,2.66940208147663,0,0,"Standard"
"STU002567",2016,2.60032828893902,1,0,"Standard"
"STU002568",2016,3.01132736033088,1,0,"Standard"
"STU002569",2016,2.55836399871727,0,1,"Standard"
"STU002570",2016,2.23845099117547,0,0,"Standard"
"STU002571",2016,2.53049357372858,0,0,"Standard"
"STU002572",2016,2.0301661826714,0,0,"Standard"
"STU002573",2016,2.45194272688004,0,0,"Standard"
"STU002574",2016,2.724607092953,1,0,"Standard"
"STU002575",2016,2.20610755204988,1,1,"Standard"
"STU002576",2016,3.2362378708391,0,1,"Standard"
"STU002577",2016,2.93722138565619,0,0,"Standard"
"STU002578",2016,4,0,0,"Advanced"
"STU002579",2016,4,0,1,"Advanced"
"STU002580",2016,2.22164806878655,1,0,"Standard"
"STU002581",2016,2.58415519259424,0,0,"Standard"
"STU002582",2016,2.4885047696012,0,0,"Standard"
"STU002583",2016,1.80023445196238,0,0,"Standard"
"STU002584",2016,3.47125559432543,0,0,"Standard"
"STU002585",2016,3.5303870190232,0,0,"Advanced"
"STU002586",2016,2.80628156785546,0,0,"Standard"
"STU002587",2016,3.4273563222163,1,1,"Standard"
"STU002588",2016,3.32024423415866,0,1,"Standard"
"STU002589",2016,3.63307921196998,1,0,"Advanced"
"STU002590",2016,2.28065361486551,0,0,"Standard"
"STU002591",2016,2.93255799854578,0,0,"Standard"
"STU002592",2016,2.93860262191362,1,0,"NonCompletion"
"STU002593",2016,3.47916131485942,0,1,"Standard"
"STU002594",2016,2.53419685798123,1,0,"Standard"
"STU002595",2016,2.83661535879571,0,0,"Standard"
"STU002596",2016,4,0,1,"Advanced"
"STU002597",2016,3.80602419982211,0,0,"Advanced"
"STU002598",2016,3.02986502497846,1,0,"Standard"
"STU002599",2016,3.11222712440644,0,1,"Standard"
"STU002600",2016,2.32241471016911,1,0,"Standard"
"STU002601",2016,3.63248310877589,1,0,"Advanced"
"STU002602",2016,2.65158415053948,0,0,"Standard"
"STU002603",2016,2.43774474372189,1,0,"Standard"
"STU002604",2016,2.74950603380229,1,0,"Standard"
"STU002605",2016,2.60367595956361,1,0,"Standard"
"STU002606",2016,2.84069484565917,1,1,"Standard"
"STU002607",2016,2.67911670241636,0,1,"Standard"
"STU002608",2016,2.14758639724679,0,0,"Standard"
"STU002609",2016,3.11812171666656,1,0,"Standard"
"STU002610",2016,2.3940777060459,1,0,"Standard"
"STU002611",2016,2.72035608092876,0,0,"Standard"
"STU002612",2016,2.76851098602841,1,1,"Standard"
"STU002613",2016,1.99086156249226,0,0,"Standard"
"STU002614",2016,3.69041462905486,0,1,"Advanced"
"STU002615",2016,3.21901424593924,0,0,"Standard"
"STU002616",2016,2.16678019794665,0,1,"Standard"
"STU002617",2016,2.70945897666739,1,0,"Standard"
"STU002618",2016,2.22786407968009,0,1,"Standard"
"STU002619",2016,2.64707386019958,0,0,"Standard"
"STU002620",2016,3.39379254929082,0,0,"Standard"
"STU002621",2016,3.25203367178666,1,0,"Standard"
"STU002622",2016,3.01401862164204,0,1,"Standard"
"STU002623",2016,2.93048097823324,0,0,"Standard"
"STU002624",2016,2.82153209756954,1,1,"Standard"
"STU002625",2016,2.32752260745356,1,0,"Standard"
"STU002626",2016,3.87391815985321,0,0,"Advanced"
"STU002627",2016,2.13832573208208,1,0,"NonCompletion"
"STU002628",2016,2.71780405326341,0,1,"Standard"
"STU002629",2016,2.45448403255546,0,0,"Standard"
"STU002630",2016,1.86985934880232,1,0,"Standard"
"STU002631",2016,2.47347140937151,0,1,"Standard"
"STU002632",2016,2.66514435885537,0,0,"Standard"
"STU002633",2016,2.87837355326567,0,1,"Standard"
"STU002634",2016,3.1119143871379,0,0,"Standard"
"STU002635",2016,2.09924001922546,0,0,"Standard"
"STU002636",2016,1.95831892211804,0,1,"Standard"
"STU002637",2016,2.1481889451802,1,0,"Standard"
"STU002638",2016,2.91177056300569,0,0,"Standard"
"STU002639",2016,2.1593277552547,0,0,"Standard"
"STU002640",2016,2.89491013148811,0,0,"Standard"
"STU002641",2016,2.68194705406019,1,0,"Standard"
"STU002642",2016,3.58760830263922,0,0,"Advanced"
"STU002643",2016,2.07522993139628,1,0,"NonCompletion"
"STU002644",2016,2.28011386526293,1,0,"Standard"
"STU002645",2016,3.18121538730798,1,0,"Standard"
"STU002646",2016,2.34501719570121,1,0,"Standard"
"STU002647",2016,2.72458252115094,1,0,"Standard"
"STU002648",2016,3.39941480647776,1,0,"Standard"
"STU002649",2016,2.15466142208522,1,0,"Standard"
"STU002650",2016,2.42290970990742,0,0,"Standard"
"STU002651",2016,2.8928660805776,1,1,"Standard"
"STU002652",2016,3.02930986797967,0,0,"Standard"
"STU002653",2016,2.40170689183943,0,0,"Standard"
"STU002654",2016,2.96395547131834,0,0,"Standard"
"STU002655",2016,3.30268759530937,0,1,"Standard"
"STU002656",2016,2.82675617129751,0,0,"Standard"
"STU002657",2016,2.28924116298515,0,1,"Standard"
"STU002658",2016,1.55662253270875,1,0,"Standard"
"STU002659",2016,2.86709538966859,0,0,"Standard"
"STU002660",2016,3.31394493909414,1,0,"Standard"
"STU002661",2016,NA,1,1,"Standard"
"STU002662",2016,3.65021346494835,0,0,"Advanced"
"STU002663",2016,3.72062396396654,1,1,"Advanced"
"STU002664",2016,2.50482832857441,1,0,"Standard"
"STU002665",2016,1.73216302032149,1,0,"Standard"
"STU002666",2016,3.38038567359462,0,0,"Standard"
"STU002667",2016,2.19762669269948,0,1,"Standard"
"STU002668",2016,3.05983304685705,0,0,"Standard"
"STU002669",2016,2.37787303090166,1,0,"Standard"
"STU002670",2016,3.5726615431633,0,0,"Advanced"
"STU002671",2016,2.56070923828385,1,0,"Standard"
"STU002672",2016,2.39488822060592,0,0,"Standard"
"STU002673",2016,3.79861175356064,1,0,"Advanced"
"STU002674",2016,3.30282132973302,0,1,"Standard"
"STU002675",2016,2.50029365883028,1,0,"Standard"
"STU002676",2016,2.18738857005699,1,0,"Standard"
"STU002677",2016,3.14222827273693,1,0,"Standard"
"STU002678",2016,2.48035257366236,1,0,"Standard"
"STU002679",2016,2.31716228620819,0,0,"Standard"
"STU002680",2016,3.30116250024046,0,0,"Standard"
"STU002681",2016,3.13089301300349,0,0,"Standard"
"STU002682",2016,2.62730982279618,0,0,"Standard"
"STU002683",2016,2.21769274014056,0,0,"Standard"
"STU002684",2016,2.73201621809158,0,0,"Standard"
"STU002685",2016,3.08457428502502,0,0,"Standard"
"STU002686",2016,2.14478253614818,1,0,"Standard"
"STU002687",2016,3.51172598512715,0,1,"Advanced"
"STU002688",2016,2.091387789342,0,0,"Standard"
"STU002689",2016,2.69329781051493,0,0,"Standard"
"STU002690",2016,2.12060110354885,1,1,"Standard"
"STU002691",2016,2.26865615980491,0,0,"Standard"
"STU002692",2016,2.69091475549901,1,0,"Standard"
"STU002693",2016,2.37147574679293,0,0,"Standard"
"STU002694",2016,2.6000436554434,1,0,"Standard"
"STU002695",2016,2.55963035005146,0,0,"Standard"
"STU002696",2016,3.40380990259976,0,0,"Standard"
"STU002697",2016,3.19917559580922,1,1,"Standard"
"STU002698",2016,2.68290041213807,1,0,"Standard"
"STU002699",2016,2.23779565508978,1,0,"NonCompletion"
"STU002700",2016,2.3681829787686,0,0,"Standard"
"STU002701",2016,3.17659954759797,0,0,"Standard"
"STU002702",2016,2.12574436846383,1,1,"Standard"
"STU002703",2016,2.4468746598463,1,0,"Standard"
"STU002704",2016,2.38714903861728,0,0,"Standard"
"STU002705",2016,2.21015007773659,1,0,"NonCompletion"
"STU002706",2016,2.7243163715788,1,1,"Standard"
"STU002707",2016,2.55669479068042,1,0,"NonCompletion"
"STU002708",2016,3.24174396116924,0,0,"Standard"
"STU002709",2016,2.04014298433557,0,0,"Standard"
"STU002710",2016,2.2386699273117,0,0,"Standard"
"STU002711",2016,3.09826168861543,0,0,"Standard"
"STU002712",2016,2.38366300065666,0,0,"Standard"
"STU002713",2016,2.06267209995444,0,0,"NonCompletion"
"STU002714",2016,2.20120437278092,1,0,"Standard"
"STU002715",2016,2.31387354221275,0,0,"Standard"
"STU002716",2016,2.04331763690833,1,0,"Standard"
"STU002717",2016,2.6328105697772,1,0,"Standard"
"STU002718",2016,2.67324667132123,0,0,"Standard"
"STU002719",2016,2.27068879578722,1,1,"Standard"
"STU002720",2016,2.25642743220743,0,0,"Standard"
"STU002721",2016,1.79759978703801,0,0,"NonCompletion"
"STU002722",2016,1.9498375068322,1,0,"NonCompletion"
"STU002723",2016,1.80016273265293,0,1,"Standard"
"STU002724",2016,2.5471509616204,0,0,"Standard"
"STU002725",2016,3.30720881940829,0,1,"Standard"
"STU002726",2016,4,0,0,"Advanced"
"STU002727",2016,2.51435200290714,0,1,"Standard"
"STU002728",2016,3.48222855215259,1,0,"Standard"
"STU002729",2016,2.47181177117451,1,0,"Standard"
"STU002730",2016,NA,0,0,"Standard"
"STU002731",2016,3.00316256750369,1,0,"Standard"
"STU002732",2016,1.87646181661952,0,0,"NonCompletion"
"STU002733",2016,2.18828954921601,1,0,"Standard"
"STU002734",2016,2.82610006000071,1,0,"Standard"
"STU002735",2016,2.76398198788009,1,0,"Standard"
"STU002736",2016,2.81958219131413,0,0,"Standard"
"STU002737",2016,2.07515287616861,1,0,"Standard"
"STU002738",2016,1.97198070267457,1,1,"Standard"
"STU002739",2016,3.39375573051542,0,0,"Standard"
"STU002740",2016,2.12981142979189,1,0,"Standard"
"STU002741",2016,2.61566152762075,0,0,"Standard"
"STU002742",2016,3.15198292202614,0,1,"Standard"
"STU002743",2016,2.64657209242762,1,0,"Standard"
"STU002744",2016,3.09305602567372,0,1,"Standard"
"STU002745",2016,3.61133673779305,1,0,"Advanced"
"STU002746",2016,2.63162557307585,0,0,"Standard"
"STU002747",2016,3.00065657950269,0,0,"Standard"
"STU002748",2016,2.09789627552159,0,0,"Standard"
"STU002749",2016,2.57045700442554,0,0,"Standard"
"STU002750",2016,3.16509079629215,0,0,"Standard"
"STU002751",2016,2.61311868403011,1,0,"Standard"
"STU002752",2016,3.58906553781153,0,1,"Advanced"
"STU002753",2016,2.49066707907038,0,0,"NonCompletion"
"STU002754",2016,2.87727673213707,0,1,"Standard"
"STU002755",2016,2.82868194861844,0,0,"Standard"
"STU002756",2016,3.24026026970169,0,0,"Standard"
"STU002757",2016,3.04408090745396,1,0,"Standard"
"STU002758",2016,3.43596631616542,0,0,"Standard"
"STU002759",2016,2.63525845584705,0,0,"Standard"
"STU002760",2016,3.22205929404324,0,0,"Standard"
"STU002761",2016,1.84983107510597,1,1,"Standard"
"STU002762",2016,2.81449918168604,1,0,"Standard"
"STU002763",2016,2.34455002313466,0,0,"Standard"
"STU002764",2016,2.91292053192877,1,0,"Standard"
"STU002765",2016,2.49596634701145,1,0,"Standard"
"STU002766",2016,2.50770082216331,0,0,"Standard"
"STU002767",2016,NA,0,0,"NonCompletion"
"STU002768",2016,2.79662860389308,0,0,"Standard"
"STU002769",2016,1.96906720164129,1,0,"Standard"
"STU002770",2016,2.08759360530178,1,0,"Standard"
"STU002771",2016,2.88301249419159,1,0,"Standard"
"STU002772",2016,2.64917578038326,1,0,"Standard"
"STU002773",2016,2.31476083583605,0,1,"Standard"
"STU002774",2016,2.60735637542733,0,0,"Standard"
"STU002775",2016,3.42881670325276,0,0,"Standard"
"STU002776",2016,2.54621475732858,0,0,"Standard"
"STU002777",2016,2.71408859833205,0,0,"Standard"
"STU002778",2016,2.76059139638736,0,0,"Standard"
"STU002779",2016,2.49306469677009,0,0,"Standard"
"STU002780",2016,2.58512509295409,0,0,"Standard"
"STU002781",2016,2.21869413406312,1,0,"Standard"
"STU002782",2016,2.26920952867839,0,1,"Standard"
"STU002783",2016,2.38591979251394,0,0,"Standard"
"STU002784",2016,2.59319789936024,0,0,"Standard"
"STU002785",2016,2.63736707326592,0,1,"Standard"
"STU002786",2016,3.48029917035548,0,0,"Standard"
"STU002787",2016,2.63999156699744,1,0,"Standard"
"STU002788",2016,NA,0,0,"Standard"
"STU002789",2016,3.02379941595931,0,1,"Standard"
"STU002790",2016,2.95032114128823,1,0,"Standard"
"STU002791",2016,2.33812115865395,1,0,"Standard"
"STU002792",2016,2.41822199936444,1,1,"Standard"
"STU002793",2016,3.00721010551434,0,0,"Standard"
"STU002794",2016,2.29529538412563,0,0,"Standard"
"STU002795",2016,2.49499587388722,0,0,"Standard"
"STU002796",2016,2.6063960543493,0,0,"Standard"
"STU002797",2016,NA,0,0,"Standard"
"STU002798",2016,2.20800105956464,0,1,"Standard"
"STU002799",2016,3.00423939180983,0,1,"Standard"
"STU002800",2016,2.45789969576498,0,0,"Standard"
"STU002801",2016,2.42891430632867,0,0,"NonCompletion"
"STU002802",2016,2.21702548938019,1,0,"Standard"
"STU002803",2016,2.11556910924779,1,0,"Standard"
"STU002804",2016,1.97188533545052,0,0,"Standard"
"STU002805",2016,2.787203835866,1,0,"Standard"
"STU002806",2016,3.4447316707025,0,1,"Standard"
"STU002807",2016,2.94929600375534,1,0,"Standard"
"STU002808",2016,2.99161381162216,0,0,"Standard"
"STU002809",2016,2.7400676813598,1,0,"Standard"
"STU002810",2016,2.94395589062972,1,0,"Standard"
"STU002811",2016,2.94878246556915,1,0,"Standard"
"STU002812",2016,4,0,0,"Advanced"
"STU002813",2016,NA,0,0,"Standard"
"STU002814",2016,2.74304432241969,0,0,"Standard"
"STU002815",2016,2.21387629804302,1,0,"Standard"
"STU002816",2016,3.08964906786028,0,1,"Standard"
"STU002817",2016,2.23052524291981,0,1,"NonCompletion"
"STU002818",2016,2.4704060607145,1,0,"Standard"
"STU002819",2016,2.4537125814139,0,0,"NonCompletion"
"STU002820",2016,2.97535354780879,0,0,"Standard"
"STU002821",2016,1.88863584677374,0,0,"Standard"
"STU002822",2016,2.86256143622788,1,0,"Standard"
"STU002823",2016,2.99974414434659,0,0,"Standard"
"STU002824",2016,2.56238584926501,0,0,"NonCompletion"
"STU002825",2016,2.88662816254995,0,0,"Standard"
"STU002826",2016,2.57986310810362,1,0,"Standard"
"STU002827",2016,3.40960974156466,1,0,"Standard"
"STU002828",2016,2.32958249497255,0,0,"Standard"
"STU002829",2016,3.01363570254049,0,0,"Standard"
"STU002830",2016,3.52781548011805,0,1,"Advanced"
"STU002831",2016,2.02784696697619,1,0,"Standard"
"STU002832",2016,3.47246813048876,1,1,"Standard"
"STU002833",2016,2.49578419099397,0,0,"NonCompletion"
"STU002834",2016,1.74828075023693,1,1,"Standard"
"STU002835",2016,2.65924237063126,0,0,"Standard"
"STU002836",2016,3.1025094186706,1,0,"Standard"
"STU002837",2016,2.64279103129238,0,1,"Standard"
"STU002838",2016,3.04774510696659,0,0,"Standard"
"STU002839",2016,2.15492436203072,0,0,"Standard"
"STU002840",2016,2.86236765215688,1,0,"Standard"
"STU002841",2016,2.37737827891008,1,0,"Standard"
"STU002842",2016,2.41061902350413,0,0,"Standard"
"STU002843",2016,3.29511109182981,0,1,"Standard"
"STU002844",2016,2.24473920569371,0,0,"Standard"
"STU002845",2016,3.45329661127466,0,0,"Standard"
"STU002846",2016,3.12094193010433,1,1,"Standard"
"STU002847",2016,3.17073129773781,1,0,"Standard"
"STU002848",2016,2.86461027396121,0,0,"Standard"
"STU002849",2016,NA,1,1,"Standard"
"STU002850",2016,2.10307714252567,1,0,"Standard"
"STU002851",2016,NA,0,0,"Standard"
"STU002852",2016,2.46974616411363,0,0,"Standard"
"STU002853",2016,2.85984556926665,0,0,"Standard"
"STU002854",2016,2.42906603795119,1,0,"Standard"
"STU002855",2016,2.24684433165065,0,0,"Standard"
"STU002856",2016,3.36540596009793,0,0,"Standard"
"STU002857",2016,3.11273181033584,0,0,"Standard"
"STU002858",2016,1.64891575941908,0,0,"Standard"
"STU002859",2016,2.72171801696239,0,0,"Standard"
"STU002860",2016,1.7506947224892,1,0,"NonCompletion"
"STU002861",2016,2.60871454460386,1,0,"Standard"
"STU002862",2016,3.12716539685122,1,0,"Standard"
"STU002863",2016,3.29611172724514,0,0,"Standard"
"STU002864",2016,2.97941338538704,0,0,"Standard"
"STU002865",2016,2.12608673621584,1,0,"Standard"
"STU002866",2016,2.41722719423311,1,1,"Standard"
"STU002867",2016,2.32311329353456,0,0,"Standard"
"STU002868",2016,1.91779460298707,0,0,"NonCompletion"
"STU002869",2016,2.54397287962402,1,0,"Standard"
"STU002870",2016,3.28738120877329,1,0,"Standard"
"STU002871",2016,2.42216415332505,1,0,"NonCompletion"
"STU002872",2016,2.18473969101654,1,0,"Standard"
"STU002873",2016,2.150420738452,1,0,"NonCompletion"
"STU002874",2016,2.58242326698875,1,0,"Standard"
"STU002875",2016,3.61417790653892,0,1,"Advanced"
"STU002876",2016,2.65047564288776,0,0,"Standard"
"STU002877",2016,3.3348444004681,0,0,"Standard"
"STU002878",2016,1.72036336052615,1,0,"NonCompletion"
"STU002879",2016,3.15173302280408,0,0,"Standard"
"STU002880",2016,2.53747762914318,1,0,"Standard"
"STU002881",2016,1.92397801363147,1,0,"NonCompletion"
"STU002882",2016,1.55926332007108,1,0,"NonCompletion"
"STU002883",2016,1.87950070761425,0,0,"NonCompletion"
"STU002884",2016,2.7503380774368,1,0,"Standard"
"STU002885",2016,1.6571386405987,1,0,"Standard"
"STU002886",2016,2.62427592242817,0,1,"Standard"
"STU002887",2016,3.55252687722409,1,0,"Advanced"
"STU002888",2016,1.59272430427028,1,0,"Standard"
"STU002889",2016,2.18266006302887,0,0,"Standard"
"STU002890",2016,2.94123224492088,0,0,"Standard"
"STU002891",2016,3.3346770382846,0,0,"Standard"
"STU002892",2016,2.75943828954382,0,0,"Standard"
"STU002893",2016,1.64036267184209,1,0,"Standard"
"STU002894",2016,2.44768286153961,0,0,"Standard"
"STU002895",2016,1.92504833889494,1,0,"Standard"
"STU002896",2016,2.76867096155252,0,0,"Standard"
"STU002897",2016,NA,0,0,"Standard"
"STU002898",2016,2.15141454503041,1,0,"Standard"
"STU002899",2016,2.49691195361223,1,0,"Standard"
"STU002900",2016,2.17386123184586,1,0,"Standard"
"STU002901",2016,1.87422771639333,0,0,"NonCompletion"
"STU002902",2016,1.74117847008521,1,0,"Standard"
"STU002903",2016,2.45041521696173,1,0,"Standard"
"STU002904",2016,1.99292792505184,1,0,"Standard"
"STU002905",2016,2.23026038423581,0,1,"Standard"
"STU002906",2016,3.31871246669092,1,1,"Standard"
"STU002907",2016,2.97361447739613,1,0,"Standard"
"STU002908",2016,2.38042322342485,0,0,"Standard"
"STU002909",2016,3.11685565958818,1,0,"Standard"
"STU002910",2016,3.01386916063069,0,1,"Standard"
"STU002911",2016,2.20482721002055,1,1,"Standard"
"STU002912",2016,2.54110976181542,1,0,"Standard"
"STU002913",2016,3.07627809829705,0,0,"Standard"
"STU002914",2016,2.96895461710308,0,0,"Standard"
"STU002915",2016,2.9102505320068,0,0,"Standard"
"STU002916",2016,2.97509378943379,1,0,"Standard"
"STU002917",2016,3.75837096663969,1,1,"Advanced"
"STU002918",2016,2.10832102629431,1,0,"Standard"
"STU002919",2016,2.64363521595922,1,1,"Standard"
"STU002920",2016,2.98072896790779,0,0,"Standard"
"STU002921",2016,2.82577883558112,0,0,"Standard"
"STU002922",2016,2.27400267407282,1,0,"Standard"
"STU002923",2016,3.08820157428834,1,0,"Standard"
"STU002924",2016,1.85860190232672,0,0,"Standard"
"STU002925",2016,3.28478556172916,0,0,"Standard"
"STU002926",2016,2.11164976213447,1,1,"Standard"
"STU002927",2016,3.4520296430602,1,0,"Standard"
"STU002928",2016,2.65635560972183,1,0,"Standard"
"STU002929",2016,2.7039196644256,1,0,"Standard"
"STU002930",2016,2.85497934065286,0,0,"Standard"
"STU002931",2016,3.68185303475172,0,0,"Advanced"
"STU002932",2016,3.69335375586241,1,0,"Advanced"
"STU002933",2016,2.4373022160988,0,0,"Standard"
"STU002934",2016,3.53804912904306,1,1,"Advanced"
"STU002935",2016,3.21737684915493,0,0,"Standard"
"STU002936",2016,3.17493964784064,0,0,"Standard"
"STU002937",2016,3.11716868526632,1,0,"Standard"
"STU002938",2016,2.4570642962488,0,0,"Standard"
"STU002939",2016,3.41682214078896,1,0,"Standard"
"STU002940",2016,2.6384028133176,0,0,"Standard"
"STU002941",2016,3.29169152989389,1,0,"Standard"
"STU002942",2016,3.35954914020193,1,1,"Standard"
"STU002943",2016,2.21937101193071,1,0,"Standard"
"STU002944",2016,3.62870902631847,0,0,"Advanced"
"STU002945",2016,2.80800722628325,0,0,"Standard"
"STU002946",2016,2.37846524044498,0,1,"Standard"
"STU002947",2016,2.56519933352204,0,0,"Standard"
"STU002948",2016,2.44972461145816,0,0,"Standard"
"STU002949",2016,1.55711405927145,1,0,"NonCompletion"
"STU002950",2016,2.94901637426848,0,0,"Standard"
"STU002951",2016,2.14703306005011,0,0,"Standard"
"STU002952",2016,3.00253715391892,0,0,"Standard"
"STU002953",2016,2.4852338422623,0,1,"Standard"
"STU002954",2016,3.22026542504851,0,0,"Standard"
"STU002955",2016,3.27440139996683,0,0,"Standard"
"STU002956",2016,2.73150841081393,0,0,"Standard"
"STU002957",2016,2.1095652223107,1,0,"Standard"
"STU002958",2016,2.72918774632878,0,0,"Standard"
"STU002959",2016,2.70480062630529,0,0,"Standard"
"STU002960",2016,2.91580441103993,0,0,"Standard"
"STU002961",2016,2.34159752940873,0,0,"Standard"
"STU002962",2016,2.43653362518886,0,0,"Standard"
"STU002963",2016,3.22422705969756,0,0,"Standard"
"STU002964",2016,2.31664257530473,1,0,"NonCompletion"
"STU002965",2016,2.68241484956154,1,0,"Standard"
"STU002966",2016,2.89261795388303,0,0,"Standard"
"STU002967",2016,2.63215704568377,1,1,"Standard"
"STU002968",2016,2.2521532985565,0,0,"NonCompletion"
"STU002969",2016,3.32194928328398,0,0,"Standard"
"STU002970",2016,2.87308200566355,0,0,"Standard"
"STU002971",2016,3.2303543422845,0,0,"Standard"
"STU002972",2016,2.36275137114726,0,0,"Standard"
"STU002973",2016,2.99805504075045,1,0,"Standard"
"STU002974",2016,2.15280190535567,0,0,"Standard"
"STU002975",2016,2.93277770249666,1,0,"Standard"
"STU002976",2016,2.62712191852915,1,1,"Standard"
"STU002977",2016,3.79583420951932,0,0,"Advanced"
"STU002978",2016,2.42010301136904,1,0,"Standard"
"STU002979",2016,2.87402426421436,0,0,"Standard"
"STU002980",2016,2.95268605081848,0,0,"Standard"
"STU002981",2016,2.36765000585811,1,0,"Standard"
"STU002982",2016,3.59885288878793,0,1,"Advanced"
"STU002983",2016,1.87094509817193,0,0,"Standard"
"STU002984",2016,2.7525105812312,0,0,"Standard"
"STU002985",2016,2.57791764723694,0,0,"Standard"
"STU002986",2016,1.83888192906466,1,0,"NonCompletion"
"STU002987",2016,2.52351193810989,0,0,"Standard"
"STU002988",2016,3.05919187908118,0,1,"Standard"
"STU002989",2016,3.42091715586835,0,0,"Standard"
"STU002990",2016,2.86954697681159,1,0,"Standard"
"STU002991",2016,3.09472705047164,0,0,"Standard"
"STU002992",2016,3.85834886109397,0,1,"Advanced"
"STU002993",2016,3.32661089323027,0,0,"Standard"
"STU002994",2016,2.380801603921,1,0,"Standard"
"STU002995",2016,3.96691165557817,0,0,"Advanced"
"STU002996",2016,1.94148631132806,0,0,"NonCompletion"
"STU002997",2016,3.30231987108075,0,0,"Standard"
"STU002998",2016,2.6005356708543,1,0,"Standard"
"STU002999",2016,2.92594366753317,0,0,"Standard"
"STU003000",2016,2.35408897085996,0,0,"Standard"
"STU003001",2016,2.20860229812319,1,0,"Standard"
"STU003002",2016,3.01152864409864,0,0,"Standard"
"STU003003",2016,2.30702662558619,0,0,"Standard"
"STU003004",2016,3.80097870316115,0,0,"Advanced"
"STU003005",2016,2.54158817537665,0,0,"Standard"
"STU003006",2016,2.76063161661599,0,1,"Standard"
"STU003007",2016,4,0,0,"Advanced"
"STU003008",2016,3.60024216276044,0,0,"Advanced"
"STU003009",2016,2.9721822914297,0,1,"NonCompletion"
"STU003010",2016,NA,1,1,"NonCompletion"
"STU003011",2016,2.08517438491187,1,0,"Standard"
"STU003012",2016,2.04318473091683,1,0,"Standard"
"STU003013",2016,2.86661319011796,1,1,"Standard"
"STU003014",2016,3.07386706236207,0,1,"Standard"
"STU003015",2016,3.0072689661011,1,0,"Standard"
"STU003016",2016,2.38064172224625,0,0,"Standard"
"STU003017",2016,2.44234217673394,0,0,"Standard"
"STU003018",2016,2.70568626072146,0,0,"Standard"
"STU003019",2016,2.3346873812368,1,0,"Standard"
"STU003020",2016,2.85890808248041,0,0,"Standard"
"STU003021",2016,3.3300779784998,0,0,"Standard"
"STU003022",2016,3.82203373637523,1,0,"Advanced"
"STU003023",2016,2.65298395159848,1,0,"Standard"
"STU003024",2016,3.24149703506241,1,0,"Standard"
"STU003025",2016,2.6731044434086,1,1,"Standard"
"STU003026",2016,2.65241919410497,0,0,"NonCompletion"
"STU003027",2016,2.64560227071346,1,0,"Standard"
"STU003028",2016,2.64355054612431,1,0,"Standard"
"STU003029",2016,2.19986905419056,0,0,"Standard"
"STU003030",2016,2.38811446671488,0,0,"Standard"
"STU003031",2016,2.20619784833392,0,0,"Standard"
"STU003032",2016,2.03489382424571,0,1,"Standard"
"STU003033",2016,3.30679050260455,0,0,"Standard"
"STU003034",2016,1,1,1,"NonCompletion"
"STU003035",2016,3.00342716637894,1,0,"Standard"
"STU003036",2016,3.34745333815931,0,0,"Standard"
"STU003037",2016,2.81198041281154,1,0,"Standard"
"STU003038",2016,2.42202756461362,0,1,"NonCompletion"
"STU003039",2016,3.65632465442389,0,1,"Advanced"
"STU003040",2016,2.39241087779595,1,0,"Standard"
"STU003041",2016,2.60560946160055,0,0,"Standard"
"STU003042",2016,2.91248180910712,0,0,"Standard"
"STU003043",2016,2.91359450749678,0,0,"Standard"
"STU003044",2016,2.26486206186064,1,0,"Standard"
"STU003045",2016,2.81427891904015,0,0,"Standard"
"STU003046",2016,2.33195189118425,0,0,"Standard"
"STU003047",2016,3.06816769250401,0,0,"Standard"
"STU003048",2016,2.36463008036781,1,0,"Standard"
"STU003049",2016,3.07246884651253,0,0,"Standard"
"STU003050",2016,3.11318546401893,0,1,"Standard"
"STU003051",2016,3.93663209457116,0,1,"Advanced"
"STU003052",2016,2.47336202832016,0,1,"Standard"
"STU003053",2016,2.86223661416517,1,0,"Standard"
"STU003054",2016,2.50956868515646,1,0,"Standard"
"STU003055",2016,2.10785946706203,1,1,"Standard"
"STU003056",2016,3.22991129743928,0,0,"Standard"
"STU003057",2016,3.08111676433346,1,1,"Standard"
"STU003058",2016,2.87946921876318,1,1,"Standard"
"STU003059",2016,1.79402108171093,0,0,"Standard"
"STU003060",2016,2.41931297310863,0,0,"Standard"
"STU003061",2016,3.26379574033768,0,0,"Standard"
"STU003062",2016,2.4097596185888,0,0,"Standard"
"STU003063",2016,2.39520331532888,1,0,"Standard"
"STU003064",2016,2.17035588782395,1,0,"Standard"
"STU003065",2016,2.92776382158644,0,0,"Standard"
"STU003066",2016,2.70993615562322,1,0,"Standard"
"STU003067",2016,4,0,0,"Advanced"
"STU003068",2016,2.2591959310828,0,0,"Standard"
"STU003069",2016,2.66514159705714,0,0,"Standard"
"STU003070",2016,2.4946550277588,0,0,"Standard"
"STU003071",2016,2.44641651209902,0,0,"Standard"
"STU003072",2016,2.65868809180445,0,0,"Standard"
"STU003073",2016,2.14376726166778,1,0,"Standard"
"STU003074",2016,3.43414111374753,0,0,"Standard"
"STU003075",2016,3.04827439475337,0,0,"Standard"
"STU003076",2016,2.60024499841747,1,0,"Standard"
"STU003077",2016,3.04307482921399,0,0,"Standard"
"STU003078",2016,NA,0,1,"Standard"
"STU003079",2016,2.00165239249531,0,0,"Standard"
"STU003080",2016,3.62686248864863,1,1,"Advanced"
"STU003081",2016,2.92056659315352,1,0,"Standard"
"STU003082",2016,3.14084564189704,1,0,"Standard"
"STU003083",2016,2.91325449842851,0,0,"Standard"
"STU003084",2016,2.62027252830138,0,0,"Standard"
"STU003085",2016,2.73725799749758,1,0,"Standard"
"STU003086",2016,2.4008488720112,1,0,"Standard"
"STU003087",2016,3.79365217976487,0,1,"Advanced"
"STU003088",2016,2.09227822471525,0,0,"NonCompletion"
"STU003089",2016,2.79720212651745,0,1,"Standard"
"STU003090",2016,1.52828005372414,1,0,"NonCompletion"
"STU003091",2016,2.9115089336747,0,0,"Standard"
"STU003092",2016,2.93935959193135,0,0,"Standard"
"STU003093",2016,3.03343471096233,1,1,"Standard"
"STU003094",2016,3.59044662679562,0,1,"Advanced"
"STU003095",2016,2.75666387259337,0,1,"Standard"
"STU003096",2016,2.82826898347266,0,0,"Standard"
"STU003097",2016,1.60563280993262,0,0,"Standard"
"STU003098",2016,3.33835737531204,0,0,"Standard"
"STU003099",2016,2.36815680087405,0,0,"Standard"
"STU003100",2016,3.5608248292012,0,0,"Advanced"
"STU003101",2016,1.86006318024094,1,0,"Standard"
"STU003102",2016,2.81237275597095,0,0,"Standard"
"STU003103",2016,3.28872433167522,1,1,"Standard"
"STU003104",2016,2.49175648911114,0,1,"Standard"
"STU003105",2016,2.09435181619875,0,0,"Standard"
"STU003106",2016,2.15633461405837,0,0,"Standard"
"STU003107",2016,2.16674420793382,0,0,"Standard"
"STU003108",2016,2.56113587402045,1,0,"Standard"
"STU003109",2016,1.95428132228005,0,1,"Standard"
"STU003110",2016,2.56425284794458,1,0,"Standard"
"STU003111",2016,2.59301211421135,1,0,"Standard"
"STU003112",2016,2.27794730008991,1,0,"Standard"
"STU003113",2016,2.48486958708945,1,0,"Standard"
"STU003114",2016,3.22982024236544,1,0,"Standard"
"STU003115",2016,3.49231450033309,1,1,"Standard"
"STU003116",2016,2.44659304880764,0,0,"Standard"
"STU003117",2016,3.39139806232343,0,1,"Standard"
"STU003118",2016,3.73010623997022,0,0,"Advanced"
"STU003119",2016,3.22803119818023,0,0,"Standard"
"STU003120",2016,2.83998655132011,0,0,"Standard"
"STU003121",2016,3.04266208192953,1,0,"Standard"
"STU003122",2016,2.28279206478674,0,0,"Standard"
"STU003123",2016,2.00463380040954,1,0,"Standard"
"STU003124",2016,2.55534161313927,0,0,"Standard"
"STU003125",2016,3.87689972736625,0,0,"Advanced"
"STU003126",2016,2.5940481757384,1,0,"Standard"
"STU003127",2016,2.23472970653318,1,0,"Standard"
"STU003128",2016,2.49812839436479,1,0,"Standard"
"STU003129",2016,3.27574218333702,1,1,"Standard"
"STU003130",2016,2.12945255470308,1,0,"Standard"
"STU003131",2016,2.63672015113857,1,0,"Standard"
"STU003132",2016,3.46901029732059,0,1,"Standard"
"STU003133",2016,2.41331598276051,1,0,"NonCompletion"
"STU003134",2016,3.69417477798022,0,1,"Advanced"
"STU003135",2016,3.15736012938658,0,0,"Standard"
"STU003136",2016,3.05419568553369,1,0,"Standard"
"STU003137",2016,2.97094854799377,0,0,"Standard"
"STU003138",2016,3.13883930631561,0,0,"Standard"
"STU003139",2016,2.62530127049824,0,0,"Standard"
"STU003140",2016,3.14515299709874,0,0,"Standard"
"STU003141",2016,2.92138112916121,0,0,"Standard"
"STU003142",2016,2.34975655040266,0,0,"Standard"
"STU003143",2016,4,1,0,"Advanced"
"STU003144",2016,2.32314083095734,1,0,"Standard"
"STU003145",2016,2.72582432480527,0,0,"Standard"
"STU003146",2016,3.1094321966099,0,0,"Standard"
"STU003147",2016,2.78097048847773,0,0,"Standard"
"STU003148",2016,1.31553025824395,1,0,"Standard"
"STU003149",2016,1.8780373861119,1,0,"Standard"
"STU003150",2016,3.64215168530373,0,1,"Advanced"
"STU003151",2016,3.38695069800315,0,1,"Standard"
"STU003152",2016,2.82339767314124,1,1,"Standard"
"STU003153",2016,2.69221044149836,0,1,"Standard"
"STU003154",2016,2.26131057573834,1,0,"NonCompletion"
"STU003155",2016,1.93550658197002,1,0,"Standard"
"STU003156",2016,3.16144484324956,0,1,"Standard"
"STU003157",2016,2.14026279037559,0,0,"Standard"
"STU003158",2016,3.50790222360304,0,0,"Advanced"
"STU003159",2016,2.38788325082365,1,0,"Standard"
"STU003160",2016,1.60753783501681,1,1,"NonCompletion"
"STU003161",2016,2.30277445544528,1,0,"Standard"
"STU003162",2016,2.71269905276487,0,1,"Standard"
"STU003163",2016,3.30293558680013,0,1,"Standard"
"STU003164",2016,2.32872530695344,1,0,"Standard"
"STU003165",2016,3.11414084479108,0,0,"Standard"
"STU003166",2016,2.09940413329166,0,0,"Standard"
"STU003167",2016,2.89695027313701,0,0,"Standard"
"STU003168",2016,2.7810379668183,1,0,"Standard"
"STU003169",2016,3.19341607933659,0,0,"Standard"
"STU003170",2016,2.22523584785828,1,0,"Standard"
"STU003171",2016,3.39065256831331,0,1,"Standard"
"STU003172",2016,2.7945082151085,0,0,"Standard"
"STU003173",2016,2.73487316175916,1,0,"Standard"
"STU003174",2016,2.52684327138563,0,0,"Standard"
"STU003175",2016,3.63035354426558,0,1,"Advanced"
"STU003176",2016,2.8734108310053,0,0,"Standard"
"STU003177",2016,2.83722424308233,1,0,"Standard"
"STU003178",2016,2.99953502978476,0,0,"Standard"
"STU003179",2016,2.33262554186628,0,0,"Standard"
"STU003180",2016,3.88554912572747,0,0,"Advanced"
"STU003181",2016,2.5949417396354,0,0,"Standard"
"STU003182",2016,1.70673130143731,1,0,"NonCompletion"
"STU003183",2016,2.89769073917363,1,1,"Standard"
"STU003184",2016,3.20156966629699,0,0,"Standard"
"STU003185",2016,2.99907743896211,0,0,"Standard"
"STU003186",2016,2.56301879495696,0,0,"Standard"
"STU003187",2016,2.52541544235562,0,0,"Standard"
"STU003188",2016,3.15570379374975,1,1,"Standard"
"STU003189",2016,2.2738525718238,1,0,"Standard"
"STU003190",2016,2.11298724324418,1,0,"NonCompletion"
"STU003191",2016,3.30422959141446,1,1,"Standard"
"STU003192",2016,2.85637762351213,0,0,"Standard"
"STU003193",2016,2.43763650789792,1,0,"Standard"
"STU003194",2016,2.03292086765479,1,0,"NonCompletion"
"STU003195",2016,3.77800073262208,0,1,"Advanced"
"STU003196",2016,2.0558711183837,1,0,"NonCompletion"
"STU003197",2016,1.68190769830728,1,0,"Standard"
"STU003198",2016,1.45937513971336,1,0,"Standard"
"STU003199",2016,2.58748897883674,0,0,"Standard"
"STU003200",2016,3.08340874682614,1,0,"Standard"
"STU003201",2016,2.50614815177297,0,0,"Standard"
"STU003202",2016,3.17578908464343,0,0,"Standard"
"STU003203",2016,2.26299219806912,0,0,"Standard"
"STU003204",2016,2.82541707083978,0,0,"Standard"
"STU003205",2016,2.03133506961422,0,0,"Standard"
"STU003206",2016,2.23379486691331,0,0,"Standard"
"STU003207",2016,2.06654736699214,0,0,"NonCompletion"
"STU003208",2016,2.51526488202861,0,0,"Standard"
"STU003209",2016,2.54244127785807,0,0,"Standard"
"STU003210",2016,2.44507639926052,1,1,"Standard"
"STU003211",2016,2.29447374470474,1,0,"Standard"
"STU003212",2016,2.13820412086345,1,1,"Standard"
"STU003213",2016,3.8066030174571,0,0,"Advanced"
"STU003214",2016,2.25999249838001,1,0,"Standard"
"STU003215",2016,3.01404500828819,1,0,"Standard"
"STU003216",2016,2.67334662365475,0,0,"Standard"
"STU003217",2016,2.42714639291335,1,0,"Standard"
"STU003218",2016,2.11451810011722,0,0,"Standard"
"STU003219",2016,2.49089633906009,0,0,"NonCompletion"
"STU003220",2016,2.1937063278092,1,0,"Standard"
"STU003221",2016,3.03481443697034,0,1,"Standard"
"STU003222",2016,2.15579141891456,0,0,"Standard"
"STU003223",2016,2.76591595098055,1,0,"Standard"
"STU003224",2016,3.56511456557335,1,0,"Advanced"
"STU003225",2016,2.45262051943371,0,0,"NonCompletion"
"STU003226",2016,2.41768068688115,0,0,"Standard"
"STU003227",2016,2.19929170104545,1,1,"Standard"
"STU003228",2016,2.67816330130165,0,0,"Standard"
"STU003229",2016,3.46740277714211,0,1,"Standard"
"STU003230",2016,3.02034392124469,0,0,"Standard"
"STU003231",2016,2.01914480048422,0,0,"Standard"
"STU003232",2016,3.19650633720944,0,0,"Standard"
"STU003233",2016,3.11097689211374,0,0,"Standard"
"STU003234",2016,3.46838581264656,0,1,"Standard"
"STU003235",2016,2.53434376195348,0,0,"Standard"
"STU003236",2016,3.05996380232215,0,1,"Standard"
"STU003237",2016,2.58026064992153,0,0,"Standard"
"STU003238",2016,2.53392386176375,1,0,"Standard"
"STU003239",2016,3.15412577288588,1,0,"Standard"
"STU003240",2016,NA,0,0,"Standard"
"STU003241",2016,3.29711418542152,1,0,"Standard"
"STU003242",2016,2.63864861690978,0,0,"Standard"
"STU003243",2016,1.64744900345123,1,0,"NonCompletion"
"STU003244",2016,2.61230122123258,1,0,"Standard"
"STU003245",2016,2.71244156715286,0,0,"Standard"
"STU003246",2016,2.4673069443147,1,0,"Standard"
"STU003247",2016,3.11608280542355,0,0,"Standard"
"STU003248",2016,1.82569547790115,0,0,"Standard"
"STU003249",2016,2.87297452780007,0,0,"Standard"
"STU003250",2016,3.26347677670516,0,1,"Standard"
"STU003251",2016,2.71218706211262,0,0,"Standard"
"STU003252",2016,2.61514329681542,0,0,"Standard"
"STU003253",2016,3.09404632997743,0,0,"Standard"
"STU003254",2016,2.21203976973921,1,1,"Standard"
"STU003255",2016,1.81286419151703,1,0,"NonCompletion"
"STU003256",2016,2.42005866279226,1,0,"Standard"
"STU003257",2016,3.31785490708726,0,0,"Standard"
"STU003258",2016,3.35686966707303,1,0,"Standard"
"STU003259",2016,1.93246860447887,0,0,"Standard"
"STU003260",2016,2.37131137431818,0,0,"Standard"
"STU003261",2016,3.37546181803805,1,0,"Standard"
"STU003262",2016,2.49621176543931,0,0,"Standard"
"STU003263",2016,2.59024328407798,1,0,"Standard"
"STU003264",2016,2.88703577215189,0,0,"Standard"
"STU003265",2016,2.64637875411768,1,0,"Standard"
"STU003266",2016,2.17094309095061,1,0,"Standard"
"STU003267",2016,2.37053016586348,1,0,"Standard"
"STU003268",2016,2.86168722478027,1,0,"Standard"
"STU003269",2016,3.00303451786807,1,0,"Standard"
"STU003270",2016,2.74173713670165,0,0,"Standard"
"STU003271",2016,2.47301411760981,0,1,"Standard"
"STU003272",2016,2.67220185075272,0,0,"Standard"
"STU003273",2016,3.59352490373253,0,0,"Advanced"
"STU003274",2016,3.02217903240122,1,0,"Standard"
"STU003275",2016,3.1490553167654,1,0,"Standard"
"STU003276",2016,3.93007973060852,0,0,"Advanced"
"STU003277",2016,3.16096720326067,1,0,"Standard"
"STU003278",2016,3.01707662469613,0,0,"Standard"
"STU003279",2016,3.60645025409389,1,0,"Advanced"
"STU003280",2016,2.4882598481593,1,0,"Standard"
"STU003281",2016,2.40846596508201,1,0,"Standard"
"STU003282",2016,3.01460382675125,0,0,"Standard"
"STU003283",2016,3.40937789671515,0,0,"Standard"
"STU003284",2016,2.43148664684574,0,0,"Standard"
"STU003285",2016,2.29979360772112,1,0,"Standard"
"STU003286",2016,3.23226661543377,0,0,"Standard"
"STU003287",2016,2.43184978270555,0,0,"Standard"
"STU003288",2016,2.75923369158227,1,0,"Standard"
"STU003289",2016,2.21050299364267,0,0,"Standard"
"STU003290",2016,4,1,1,"Advanced"
"STU003291",2016,3.21394771878966,0,0,"Standard"
"STU003292",2016,4,0,0,"Advanced"
"STU003293",2016,NA,1,1,"Standard"
"STU003294",2016,3.22889771849926,0,0,"Standard"
"STU003295",2016,2.43225211609589,1,0,"Standard"
"STU003296",2016,2.33594338763015,0,0,"Standard"
"STU003297",2016,1.71440478676466,1,1,"NonCompletion"
"STU003298",2016,2.33940004390366,1,0,"Standard"
"STU003299",2016,2.4820486543358,0,1,"Standard"
"STU003300",2016,3.04633924312364,0,1,"Standard"
"STU003301",2016,2.37984272545327,0,0,"Standard"
"STU003302",2016,2.11402529462702,1,0,"NonCompletion"
"STU003303",2016,2.62256475036084,1,0,"Standard"
"STU003304",2016,2.9327155380042,0,1,"Standard"
"STU003305",2016,2.15708858501897,0,0,"Standard"
"STU003306",2016,2.53948560564458,0,0,"NonCompletion"
"STU003307",2016,3.03953742833589,0,0,"Standard"
"STU003308",2016,3.57972719106107,1,0,"Advanced"
"STU003309",2016,3.12853075702435,1,1,"Standard"
"STU003310",2016,2.4760835523568,1,1,"Standard"
"STU003311",2016,2.36286468404906,0,0,"Standard"
"STU003312",2016,2.16995947532023,1,0,"Standard"
"STU003313",2016,2.8808599452841,1,0,"Standard"
"STU003314",2016,3.31533173705396,0,0,"Standard"
"STU003315",2016,3.28601245997912,1,0,"Standard"
"STU003316",2016,3.0546164758668,1,1,"Standard"
"STU003317",2016,2.57656907780211,1,0,"Standard"
"STU003318",2016,2.43856936051565,0,1,"Standard"
"STU003319",2016,3.02396226837755,1,0,"Standard"
"STU003320",2016,2.55640925015575,1,1,"Standard"
"STU003321",2016,2.25787849963211,0,0,"Standard"
"STU003322",2016,3.53454223633804,0,0,"Advanced"
"STU003323",2016,NA,0,1,"NonCompletion"
"STU003324",2016,2.06605794297048,0,0,"Standard"
"STU003325",2016,2.40792874976358,0,0,"Standard"
"STU003326",2016,3.72255514530285,0,1,"Advanced"
"STU003327",2016,NA,0,1,"NonCompletion"
"STU003328",2016,2.66886511051293,0,0,"NonCompletion"
"STU003329",2016,1.94837445116563,0,0,"Standard"
"STU003330",2016,2.5869673369946,0,0,"Standard"
"STU003331",2016,2.71463417395549,0,1,"Standard"
"STU003332",2016,2.45174189628195,0,0,"Standard"
"STU003333",2016,2.10620989728731,0,0,"Standard"
"STU003334",2016,NA,1,0,"Standard"
"STU003335",2016,3.10748988281014,0,0,"Standard"
"STU003336",2016,2.3980395700323,1,0,"Standard"
"STU003337",2016,3.10999049454112,1,1,"Standard"
"STU003338",2016,1.82368376234233,0,0,"Standard"
"STU003339",2016,1.83510351159742,0,0,"NonCompletion"
"STU003340",2016,3.53163687969884,0,0,"Advanced"
"STU003341",2016,2.10918868040888,1,1,"Standard"
"STU003342",2016,2.81281209035437,0,0,"Standard"
"STU003343",2016,2.89383459174692,1,0,"Standard"
"STU003344",2016,2.29170473214275,1,0,"Standard"
"STU003345",2016,2.88283433629908,1,0,"Standard"
"STU003346",2016,3.37279063047621,0,0,"Standard"
"STU003347",2016,2.51450537088775,1,0,"Standard"
"STU003348",2016,2.31174475959142,1,0,"Standard"
"STU003349",2016,NA,0,1,"NonCompletion"
"STU003350",2016,2.19911639072784,0,0,"Standard"
"STU003351",2016,2.99420170323031,1,0,"Standard"
"STU003352",2016,2.27870843521041,1,0,"Standard"
"STU003353",2016,2.17850162526868,1,0,"Standard"
"STU003354",2016,1.99709250296682,0,0,"NonCompletion"
"STU003355",2016,2.46452669195479,1,0,"Standard"
"STU003356",2016,2.63918641686886,0,0,"Standard"
"STU003357",2016,1.73654162086239,1,0,"Standard"
"STU003358",2016,2.45578233874843,1,0,"Standard"
"STU003359",2016,3.44634921790111,1,0,"Standard"
"STU003360",2016,1.93969136013816,1,0,"NonCompletion"
"STU003361",2016,2.80484539128205,1,0,"Standard"
"STU003362",2016,2.99656687438006,1,0,"Standard"
"STU003363",2016,2.38885170527071,1,0,"Standard"
"STU003364",2016,1.72524106046084,1,0,"Standard"
"STU003365",2016,3.30435786565762,0,0,"Standard"
"STU003366",2016,2.31813446602076,0,1,"Standard"
"STU003367",2016,1.63509996773415,0,0,"Standard"
"STU003368",2016,3.05713718225296,1,1,"Standard"
"STU003369",2016,2.1092930654421,0,0,"Standard"
"STU003370",2016,2.35609491556605,0,0,"NonCompletion"
"STU003371",2016,3.40625254509487,0,1,"Standard"
"STU003372",2016,2.59509007437949,0,0,"Standard"
"STU003373",2016,3.2788211624949,0,0,"Standard"
"STU003374",2016,2.93538609516867,0,0,"Standard"
"STU003375",2016,NA,0,1,"Standard"
"STU003376",2016,3.42515595256691,1,1,"Standard"
"STU003377",2016,2.59523613652654,0,0,"Standard"
"STU003378",2016,2.55786562961803,1,0,"Standard"
"STU003379",2016,3.59850692655618,0,0,"Advanced"
"STU003380",2016,3.48472747883234,0,0,"Standard"
"STU003381",2016,3.6708104888415,0,0,"Advanced"
"STU003382",2016,3.31544521330683,1,0,"Standard"
"STU003383",2016,3.28490980018067,0,0,"Standard"
"STU003384",2016,2.88173888742425,0,0,"Standard"
"STU003385",2016,2.41832496979882,0,0,"Standard"
"STU003386",2016,3.07001737306967,1,0,"Standard"
"STU003387",2016,2.49974576312006,1,0,"Standard"
"STU003388",2016,2.72393966943364,0,0,"Standard"
"STU003389",2016,2.20549173423561,1,1,"NonCompletion"
"STU003390",2016,2.67104945302455,1,0,"Standard"
"STU003391",2016,2.23556592197406,0,0,"Standard"
"STU003392",2016,3.33364588581187,0,0,"Standard"
"STU003393",2016,3.20337217505033,0,0,"Standard"
"STU003394",2016,NA,1,1,"NonCompletion"
"STU003395",2016,2.54241035678948,1,0,"Standard"
"STU003396",2016,2.71555671332357,0,0,"Standard"
"STU003397",2016,2.52534516008965,1,0,"Standard"
"STU003398",2016,3.0024357555009,1,1,"Standard"
"STU003399",2016,2.13542553788548,1,0,"Standard"
"STU003400",2016,3.36039255484364,0,0,"Standard"
"STU003401",2016,2.4989869063679,0,0,"Standard"
"STU003402",2016,1.91641828808226,1,0,"Standard"
"STU003403",2016,2.64174644013324,1,0,"Standard"
"STU003404",2016,3.13279088842306,0,0,"Standard"
"STU003405",2016,2.53377237668611,1,0,"Standard"
"STU003406",2016,2.73126237214203,1,1,"Standard"
"STU003407",2016,2.83923698419476,0,0,"Standard"
"STU003408",2016,2.27642639399857,0,1,"Standard"
"STU003409",2016,2.15526591892757,0,0,"NonCompletion"
"STU003410",2016,1.80308064128408,1,1,"Standard"
"STU003411",2016,2.49896010225529,1,0,"Standard"
"STU003412",2016,2.90148578859106,0,0,"Standard"
"STU003413",2016,2.14960291141128,1,0,"Standard"
"STU003414",2016,2.69539219005629,0,0,"Standard"
"STU003415",2016,2.3095465355806,1,0,"Standard"
"STU003416",2016,2.0957435688347,1,0,"NonCompletion"
"STU003417",2016,2.65482865788623,0,0,"Standard"
"STU003418",2016,2.74484655523088,1,0,"Standard"
"STU003419",2016,2.52567058486322,0,0,"Standard"
"STU003420",2016,2.93202909124402,0,0,"NonCompletion"
"STU003421",2016,3.76010373369026,0,0,"Advanced"
"STU003422",2016,2.69045840975163,0,0,"Standard"
"STU003423",2016,2.48723524295988,0,0,"Standard"
"STU003424",2016,3.38711807985006,0,1,"Standard"
"STU003425",2016,3.21993235952373,0,0,"Standard"
"STU003426",2016,2.59857280615406,1,0,"Standard"
"STU003427",2016,3.72331157695632,0,0,"Advanced"
"STU003428",2016,2.50770460597521,0,0,"Standard"
"STU003429",2016,3.41447655907229,0,0,"Standard"
"STU003430",2016,2.18009716481034,0,0,"Standard"
"STU003431",2016,1.29131258986154,1,0,"Standard"
"STU003432",2016,2.49346733041608,0,0,"Standard"
"STU003433",2016,1.7062835201252,1,0,"NonCompletion"
"STU003434",2016,2.40463896127744,0,0,"Standard"
"STU003435",2016,2.15664633510392,1,0,"Standard"
"STU003436",2016,1.9996095792556,0,0,"Standard"
"STU003437",2016,2.43473398226502,0,0,"Standard"
"STU003438",2016,3.1300045195633,0,0,"Standard"
"STU003439",2016,2.99724832873195,1,1,"Standard"
"STU003440",2016,2.34795315253489,0,0,"NonCompletion"
"STU003441",2016,2.70083174718918,0,0,"Standard"
"STU003442",2016,3.55999306368291,1,1,"Advanced"
"STU003443",2016,2.83213370418353,1,0,"Standard"
"STU003444",2016,2.14410305421857,1,0,"Standard"
"STU003445",2016,2.99711791591227,0,0,"Standard"
"STU003446",2016,2.3070676866902,0,0,"Standard"
"STU003447",2016,3.06492797172218,0,0,"Standard"
"STU003448",2016,2.03670507370019,1,0,"Standard"
"STU003449",2016,2.57191647459386,1,0,"Standard"
"STU003450",2016,2.57267316686999,1,1,"Standard"
"STU003451",2016,2.5489134605713,0,0,"Standard"
"STU003452",2016,2.23842821197692,1,0,"Standard"
"STU003453",2016,2.05486468301713,1,0,"Standard"
"STU003454",2016,2.80329357509795,0,0,"Standard"
"STU003455",2016,2.24792662459044,0,0,"Standard"
"STU003456",2016,2.59460351888188,1,0,"Standard"
"STU003457",2016,3.26976142085851,0,0,"Standard"
"STU003458",2016,2.87710346950616,0,0,"Standard"
"STU003459",2016,2.08486754641533,0,1,"NonCompletion"
"STU003460",2016,2.15615249438499,1,0,"Standard"
"STU003461",2016,2.79082169447639,0,0,"Standard"
"STU003462",2016,2.65343752926273,1,0,"Standard"
"STU003463",2016,2.3958398161443,1,1,"Standard"
"STU003464",2016,2.42513515226335,0,0,"NonCompletion"
"STU003465",2016,2.90658154437783,0,0,"Standard"
"STU003466",2016,1.94455114351925,0,0,"Standard"
"STU003467",2016,2.20591216243767,0,0,"Standard"
"STU003468",2016,3.05588936551275,0,0,"Standard"
"STU003469",2016,3.22930200339286,1,0,"Standard"
"STU003470",2016,2.61995265759298,1,0,"Standard"
"STU003471",2016,3.79746730879938,1,1,"Advanced"
"STU003472",2016,2.2839672973303,0,0,"Standard"
"STU003473",2016,2.26705839145267,1,0,"Standard"
"STU003474",2016,2.85156520019671,1,0,"Standard"
"STU003475",2016,3.40120247938228,1,0,"Standard"
"STU003476",2016,NA,0,0,"Standard"
"STU003477",2016,2.8268519904054,0,0,"Standard"
"STU003478",2016,3.00181727424635,0,0,"Standard"
"STU003479",2016,2.02621187257674,0,0,"Standard"
"STU003480",2016,2.3236469544084,0,1,"Standard"
"STU003481",2016,2.48204241898757,0,0,"Standard"
"STU003482",2016,2.2606144767435,1,0,"Standard"
"STU003483",2016,3.30392910102604,1,0,"Standard"
"STU003484",2016,3.33300418212053,0,1,"Standard"
"STU003485",2016,2.35354275170321,0,0,"Standard"
"STU003486",2016,1.95619500863918,0,1,"Standard"
"STU003487",2016,2.5374919446459,0,0,"Standard"
"STU003488",2016,3.73717259828392,0,0,"Advanced"
"STU003489",2016,2.60603358782,1,0,"Standard"
"STU003490",2016,3.51274221874793,1,1,"Advanced"
"STU003491",2016,2.08379635856268,1,0,"Standard"
"STU003492",2016,3.44014037238526,0,0,"Standard"
"STU003493",2016,2.39277571926459,0,0,"Standard"
"STU003494",2016,2.14166852946479,1,0,"Standard"
"STU003495",2016,3.2814727583408,0,1,"Standard"
"STU003496",2016,3.9112271068481,1,1,"Advanced"
"STU003497",2016,2.47383952124569,1,0,"Standard"
"STU003498",2016,2.5098929089046,1,0,"Standard"
"STU003499",2016,2.56541516663772,0,1,"Standard"
"STU003500",2016,2.85178579845027,0,0,"Standard"
"STU003501",2016,2.40448135575777,0,0,"Standard"
"STU003502",2016,2.45331462395978,1,0,"Standard"
"STU003503",2016,2.1811135468337,0,0,"Standard"
"STU003504",2016,3.70995055412814,0,0,"Advanced"
"STU003505",2016,2.55347844093336,1,0,"Standard"
"STU003506",2016,2.74969231701432,1,0,"Standard"
"STU003507",2016,3.68762293724708,0,0,"Advanced"
"STU003508",2016,3.26766594151071,1,0,"Standard"
"STU003509",2016,2.72517174064488,0,0,"Standard"
"STU003510",2016,1.92464941001805,1,1,"Standard"
"STU003511",2016,2.17820424223231,0,0,"Standard"
"STU003512",2016,3.43255193738864,1,1,"Standard"
"STU003513",2016,2.74336895094099,0,0,"Standard"
"STU003514",2016,2.71526909264511,0,0,"NonCompletion"
"STU003515",2016,3.24111413333065,1,1,"Standard"
"STU003516",2016,2.11827490900258,1,1,"Standard"
"STU003517",2016,2.32163945593484,0,0,"NonCompletion"
"STU003518",2016,3.49477383543877,0,0,"Standard"
"STU003519",2016,2.418535179261,1,0,"Standard"
"STU003520",2016,2.94260183586807,0,0,"Standard"
"STU003521",2016,3.78192956032931,1,1,"Advanced"
"STU003522",2016,2.47700909459921,1,0,"Standard"
"STU003523",2016,2.44980478238447,1,0,"Standard"
"STU003524",2016,2.70166583247232,1,1,"Standard"
"STU003525",2016,1.5634264099175,1,0,"Standard"
"STU003526",2016,2.57058292963027,0,0,"Standard"
"STU003527",2016,1.87473294950079,1,0,"Standard"
"STU003528",2016,3.77138755541552,0,0,"Advanced"
"STU003529",2016,2.34877792223413,0,0,"Standard"
"STU003530",2016,2.4819993365105,0,0,"Standard"
"STU003531",2016,3.2613046398575,0,1,"Standard"
"STU003532",2016,2.48279701770033,1,0,"Standard"
"STU003533",2016,1.94317417426556,0,0,"Standard"
"STU003534",2016,2.62198801877489,0,1,"Standard"
"STU003535",2016,2.46270850061963,0,0,"Standard"
"STU003536",2016,2.20493562481438,0,0,"Standard"
"STU003537",2016,1.93971026641478,1,0,"Standard"
"STU003538",2016,1.47721255739982,1,0,"NonCompletion"
"STU003539",2016,2.48526893098347,1,0,"Standard"
"STU003540",2016,2.09130164242688,0,0,"Standard"
"STU003541",2016,2.30221867268812,1,0,"Standard"
"STU003542",2016,2.57401792256353,0,0,"Standard"
"STU003543",2016,2.92408651555248,1,0,"Standard"
"STU003544",2016,2.44250968554049,0,0,"Standard"
"STU003545",2016,3.05287803536899,1,0,"Standard"
"STU003546",2016,1.61492221014498,1,0,"Standard"
"STU003547",2016,3.33077158128717,0,0,"Standard"
"STU003548",2016,2.52468341657556,0,0,"Standard"
"STU003549",2016,2.57401138514806,0,0,"Standard"
"STU003550",2016,2.8740051320035,0,1,"NonCompletion"
"STU003551",2016,2.281365607087,0,0,"NonCompletion"
"STU003552",2016,1.62054681652925,1,0,"Standard"
"STU003553",2016,3.37268311311016,1,1,"Standard"
"STU003554",2016,3.66792222945406,0,0,"Advanced"
"STU003555",2016,2.44322684985937,1,0,"Standard"
"STU003556",2016,2.25528593454184,0,1,"Standard"
"STU003557",2016,2.59339265954716,1,0,"Standard"
"STU003558",2016,2.8943311025215,0,1,"Standard"
"STU003559",2016,2.40630438923009,1,1,"NonCompletion"
"STU003560",2016,3.92484638865467,0,1,"Advanced"
"STU003561",2016,2.02205053541348,0,0,"Standard"
"STU003562",2016,2.30005514807228,1,1,"NonCompletion"
"STU003563",2016,3.62756626449613,0,1,"Advanced"
"STU003564",2016,3.62734757093926,1,1,"Advanced"
"STU003565",2016,3.1794814115692,1,0,"Standard"
"STU003566",2016,3.4226040918156,0,1,"Standard"
"STU003567",2016,1.90277367950841,1,1,"Standard"
"STU003568",2016,2.53422184646994,1,0,"Standard"
"STU003569",2016,3.00425907539366,1,0,"Standard"
"STU003570",2016,2.57012466527621,1,0,"Standard"
"STU003571",2016,2.89061407016481,0,0,"Standard"
"STU003572",2016,3.75121061192483,0,1,"Advanced"
"STU003573",2016,1.47387820141162,1,0,"Standard"
"STU003574",2016,2.75350466464911,0,0,"Standard"
"STU003575",2016,1.72758712658475,1,0,"Standard"
"STU003576",2016,2.11600265336222,0,0,"Standard"
"STU003577",2016,2.80700453468237,1,1,"Standard"
"STU003578",2016,2.98354417460478,0,0,"Standard"
"STU003579",2016,2.31168181172959,1,0,"Standard"
"STU003580",2016,2.64544345058255,0,0,"NonCompletion"
"STU003581",2016,3.06545956416029,0,1,"Standard"
"STU003582",2016,1.88883206857768,1,0,"NonCompletion"
"STU003583",2016,3.19964327325796,1,1,"Standard"
"STU003584",2016,2.51663507850858,1,0,"Standard"
"STU003585",2016,3.28791079633505,1,0,"Standard"
"STU003586",2016,2.26814653359766,1,0,"Standard"
"STU003587",2016,2.30915376507977,1,0,"Standard"
"STU003588",2016,3.2287738517991,1,1,"Standard"
"STU003589",2016,2.09918712072783,0,0,"NonCompletion"
"STU003590",2016,3.45597125166587,0,0,"Standard"
"STU003591",2016,2.42132297954114,0,0,"Standard"
"STU003592",2016,2.57679575725399,0,0,"Standard"
"STU003593",2016,2.74000271625538,0,1,"Standard"
"STU003594",2016,2.34509479615443,0,0,"Standard"
"STU003595",2016,2.71583064069497,1,0,"Standard"
"STU003596",2016,2.53013890617282,0,0,"Standard"
"STU003597",2016,2.83924470723272,0,0,"Standard"
"STU003598",2016,2.92192169459327,0,1,"Standard"
"STU003599",2016,2.7027611937403,0,0,"Standard"
"STU003600",2016,NA,1,0,"Standard"
"STU003601",2016,2.44088083889556,1,0,"Standard"
"STU003602",2016,2.74502840255248,1,0,"Standard"
"STU003603",2016,2.55287733402404,1,0,"Standard"
"STU003604",2016,3.02014365152382,1,0,"Standard"
"STU003605",2016,2.12175806975693,0,0,"Standard"
"STU003606",2016,2.69709492899964,1,0,"Standard"
"STU003607",2016,2.27367133661552,0,0,"Standard"
"STU003608",2016,3.28414898696558,0,1,"Standard"
"STU003609",2016,NA,0,0,"NonCompletion"
"STU003610",2016,3.53520753535828,1,0,"Advanced"
"STU003611",2016,1.66662119903889,1,0,"NonCompletion"
"STU003612",2016,2.78844079700033,0,1,"Standard"
"STU003613",2016,4,0,1,"Advanced"
"STU003614",2016,2.72643360169206,1,0,"Standard"
"STU003615",2016,2.24541668122822,1,0,"Standard"
"STU003616",2016,2.4486409923483,0,0,"Standard"
"STU003617",2016,2.33644041853537,0,0,"Standard"
"STU003618",2016,2.35041493420365,0,1,"Standard"
"STU003619",2016,3.18971002074386,0,0,"Standard"
"STU003620",2016,2.36112258746876,0,0,"Standard"
"STU003621",2016,2.84852338132915,0,0,"Standard"
"STU003622",2016,2.08542038979575,1,0,"Standard"
"STU003623",2016,3.88846186116534,0,0,"Advanced"
"STU003624",2016,2.8319760327197,0,0,"Standard"
"STU003625",2016,2.84409828554226,0,0,"Standard"
"STU003626",2016,3.01492981314497,0,0,"Standard"
"STU003627",2016,2.46615068653295,0,1,"Standard"
"STU003628",2016,3.50732456967001,0,0,"Advanced"
"STU003629",2016,2.5870524371487,0,0,"Standard"
"STU003630",2016,2.29502273206473,0,0,"Standard"
"STU003631",2016,2.25132108503296,1,0,"Standard"
"STU003632",2016,2.27663116141705,1,0,"Standard"
"STU003633",2016,3.03467640373702,0,0,"Standard"
"STU003634",2016,2.89892307377495,0,0,"Standard"
"STU003635",2016,2.35438187521678,0,0,"Standard"
"STU003636",2016,2.74968678501131,1,1,"Standard"
"STU003637",2016,2.30346312343381,1,0,"Standard"
"STU003638",2016,3.17123868251168,1,1,"Standard"
"STU003639",2016,3.016199384009,0,1,"Standard"
"STU003640",2016,1.60918381859126,1,0,"Standard"
"STU003641",2016,3.27819396216541,1,0,"Standard"
"STU003642",2016,2.10017847570657,0,0,"Standard"
"STU003643",2016,2.0203220534448,1,0,"Standard"
"STU003644",2016,2.31833806427097,1,0,"Standard"
"STU003645",2016,2.64538052325719,0,0,"Standard"
"STU003646",2016,1.95356443428962,0,1,"Standard"
"STU003647",2016,NA,1,1,"Standard"
"STU003648",2016,1.41791728873171,1,0,"Standard"
"STU003649",2016,3.36329152040078,1,0,"Standard"
"STU003650",2016,4,0,1,"Advanced"
"STU003651",2016,2.44211321790901,1,1,"Standard"
"STU003652",2016,3.29870605759721,0,1,"Standard"
"STU003653",2016,2.98171832614189,1,1,"Standard"
"STU003654",2016,2.07504138695793,1,0,"Standard"
"STU003655",2016,2.77912355971345,1,1,"Standard"
"STU003656",2016,2.36790975753031,1,1,"NonCompletion"
"STU003657",2016,3.43315534794736,1,0,"Standard"
"STU003658",2016,2.49363967450738,0,0,"Standard"
"STU003659",2016,3.05127983561951,0,0,"Standard"
"STU003660",2016,1.43793959705687,0,0,"Standard"
"STU003661",2016,2.83395297449005,1,0,"Standard"
"STU003662",2016,2.82505459834255,0,1,"Standard"
"STU003663",2016,2.65173655756405,0,0,"Standard"
"STU003664",2016,2.63648413591323,0,0,"Standard"
"STU003665",2016,3.10570490748068,1,0,"Standard"
"STU003666",2016,2.97146939763984,0,1,"Standard"
"STU003667",2016,3.16380510840258,0,0,"Standard"
"STU003668",2016,2.75842240329578,1,0,"Standard"
"STU003669",2016,2.61558280212819,0,0,"Standard"
"STU003670",2016,2.17351034856355,1,0,"Standard"
"STU003671",2016,2.37380141950761,0,0,"Standard"
"STU003672",2016,1.84524764423717,1,0,"Standard"
"STU003673",2016,3.07873174013203,0,0,"Standard"
"STU003674",2016,2.59511142558717,1,0,"Standard"
"STU003675",2016,2.94442365862619,0,0,"Standard"
"STU003676",2016,3.85532935071897,0,0,"Advanced"
"STU003677",2016,1.87426320872124,0,0,"Standard"
"STU003678",2016,2.87864499368072,1,0,"Standard"
"STU003679",2016,3.09355065024776,0,0,"Standard"
"STU003680",2016,2.98419031266764,0,0,"Standard"
"STU003681",2016,2.83460806848058,0,0,"Standard"
"STU003682",2016,1.63926565872945,0,0,"Standard"
"STU003683",2016,2.90929855994368,0,0,"Standard"
"STU003684",2016,3.2148810093706,1,0,"Standard"
"STU003685",2016,2.71364184527219,1,0,"Standard"
"STU003686",2016,1.63123822251949,1,0,"NonCompletion"
"STU003687",2016,3.07167487423961,0,0,"Standard"
"STU003688",2016,2.04875154969439,0,0,"NonCompletion"
"STU003689",2016,2.62903741663948,1,0,"Standard"
"STU003690",2016,3.33984961232149,0,0,"Standard"
"STU003691",2016,2.32038291170226,1,1,"Standard"
"STU003692",2016,2.36434548870709,0,0,"Standard"
"STU003693",2016,2.39991545065403,1,0,"Standard"
"STU003694",2016,2.90060887339988,0,1,"Standard"
"STU003695",2016,3.12117089640771,0,1,"Standard"
"STU003696",2016,2.48858158069334,1,0,"Standard"
"STU003697",2016,2.55767327099807,1,0,"Standard"
"STU003698",2016,2.6718736213673,1,1,"Standard"
"STU003699",2016,2.85191394506862,0,0,"Standard"
"STU003700",2016,1.95672419598219,0,0,"Standard"
"STU003701",2016,3.65664277635795,0,0,"Advanced"
"STU003702",2016,2.6628351885263,1,0,"Standard"
"STU003703",2016,3.21761906639502,0,0,"Standard"
"STU003704",2016,1.48288025600506,1,0,"Standard"
"STU003705",2016,3.24320417781065,0,0,"Standard"
"STU003706",2016,2.46685714689191,1,0,"Standard"
"STU003707",2016,2.2121396576178,1,0,"Standard"
"STU003708",2016,2.15391267671608,1,0,"Standard"
"STU003709",2016,1.93275573868123,1,0,"Standard"
"STU003710",2016,2.21271736053982,1,0,"NonCompletion"
"STU003711",2016,3.05867664345257,0,1,"Standard"
"STU003712",2016,2.80017134723781,1,0,"Standard"
"STU003713",2016,1.69514327046615,0,0,"NonCompletion"
"STU003714",2016,1.8995286744487,1,0,"Standard"
"STU003715",2016,2.05453067224779,1,0,"Standard"
"STU003716",2016,3.01735429580867,1,1,"Standard"
"STU003717",2016,2.81200261772993,1,0,"Standard"
"STU003718",2016,2.43856100444968,1,0,"Standard"
"STU003719",2016,2.07378329493381,0,0,"Standard"
"STU003720",2016,3.1576780233746,0,0,"Standard"
"STU003721",2016,2.7363236055613,0,0,"Standard"
"STU003722",2016,3.93280675894313,0,0,"Advanced"
"STU003723",2016,2.79969642677576,0,1,"Standard"
"STU003724",2016,NA,1,0,"Standard"
"STU003725",2016,2.51098164680722,1,0,"Standard"
"STU003726",2016,2.85747838284999,1,0,"Standard"
"STU003727",2016,2.93399974700033,0,0,"Standard"
"STU003728",2016,2.80584362156737,0,0,"Standard"
"STU003729",2016,2.20953696591712,0,0,"Standard"
"STU003730",2016,2.60395880607364,0,0,"Standard"
"STU003731",2016,2.44305118659772,1,0,"Standard"
"STU003732",2016,3.13617743269511,0,0,"Standard"
"STU003733",2016,3.89040819171219,0,0,"Advanced"
"STU003734",2016,2.74315656378321,1,0,"Standard"
"STU003735",2016,3.05747452365789,0,0,"Standard"
"STU003736",2016,1.90588879534273,1,0,"Standard"
"STU003737",2016,3.37746387757535,1,0,"Standard"
"STU003738",2016,3.73753749568047,0,1,"Advanced"
"STU003739",2016,3.01814588643656,0,1,"Standard"
"STU003740",2016,2.9838313886401,0,1,"Standard"
"STU003741",2016,3.44644013475765,0,1,"Standard"
"STU003742",2016,3.10699731639402,0,1,"Standard"
"STU003743",2016,2.01974570448167,1,0,"Standard"
"STU003744",2016,2.28724427974298,0,0,"Standard"
"STU003745",2016,3.10821279922343,0,0,"Standard"
"STU003746",2016,2.52864909682413,1,0,"Standard"
"STU003747",2016,2.26827187573015,0,0,"Standard"
"STU003748",2016,2.32535349430089,1,1,"Standard"
"STU003749",2016,2.32849149657316,1,0,"Standard"
"STU003750",2016,2.85280335689957,0,0,"Standard"
"STU003751",2016,2.8983906815078,1,1,"Standard"
"STU003752",2016,2.14350674928727,1,0,"Standard"
"STU003753",2016,2.3920122802539,1,0,"Standard"
"STU003754",2016,2.43572198980417,1,0,"Standard"
"STU003755",2016,2.36631557978548,1,0,"NonCompletion"
"STU003756",2016,3.28173824006599,1,0,"Standard"
"STU003757",2016,1.81519168048521,0,0,"Standard"
"STU003758",2016,2.9910264967219,0,0,"Standard"
"STU003759",2016,2.9398006390648,1,0,"Standard"
"STU003760",2016,2.85573644113382,1,0,"Standard"
"STU003761",2016,2.54280770165006,1,1,"Standard"
"STU003762",2016,2.45683031527916,0,1,"Standard"
"STU003763",2016,3.30326257487607,0,1,"Standard"
"STU003764",2016,3.22001503184941,0,0,"Standard"
"STU003765",2016,3.7621222523577,1,0,"Advanced"
"STU003766",2016,2.54165894859505,0,0,"Standard"
"STU003767",2016,2.06467260192155,0,0,"Standard"
"STU003768",2016,2.93066816975532,0,0,"Standard"
"STU003769",2016,2.64286377102769,0,0,"Standard"
"STU003770",2016,2.22193519982631,1,0,"Standard"
"STU003771",2016,3.41743996646148,0,0,"Standard"
"STU003772",2016,2.52001523733565,0,1,"Standard"
"STU003773",2016,2.81024445743266,1,0,"Standard"
"STU003774",2016,3.25615377625791,0,1,"Standard"
"STU003775",2016,2.88441786853037,0,0,"Standard"
"STU003776",2016,3.18174288026266,0,0,"Standard"
"STU003777",2016,2.96280205320396,1,0,"Standard"
"STU003778",2016,2.8079782277887,0,0,"Standard"
"STU003779",2016,2.63366726038397,0,0,"Standard"
"STU003780",2016,3.17851595702101,1,0,"Standard"
"STU003781",2016,3.45779045799485,0,1,"Standard"
"STU003782",2016,2.39556349268194,0,0,"Standard"
"STU003783",2016,2.21024437950908,0,0,"Standard"
"STU003784",2016,2.81024025316678,1,0,"Standard"
"STU003785",2016,3.16453373554077,0,1,"Standard"
"STU003786",2016,3.17290437590371,0,0,"Standard"
"STU003787",2016,2.79573860878768,1,0,"Standard"
"STU003788",2016,3.56311478674481,0,0,"Advanced"
"STU003789",2016,3.06054842974363,1,1,"Standard"
"STU003790",2016,2.91301333124451,0,1,"Standard"
"STU003791",2016,2.86436799489574,1,1,"Standard"
"STU003792",2016,3.2885882425112,0,0,"Standard"
"STU003793",2016,3.06157494378112,1,0,"Standard"
"STU003794",2016,1.97517966682311,1,0,"Standard"
"STU003795",2016,2.73282372801053,0,0,"Standard"
"STU003796",2016,2.8552211662821,1,0,"Standard"
"STU003797",2016,2.41749967819575,1,0,"Standard"
"STU003798",2016,2.51091435215135,1,1,"Standard"
"STU003799",2016,2.60198267719791,1,0,"Standard"
"STU003800",2016,2.66833609334507,0,0,"Standard"
"STU003801",2016,3.21604309068439,0,0,"Standard"
"STU003802",2016,2.22815265256902,1,0,"Standard"
"STU003803",2016,3.19230470258722,0,0,"Standard"
"STU003804",2016,3.33289207155889,1,0,"Standard"
"STU003805",2016,2.40976547149275,0,0,"Standard"
"STU003806",2016,3.44177275210718,0,1,"Standard"
"STU003807",2016,2.56344960929448,1,0,"Standard"
"STU003808",2016,1.29747713027437,0,0,"Standard"
"STU003809",2016,2.54907394186581,1,0,"Standard"
"STU003810",2016,3.21734847731113,1,0,"Standard"
"STU003811",2016,2.76592446426846,0,1,"Standard"
"STU003812",2016,1.78483029912664,0,0,"NonCompletion"
"STU003813",2016,2.72711599043707,1,1,"Standard"
"STU003814",2016,2.5007254342489,1,0,"Standard"
"STU003815",2016,1.4755819053956,0,0,"NonCompletion"
"STU003816",2016,2.59411843456634,0,0,"Standard"
"STU003817",2016,3.84093134651688,0,0,"Advanced"
"STU003818",2016,2.93041706641055,0,0,"Standard"
"STU003819",2016,2.65078413069249,0,1,"Standard"
"STU003820",2016,1.9024583769562,0,0,"Standard"
"STU003821",2016,2.07697959582147,0,0,"NonCompletion"
"STU003822",2016,2.95985771909601,1,0,"Standard"
"STU003823",2016,2.43741457629151,1,1,"Standard"
"STU003824",2016,1.83486273751539,0,0,"Standard"
"STU003825",2016,3.71337943740383,1,1,"Advanced"
"STU003826",2016,2.19626510576083,0,0,"Standard"
"STU003827",2016,1.49883922769,0,0,"NonCompletion"
"STU003828",2016,2.80806101929985,1,0,"Standard"
"STU003829",2016,2.26529382094191,1,0,"Standard"
"STU003830",2016,2.75542892323187,1,0,"Standard"
"STU003831",2016,3.37393678908725,0,1,"Standard"
"STU003832",2016,3.86385324212706,0,0,"Advanced"
"STU003833",2016,2.12193912794331,0,0,"Standard"
"STU003834",2016,2.84391057602167,1,0,"Standard"
"STU003835",2016,1.90913292277051,0,0,"Standard"
"STU003836",2016,2.28794348628664,0,0,"Standard"
"STU003837",2016,3.20729144394778,0,0,"Standard"
"STU003838",2016,2.82471683721589,0,0,"Standard"
"STU003839",2016,1.92371881654919,0,0,"Standard"
"STU003840",2016,3.23994112226021,0,0,"Standard"
"STU003841",2016,2.95156962532777,0,0,"Standard"
"STU003842",2016,2.73505982756247,1,0,"Standard"
"STU003843",2016,3.50229869366987,1,0,"Advanced"
"STU003844",2016,2.72987989429329,0,0,"Standard"
"STU003845",2016,3.0012851242132,0,0,"Standard"
"STU003846",2016,2.40113961703482,1,1,"Standard"
"STU003847",2016,3.1659907088516,1,0,"Standard"
"STU003848",2016,1.61631251851206,1,0,"Standard"
"STU003849",2016,2.67375797018774,0,0,"Standard"
"STU003850",2016,2.45704718086331,1,0,"NonCompletion"
"STU003851",2016,1.66988527192728,0,0,"Standard"
"STU003852",2016,3.04282060741669,1,0,"Standard"
"STU003853",2016,4,0,1,"Advanced"
"STU003854",2016,2.29702783101588,1,0,"Standard"
"STU003855",2016,3.0141871666408,1,1,"NonCompletion"
"STU003856",2016,3.44612745221111,0,1,"Standard"
"STU003857",2016,2.74085064437204,1,0,"Standard"
"STU003858",2016,1.68315148038861,1,0,"NonCompletion"
"STU003859",2016,3.07201325541826,1,0,"Standard"
"STU003860",2016,2.83727723037901,0,0,"Standard"
"STU003861",2016,1.91302621133491,1,0,"NonCompletion"
"STU003862",2016,1.77609222548246,1,1,"Standard"
"STU003863",2016,2.54961985660693,0,0,"NonCompletion"
"STU003864",2016,2.04182898334333,1,0,"Standard"
"STU003865",2016,1.51180437514402,0,0,"Standard"
"STU003866",2016,1.5907755847364,1,0,"Standard"
"STU003867",2016,3.37187953758769,0,0,"Standard"
"STU003868",2016,2.34446542051633,0,0,"Standard"
"STU003869",2016,2.99023270418195,0,0,"Standard"
"STU003870",2016,2.98413427679567,1,0,"Standard"
"STU003871",2016,3.07072063634936,0,0,"Standard"
"STU003872",2016,3.03808592387458,1,1,"Standard"
"STU003873",2016,2.17042195499033,1,0,"Standard"
"STU003874",2016,2.68106849951574,1,0,"Standard"
"STU003875",2016,2.84610505195431,0,0,"Standard"
"STU003876",2016,3.2454901454576,0,0,"Standard"
"STU003877",2016,2.55292715783284,0,0,"Standard"
"STU003878",2016,3.11034526285101,0,1,"Standard"
"STU003879",2016,3.73544101122098,0,1,"Advanced"
"STU003880",2016,3.17768349944009,1,0,"Standard"
"STU003881",2016,3.50362522399507,1,0,"Advanced"
"STU003882",2016,2.74921980547108,0,0,"Standard"
"STU003883",2016,2.44082155894281,1,0,"Standard"
"STU003884",2016,2.74114622119333,1,0,"Standard"
"STU003885",2016,3.39598570693912,0,1,"Standard"
"STU003886",2016,2.60229979727674,0,0,"Standard"
"STU003887",2016,1.87549171191362,1,0,"Standard"
"STU003888",2016,2.37904680898442,0,0,"Standard"
"STU003889",2016,2.87141215724289,0,0,"Standard"
"STU003890",2016,2.759832101219,1,0,"Standard"
"STU003891",2016,2.36515958088387,1,0,"NonCompletion"
"STU003892",2016,2.40264433223527,0,1,"Standard"
"STU003893",2016,2.88982423667553,0,0,"Standard"
"STU003894",2016,2.93130967088388,0,1,"Standard"
"STU003895",2016,2.8735188878725,0,1,"Standard"
"STU003896",2016,2.00133937973853,0,0,"Standard"
"STU003897",2016,3.08336518457127,0,0,"Standard"
"STU003898",2016,1.40481123848815,1,0,"Standard"
"STU003899",2016,2.89655868396051,0,0,"Standard"
"STU003900",2016,2.64624553999935,1,0,"Standard"
"STU003901",2016,2.69208062073781,1,0,"Standard"
"STU003902",2016,2.8583642299035,0,0,"Standard"
"STU003903",2016,3.94833901003428,0,0,"Advanced"
"STU003904",2016,3.56288900334594,0,1,"Advanced"
"STU003905",2016,2.76589772756614,1,0,"Standard"
"STU003906",2016,3.3083157205,0,1,"Standard"
"STU003907",2016,3.59806462608919,1,0,"Advanced"
"STU003908",2016,2.00949143426409,1,0,"Standard"
"STU003909",2016,2.41325102590111,1,0,"Standard"
"STU003910",2016,3.14577361729224,0,0,"Standard"
"STU003911",2016,2.6472518441371,1,1,"Standard"
"STU003912",2016,3.27035236760939,0,0,"Standard"
"STU003913",2016,1.98697029906944,0,1,"Standard"
"STU003914",2016,3.63465086807856,0,1,"Advanced"
"STU003915",2016,2.98994886792723,0,0,"Standard"
"STU003916",2016,2.06752484799284,1,1,"Standard"
"STU003917",2016,2.80391769159914,1,1,"Standard"
"STU003918",2016,3.08111728444558,1,1,"Standard"
"STU003919",2016,2.4379829884297,0,0,"Standard"
"STU003920",2016,3.29592865745336,1,0,"Standard"
"STU003921",2016,2.5362825116598,0,0,"Standard"
"STU003922",2016,2.7342596190926,0,0,"Standard"
"STU003923",2016,3.60519953990529,0,0,"Advanced"
"STU003924",2016,3.56700229660715,1,1,"Advanced"
"STU003925",2016,2.91633459146616,1,0,"Standard"
"STU003926",2016,3.53626489965502,0,1,"Advanced"
"STU003927",2016,1.96326621797407,1,0,"Standard"
"STU003928",2016,2.06650568162597,1,0,"NonCompletion"
"STU003929",2016,2.23037720030484,0,0,"Standard"
"STU003930",2016,3.67169232726547,0,1,"Advanced"
"STU003931",2016,3.30918355206001,1,0,"Standard"
"STU003932",2016,2.50512220372848,0,1,"Standard"
"STU003933",2016,1.9001312472249,1,0,"NonCompletion"
"STU003934",2016,3.0580118826653,0,1,"Standard"
"STU003935",2016,2.24485966587462,0,0,"Standard"
"STU003936",2016,2.02351604795167,0,0,"Standard"
"STU003937",2016,2.36857042351892,1,0,"Standard"
"STU003938",2016,2.57785629418014,1,0,"Standard"
"STU003939",2016,3.61595575580017,0,0,"Advanced"
"STU003940",2016,2.46622140357948,0,1,"Standard"
"STU003941",2016,2.657445818587,0,1,"Standard"
"STU003942",2016,3.62272958882059,1,1,"Advanced"
"STU003943",2016,2.02241325702486,1,0,"Standard"
"STU003944",2016,3.33332548365327,0,0,"Standard"
"STU003945",2016,3.61093673525373,0,0,"Advanced"
"STU003946",2016,2.51424681304468,1,0,"Standard"
"STU003947",2016,2.95469125466406,1,0,"Standard"
"STU003948",2016,3.62720094326659,1,1,"Advanced"
"STU003949",2016,2.92701204680784,1,0,"Standard"
"STU003950",2016,3.5554345894909,0,0,"Advanced"
"STU003951",2016,3.22915214246918,1,1,"Standard"
"STU003952",2016,3.00782115649979,0,0,"Standard"
"STU003953",2016,2.6561795546113,0,0,"Standard"
"STU003954",2016,3.71993439464474,0,1,"Advanced"
"STU003955",2016,2.8832564385127,0,0,"Standard"
"STU003956",2016,3.30064603265989,0,0,"Standard"
"STU003957",2016,2.8102635887809,1,0,"Standard"
"STU003958",2016,2.56378109249554,0,0,"Standard"
"STU003959",2016,2.56616652201488,0,0,"Standard"
"STU003960",2016,2.42744828437663,1,0,"Standard"
"STU003961",2016,2.69500963596377,0,0,"Standard"
"STU003962",2016,2.60063894643369,1,0,"Standard"
"STU003963",2016,3.60455043378841,1,1,"Advanced"
"STU003964",2016,2.89291644388803,0,1,"Standard"
"STU003965",2016,2.19327735317207,0,0,"Standard"
"STU003966",2016,3.39557009310143,0,0,"Standard"
"STU003967",2016,3.29124601294433,0,0,"Standard"
"STU003968",2016,2.71900041614204,0,0,"Standard"
"STU003969",2016,2.30664971214386,1,0,"Standard"
"STU003970",2016,2.13439874591969,1,0,"Standard"
"STU003971",2016,NA,0,0,"NonCompletion"
"STU003972",2016,2.87583977189522,1,0,"Standard"
"STU003973",2016,3.09373762547996,0,0,"Standard"
"STU003974",2016,2.26266040536274,1,0,"Standard"
"STU003975",2016,3.06890289882129,0,0,"Standard"
"STU003976",2016,2.80512556961605,1,1,"Standard"
"STU003977",2016,3.05763803272458,1,0,"Standard"
"STU003978",2016,3.22203845353418,1,0,"Standard"
"STU003979",2016,2.72699091394044,0,0,"Standard"
"STU003980",2016,2.95106522897931,0,0,"Standard"
"STU003981",2016,2.42219820883438,0,0,"Standard"
"STU003982",2016,2.52747867059091,0,1,"Standard"
"STU003983",2016,2.55880360958413,0,0,"Standard"
"STU003984",2016,2.41879313912557,0,0,"Standard"
"STU003985",2016,2.52480039971461,0,0,"Standard"
"STU003986",2016,2.99046903818849,1,0,"Standard"
"STU003987",2016,3.23854814995062,0,0,"Standard"
"STU003988",2016,2.32705241599781,0,0,"Standard"
"STU003989",2016,1.94539487295911,1,0,"Standard"
"STU003990",2016,2.22675570400402,1,0,"Standard"
"STU003991",2016,2.97927142632536,0,0,"Standard"
"STU003992",2016,2.83640153964334,1,0,"Standard"
"STU003993",2016,NA,1,0,"NonCompletion"
"STU003994",2016,1.79271111069003,1,0,"Standard"
"STU003995",2016,3.7369179994762,1,0,"Advanced"
"STU003996",2016,3.51926044707845,1,1,"Advanced"
"STU003997",2016,3.51801750740569,0,1,"Advanced"
"STU003998",2016,2.62280304101976,0,1,"Standard"
"STU003999",2016,2.48383101616419,1,0,"Standard"
"STU004000",2016,1.734139677249,0,0,"Standard"
"STU004001",2016,2.43289485051951,0,1,"Standard"
"STU004002",2016,2.62226824110417,1,0,"Standard"
"STU004003",2016,3.43320321185287,0,1,"Standard"
"STU004004",2016,1.57107068790482,1,0,"Standard"
"STU004005",2016,2.38486422479371,0,0,"Standard"
"STU004006",2016,2.36671690050088,0,0,"Standard"
"STU004007",2016,2.24675229381632,0,0,"Standard"
"STU004008",2016,2.6881012289491,1,0,"Standard"
"STU004009",2016,2.97242576841362,0,0,"Standard"
"STU004010",2016,2.94662991647378,1,0,"Standard"
"STU004011",2016,2.19001735035132,1,1,"NonCompletion"
"STU004012",2016,2.79866996419936,1,0,"Standard"
"STU004013",2016,2.39920897601592,1,0,"Standard"
"STU004014",2016,2.14358078398004,1,0,"Standard"
"STU004015",2016,3.24896900013949,1,0,"Standard"
"STU004016",2016,3.09271922663943,1,0,"Standard"
"STU004017",2016,3.5137031277019,0,0,"Advanced"
"STU004018",2016,2.2678016793349,1,0,"Standard"
"STU004019",2016,3.10665130655321,0,0,"Standard"
"STU004020",2016,3.32743976174309,0,0,"Standard"
"STU004021",2016,2.99953935832724,1,0,"Standard"
"STU004022",2016,2.37402682547665,0,0,"Standard"
"STU004023",2016,2.22727777190689,0,0,"Standard"
"STU004024",2016,1.93605204429706,0,0,"NonCompletion"
"STU004025",2016,2.63012376616047,1,0,"Standard"
"STU004026",2016,2.02055446867856,0,0,"Standard"
"STU004027",2016,3.86421156192522,0,0,"Advanced"
"STU004028",2016,1.71815256493686,0,0,"Standard"
"STU004029",2016,3.44518966292995,0,0,"Standard"
"STU004030",2016,2.53353057369955,0,0,"Standard"
"STU004031",2016,2.70329146767438,1,0,"Standard"
"STU004032",2016,3.5477728849047,0,0,"Advanced"
"STU004033",2016,2.03254397838263,0,0,"Standard"
"STU004034",2016,3.89346971950956,0,1,"Advanced"
"STU004035",2016,2.99813098605579,0,0,"Standard"
"STU004036",2016,1.96079573515612,0,0,"NonCompletion"
"STU004037",2016,1.800132570594,0,0,"NonCompletion"
"STU004038",2016,2.02357107090432,0,0,"Standard"
"STU004039",2016,2.11267117107505,0,0,"Standard"
"STU004040",2016,3.25106501069417,1,0,"Standard"
"STU004041",2016,1.92708317116651,0,1,"NonCompletion"
"STU004042",2016,1.90641473018938,0,1,"Standard"
"STU004043",2016,3.02220973529997,0,1,"Standard"
"STU004044",2016,2.8101740093507,0,1,"Standard"
"STU004045",2016,2.1781009699306,0,0,"Standard"
"STU004046",2016,3.00041587851313,0,0,"Standard"
"STU004047",2016,2.66723213095563,1,0,"Standard"
"STU004048",2016,1.98874995125845,1,0,"Standard"
"STU004049",2016,2.66065698371084,1,0,"Standard"
"STU004050",2016,3.73938520690173,0,0,"Advanced"
"STU004051",2016,2.20976248374671,0,0,"Standard"
"STU004052",2016,2.40523760190931,0,0,"Standard"
"STU004053",2016,2.95348757950937,1,1,"Standard"
"STU004054",2016,2.56018705342898,0,1,"Standard"
"STU004055",2016,2.7394792347132,0,0,"Standard"
"STU004056",2016,3.85369395638661,0,0,"Advanced"
"STU004057",2016,4,0,1,"Advanced"
"STU004058",2016,2.29815997592901,1,0,"NonCompletion"
"STU004059",2016,3.60388322360845,1,0,"Advanced"
"STU004060",2016,2.44809855068806,0,0,"Standard"
"STU004061",2016,3.17839218391682,1,1,"Standard"
"STU004062",2016,1.69093166400507,1,1,"NonCompletion"
"STU004063",2016,3.07092592984142,0,1,"Standard"
"STU004064",2016,3.58231747494673,0,1,"Advanced"
"STU004065",2016,3.02401027793474,0,0,"Standard"
"STU004066",2016,2.71585430845619,0,0,"Standard"
"STU004067",2016,2.86506317155317,0,1,"Standard"
"STU004068",2016,3.05262703650443,0,1,"Standard"
"STU004069",2016,2.33407045283521,1,0,"Standard"
"STU004070",2016,1.9672273769414,1,0,"Standard"
"STU004071",2016,2.62762119449535,0,0,"Standard"
"STU004072",2016,3.57352446469824,0,0,"Advanced"
"STU004073",2016,2.22561884989434,1,0,"NonCompletion"
"STU004074",2016,3.32775453429615,1,1,"Standard"
"STU004075",2016,2.82836720610744,0,0,"Standard"
"STU004076",2016,2.96812149137856,1,1,"Standard"
"STU004077",2016,1.9663889902715,0,1,"Standard"
"STU004078",2016,2.35830653269892,0,0,"Standard"
"STU004079",2016,2.57670776406069,1,0,"Standard"
"STU004080",2016,2.26583206760184,1,1,"Standard"
"STU004081",2016,1.77806792115799,1,0,"Standard"
"STU004082",2016,3.54968219832531,0,1,"Advanced"
"STU004083",2016,2.91343819085277,0,0,"Standard"
"STU004084",2016,2.44772428090244,0,0,"Standard"
"STU004085",2016,2.60451522776415,0,0,"Standard"
"STU004086",2016,2.32256367450867,0,0,"NonCompletion"
"STU004087",2016,3.09456251463588,0,1,"Standard"
"STU004088",2016,2.42757925783938,1,0,"Standard"
"STU004089",2016,3.00000419505681,0,0,"Standard"
"STU004090",2016,3.10470363871136,1,1,"Standard"
"STU004091",2016,3.53543522925141,0,1,"Advanced"
"STU004092",2016,2.67864567236549,1,0,"Standard"
"STU004093",2016,1.9762799531501,1,0,"Standard"
"STU004094",2016,2.09673535188475,0,0,"NonCompletion"
"STU004095",2016,3.65475065826042,0,0,"Advanced"
"STU004096",2016,2.97491565074882,1,0,"Standard"
"STU004097",2016,2.83809631569902,0,0,"Standard"
"STU004098",2016,3.10865451795032,1,0,"Standard"
"STU004099",2016,2.24272144860941,0,0,"Standard"
"STU004100",2016,2.74050127325886,1,0,"Standard"
"STU004101",2016,3.08360784669551,0,1,"Standard"
"STU004102",2016,3.5861616413753,0,0,"Advanced"
"STU004103",2016,3.40787858959582,1,0,"Standard"
"STU004104",2016,3.12587932834731,0,1,"Standard"
"STU004105",2016,2.30498846785785,1,1,"Standard"
"STU004106",2016,2.61420622051379,0,0,"Standard"
"STU004107",2016,3.34415955903336,0,0,"Standard"
"STU004108",2016,2.44122679647339,0,0,"NonCompletion"
"STU004109",2016,1.86004648373734,1,0,"Standard"
"STU004110",2016,2.67497420705538,0,0,"Standard"
"STU004111",2016,2.99428546306688,0,0,"Standard"
"STU004112",2016,3.03105140789298,0,1,"Standard"
"STU004113",2016,2.85253951309026,0,0,"Standard"
"STU004114",2016,3.11593864415309,1,0,"Standard"
"STU004115",2016,1.97038835820702,1,0,"NonCompletion"
"STU004116",2016,3.47982244858246,0,0,"Standard"
"STU004117",2016,2.59071224679089,0,0,"Standard"
"STU004118",2016,2.7814124084797,1,0,"Standard"
"STU004119",2016,2.08115000843469,0,0,"Standard"
"STU004120",2016,2.07214244829493,0,0,"Standard"
"STU004121",2016,2.30721564299112,1,0,"Standard"
"STU004122",2016,2.39691022026668,1,1,"Standard"
"STU004123",2016,3.09088803137451,0,0,"Standard"
"STU004124",2016,3.02138286774002,1,0,"Standard"
"STU004125",2016,3.14244724246753,1,0,"Standard"
"STU004126",2016,2.36874479801905,0,0,"Standard"
"STU004127",2016,3.01399764264421,1,0,"Standard"
"STU004128",2016,3.83049112380155,0,1,"Advanced"
"STU004129",2016,2.053505414437,1,0,"Standard"
"STU004130",2016,2.11236824359089,0,0,"Standard"
"STU004131",2016,2.37949043343418,0,0,"Standard"
"STU004132",2016,2.94295817138385,1,0,"Standard"
"STU004133",2016,3.37358424454228,0,0,"Standard"
"STU004134",2016,2.83822474636806,1,0,"Standard"
"STU004135",2016,2.43460230900252,0,0,"Standard"
"STU004136",2016,2.22005718402682,0,0,"Standard"
"STU004137",2016,2.93556351564714,0,0,"Standard"
"STU004138",2016,3.19810021543619,1,0,"Standard"
"STU004139",2016,2.68195662295249,0,0,"Standard"
"STU004140",2016,2.79015870530663,0,0,"Standard"
"STU004141",2016,2.52045754465942,0,0,"Standard"
"STU004142",2016,3.61550793351536,0,1,"Advanced"
"STU004143",2016,3.21585529180353,1,0,"Standard"
"STU004144",2016,2.76700034244927,1,0,"Standard"
"STU004145",2016,3.73023340247481,0,0,"Advanced"
"STU004146",2016,3.69075692593783,0,0,"Advanced"
"STU004147",2016,2.66843386975174,1,1,"NonCompletion"
"STU004148",2016,2.31500630954455,1,1,"Standard"
"STU004149",2016,2.65977475417288,0,0,"Standard"
"STU004150",2016,2.92502603180706,1,0,"Standard"
"STU004151",2016,1.86637955910951,0,1,"NonCompletion"
"STU004152",2016,2.70075474714108,1,0,"Standard"
"STU004153",2016,3.20819896869837,0,0,"Standard"
"STU004154",2016,2.68596299124172,1,0,"Standard"
"STU004155",2016,2.71694370271887,0,0,"Standard"
"STU004156",2016,2.36819587678041,0,0,"Standard"
"STU004157",2016,1.99332708425293,0,0,"NonCompletion"
"STU004158",2016,NA,1,0,"Standard"
"STU004159",2016,2.28903559575056,0,0,"Standard"
"STU004160",2016,3.27644846925385,0,0,"Standard"
"STU004161",2016,2.91608923114197,1,1,"Standard"
"STU004162",2016,3.6176697060394,0,1,"Advanced"
"STU004163",2016,2.11444317489763,1,0,"Standard"
"STU004164",2016,3.02270009618576,0,0,"Standard"
"STU004165",2016,2.45023471338303,0,0,"Standard"
"STU004166",2016,2.46497727756707,1,1,"Standard"
"STU004167",2016,1.91524108207422,1,0,"Standard"
"STU004168",2016,2.95006610265047,0,0,"Standard"
"STU004169",2016,2.300014004363,1,0,"Standard"
"STU004170",2016,2.82161173965454,0,0,"Standard"
"STU004171",2016,2.59061435486433,1,0,"Standard"
"STU004172",2016,1.97768499531638,1,0,"Standard"
"STU004173",2016,2.14651653189573,0,0,"Standard"
"STU004174",2016,2.87183508111493,0,0,"Standard"
"STU004175",2016,2.31492529456203,1,0,"Standard"
"STU004176",2016,1.34278546149591,1,0,"Standard"
"STU004177",2016,3.06956884226202,0,0,"Standard"
"STU004178",2016,3.42436434083385,0,0,"Standard"
"STU004179",2016,3.29961622640985,1,0,"Standard"
"STU004180",2016,2.38832079511043,1,0,"Standard"
"STU004181",2016,3.26272678817359,0,1,"Standard"
"STU004182",2016,3.62484266585751,0,0,"Advanced"
"STU004183",2016,2.13741237110517,0,1,"Standard"
"STU004184",2016,2.25251376353314,1,1,"Standard"
"STU004185",2016,3.56861562856088,1,1,"Advanced"
"STU004186",2016,2.88791183333004,0,0,"Standard"
"STU004187",2016,1.99216786895804,1,0,"Standard"
"STU004188",2016,3.19692245857012,1,1,"Standard"
"STU004189",2016,2.54796611414652,0,0,"Standard"
"STU004190",2016,3.18841540313706,0,0,"Standard"
"STU004191",2016,1.56714031360919,1,0,"Standard"
"STU004192",2016,2.83227740512803,0,0,"Standard"
"STU004193",2016,3.86980344130712,1,1,"Advanced"
"STU004194",2016,2.52074814108,0,1,"NonCompletion"
"STU004195",2016,2.78251877756878,0,0,"Standard"
"STU004196",2016,2.8312530954781,0,0,"Standard"
"STU004197",2016,3.80911222832437,0,0,"Advanced"
"STU004198",2016,1.70809937649833,0,0,"Standard"
"STU004199",2016,3.67173877457272,0,0,"Advanced"
"STU004200",2016,2.74571464819753,0,0,"Standard"
"STU004201",2016,2.80784155605291,0,0,"NonCompletion"
"STU004202",2016,NA,0,0,"Standard"
"STU004203",2016,3.26686347119516,0,0,"Standard"
"STU004204",2016,2.82112878372752,0,0,"Standard"
"STU004205",2016,2.3526129948453,1,0,"Standard"
"STU004206",2016,2.19696375398155,1,0,"Standard"
"STU004207",2016,2.3615991442519,1,0,"Standard"
"STU004208",2016,3.18944248553718,1,0,"Standard"
"STU004209",2016,2.21574341164273,0,0,"Standard"
"STU004210",2016,2.8678469856405,0,1,"Standard"
"STU004211",2016,2.26977329185097,1,1,"Standard"
"STU004212",2016,3.05193219895142,0,0,"Standard"
"STU004213",2016,2.95523354145961,0,1,"Standard"
"STU004214",2016,2.86779620850459,0,1,"Standard"
"STU004215",2016,NA,1,1,"NonCompletion"
"STU004216",2016,2.74872051140788,0,0,"Standard"
"STU004217",2016,2.72387105634569,0,0,"Standard"
"STU004218",2016,3.04050913324661,0,0,"NonCompletion"
"STU004219",2016,3.23377242878896,0,1,"Standard"
"STU004220",2016,3.70490534172172,0,1,"Advanced"
"STU004221",2016,2.55776986685052,1,0,"Standard"
"STU004222",2016,2.47603426096058,0,0,"Standard"
"STU004223",2016,2.38851396665267,0,0,"Standard"
"STU004224",2016,2.52147175828283,0,0,"Standard"
"STU004225",2016,2.82352236035669,1,0,"Standard"
"STU004226",2016,2.93434594806875,1,0,"Standard"
"STU004227",2016,2.89390702628564,0,0,"Standard"
"STU004228",2016,2.77647400702699,1,0,"Standard"
"STU004229",2016,2.48718019765611,0,0,"Standard"
"STU004230",2016,2.47243605708684,1,0,"Standard"
"STU004231",2016,NA,0,0,"Standard"
"STU004232",2016,NA,1,0,"NonCompletion"
"STU004233",2016,3.04913432004623,0,0,"NonCompletion"
"STU004234",2016,3.51062912769753,0,0,"Advanced"
"STU004235",2016,2.65220657116791,1,0,"Standard"
"STU004236",2016,1.80453538144503,0,1,"Standard"
"STU004237",2016,2.40597317959778,1,0,"Standard"
"STU004238",2016,2.75973612498891,0,0,"Standard"
"STU004239",2016,2.86586923166375,1,0,"Standard"
"STU004240",2016,2.2039726847237,0,0,"Standard"
"STU004241",2016,3.39915353349536,0,0,"Standard"
"STU004242",2016,3.67029548371778,0,1,"Advanced"
"STU004243",2016,2.60347782224049,1,0,"Standard"
"STU004244",2016,2.74173636249764,1,1,"Standard"
"STU004245",2016,3.0165715252598,1,1,"Standard"
"STU004246",2016,3.24192695323033,0,0,"Standard"
"STU004247",2016,2.18407867026834,1,0,"Standard"
"STU004248",2016,1.90467210921943,0,0,"Standard"
"STU004249",2016,3.33359216167751,0,0,"Standard"
"STU004250",2016,2.24653897710897,1,0,"Standard"
"STU004251",2016,2.31358506024361,0,0,"NonCompletion"
"STU004252",2016,2.45346614705417,0,1,"Standard"
"STU004253",2016,2.44548575186397,0,0,"Standard"
"STU004254",2016,2.43335169940741,0,0,"Standard"
"STU004255",2016,2.91226931418827,0,0,"Standard"
"STU004256",2016,2.00934524751384,0,0,"Standard"
"STU004257",2016,2.16460562522822,0,0,"Standard"
"STU004258",2016,3.2273755738764,0,1,"Standard"
"STU004259",2016,3.81579755072867,0,0,"Advanced"
"STU004260",2016,2.9273905522419,0,1,"Standard"
"STU004261",2016,3.05272789202187,0,0,"Standard"
"STU004262",2016,1.99724265527714,1,0,"Standard"
"STU004263",2016,1.91086273200859,0,1,"Standard"
"STU004264",2016,3.27165352524393,1,0,"Standard"
"STU004265",2016,1.85255258643476,1,0,"Standard"
"STU004266",2016,3.21738037565185,1,0,"Standard"
"STU004267",2016,2.05026223219756,1,0,"Standard"
"STU004268",2016,2.29583973919179,1,0,"Standard"
"STU004269",2016,3.75936740584875,0,1,"Advanced"
"STU004270",2016,2.87092538132454,0,0,"Standard"
"STU004271",2016,3.37053000606989,1,1,"Standard"
"STU004272",2016,2.71701020542188,0,0,"Standard"
"STU004273",2016,2.2399614161159,0,0,"Standard"
"STU004274",2016,3.98616332894722,0,0,"Advanced"
"STU004275",2016,2.28218399397399,0,0,"Standard"
"STU004276",2016,3.14105358255376,0,1,"Standard"
"STU004277",2016,2.31900683065217,1,0,"Standard"
"STU004278",2016,3.08114105607177,0,0,"Standard"
"STU004279",2016,2.6109650359806,1,0,"Standard"
"STU004280",2016,2.78820636517009,1,1,"Standard"
"STU004281",2016,1.64392178104124,1,0,"Standard"
"STU004282",2016,2.53166833138901,0,0,"Standard"
"STU004283",2016,2.69040558281591,1,0,"Standard"
"STU004284",2016,NA,0,1,"Standard"
"STU004285",2016,2.63648616233682,0,1,"Standard"
"STU004286",2016,3.44230947715506,1,1,"Standard"
"STU004287",2016,2.9940941662952,1,0,"Standard"
"STU004288",2016,2.38396021691765,0,1,"Standard"
"STU004289",2016,3.39102358024529,1,0,"Standard"
"STU004290",2016,1.96455763071597,1,0,"Standard"
"STU004291",2016,2.84625527111934,0,0,"Standard"
"STU004292",2016,2.64321119320308,1,0,"Standard"
"STU004293",2016,2.5171743169102,0,1,"Standard"
"STU004294",2016,2.5949613090906,1,1,"Standard"
"STU004295",2016,2.53081356908369,0,0,"NonCompletion"
"STU004296",2016,3.01597138545297,1,0,"Standard"
"STU004297",2016,2.68668385583441,1,0,"Standard"
"STU004298",2016,1.42065580444007,1,0,"Standard"
"STU004299",2016,1.96539299868808,0,0,"NonCompletion"
"STU004300",2016,2.79390677405242,0,0,"Standard"
"STU004301",2016,2.44177516515225,1,0,"NonCompletion"
"STU004302",2016,3.01698736066055,0,0,"Standard"
"STU004303",2016,1.64264567007936,0,0,"Standard"
"STU004304",2016,2.39085163708068,1,0,"Standard"
"STU004305",2016,2.65676206696882,0,0,"Standard"
"STU004306",2016,1.68985661849355,1,0,"NonCompletion"
"STU004307",2016,3.03105729142012,0,0,"Standard"
"STU004308",2016,2.35722820750662,1,0,"Standard"
"STU004309",2016,2.73842398834734,0,0,"Standard"
"STU004310",2016,2.77256202016187,0,0,"Standard"
"STU004311",2016,3.01340353144103,0,0,"Standard"
"STU004312",2016,2.52486754062195,0,1,"Standard"
"STU004313",2016,NA,0,0,"Standard"
"STU004314",2016,2.05141108124688,0,0,"Standard"
"STU004315",2016,1.8722927021559,1,0,"Standard"
"STU004316",2016,1.87677745690081,1,0,"Standard"
"STU004317",2016,2.2542839474811,0,0,"Standard"
"STU004318",2016,2.80218682694789,0,0,"Standard"
"STU004319",2016,3.09716067517714,0,1,"Standard"
"STU004320",2016,3.08567089110728,1,0,"Standard"
"STU004321",2016,3.11711127083325,0,0,"Standard"
"STU004322",2016,3.22596318514163,0,0,"Standard"
"STU004323",2016,3.10873248570115,1,1,"Standard"
"STU004324",2016,3.56658794917631,0,1,"Advanced"
"STU004325",2016,3.46255053624364,0,0,"Standard"
"STU004326",2016,2.84383533446571,1,0,"NonCompletion"
"STU004327",2016,1.99309947177873,1,0,"NonCompletion"
"STU004328",2016,2.63434471345093,0,0,"Standard"
"STU004329",2016,2.62174873241674,1,0,"Standard"
"STU004330",2016,3.49843798409755,0,0,"Standard"
"STU004331",2016,2.47039067560596,0,0,"Standard"
"STU004332",2016,1.85860755855181,0,0,"Standard"
"STU004333",2016,2.9007669292855,0,0,"Standard"
"STU004334",2016,3.01057412150083,0,0,"Standard"
"STU004335",2016,3.02903638630965,0,0,"Standard"
"STU004336",2016,2.59630950025679,1,1,"Standard"
"STU004337",2016,2.79296864445067,1,0,"Standard"
"STU004338",2016,3.39053824316654,0,0,"Standard"
"STU004339",2016,2.45625774305335,0,0,"Standard"
"STU004340",2016,2.61022405545301,0,1,"Standard"
"STU004341",2016,2.39157654420251,0,0,"Standard"
"STU004342",2016,2.39533948566144,0,1,"Standard"
"STU004343",2016,3.02224707136909,1,1,"Standard"
"STU004344",2016,2.30999869444003,1,0,"Standard"
"STU004345",2016,2.37774440997631,1,0,"Standard"
"STU004346",2016,2.26544361232777,0,0,"Standard"
"STU004347",2016,2.32410299029816,1,0,"Standard"
"STU004348",2016,3.08837907522941,1,0,"Standard"
"STU004349",2016,2.87480054261113,1,0,"Standard"
"STU004350",2016,2.44480886790858,1,0,"Standard"
"STU004351",2016,2.62960362665507,0,0,"Standard"
"STU004352",2016,3.42041195651814,1,0,"Standard"
"STU004353",2016,2.45157905494084,1,0,"Standard"
"STU004354",2016,3.27766755815233,0,1,"Standard"
"STU004355",2016,2.72965247140246,0,0,"Standard"
"STU004356",2016,2.75489804661925,1,0,"Standard"
"STU004357",2016,2.50466874482635,0,0,"Standard"
"STU004358",2016,2.69555325321425,1,0,"Standard"
"STU004359",2016,1.89720952182509,0,0,"Standard"
"STU004360",2016,2.62714087133094,0,0,"Standard"
"STU004361",2016,2.31676780676561,0,1,"Standard"
"STU004362",2016,2.13661955066237,1,0,"Standard"
"STU004363",2016,2.68583625872611,0,0,"Standard"
"STU004364",2016,2.42697024955029,1,0,"Standard"
"STU004365",2016,2.67082757299984,0,0,"Standard"
"STU004366",2016,1.96091514479882,1,1,"Standard"
"STU004367",2016,2.93136194993072,0,0,"Standard"
"STU004368",2016,3.25251572417639,0,1,"Standard"
"STU004369",2016,3.01140508754636,1,0,"Standard"
"STU004370",2016,2.26218552721769,0,0,"NonCompletion"
"STU004371",2016,3.04640964505016,0,1,"Standard"
"STU004372",2016,NA,1,0,"Standard"
"STU004373",2016,3.33165694231449,0,1,"Standard"
"STU004374",2016,3.29998813926605,1,1,"Standard"
"STU004375",2016,2.29842930715005,0,0,"Standard"
"STU004376",2016,2.7904738041492,0,0,"Standard"
"STU004377",2016,2.10882077663952,0,1,"Standard"
"STU004378",2016,3.08576489484505,0,0,"Standard"
"STU004379",2016,1.74533448556028,1,0,"Standard"
"STU004380",2016,2.20459816931963,1,0,"Standard"
"STU004381",2016,1.71153948935948,0,0,"Standard"
"STU004382",2016,3.94241910869221,0,1,"Advanced"
"STU004383",2016,2.37734226190162,0,1,"Standard"
"STU004384",2016,3.68066401170916,1,1,"Advanced"
"STU004385",2016,3.4329212658678,0,0,"Standard"
"STU004386",2016,1.87130367400338,0,0,"Standard"
"STU004387",2016,3.1654641834149,1,0,"Standard"
"STU004388",2016,2.60222540425273,1,0,"Standard"
"STU004389",2016,3.33667446267333,1,0,"Standard"
"STU004390",2016,2.07971661527658,0,0,"Standard"
"STU004391",2016,2.36841804268998,0,1,"Standard"
"STU004392",2016,2.81331574833546,0,0,"Standard"
"STU004393",2016,2.64058268492014,0,0,"Standard"
"STU004394",2016,1.22505496639015,1,1,"Standard"
"STU004395",2016,2.55374042702014,0,1,"Standard"
"STU004396",2016,2.49720342640269,1,0,"Standard"
"STU004397",2016,2.72574796660871,0,0,"Standard"
"STU004398",2016,3.22762888492483,0,0,"Standard"
"STU004399",2016,2.7070247224279,0,0,"Standard"
"STU004400",2016,2.42137221255577,0,0,"Standard"
"STU004401",2016,3.89820098031653,0,0,"Advanced"
"STU004402",2016,3.22572289253129,1,0,"Standard"
"STU004403",2016,2.68959617895583,0,0,"Standard"
"STU004404",2016,3.18536176834055,0,1,"Standard"
"STU004405",2016,2.97050873876128,0,0,"Standard"
"STU004406",2016,3.41328800081929,0,0,"Standard"
"STU004407",2016,2.35727252932439,1,0,"Standard"
"STU004408",2016,2.20764939260296,1,0,"Standard"
"STU004409",2016,3.4400970172717,0,0,"Standard"
"STU004410",2016,2.42963473412395,1,0,"Standard"
"STU004411",2016,2.59997756983983,0,0,"Standard"
"STU004412",2016,2.92042731286099,0,0,"Standard"
"STU004413",2016,2.75590111138332,0,0,"Standard"
"STU004414",2016,3.05576249118224,1,0,"Standard"
"STU004415",2016,2.76450606976832,1,0,"Standard"
"STU004416",2016,3.11232742066989,1,0,"Standard"
"STU004417",2016,2.46718793913771,0,0,"Standard"
"STU004418",2016,2.32388973779264,1,0,"Standard"
"STU004419",2016,3.05855047738017,0,0,"Standard"
"STU004420",2016,3.82822858027432,0,0,"Advanced"
"STU004421",2016,3.67235762142998,0,0,"Advanced"
"STU004422",2016,3.39724502833003,0,0,"Standard"
"STU004423",2016,3.94628131874331,0,0,"Advanced"
"STU004424",2016,2.5049937093999,0,0,"Standard"
"STU004425",2016,3.01273410132631,1,0,"Standard"
"STU004426",2016,1.87411491577606,1,1,"Standard"
"STU004427",2016,2.59518771526276,1,0,"Standard"
"STU004428",2016,2.56853402591565,0,1,"Standard"
"STU004429",2016,1.83597574506947,1,0,"NonCompletion"
"STU004430",2016,1.75208107903573,1,0,"Standard"
"STU004431",2016,3.22999092602321,1,1,"Standard"
"STU004432",2016,3.29147110554603,0,0,"Standard"
"STU004433",2016,3.66447664136482,0,0,"Advanced"
"STU004434",2016,2.31737694499166,0,0,"Standard"
"STU004435",2016,2.32621158769816,1,0,"Standard"
"STU004436",2016,3.08558530989508,0,1,"Standard"
"STU004437",2016,2.30860665854411,0,0,"Standard"
"STU004438",2016,3.0879099916452,0,0,"Standard"
"STU004439",2016,2.13000776745113,1,0,"Standard"
"STU004440",2016,NA,0,0,"NonCompletion"
"STU004441",2016,2.21043955099315,1,1,"Standard"
"STU004442",2016,2.57097228819563,1,0,"Standard"
"STU004443",2016,2.05465433179734,1,0,"Standard"
"STU004444",2016,2.72056993099939,0,0,"Standard"
"STU004445",2016,1.97873186260035,1,1,"Standard"
"STU004446",2016,3.3082982072133,0,0,"Standard"
"STU004447",2016,2.83251832675013,1,1,"Standard"
"STU004448",2016,2.0960768229062,0,1,"Standard"
"STU004449",2016,3.06494514735977,0,0,"Standard"
"STU004450",2016,3.4972078524628,0,1,"Standard"
"STU004451",2016,2.06146259313251,1,0,"Standard"
"STU004452",2016,2.69447995158141,0,0,"Standard"
"STU004453",2016,2.35686875917248,0,0,"Standard"
"STU004454",2016,2.67465897549493,1,0,"Standard"
"STU004455",2016,3.10221749739327,0,0,"NonCompletion"
"STU004456",2016,3.13572697080907,0,0,"Standard"
"STU004457",2016,2.8728112958111,1,1,"Standard"
"STU004458",2016,3.54975343395852,1,0,"Advanced"
"STU004459",2016,2.37053467744468,1,1,"Standard"
"STU004460",2016,2.7092619157461,1,0,"Standard"
"STU004461",2016,3.36047800698829,0,0,"Standard"
"STU004462",2016,2.8733156141836,0,0,"Standard"
"STU004463",2016,2.65743542244341,1,0,"Standard"
"STU004464",2016,2.17744789232807,1,0,"Standard"
"STU004465",2016,2.51807115899851,0,0,"Standard"
"STU004466",2016,2.0815005152155,0,0,"Standard"
"STU004467",2016,2.62303783942375,1,1,"NonCompletion"
"STU004468",2016,2.64894102395893,1,0,"Standard"
"STU004469",2016,2.60997778935001,1,0,"Standard"
"STU004470",2016,NA,0,0,"Standard"
"STU004471",2016,1.56267052853527,1,0,"Standard"
"STU004472",2016,2.49031004828093,1,0,"Standard"
"STU004473",2016,3.11879185428706,1,0,"Standard"
"STU004474",2016,2.8883249479162,0,0,"Standard"
"STU004475",2016,2.5833384108641,1,0,"Standard"
"STU004476",2016,1.9864284699672,1,0,"Standard"
"STU004477",2016,2.23428639840479,0,1,"Standard"
"STU004478",2016,3.20113952990077,1,0,"Standard"
"STU004479",2016,2.87904917684224,1,1,"Standard"
"STU004480",2016,2.34217202880849,0,0,"Standard"
"STU004481",2016,2.07643799535952,1,0,"Standard"
"STU004482",2016,2.09026020630379,0,0,"NonCompletion"
"STU004483",2016,2.86505673267948,0,0,"Standard"
"STU004484",2016,3.60735979008091,0,0,"Advanced"
"STU004485",2016,1.56932915564475,1,0,"NonCompletion"
"STU004486",2016,3.59968245502544,0,1,"Advanced"
"STU004487",2016,1.55940965109678,1,0,"NonCompletion"
"STU004488",2016,1.67100685685449,0,0,"Standard"
"STU004489",2016,2.47238090508016,0,0,"Standard"
"STU004490",2016,2.24040671128825,1,0,"Standard"
"STU004491",2016,2.8250864724199,0,0,"Standard"
"STU004492",2016,2.47520105371343,1,0,"Standard"
"STU004493",2016,2.60055130175236,0,0,"Standard"
"STU004494",2016,2.49549769162244,0,0,"Standard"
"STU004495",2016,2.99353467938525,0,0,"Standard"
"STU004496",2016,2.10824455650467,1,0,"NonCompletion"
"STU004497",2016,2.57477982488822,1,0,"NonCompletion"
"STU004498",2016,2.34952997828137,1,0,"NonCompletion"
"STU004499",2016,2.47779785969157,0,0,"Standard"
"STU004500",2016,2.12398907456322,1,0,"Standard"
"STU004501",2016,2.62482093317425,1,1,"Standard"
"STU004502",2016,2.30802867667749,1,0,"Standard"
"STU004503",2016,NA,1,0,"Standard"
"STU004504",2016,2.31167925700068,0,0,"Standard"
"STU004505",2016,3.49639699346201,1,1,"Standard"
"STU004506",2016,3.27663160213788,1,0,"Standard"
"STU004507",2016,2.31922023877232,0,0,"NonCompletion"
"STU004508",2016,3.10370710700484,0,1,"Standard"
"STU004509",2016,3.04133319116037,0,0,"Standard"
"STU004510",2016,2.6589515273503,1,0,"Standard"
"STU004511",2016,2.94698494808121,0,1,"Standard"
"STU004512",2016,2.43629745738848,0,0,"Standard"
"STU004513",2016,2.0795066339855,1,0,"Standard"
"STU004514",2016,3.02992679875649,0,1,"Standard"
"STU004515",2016,2.8318517311661,1,1,"Standard"
"STU004516",2016,2.16301242358561,1,0,"Standard"
"STU004517",2016,2.95095783413071,0,0,"Standard"
"STU004518",2016,2.63082075170936,0,0,"Standard"
"STU004519",2016,3.85820395185106,0,0,"Advanced"
"STU004520",2016,2.25328841149058,1,1,"Standard"
"STU004521",2016,2.21171101575329,0,0,"Standard"
"STU004522",2016,2.12152476396231,1,0,"Standard"
"STU004523",2016,2.12802809585099,0,1,"Standard"
"STU004524",2016,3.38240666682185,0,1,"Standard"
"STU004525",2016,2.14209229103117,1,0,"Standard"
"STU004526",2016,2.04182698642155,0,0,"Standard"
"STU004527",2016,2.69034076182471,1,0,"Standard"
"STU004528",2016,2.30029824708233,1,0,"NonCompletion"
"STU004529",2016,1.95388958266975,0,1,"NonCompletion"
"STU004530",2016,NA,0,0,"Standard"
"STU004531",2016,2.85428453026153,1,1,"Standard"
"STU004532",2016,2.36339137083284,0,0,"Standard"
"STU004533",2016,3.12241315718947,0,1,"Standard"
"STU004534",2016,3.06478390582397,0,0,"Standard"
"STU004535",2016,1.91552355780053,1,1,"Standard"
"STU004536",2016,2.50269261072943,1,0,"Standard"
"STU004537",2016,2.33953316777361,0,0,"Standard"
"STU004538",2016,3.52085180397592,0,0,"Advanced"
"STU004539",2016,2.45358878684949,1,0,"Standard"
"STU004540",2016,2.71031681432433,1,0,"Standard"
"STU004541",2016,2.18144040116206,1,0,"Standard"
"STU004542",2016,2.16266569880213,0,0,"Standard"
"STU004543",2016,2.85504286789609,0,1,"Standard"
"STU004544",2016,2.78900747638209,1,0,"Standard"
"STU004545",2016,2.76699695285852,0,0,"Standard"
"STU004546",2016,2.81584390082439,1,0,"Standard"
"STU004547",2016,2.22995874880912,0,0,"NonCompletion"
"STU004548",2016,2.44595425584505,0,0,"Standard"
"STU004549",2016,3.41762710564952,0,0,"Standard"
"STU004550",2016,2.36478600089608,1,0,"Standard"
"STU004551",2016,1.7940580180706,1,0,"Standard"
"STU004552",2016,3.56171566415517,1,0,"Advanced"
"STU004553",2016,2.93209383448121,0,0,"Standard"
"STU004554",2016,2.34950262778181,1,0,"Standard"
"STU004555",2016,2.88643839142033,0,0,"Standard"
"STU004556",2016,NA,0,0,"Standard"
"STU004557",2016,2.48171248240657,1,0,"NonCompletion"
"STU004558",2016,2.27752963639184,0,1,"Standard"
"STU004559",2016,2.76845297705544,1,0,"Standard"
"STU004560",2016,1.93035311287379,1,0,"NonCompletion"
"STU004561",2016,2.35958199563128,1,0,"Standard"
"STU004562",2016,3.01485528016612,0,0,"Standard"
"STU004563",2016,4,0,0,"Advanced"
"STU004564",2016,1.98609700225766,1,0,"NonCompletion"
"STU004565",2016,4,1,0,"Advanced"
"STU004566",2016,3.26475675485457,0,0,"Standard"
"STU004567",2016,1.93575815634898,1,1,"Standard"
"STU004568",2016,2.42222167672507,1,0,"Standard"
"STU004569",2016,2.60457563407653,1,0,"Standard"
"STU004570",2016,2.36490410563989,1,0,"Standard"
"STU004571",2016,2.81471700343167,0,0,"Standard"
"STU004572",2016,2.84482007470999,1,0,"Standard"
"STU004573",2016,2.94865219040013,1,0,"Standard"
"STU004574",2016,3.79101686442962,0,1,"Advanced"
"STU004575",2016,NA,0,0,"NonCompletion"
"STU004576",2016,3.12636201925841,0,0,"Standard"
"STU004577",2016,1.99722158293204,0,1,"NonCompletion"
"STU004578",2016,3.43768540640043,1,0,"Standard"
"STU004579",2016,3.4441799892006,0,0,"Standard"
"STU004580",2016,2.95410553440336,0,0,"Standard"
"STU004581",2016,NA,0,0,"Standard"
"STU004582",2016,3.51317049726135,0,1,"Advanced"
"STU004583",2016,2.36191159107864,1,0,"Standard"
"STU004584",2016,2.53634559075145,1,1,"Standard"
"STU004585",2016,3.25608740507313,1,1,"Standard"
"STU004586",2016,2.06676944188856,1,0,"Standard"
"STU004587",2016,2.44871850716019,1,0,"Standard"
"STU004588",2016,3.03624609459481,0,0,"Standard"
"STU004589",2016,2.09989440102256,0,0,"Standard"
"STU004590",2016,2.81333421459719,1,0,"Standard"
"STU004591",2016,2.28938328483774,1,1,"Standard"
"STU004592",2016,2.39772885277715,1,0,"Standard"
"STU004593",2016,2.77462986254861,1,0,"Standard"
"STU004594",2016,1.88109078995549,0,0,"Standard"
"STU004595",2016,1.76019803338943,1,0,"Standard"
"STU004596",2016,2.78540623982365,1,0,"Standard"
"STU004597",2016,2.33303498429154,0,0,"NonCompletion"
"STU004598",2016,2.49160950861742,0,0,"Standard"
"STU004599",2016,3.23405994217106,0,0,"Standard"
"STU004600",2016,2.83054136788616,0,1,"Standard"
"STU004601",2016,2.19554129281356,1,0,"Standard"
"STU004602",2016,2.72303785669407,0,1,"Standard"
"STU004603",2016,3.67812588693915,0,0,"Advanced"
"STU004604",2016,3.11175962436981,0,0,"Standard"
"STU004605",2016,2.50458301690672,1,1,"Standard"
"STU004606",2016,2.39606902556803,0,0,"Standard"
"STU004607",2016,2.91565815394491,0,0,"Standard"
"STU004608",2016,2.18059302315738,1,0,"Standard"
"STU004609",2016,2.5898708289337,0,1,"Standard"
"STU004610",2016,3.04865044580286,1,0,"Standard"
"STU004611",2016,3.30075329756153,0,0,"Standard"
"STU004612",2016,2.87461026031897,1,0,"Standard"
"STU004613",2016,2.58070881344611,1,0,"Standard"
"STU004614",2016,2.3814874398412,1,0,"Standard"
"STU004615",2016,2.49568174317808,0,1,"Standard"
"STU004616",2016,2.49764277421457,0,0,"Standard"
"STU004617",2016,2.50303085906586,0,0,"Standard"
"STU004618",2016,2.86186912748905,0,0,"Standard"
"STU004619",2016,2.48842569133129,1,0,"Standard"
"STU004620",2016,3.43746769974942,0,0,"Standard"
"STU004621",2016,2.01049969085196,1,0,"NonCompletion"
"STU004622",2016,3.53172172759389,0,0,"Advanced"
"STU004623",2016,2.25251094365149,0,0,"Standard"
"STU004624",2016,2.60735379830735,1,0,"Standard"
"STU004625",2016,1.92364273213402,1,1,"Standard"
"STU004626",2016,2.71153068651078,0,0,"Standard"
"STU004627",2016,3.38100206758803,0,1,"Standard"
"STU004628",2016,3.22536723786318,1,0,"Standard"
"STU004629",2016,1.9991023939864,0,0,"NonCompletion"
"STU004630",2016,2.88369555778159,0,0,"Standard"
"STU004631",2016,3.00704112267398,0,0,"Standard"
"STU004632",2016,1.98108345705671,1,0,"NonCompletion"
"STU004633",2016,2.57119516150398,0,0,"Standard"
"STU004634",2016,3.20834893351821,1,1,"Standard"
"STU004635",2016,2.62234691718087,0,0,"Standard"
"STU004636",2016,2.28877120073871,1,0,"Standard"
"STU004637",2016,3.37886210686581,1,0,"Standard"
"STU004638",2016,3.57907871425954,0,0,"Advanced"
"STU004639",2016,2.16646554280666,0,1,"Standard"
"STU004640",2016,3.11978809840859,0,1,"Standard"
"STU004641",2016,2.86603066126867,0,1,"Standard"
"STU004642",2016,3.35200032951381,0,0,"Standard"
"STU004643",2016,3.05988304187943,0,0,"Standard"
"STU004644",2016,3.04305419804936,0,1,"Standard"
"STU004645",2016,2.44017576507304,0,0,"Standard"
"STU004646",2016,2.47037117745014,0,0,"Standard"
"STU004647",2016,2.97128074739094,1,1,"Standard"
"STU004648",2016,2.99204816735657,0,0,"Standard"
"STU004649",2016,2.91056540325486,0,0,"Standard"
"STU004650",2016,2.50464611988992,0,1,"Standard"
"STU004651",2016,3.13788121909633,0,0,"Standard"
"STU004652",2016,2.5167025090344,1,0,"Standard"
"STU004653",2016,2.40992839050232,1,0,"Standard"
"STU004654",2016,2.54570473963738,0,0,"Standard"
"STU004655",2016,2.40519467980362,0,0,"Standard"
"STU004656",2016,NA,0,0,"Standard"
"STU004657",2016,2.2951221047589,1,0,"Standard"
"STU004658",2016,3.91554518080209,0,0,"Advanced"
"STU004659",2016,3.1264046212081,0,0,"Standard"
"STU004660",2016,2.42701433716778,1,0,"Standard"
"STU004661",2016,2.2207988462022,0,0,"Standard"
"STU004662",2016,2.7882466020412,0,0,"Standard"
"STU004663",2016,2.90227859992049,0,0,"Standard"
"STU004664",2016,2.27631372748046,0,0,"Standard"
"STU004665",2016,2.64725852764875,0,0,"Standard"
"STU004666",2016,3.10667796404996,0,0,"Standard"
"STU004667",2016,3.17390404349368,0,0,"Standard"
"STU004668",2016,2.50134317732683,1,0,"Standard"
"STU004669",2016,3.29494467546805,0,0,"Standard"
"STU004670",2016,2.50015227149072,1,0,"NonCompletion"
"STU004671",2016,2.27692724668856,0,0,"Standard"
"STU004672",2016,1.73717292145926,0,0,"Standard"
"STU004673",2016,2.99166939811791,1,0,"Standard"
"STU004674",2016,NA,0,1,"Standard"
"STU004675",2016,2.02926334418739,1,0,"Standard"
"STU004676",2016,2.30310968659771,1,0,"Standard"
"STU004677",2016,2.23469548011958,0,1,"Standard"
"STU004678",2016,2.61966729090506,0,1,"Standard"
"STU004679",2016,3.25004492150879,1,0,"Standard"
"STU004680",2016,2.20982678208194,0,0,"Standard"
"STU004681",2016,3.07022980305022,0,0,"Standard"
"STU004682",2016,2.09990078724497,1,0,"Standard"
"STU004683",2016,2.47449237468184,1,0,"Standard"
"STU004684",2016,3.14958741426604,1,0,"Standard"
"STU004685",2016,2.91141562672077,0,0,"Standard"
"STU004686",2016,2.4589515112304,1,0,"Standard"
"STU004687",2016,2.13825881924559,1,1,"Standard"
"STU004688",2016,2.69625357567144,0,0,"Standard"
"STU004689",2016,1.44232994355216,1,1,"Standard"
"STU004690",2016,3.64813868467224,0,1,"Advanced"
"STU004691",2016,3.00689088581526,0,0,"Standard"
"STU004692",2016,1.94231745823564,0,1,"Standard"
"STU004693",2016,NA,0,1,"Standard"
"STU004694",2016,2.91624991066168,1,0,"Standard"
"STU004695",2016,2.41802616710409,1,0,"Standard"
"STU004696",2016,2.84719474892792,0,0,"Standard"
"STU004697",2016,2.80696604663104,0,0,"Standard"
"STU004698",2016,2.98693243958048,0,0,"Standard"
"STU004699",2016,2.56503527725178,0,0,"Standard"
"STU004700",2016,2.47616002616866,0,0,"Standard"
"STU004701",2016,3.53008216798281,1,1,"Advanced"
"STU004702",2016,2.92745546614987,1,0,"Standard"
"STU004703",2016,2.59217412761601,0,0,"Standard"
"STU004704",2016,2.00557362352503,0,0,"Standard"
"STU004705",2016,2.10709866651541,1,0,"NonCompletion"
"STU004706",2016,3.29254780779413,0,0,"Standard"
"STU004707",2016,2.59610847009147,1,0,"Standard"
"STU004708",2016,2.71887152401833,1,0,"Standard"
"STU004709",2016,1.85215828709389,1,0,"NonCompletion"
"STU004710",2016,2.49464141476349,0,0,"NonCompletion"
"STU004711",2016,2.17838690478823,1,0,"Standard"
"STU004712",2016,3.82803999147842,0,0,"Advanced"
"STU004713",2016,3.08583986293243,0,0,"Standard"
"STU004714",2016,3.58723430059362,0,0,"Advanced"
"STU004715",2016,2.40299898755135,1,0,"Standard"
"STU004716",2016,2.82532541976034,0,0,"Standard"
"STU004717",2016,2.32943676065753,0,0,"Standard"
"STU004718",2016,3.41067802273307,0,1,"Standard"
"STU004719",2016,2.50497639692335,1,1,"Standard"
"STU004720",2016,3.3427301912877,1,0,"Standard"
"STU004721",2016,3.7265664080142,0,1,"Advanced"
"STU004722",2016,1.26474902379026,1,1,"Standard"
"STU004723",2016,2.35266714616067,1,0,"Standard"
"STU004724",2016,2.87682762060184,0,0,"Standard"
"STU004725",2016,3.24018374237799,0,1,"Standard"
"STU004726",2016,3.45431346379385,0,0,"Standard"
"STU004727",2016,2.12491332864691,1,0,"Standard"
"STU004728",2016,2.51743731020132,0,0,"Standard"
"STU004729",2016,2.5728720856508,0,0,"Standard"
"STU004730",2016,4,0,0,"Advanced"
"STU004731",2016,2.53369575832386,1,0,"Standard"
"STU004732",2016,3.46192356519431,0,1,"Standard"
"STU004733",2016,2.67220188163267,0,0,"Standard"
"STU004734",2016,2.31588530064914,0,0,"Standard"
"STU004735",2016,3.03406365429158,1,0,"Standard"
"STU004736",2016,2.48487172296682,1,0,"Standard"
"STU004737",2016,2.55920433044984,0,0,"Standard"
"STU004738",2016,3.0352637052507,1,0,"Standard"
"STU004739",2016,3.22108984703991,0,0,"Standard"
"STU004740",2016,2.82437279012053,0,0,"Standard"
"STU004741",2016,2.37156939242079,0,0,"Standard"
"STU004742",2016,2.55934894183763,0,0,"Standard"
"STU004743",2016,2.15504298173691,1,0,"Standard"
"STU004744",2016,1.27408641284508,1,0,"NonCompletion"
"STU004745",2016,2.48036406499244,0,0,"Standard"
"STU004746",2016,NA,0,0,"Standard"
"STU004747",2016,2.88614314772027,0,0,"Standard"
"STU004748",2016,2.60537235109849,1,0,"Standard"
"STU004749",2016,3.69932255908116,0,0,"Advanced"
"STU004750",2016,2.91301690592457,0,0,"Standard"
"STU004751",2016,1.47574026445977,1,1,"Standard"
"STU004752",2016,2.54017198675088,0,0,"Standard"
"STU004753",2016,2.97317545999484,0,0,"Standard"
"STU004754",2016,2.50848367719301,1,0,"Standard"
"STU004755",2016,2.86298099081026,1,0,"Standard"
"STU004756",2016,2.75195214259774,1,0,"Standard"
"STU004757",2016,2.58372816436703,0,0,"Standard"
"STU004758",2016,2.10869467322758,1,0,"Standard"
"STU004759",2016,3.19201879522175,0,0,"Standard"
"STU004760",2016,2.50202469635864,1,0,"Standard"
"STU004761",2016,2.68301899867509,1,0,"Standard"
"STU004762",2016,2.85910131943291,0,0,"Standard"
"STU004763",2016,2.74725890506001,1,1,"Standard"
"STU004764",2016,2.29035765389788,1,0,"Standard"
"STU004765",2016,2.61266761316555,0,0,"Standard"
"STU004766",2016,2.45551550175458,1,0,"Standard"
"STU004767",2016,2.65226245542009,0,1,"Standard"
"STU004768",2016,2.99008679699703,1,0,"Standard"
"STU004769",2016,2.38029120524846,0,0,"Standard"
"STU004770",2016,3.58780640842268,0,1,"Advanced"
"STU004771",2016,2.63270278506711,0,0,"Standard"
"STU004772",2016,3.82414132786684,0,1,"Advanced"
"STU004773",2016,3.15176678782681,0,1,"Standard"
"STU004774",2016,2.3466282878572,0,0,"Standard"
"STU004775",2016,2.7993461967482,0,0,"Standard"
"STU004776",2016,2.05177681694862,1,0,"NonCompletion"
"STU004777",2016,2.49879327732331,1,0,"Standard"
"STU004778",2016,3.21967470904449,1,1,"Standard"
"STU004779",2016,3.30417239833038,0,0,"Standard"
"STU004780",2016,1.96433006496961,1,0,"Standard"
"STU004781",2016,2.49844034763899,1,1,"Standard"
"STU004782",2016,2.34970259813074,0,0,"Standard"
"STU004783",2016,2.80296309318772,1,1,"Standard"
"STU004784",2016,2.8635339652358,0,0,"Standard"
"STU004785",2016,2.23674625901062,1,0,"Standard"
"STU004786",2016,2.55639784437859,0,1,"Standard"
"STU004787",2016,2.56756328292925,1,0,"Standard"
"STU004788",2016,1.84153408239837,1,0,"Standard"
"STU004789",2016,2.65441939007763,1,1,"Standard"
"STU004790",2016,2.61987785790338,1,0,"Standard"
"STU004791",2016,3.35784855272854,0,0,"Standard"
"STU004792",2016,2.79469334184037,0,1,"Standard"
"STU004793",2016,2.84646909701678,1,0,"Standard"
"STU004794",2016,3.30419478937895,0,0,"Standard"
"STU004795",2016,3.37843241782711,1,0,"Standard"
"STU004796",2016,2.93851653851938,0,0,"Standard"
"STU004797",2016,3.07838682673722,1,1,"Standard"
"STU004798",2016,1.88289266555512,1,0,"Standard"
"STU004799",2016,2.12713180377992,1,0,"Standard"
"STU004800",2016,2.38788125229825,0,0,"Standard"
"STU004801",2016,2.1419246754424,0,0,"NonCompletion"
"STU004802",2016,2.97310278442226,0,0,"Standard"
"STU004803",2016,1.86965767502608,1,0,"Standard"
"STU004804",2016,2.76510175204863,1,0,"Standard"
"STU004805",2016,3.05031301119839,0,0,"Standard"
"STU004806",2016,3.52782297288483,1,1,"Advanced"
"STU004807",2016,2.7753442607861,1,0,"Standard"
"STU004808",2016,2.64795096884274,1,1,"Standard"
"STU004809",2016,1.97933394107118,0,0,"Standard"
"STU004810",2016,3.60091717432134,0,0,"Advanced"
"STU004811",2016,2.57437421795493,0,0,"Standard"
"STU004812",2016,2.6239044571484,1,0,"Standard"
"STU004813",2016,3.87180275833726,0,0,"Advanced"
"STU004814",2016,3.18134499006704,0,0,"Standard"
"STU004815",2016,2.09324102919173,0,0,"Standard"
"STU004816",2016,2.75830537187611,0,0,"Standard"
"STU004817",2016,1.9868859960275,0,0,"Standard"
"STU004818",2016,1.79852880962761,1,0,"Standard"
"STU004819",2016,1.53558092669084,1,1,"NonCompletion"
"STU004820",2016,2.62904126226151,1,0,"Standard"
"STU004821",2016,3.11681317178442,1,1,"Standard"
"STU004822",2016,3.60304237830354,1,1,"Advanced"
"STU004823",2016,2.26711351679891,1,0,"Standard"
"STU004824",2016,2.42720052576847,0,0,"Standard"
"STU004825",2016,1.70918543888774,1,0,"Standard"
"STU004826",2016,3.00983945514205,0,0,"Standard"
"STU004827",2016,3.35020610245772,0,0,"Standard"
"STU004828",2016,2.80743421702445,0,0,"Standard"
"STU004829",2016,1.27316259390081,0,0,"NonCompletion"
"STU004830",2016,3.29441401889788,0,0,"Standard"
"STU004831",2016,3.26281295152829,0,1,"Standard"
"STU004832",2016,2.55863808111913,0,0,"Standard"
"STU004833",2016,2.50212299538812,1,1,"Standard"
"STU004834",2016,2.13493411294996,1,0,"Standard"
"STU004835",2016,3.52044185653202,0,1,"Advanced"
"STU004836",2016,3.97808486679055,1,0,"Advanced"
"STU004837",2016,3.01306889472018,1,0,"Standard"
"STU004838",2016,2.95224794191888,0,0,"Standard"
"STU004839",2016,2.80656152446218,0,0,"Standard"
"STU004840",2016,2.3763802128893,1,0,"Standard"
"STU004841",2016,1.90582732807449,1,0,"Standard"
"STU004842",2016,3.21781774327608,0,1,"Standard"
"STU004843",2016,3.13869837241038,0,0,"Standard"
"STU004844",2016,3.30321116611457,1,0,"Standard"
"STU004845",2016,3.42959729726273,1,1,"Standard"
"STU004846",2016,2.68260488600368,0,0,"Standard"
"STU004847",2016,3.31109018080884,0,1,"Standard"
"STU004848",2016,2.24320308047761,1,1,"Standard"
"STU004849",2016,2.00042569481005,1,0,"Standard"
"STU004850",2016,2.97403847462919,1,0,"Standard"
"STU004851",2016,1.86014537293705,1,0,"Standard"
"STU004852",2016,2.30879729807878,1,0,"Standard"
"STU004853",2016,2.22206084610943,0,1,"Standard"
"STU004854",2016,3.00004923691541,1,0,"Standard"
"STU004855",2016,2.66366597114773,0,0,"Standard"
"STU004856",2016,2.80408556055118,1,0,"Standard"
"STU004857",2016,2.74430751536175,1,0,"Standard"
"STU004858",2016,2.52193989435949,0,0,"Standard"
"STU004859",2016,2.42140346095091,0,1,"Standard"
"STU004860",2016,2.11821667067954,0,0,"NonCompletion"
"STU004861",2016,2.0889556909795,1,0,"Standard"
"STU004862",2016,2.39515863924059,1,0,"Standard"
"STU004863",2016,1.84255958164794,0,0,"NonCompletion"
"STU004864",2016,3.08952418263708,0,1,"Standard"
"STU004865",2016,2.91969669798137,1,0,"Standard"
"STU004866",2016,1.48356052478538,1,0,"NonCompletion"
"STU004867",2016,2.77721294437352,1,0,"Standard"
"STU004868",2016,2.23265377133629,0,1,"NonCompletion"
"STU004869",2016,2.84362434865119,1,0,"Standard"
"STU004870",2016,2.34280773593389,1,0,"Standard"
"STU004871",2016,3.08153500096377,1,0,"Standard"
"STU004872",2016,2.24514547263304,0,1,"Standard"
"STU004873",2016,2.93792080152717,0,0,"Standard"
"STU004874",2016,2.95177905813234,0,1,"Standard"
"STU004875",2016,2.13704332093766,1,0,"Standard"
"STU004876",2016,3.36564921117863,0,1,"Standard"
"STU004877",2016,2.23745931955289,0,0,"Standard"
"STU004878",2016,2.20012567899555,1,0,"Standard"
"STU004879",2016,2.97575814451458,1,1,"Standard"
"STU004880",2016,3.98814091608212,0,1,"Advanced"
"STU004881",2016,2.68786843028559,0,0,"Standard"
"STU004882",2016,2.75951771030837,1,0,"Standard"
"STU004883",2016,2.3702459011514,1,0,"Standard"
"STU004884",2016,3.96388076749987,0,1,"Advanced"
"STU004885",2016,2.3084882587273,0,1,"Standard"
"STU004886",2016,2.34784246797839,0,0,"Standard"
"STU004887",2016,3.0343773608214,1,0,"Standard"
"STU004888",2016,2.0711822060999,1,1,"Standard"
"STU004889",2016,3.2656447072974,0,0,"Standard"
"STU004890",2016,3.13673040232988,1,0,"Standard"
"STU004891",2016,3.0105745298045,0,1,"Standard"
"STU004892",2016,2.74677434955702,0,1,"Standard"
"STU004893",2016,2.45319357725389,0,0,"Standard"
"STU004894",2016,2.77034354231046,1,0,"Standard"
"STU004895",2016,3.31283830260563,0,0,"Standard"
"STU004896",2016,2.36250582570526,1,0,"Standard"
"STU004897",2016,NA,1,1,"Standard"
"STU004898",2016,3.49432553286123,0,0,"Standard"
"STU004899",2016,2.6738969573078,0,0,"Standard"
"STU004900",2016,2.37876835845625,1,0,"Standard"
"STU004901",2016,2.57932693691559,0,0,"Standard"
"STU004902",2016,3.46584968135986,1,1,"Standard"
"STU004903",2016,2.75778132073536,0,1,"Standard"
"STU004904",2016,2.55769665137714,0,0,"Standard"
"STU004905",2016,NA,1,0,"Standard"
"STU004906",2016,2.44509619383588,0,0,"Standard"
"STU004907",2016,2.73548795503205,1,1,"Standard"
"STU004908",2016,2.95961421635184,1,1,"Standard"
"STU004909",2016,1.78439724865295,0,0,"Standard"
"STU004910",2016,2.17525203202299,1,0,"Standard"
"STU004911",2016,3.28182645405546,0,0,"Standard"
"STU004912",2016,2.63745921239026,1,1,"Standard"
"STU004913",2016,2.9648910531664,1,0,"Standard"
"STU004914",2016,2.26792143106086,1,0,"Standard"
"STU004915",2016,2.86113519123375,1,0,"Standard"
"STU004916",2016,2.68527711837073,1,0,"Standard"
"STU004917",2016,2.03701492715402,0,0,"Standard"
"STU004918",2016,2.77869208303346,1,0,"Standard"
"STU004919",2016,2.96635907995577,0,1,"Standard"
"STU004920",2016,3.40838853722755,1,1,"Standard"
"STU004921",2016,3.18385330786938,0,0,"Standard"
"STU004922",2016,2.87963556329013,0,0,"Standard"
"STU004923",2016,2.05577969728061,0,0,"NonCompletion"
"STU004924",2016,2.4613047650211,0,0,"NonCompletion"
"STU004925",2016,2.21357786058903,1,0,"Standard"
"STU004926",2016,2.21781793323095,1,0,"Standard"
"STU004927",2016,2.31661846788561,1,0,"Standard"
"STU004928",2016,2.62058169837619,1,0,"Standard"
"STU004929",2016,1.87656800942601,0,0,"Standard"
"STU004930",2016,2.96458746036202,0,0,"Standard"
"STU004931",2016,1.91584406053488,1,0,"NonCompletion"
"STU004932",2016,2.03517637053875,1,0,"Standard"
"STU004933",2016,2.33403468500031,0,0,"Standard"
"STU004934",2016,4,0,1,"Advanced"
"STU004935",2016,1.66896905117968,1,0,"Standard"
"STU004936",2016,3.05130944794896,0,0,"Standard"
"STU004937",2016,2.79512577954595,0,0,"Standard"
"STU004938",2016,3.61405634572804,1,1,"Advanced"
"STU004939",2016,2.61036528933573,1,0,"Standard"
"STU004940",2016,2.23428821361477,1,0,"Standard"
"STU004941",2016,2.68484706514267,0,0,"Standard"
"STU004942",2016,2.27962892206865,0,0,"Standard"
"STU004943",2016,1.7572936365254,0,0,"Standard"
"STU004944",2016,2.72152105709872,1,0,"Standard"
"STU004945",2016,2.95284906331004,0,0,"Standard"
"STU004946",2016,1.22730324413751,0,0,"Standard"
"STU004947",2016,3.28572861341643,1,1,"Standard"
"STU004948",2016,2.09003943027749,0,0,"Standard"
"STU004949",2016,3.19440614864744,1,0,"Standard"
"STU004950",2016,2.39997872911727,0,0,"Standard"
"STU004951",2016,2.81470486977138,0,0,"Standard"
"STU004952",2016,3.50276454736559,0,0,"Advanced"
"STU004953",2016,3.25315215408474,1,1,"Standard"
"STU004954",2016,3.38810192576182,1,0,"Standard"
"STU004955",2016,2.58808956399885,0,0,"Standard"
"STU004956",2016,2.92750097844483,1,0,"NonCompletion"
"STU004957",2016,2.44764501701104,0,0,"Standard"
"STU004958",2016,2.5117252593198,1,1,"Standard"
"STU004959",2016,3.85813874789946,1,1,"Advanced"
"STU004960",2016,NA,0,0,"NonCompletion"
"STU004961",2016,3.25904345673951,0,1,"Standard"
"STU004962",2016,2.32954735775111,1,0,"NonCompletion"
"STU004963",2016,2.53600879471267,0,1,"Standard"
"STU004964",2016,2.29643319998779,1,0,"Standard"
"STU004965",2016,1.44225144647605,1,1,"Standard"
"STU004966",2016,3.32517695625666,0,1,"Standard"
"STU004967",2016,3.9959716176464,1,0,"Advanced"
"STU004968",2016,3.32546314048409,0,0,"Standard"
"STU004969",2016,2.31205005321757,1,0,"Standard"
"STU004970",2016,2.66651891292214,0,0,"Standard"
"STU004971",2016,1.87717310557817,1,0,"NonCompletion"
"STU004972",2016,3.58429713919234,0,0,"Advanced"
"STU004973",2016,2.12340930191133,0,0,"Standard"
"STU004974",2016,2.5798741187536,0,0,"Standard"
"STU004975",2016,2.45346900686201,0,0,"NonCompletion"
"STU004976",2016,3.0941348805056,0,0,"Standard"
"STU004977",2016,2.70153972380632,1,0,"Standard"
"STU004978",2016,2.32797457708492,1,0,"Standard"
"STU004979",2016,2.93562217408251,0,0,"Standard"
"STU004980",2016,3.06708961412317,0,0,"Standard"
"STU004981",2016,2.35317240114893,0,0,"Standard"
"STU004982",2016,2.28935421540369,0,0,"Standard"
"STU004983",2016,2.9087206904146,1,1,"NonCompletion"
"STU004984",2016,2.16680663760209,1,0,"Standard"
"STU004985",2016,4,0,1,"Advanced"
"STU004986",2016,2.26115130368431,1,0,"Standard"
"STU004987",2016,2.10342553449981,1,0,"Standard"
"STU004988",2016,2.69261280739598,1,0,"Standard"
"STU004989",2016,2.24493665350086,1,0,"Standard"
"STU004990",2016,3.28165656221347,0,0,"Standard"
"STU004991",2016,3.56721672987841,1,0,"Advanced"
"STU004992",2016,2.52902851356902,0,0,"Standard"
"STU004993",2016,2.7103978882744,0,0,"Standard"
"STU004994",2016,2.65849098256625,0,0,"Standard"
"STU004995",2016,1.79736086447816,0,1,"Standard"
"STU004996",2016,2.4548443880847,0,0,"Standard"
"STU004997",2016,2.06941901896995,1,0,"Standard"
"STU004998",2016,2.28918492856894,0,0,"Standard"
"STU004999",2016,2.62463891083214,0,0,"Standard"
"STU005000",2016,3.26367965862141,0,0,"Standard"
