"student_id","cohort_hs_grad","sex","race_ethnicity","rural_flag","first_gen","iep_flag","ell_flag","frpl"
"STU000001",2016,"Male","White",0,0,0,0,0
"STU000002",2016,"Male","White",0,1,1,0,0
"STU000003",2016,"NonBinary_Other","White",0,0,1,1,1
"STU000004",2016,"Male","White",0,1,0,0,0
"STU000005",2016,"Female","Black",0,0,0,1,1
"STU000006",2016,"Male","White",1,0,1,0,0
"STU000007",2016,"Female","Other",0,0,0,0,1
"STU000008",2016,"Male","White",0,0,0,0,0
"STU000009",2016,"Female","Hispanic",0,1,0,0,0
"STU000010",2016,"Male","Hispanic",0,0,0,0,0
"STU000011",2016,"Female","White",0,1,0,0,1
"STU000012",2016,"Female","White",0,0,0,0,0
"STU000013",2016,"Male","Asian",0,1,0,1,1
"STU000014",2016,"Male","White",1,0,1,0,0
"STU000015",2016,"Male","White",0,1,0,0,0
"STU000016",2016,"Female","White",0,1,0,0,0
"STU000017",2016,"Male","Black",0,1,0,0,0
"STU000018",2016,"Male","White",1,1,0,0,0
"STU000019",2016,"Female","White",0,0,1,0,0
"STU000020",2016,"Female","White",0,0,0,0,0
"STU000021",2016,"Male","White",1,1,1,0,1
"STU000022",2016,"Female","White",0,0,0,0,1
"STU000023",2016,"Male","White",0,1,0,0,1
"STU000024",2016,"Male","Hispanic",0,1,1,0,0
"STU000025",2016,"Male","White",0,1,0,0,0
"STU000026",2016,"Female","Other",0,0,0,0,1
"STU000027",2016,"Male","Hispanic",0,1,0,0,1
"STU000028",2016,"Female","White",0,1,0,0,0
"STU000029",2016,"Male","MultiRacial",0,1,1,1,0
"STU000030",2016,"Female","White",1,1,0,1,0
"STU000031",2016,"Male","White",0,1,0,0,0
"STU000032",2016,"Female","Hispanic",0,1,0,0,1
"STU000033",2016,"Male","White",0,0,0,0,0
"STU000034",2016,"Female","White",0,1,0,0,1
"STU000035",2016,"Male","Asian",0,0,0,0,0
"STU000036",2016,"Female","Asian",0,0,0,0,1
"STU000037",2016,"Male","AmericanIndian",0,0,0,0,1
"STU000038",2016,"Female","AmericanIndian",1,1,1,0,0
"STU000039",2016,"Male","White",0,1,0,0,0
"STU000040",2016,"Female","White",0,1,0,0,1
"STU000041",2016,"Female","White",0,1,0,0,0
"STU000042",2016,"Female","Asian",0,0,0,0,0
"STU000043",2016,"Male","White",0,1,0,0,1
"STU000044",2016,"Male","Hispanic",1,1,0,0,0
"STU000045",2016,"Male","Hispanic",0,0,0,0,1
"STU000046",2016,"Male","White",0,0,0,0,0
"STU000047",2016,"Male","White",0,0,1,0,0
"STU000048",2016,"Female","Other",1,0,0,0,0
"STU000049",2016,"Female","White",0,1,0,0,1
"STU000050",2016,"Male","White",1,1,1,0,0
"STU000051",2016,"Female","AmericanIndian",1,0,0,1,0
"STU000052",2016,"Male","AmericanIndian",0,0,0,1,0
"STU000053",2016,"Female","White",0,1,0,0,0
"STU000054",2016,"Female","White",0,0,0,1,0
"STU000055",2016,"Male","Hispanic",0,1,0,1,1
"STU000056",2016,"NonBinary_Other","White",0,0,0,0,0
"STU000057",2016,"Male","White",0,0,0,0,0
"STU000058",2016,"Male","Hispanic",0,1,0,0,1
"STU000059",2016,"Female","Hispanic",0,0,0,0,0
"STU000060",2016,"Male","MultiRacial",1,1,0,0,0
"STU000061",2016,"Female","Hispanic",1,0,1,0,1
"STU000062",2016,"Female","Hispanic",0,0,0,0,0
"STU000063",2016,"Female","Hispanic",0,0,0,0,0
"STU000064",2016,"Female","Hispanic",1,0,0,0,1
"STU000065",2016,"Female","Hispanic",0,1,0,0,1
"STU000066",2016,"Female","White",0,0,0,0,0
"STU000067",2016,"Female","White",1,0,1,0,0
"STU000068",2016,"Female","White",0,0,0,0,0
"STU000069",2016,"Female","Hispanic",1,0,1,0,0
"STU000070",2016,"Male","White",0,0,0,0,1
"STU000071",2016,"Male","White",1,0,0,0,0
"STU000072",2016,"Male","Asian",0,0,1,0,1
"STU000073",2016,"Female","White",0,0,0,0,0
"STU000074",2016,"Male","Hispanic",0,1,0,0,1
"STU000075",2016,"Male","Black",0,1,0,1,1
"STU000076",2016,"Male","Black",1,1,0,0,1
"STU000077",2016,"Female","White",1,1,1,0,1
"STU000078",2016,"Female","Black",1,0,0,0,1
"STU000079",2016,"Male","Black",0,1,0,0,0
"STU000080",2016,"Female","White",0,0,1,0,0
"STU000081",2016,"Female","White",1,1,0,0,0
"STU000082",2016,"Female","MultiRacial",0,0,1,0,0
"STU000083",2016,"Male","White",0,0,0,0,1
"STU000084",2016,"Male","White",0,1,0,0,0
"STU000085",2016,"Female","Hispanic",0,0,0,0,0
"STU000086",2016,"Male","AmericanIndian",0,1,0,0,0
"STU000087",2016,"Female","White",0,1,0,0,0
"STU000088",2016,"Female","MultiRacial",0,0,0,1,1
"STU000089",2016,"Female","Black",1,1,0,1,1
"STU000090",2016,"Male","Hispanic",1,0,1,0,1
"STU000091",2016,"Female","White",0,1,0,0,0
"STU000092",2016,"Male","MultiRacial",0,0,0,0,0
"STU000093",2016,"Female","Black",0,0,0,0,1
"STU000094",2016,"Male","White",0,0,0,0,0
"STU000095",2016,"Female","Hispanic",0,0,0,0,1
"STU000096",2016,"Female","Hispanic",0,0,0,0,1
"STU000097",2016,"Male","White",0,1,0,0,1
"STU000098",2016,"Female","MultiRacial",0,0,0,0,1
"STU000099",2016,"Male","White",1,0,0,0,1
"STU000100",2016,"Male","White",0,1,0,0,0
"STU000101",2016,"Female","White",1,1,0,0,1
"STU000102",2016,"Female","White",0,0,0,1,0
"STU000103",2016,"Male","Black",0,0,0,0,1
"STU000104",2016,"Male","Hispanic",0,1,0,0,1
"STU000105",2016,"Female","White",0,1,0,0,0
"STU000106",2016,"Female","White",0,0,0,0,1
"STU000107",2016,"Male","White",0,0,0,0,0
"STU000108",2016,"Male","White",0,0,0,1,1
"STU000109",2016,"Male","White",1,1,0,0,1
"STU000110",2016,"Male","MultiRacial",0,1,0,0,1
"STU000111",2016,"Male","White",1,0,0,0,0
"STU000112",2016,"Male","White",0,0,0,0,1
"STU000113",2016,"Female","Black",0,0,0,0,0
"STU000114",2016,"Male","Hispanic",1,0,0,0,0
"STU000115",2016,"Male","White",1,0,0,0,0
"STU000116",2016,"Male","White",0,0,0,0,1
"STU000117",2016,"Male","Hispanic",0,1,0,1,1
"STU000118",2016,"Male","White",0,0,1,0,0
"STU000119",2016,"Female","White",0,1,0,1,0
"STU000120",2016,"Male","Asian",0,1,0,0,1
"STU000121",2016,"Female","Hispanic",0,1,0,0,1
"STU000122",2016,"Male","Asian",1,1,0,0,0
"STU000123",2016,"Female","MultiRacial",0,0,0,0,0
"STU000124",2016,"Female","White",1,1,0,0,0
"STU000125",2016,"Female","AmericanIndian",0,1,0,0,1
"STU000126",2016,"Female","Black",1,1,0,0,1
"STU000127",2016,"Male","White",0,1,0,0,0
"STU000128",2016,"Female","White",0,1,0,0,0
"STU000129",2016,"Male","Black",0,0,0,0,0
"STU000130",2016,"Male","Black",0,1,0,0,1
"STU000131",2016,"Male","White",1,0,0,1,1
"STU000132",2016,"Male","White",0,1,0,0,1
"STU000133",2016,"Male","Black",0,0,1,0,1
"STU000134",2016,"Female","White",1,1,0,0,0
"STU000135",2016,"Female","White",0,0,1,0,1
"STU000136",2016,"Female","White",1,1,1,0,0
"STU000137",2016,"Male","AmericanIndian",1,0,0,0,1
"STU000138",2016,"Male","Asian",0,1,0,0,0
"STU000139",2016,"Male","Asian",1,0,1,0,1
"STU000140",2016,"Female","Black",0,0,0,0,0
"STU000141",2016,"Male","Asian",0,1,0,0,0
"STU000142",2016,"Male","Black",0,0,0,0,0
"STU000143",2016,"Male","White",1,0,1,0,0
"STU000144",2016,"Male","Black",0,0,0,0,0
"STU000145",2016,"Male","Hispanic",1,0,0,0,0
"STU000146",2016,"Male","White",0,1,0,0,1
"STU000147",2016,"Female","Other",1,0,0,0,0
"STU000148",2016,"Male","White",0,1,0,0,0
"STU000149",2016,"Female","Hispanic",0,1,0,0,0
"STU000150",2016,"Female","Hispanic",0,1,0,0,0
"STU000151",2016,"Male","White",0,0,0,0,1
"STU000152",2016,"Female","White",1,1,0,0,0
"STU000153",2016,"Male","Hispanic",0,0,0,0,1
"STU000154",2016,"Male","White",1,1,0,0,1
"STU000155",2016,"Male","Hispanic",0,0,0,0,0
"STU000156",2016,"Male","White",1,0,0,0,0
"STU000157",2016,"Female","Black",1,1,0,0,1
"STU000158",2016,"Male","White",0,0,0,0,0
"STU000159",2016,"Female","White",0,0,0,0,0
"STU000160",2016,"Male","MultiRacial",1,0,0,0,1
"STU000161",2016,"Male","White",1,1,0,0,1
"STU000162",2016,"Female","White",0,1,0,0,1
"STU000163",2016,"Male","White",0,0,0,0,0
"STU000164",2016,"Male","Black",0,0,0,0,1
"STU000165",2016,"Female","Hispanic",1,0,0,0,1
"STU000166",2016,"Female","Other",0,1,0,0,1
"STU000167",2016,"Male","White",1,1,0,0,0
"STU000168",2016,"Female","Hispanic",0,0,0,1,1
"STU000169",2016,"Female","White",0,0,0,0,0
"STU000170",2016,"Male","Other",1,0,0,0,1
"STU000171",2016,"Male","White",0,1,0,0,0
"STU000172",2016,"Female","White",1,1,0,0,0
"STU000173",2016,"Male","Asian",0,0,0,0,0
"STU000174",2016,"Female","White",0,0,1,0,0
"STU000175",2016,"Male","White",0,0,1,0,0
"STU000176",2016,"Female","White",0,1,0,0,0
"STU000177",2016,"Female","White",0,1,0,0,1
"STU000178",2016,"Female","MultiRacial",1,0,0,0,0
"STU000179",2016,"Male","Hispanic",0,0,1,0,1
"STU000180",2016,"Male","White",0,1,0,0,0
"STU000181",2016,"Male","White",1,1,0,0,0
"STU000182",2016,"Male","Black",0,0,0,1,1
"STU000183",2016,"Male","White",0,0,0,0,0
"STU000184",2016,"Male","AmericanIndian",1,1,0,0,1
"STU000185",2016,"Male","White",0,0,0,0,0
"STU000186",2016,"Female","Hispanic",0,0,0,0,1
"STU000187",2016,"Female","White",1,1,0,0,0
"STU000188",2016,"Male","Asian",0,0,0,0,1
"STU000189",2016,"Female","White",1,0,0,0,1
"STU000190",2016,"Male","Hispanic",0,1,1,1,1
"STU000191",2016,"Male","White",1,0,0,0,1
"STU000192",2016,"Male","Hispanic",0,1,0,0,1
"STU000193",2016,"Female","White",1,0,0,0,1
"STU000194",2016,"Female","White",0,1,0,0,0
"STU000195",2016,"Female","MultiRacial",1,0,0,0,1
"STU000196",2016,"Female","White",1,0,1,0,0
"STU000197",2016,"Male","White",0,0,0,1,1
"STU000198",2016,"Female","White",0,0,0,0,1
"STU000199",2016,"Female","Hispanic",0,1,0,0,1
"STU000200",2016,"Male","Hispanic",1,1,0,0,1
"STU000201",2016,"Female","White",1,0,0,0,0
"STU000202",2016,"Female","White",0,0,0,0,0
"STU000203",2016,"Female","White",1,0,0,0,0
"STU000204",2016,"Male","White",1,0,0,1,0
"STU000205",2016,"Female","White",0,0,0,0,1
"STU000206",2016,"Male","White",1,0,0,0,0
"STU000207",2016,"Female","White",0,1,1,1,0
"STU000208",2016,"NonBinary_Other","Hispanic",0,1,0,0,0
"STU000209",2016,"Female","Other",1,0,0,0,1
"STU000210",2016,"Female","Hispanic",1,0,0,0,1
"STU000211",2016,"Female","MultiRacial",0,0,0,0,0
"STU000212",2016,"Female","White",0,1,0,0,0
"STU000213",2016,"Female","White",0,0,1,0,0
"STU000214",2016,"Male","White",1,0,0,0,0
"STU000215",2016,"Female","Hispanic",0,0,0,0,1
"STU000216",2016,"Male","Hispanic",1,0,0,0,0
"STU000217",2016,"Male","White",0,0,0,1,0
"STU000218",2016,"Female","Hispanic",0,0,0,0,0
"STU000219",2016,"Male","MultiRacial",0,0,0,0,1
"STU000220",2016,"Male","Hispanic",0,1,1,0,1
"STU000221",2016,"Male","White",0,0,0,0,0
"STU000222",2016,"Female","Black",0,1,1,0,1
"STU000223",2016,"Female","Asian",1,0,0,0,1
"STU000224",2016,"Male","Hispanic",1,1,0,0,0
"STU000225",2016,"Female","Hispanic",0,1,0,0,1
"STU000226",2016,"Female","Hispanic",0,0,0,0,1
"STU000227",2016,"Female","Asian",0,0,1,0,1
"STU000228",2016,"Female","White",0,0,0,0,1
"STU000229",2016,"Male","Black",0,1,0,0,1
"STU000230",2016,"Male","Hispanic",0,0,0,0,1
"STU000231",2016,"NonBinary_Other","Asian",1,1,0,0,1
"STU000232",2016,"Female","White",0,0,0,0,0
"STU000233",2016,"Male","Hispanic",0,0,0,1,0
"STU000234",2016,"Male","Hispanic",0,1,0,0,1
"STU000235",2016,"Female","White",1,1,0,1,0
"STU000236",2016,"Female","White",0,0,0,0,0
"STU000237",2016,"NonBinary_Other","White",0,0,0,0,0
"STU000238",2016,"Male","Asian",0,1,0,0,0
"STU000239",2016,"Male","Hispanic",0,0,0,0,0
"STU000240",2016,"Female","Hispanic",1,1,0,0,1
"STU000241",2016,"Female","White",1,0,0,0,0
"STU000242",2016,"Female","Hispanic",0,0,0,0,0
"STU000243",2016,"Female","White",0,1,0,0,0
"STU000244",2016,"Male","Hispanic",0,1,1,0,0
"STU000245",2016,"Male","White",0,1,0,0,0
"STU000246",2016,"Male","Hispanic",0,0,0,0,1
"STU000247",2016,"Female","Asian",1,1,0,0,0
"STU000248",2016,"Male","Hispanic",0,0,0,1,0
"STU000249",2016,"Male","Asian",0,1,0,1,0
"STU000250",2016,"Female","Asian",0,1,0,1,1
"STU000251",2016,"Female","Asian",1,0,0,0,0
"STU000252",2016,"Male","White",0,0,0,0,0
"STU000253",2016,"Female","Hispanic",0,0,0,0,0
"STU000254",2016,"Female","MultiRacial",0,1,0,1,1
"STU000255",2016,"Male","Asian",1,0,0,1,1
"STU000256",2016,"Male","White",0,0,0,0,0
"STU000257",2016,"Female","White",1,0,0,0,0
"STU000258",2016,"Female","White",0,0,0,0,1
"STU000259",2016,"Female","AmericanIndian",0,1,0,1,0
"STU000260",2016,"Male","MultiRacial",0,1,0,1,1
"STU000261",2016,"Female","White",0,1,1,0,0
"STU000262",2016,"Male","White",0,1,0,0,0
"STU000263",2016,"Male","Asian",1,0,0,0,1
"STU000264",2016,"Female","Hispanic",0,0,1,0,1
"STU000265",2016,"Male","White",1,0,0,0,0
"STU000266",2016,"Male","AmericanIndian",0,1,0,0,1
"STU000267",2016,"Female","White",1,0,0,0,0
"STU000268",2016,"Female","Other",1,1,0,1,0
"STU000269",2016,"Male","White",1,1,1,0,1
"STU000270",2016,"Male","Black",0,0,0,0,1
"STU000271",2016,"Male","White",1,0,0,0,0
"STU000272",2016,"Male","Hispanic",1,0,0,1,0
"STU000273",2016,"Female","White",0,0,0,1,0
"STU000274",2016,"Female","Black",0,1,0,1,1
"STU000275",2016,"Male","Hispanic",1,0,0,0,1
"STU000276",2016,"Male","White",1,1,0,0,0
"STU000277",2016,"Male","White",1,1,0,0,1
"STU000278",2016,"Female","Hispanic",0,0,0,0,0
"STU000279",2016,"Female","White",0,1,0,0,0
"STU000280",2016,"Female","White",1,1,0,0,1
"STU000281",2016,"Male","White",1,0,0,0,1
"STU000282",2016,"Male","White",0,0,0,0,0
"STU000283",2016,"Male","Black",1,1,1,0,1
"STU000284",2016,"Male","White",0,1,1,0,0
"STU000285",2016,"Male","White",0,1,0,0,1
"STU000286",2016,"Male","White",0,0,0,0,1
"STU000287",2016,"Male","White",0,0,0,0,0
"STU000288",2016,"Female","White",0,0,1,0,1
"STU000289",2016,"Female","White",0,0,0,0,0
"STU000290",2016,"Female","White",1,1,0,0,0
"STU000291",2016,"Female","White",0,0,0,0,0
"STU000292",2016,"Female","White",0,1,0,0,0
"STU000293",2016,"Female","Black",1,0,0,0,1
"STU000294",2016,"Male","MultiRacial",1,0,0,0,1
"STU000295",2016,"Male","White",1,1,1,0,1
"STU000296",2016,"Female","Hispanic",1,0,0,0,0
"STU000297",2016,"Female","White",0,0,0,0,1
"STU000298",2016,"Female","Black",0,0,0,0,0
"STU000299",2016,"Female","White",0,0,1,0,0
"STU000300",2016,"Male","White",0,0,0,0,1
"STU000301",2016,"Male","White",0,1,0,1,0
"STU000302",2016,"Female","White",0,0,1,0,0
"STU000303",2016,"Male","MultiRacial",1,0,0,1,0
"STU000304",2016,"Male","Hispanic",0,0,0,0,1
"STU000305",2016,"Female","White",1,0,0,1,0
"STU000306",2016,"Male","Hispanic",0,1,0,0,1
"STU000307",2016,"Female","Hispanic",1,1,0,0,0
"STU000308",2016,"Female","White",1,1,0,0,0
"STU000309",2016,"Male","Black",0,0,0,0,0
"STU000310",2016,"Female","White",1,1,0,0,0
"STU000311",2016,"Female","Hispanic",0,0,1,0,0
"STU000312",2016,"Female","MultiRacial",1,0,0,0,0
"STU000313",2016,"Male","White",1,1,0,0,0
"STU000314",2016,"Female","Hispanic",0,1,0,1,0
"STU000315",2016,"Male","White",1,1,0,0,0
"STU000316",2016,"Female","White",0,0,0,1,0
"STU000317",2016,"Female","White",0,0,0,0,0
"STU000318",2016,"Male","Hispanic",0,1,0,0,0
"STU000319",2016,"Female","White",1,0,0,1,0
"STU000320",2016,"Male","White",0,0,0,0,0
"STU000321",2016,"Female","Hispanic",0,0,0,0,0
"STU000322",2016,"Female","White",0,0,1,0,0
"STU000323",2016,"Female","White",0,0,1,0,1
"STU000324",2016,"Male","Hispanic",0,0,0,0,1
"STU000325",2016,"Female","Black",0,0,0,0,0
"STU000326",2016,"Male","White",0,1,0,0,0
"STU000327",2016,"Male","MultiRacial",0,0,1,0,0
"STU000328",2016,"Male","Hispanic",0,0,0,0,1
"STU000329",2016,"Female","Hispanic",0,1,0,0,1
"STU000330",2016,"Female","Hispanic",1,0,0,1,1
"STU000331",2016,"Male","White",1,1,1,1,0
"STU000332",2016,"NonBinary_Other","Other",0,0,0,0,0
"STU000333",2016,"Male","Asian",0,1,1,0,0
"STU000334",2016,"Female","White",0,0,1,0,1
"STU000335",2016,"Male","MultiRacial",0,0,0,0,0
"STU000336",2016,"Male","White",1,1,0,0,0
"STU000337",2016,"Male","Hispanic",0,1,0,0,1
"STU000338",2016,"Female","White",0,0,0,0,0
"STU000339",2016,"Female","Hispanic",1,1,0,0,1
"STU000340",2016,"Male","White",0,0,0,0,0
"STU000341",2016,"Female","Hispanic",0,0,0,0,1
"STU000342",2016,"Female","Hispanic",0,1,0,1,0
"STU000343",2016,"Male","Hispanic",1,0,0,0,1
"STU000344",2016,"Male","White",1,1,1,0,0
"STU000345",2016,"Female","Hispanic",1,1,0,0,1
"STU000346",2016,"Female","White",0,0,0,0,0
"STU000347",2016,"Male","White",1,1,0,0,1
"STU000348",2016,"Male","White",0,0,0,0,1
"STU000349",2016,"Female","Asian",1,1,0,0,0
"STU000350",2016,"Male","White",0,1,0,0,0
"STU000351",2016,"Male","Black",1,0,0,0,1
"STU000352",2016,"Male","White",1,0,0,0,0
"STU000353",2016,"Male","Hispanic",1,0,1,0,0
"STU000354",2016,"Female","White",1,1,0,0,0
"STU000355",2016,"Male","White",1,1,0,0,0
"STU000356",2016,"Female","Black",0,1,0,0,0
"STU000357",2016,"Male","AmericanIndian",1,0,0,0,1
"STU000358",2016,"Female","White",0,1,0,1,0
"STU000359",2016,"Male","MultiRacial",0,0,0,0,1
"STU000360",2016,"Female","White",1,1,0,0,1
"STU000361",2016,"Female","Other",1,1,0,0,0
"STU000362",2016,"Male","White",0,0,1,0,0
"STU000363",2016,"Female","MultiRacial",0,0,0,1,0
"STU000364",2016,"Female","Black",0,1,0,0,1
"STU000365",2016,"Male","White",0,0,1,1,1
"STU000366",2016,"Female","White",1,0,1,0,0
"STU000367",2016,"Female","White",0,1,0,0,0
"STU000368",2016,"Male","MultiRacial",0,0,0,0,0
"STU000369",2016,"Male","Asian",0,0,0,0,0
"STU000370",2016,"Male","White",0,0,0,0,0
"STU000371",2016,"Female","Hispanic",0,0,0,0,0
"STU000372",2016,"Male","White",0,1,0,0,0
"STU000373",2016,"Female","Asian",0,1,0,0,1
"STU000374",2016,"Male","Black",0,0,0,0,1
"STU000375",2016,"Male","White",1,0,0,1,1
"STU000376",2016,"Male","Asian",0,1,0,0,1
"STU000377",2016,"Female","White",0,1,0,0,0
"STU000378",2016,"Male","Hispanic",0,0,0,0,1
"STU000379",2016,"Male","White",0,1,0,0,1
"STU000380",2016,"Male","White",0,0,1,0,1
"STU000381",2016,"Female","White",0,0,0,0,0
"STU000382",2016,"Female","Asian",1,0,0,0,0
"STU000383",2016,"Female","AmericanIndian",1,0,0,0,0
"STU000384",2016,"Male","Asian",1,1,0,0,1
"STU000385",2016,"Female","White",0,1,0,1,0
"STU000386",2016,"NonBinary_Other","White",0,1,0,1,0
"STU000387",2016,"Female","Other",0,0,0,0,0
"STU000388",2016,"Male","AmericanIndian",1,1,0,0,1
"STU000389",2016,"Male","White",0,1,0,1,0
"STU000390",2016,"Female","Hispanic",0,1,1,0,1
"STU000391",2016,"Male","White",0,0,0,0,0
"STU000392",2016,"Male","Hispanic",1,1,0,1,1
"STU000393",2016,"Female","White",1,0,1,0,1
"STU000394",2016,"Female","Black",1,1,0,0,1
"STU000395",2016,"Female","White",0,1,0,1,0
"STU000396",2016,"Male","Other",1,0,0,0,0
"STU000397",2016,"Female","Hispanic",0,1,0,0,1
"STU000398",2016,"Male","White",0,0,1,0,0
"STU000399",2016,"Female","Hispanic",0,1,0,0,0
"STU000400",2016,"Male","Hispanic",0,1,0,0,1
"STU000401",2016,"Female","White",0,0,0,0,0
"STU000402",2016,"Female","White",0,1,1,1,0
"STU000403",2016,"Female","Hispanic",1,0,1,0,1
"STU000404",2016,"Male","Black",0,1,0,0,1
"STU000405",2016,"Male","AmericanIndian",0,1,1,0,1
"STU000406",2016,"Female","AmericanIndian",0,1,0,0,1
"STU000407",2016,"Female","White",0,0,0,1,0
"STU000408",2016,"Female","White",0,0,0,0,0
"STU000409",2016,"Female","White",0,1,0,0,0
"STU000410",2016,"Female","AmericanIndian",0,1,0,0,0
"STU000411",2016,"Female","AmericanIndian",0,0,0,0,1
"STU000412",2016,"Female","White",1,0,0,0,1
"STU000413",2016,"Female","Hispanic",0,1,0,0,1
"STU000414",2016,"Male","Asian",0,0,0,0,1
"STU000415",2016,"Female","White",1,0,0,0,0
"STU000416",2016,"Female","AmericanIndian",0,0,0,0,1
"STU000417",2016,"Male","White",1,1,1,0,0
"STU000418",2016,"Female","Black",0,1,0,0,1
"STU000419",2016,"Female","Hispanic",0,0,0,0,1
"STU000420",2016,"Female","White",0,0,1,0,0
"STU000421",2016,"Male","MultiRacial",1,1,0,0,0
"STU000422",2016,"Female","AmericanIndian",0,1,0,0,1
"STU000423",2016,"Female","Hispanic",1,0,0,0,1
"STU000424",2016,"Male","White",1,0,0,0,0
"STU000425",2016,"Male","Hispanic",0,0,0,0,0
"STU000426",2016,"Male","AmericanIndian",1,1,0,0,1
"STU000427",2016,"Male","White",0,1,1,0,0
"STU000428",2016,"Male","Hispanic",0,0,0,0,1
"STU000429",2016,"Male","White",1,0,1,0,1
"STU000430",2016,"Female","Black",0,0,0,1,0
"STU000431",2016,"Male","Black",0,1,0,0,1
"STU000432",2016,"Female","Asian",0,0,0,0,0
"STU000433",2016,"Male","White",1,1,1,0,0
"STU000434",2016,"Female","White",0,1,0,0,0
"STU000435",2016,"Female","White",0,1,0,0,1
"STU000436",2016,"Female","White",0,1,0,0,0
"STU000437",2016,"Male","Black",0,0,0,0,1
"STU000438",2016,"Male","Hispanic",1,0,0,0,0
"STU000439",2016,"Female","White",0,1,0,0,0
"STU000440",2016,"Male","White",0,1,0,1,0
"STU000441",2016,"Male","White",1,1,0,0,0
"STU000442",2016,"Female","Hispanic",0,1,0,0,1
"STU000443",2016,"Female","Other",0,1,1,0,1
"STU000444",2016,"Female","White",0,0,0,0,0
"STU000445",2016,"Male","White",0,0,1,0,1
"STU000446",2016,"Male","Hispanic",1,0,0,0,1
"STU000447",2016,"Female","White",0,1,0,0,0
"STU000448",2016,"Male","Hispanic",0,0,0,0,0
"STU000449",2016,"Female","White",0,1,0,0,0
"STU000450",2016,"Male","White",0,0,0,0,0
"STU000451",2016,"Male","White",1,1,0,0,0
"STU000452",2016,"Male","Hispanic",0,0,0,0,1
"STU000453",2016,"Female","Hispanic",0,0,0,0,1
"STU000454",2016,"Female","White",1,0,0,0,0
"STU000455",2016,"Male","White",0,0,0,0,0
"STU000456",2016,"Male","White",0,0,0,0,0
"STU000457",2016,"Female","Hispanic",0,0,0,0,0
"STU000458",2016,"Male","White",0,0,0,0,0
"STU000459",2016,"Female","Hispanic",0,1,1,0,0
"STU000460",2016,"Male","AmericanIndian",0,0,0,0,1
"STU000461",2016,"Male","White",1,1,0,0,1
"STU000462",2016,"Female","White",0,1,0,0,0
"STU000463",2016,"Male","Hispanic",0,1,0,1,0
"STU000464",2016,"Female","MultiRacial",0,1,0,0,1
"STU000465",2016,"Female","White",0,0,0,0,0
"STU000466",2016,"Male","Black",1,1,0,0,1
"STU000467",2016,"Male","White",0,0,0,0,0
"STU000468",2016,"Male","Hispanic",0,0,0,0,1
"STU000469",2016,"Female","Asian",0,1,0,1,1
"STU000470",2016,"NonBinary_Other","White",0,0,0,1,0
"STU000471",2016,"Male","White",0,1,0,1,1
"STU000472",2016,"Male","Asian",0,1,0,1,0
"STU000473",2016,"Male","Hispanic",1,0,0,0,1
"STU000474",2016,"Female","White",0,0,0,0,0
"STU000475",2016,"Female","White",0,0,0,0,0
"STU000476",2016,"Female","Black",1,0,0,0,1
"STU000477",2016,"Female","White",1,0,0,0,0
"STU000478",2016,"Male","White",0,0,0,0,0
"STU000479",2016,"Male","White",0,1,1,0,1
"STU000480",2016,"Male","Hispanic",1,0,0,0,0
"STU000481",2016,"Female","White",1,0,0,0,0
"STU000482",2016,"NonBinary_Other","Hispanic",0,1,0,1,1
"STU000483",2016,"Male","White",1,1,0,0,1
"STU000484",2016,"Female","Hispanic",1,0,0,0,1
"STU000485",2016,"Male","White",0,0,0,0,1
"STU000486",2016,"Male","White",0,1,1,0,1
"STU000487",2016,"Female","White",0,0,0,0,0
"STU000488",2016,"Female","White",0,0,0,1,0
"STU000489",2016,"Female","White",0,1,0,1,1
"STU000490",2016,"Female","White",0,0,1,0,0
"STU000491",2016,"Male","White",1,1,0,0,0
"STU000492",2016,"Male","Black",0,1,0,0,0
"STU000493",2016,"Male","Asian",0,1,0,0,1
"STU000494",2016,"Female","White",0,0,0,0,0
"STU000495",2016,"Female","Black",0,0,0,0,1
"STU000496",2016,"Female","White",0,0,0,0,0
"STU000497",2016,"Female","MultiRacial",0,1,0,0,0
"STU000498",2016,"Female","White",0,0,0,0,0
"STU000499",2016,"Female","White",1,1,0,0,0
"STU000500",2016,"Female","Other",0,0,0,0,0
"STU000501",2016,"Male","Hispanic",1,0,1,0,0
"STU000502",2016,"Female","Hispanic",0,1,0,0,0
"STU000503",2016,"Male","White",1,0,1,0,1
"STU000504",2016,"Male","Black",0,0,1,0,1
"STU000505",2016,"Female","Hispanic",0,0,0,0,1
"STU000506",2016,"Female","Hispanic",0,1,0,0,1
"STU000507",2016,"Female","White",0,1,0,0,1
"STU000508",2016,"Female","White",1,0,0,1,0
"STU000509",2016,"NonBinary_Other","White",1,1,0,0,1
"STU000510",2016,"Female","Black",0,1,0,0,0
"STU000511",2016,"Male","White",1,0,0,0,1
"STU000512",2016,"Female","Other",0,0,0,0,1
"STU000513",2016,"Male","White",0,1,0,0,0
"STU000514",2016,"Female","White",0,1,0,0,1
"STU000515",2016,"Female","White",1,0,1,0,0
"STU000516",2016,"Male","Black",0,0,0,0,1
"STU000517",2016,"Male","White",0,1,0,0,0
"STU000518",2016,"Male","Hispanic",0,0,0,0,0
"STU000519",2016,"Male","MultiRacial",0,0,0,0,0
"STU000520",2016,"Female","White",1,1,0,0,1
"STU000521",2016,"Female","White",0,1,1,1,0
"STU000522",2016,"Female","Hispanic",0,0,0,1,0
"STU000523",2016,"Female","Hispanic",0,1,0,0,0
"STU000524",2016,"Male","White",0,1,0,0,0
"STU000525",2016,"Female","Black",0,1,0,0,0
"STU000526",2016,"Female","Hispanic",0,0,0,0,1
"STU000527",2016,"Male","Hispanic",0,0,0,0,1
"STU000528",2016,"Female","Hispanic",1,0,0,0,1
"STU000529",2016,"Male","White",0,0,0,1,1
"STU000530",2016,"Female","Asian",0,0,0,1,1
"STU000531",2016,"Female","White",0,1,0,1,1
"STU000532",2016,"Male","Asian",0,1,0,0,1
"STU000533",2016,"Male","Black",0,0,0,0,0
"STU000534",2016,"Male","Black",0,1,0,0,0
"STU000535",2016,"Male","Asian",0,0,0,1,0
"STU000536",2016,"Female","White",1,1,0,0,0
"STU000537",2016,"Female","Black",0,0,0,0,1
"STU000538",2016,"Male","MultiRacial",1,1,1,0,0
"STU000539",2016,"Male","MultiRacial",0,1,0,0,1
"STU000540",2016,"Female","Hispanic",1,0,0,0,1
"STU000541",2016,"Female","White",1,0,0,0,0
"STU000542",2016,"Male","Hispanic",0,1,0,0,1
"STU000543",2016,"Female","MultiRacial",1,0,0,0,0
"STU000544",2016,"Male","Black",1,1,0,0,1
"STU000545",2016,"Female","Black",0,0,0,1,1
"STU000546",2016,"Female","Hispanic",0,0,0,0,1
"STU000547",2016,"Female","AmericanIndian",1,0,0,0,0
"STU000548",2016,"Male","Other",0,0,0,0,0
"STU000549",2016,"Female","Hispanic",0,1,0,0,1
"STU000550",2016,"Female","White",1,1,0,0,0
"STU000551",2016,"Male","Hispanic",0,0,0,0,0
"STU000552",2016,"Female","White",1,0,0,0,0
"STU000553",2016,"Female","Black",0,1,0,0,1
"STU000554",2016,"Female","Black",1,0,0,0,0
"STU000555",2016,"Female","Black",0,1,0,0,0
"STU000556",2016,"Female","AmericanIndian",0,0,0,0,0
"STU000557",2016,"Male","Hispanic",0,0,0,0,0
"STU000558",2016,"Male","Hispanic",0,0,0,0,0
"STU000559",2016,"Female","MultiRacial",0,0,0,0,0
"STU000560",2016,"Male","Hispanic",0,0,0,0,1
"STU000561",2016,"Female","White",0,0,1,0,0
"STU000562",2016,"Male","White",1,1,1,0,1
"STU000563",2016,"Female","White",0,1,0,0,0
"STU000564",2016,"Male","White",0,0,0,0,0
"STU000565",2016,"Female","Black",0,1,0,0,0
"STU000566",2016,"Female","White",0,1,1,0,0
"STU000567",2016,"Female","White",0,0,0,0,1
"STU000568",2016,"Male","Hispanic",0,1,0,0,1
"STU000569",2016,"Male","Asian",0,0,0,0,0
"STU000570",2016,"Female","White",1,1,0,0,0
"STU000571",2016,"NonBinary_Other","Asian",1,0,0,0,0
"STU000572",2016,"Male","White",0,0,0,0,0
"STU000573",2016,"Male","Hispanic",0,1,0,0,1
"STU000574",2016,"Male","White",1,0,0,0,1
"STU000575",2016,"Female","White",0,1,0,0,0
"STU000576",2016,"Female","Asian",1,0,0,0,1
"STU000577",2016,"Male","Asian",0,1,0,0,0
"STU000578",2016,"Male","White",0,1,1,0,0
"STU000579",2016,"Female","White",1,1,0,0,1
"STU000580",2016,"Male","AmericanIndian",1,0,0,1,1
"STU000581",2016,"Male","White",0,1,0,0,1
"STU000582",2016,"Male","White",0,0,0,0,0
"STU000583",2016,"Male","MultiRacial",0,1,1,0,1
"STU000584",2016,"Female","White",0,0,1,1,0
"STU000585",2016,"Male","White",0,0,0,0,1
"STU000586",2016,"Female","White",0,1,0,0,0
"STU000587",2016,"Female","White",0,0,0,0,0
"STU000588",2016,"Female","White",0,0,0,0,1
"STU000589",2016,"Female","White",0,0,0,0,1
"STU000590",2016,"Male","White",0,1,0,0,1
"STU000591",2016,"Male","White",1,0,0,0,1
"STU000592",2016,"Female","White",0,1,0,0,0
"STU000593",2016,"Female","White",0,0,0,0,1
"STU000594",2016,"Female","White",0,1,0,0,0
"STU000595",2016,"Female","Asian",0,0,0,0,0
"STU000596",2016,"Male","White",0,0,0,0,1
"STU000597",2016,"Male","MultiRacial",1,0,0,0,0
"STU000598",2016,"Male","White",1,1,1,0,0
"STU000599",2016,"Male","White",0,1,0,0,1
"STU000600",2016,"Male","White",0,0,1,1,0
"STU000601",2016,"Female","Hispanic",0,0,0,0,1
"STU000602",2016,"Male","White",0,1,0,0,1
"STU000603",2016,"Male","Hispanic",0,0,0,0,0
"STU000604",2016,"Male","White",1,1,0,0,0
"STU000605",2016,"Male","White",1,0,0,1,0
"STU000606",2016,"NonBinary_Other","Black",0,0,0,0,1
"STU000607",2016,"Male","Hispanic",1,0,0,0,1
"STU000608",2016,"Male","Black",0,0,0,0,1
"STU000609",2016,"Female","Black",0,1,0,0,0
"STU000610",2016,"Female","Hispanic",1,1,1,0,1
"STU000611",2016,"Male","Hispanic",1,1,0,0,0
"STU000612",2016,"Male","White",0,0,0,0,1
"STU000613",2016,"Male","Asian",0,0,0,0,0
"STU000614",2016,"Male","Asian",0,0,0,0,0
"STU000615",2016,"Male","White",1,0,0,0,0
"STU000616",2016,"Male","White",0,0,0,0,0
"STU000617",2016,"Male","Hispanic",0,1,0,0,0
"STU000618",2016,"Male","Asian",0,0,0,0,0
"STU000619",2016,"Male","White",1,0,0,1,0
"STU000620",2016,"Female","White",0,0,0,0,1
"STU000621",2016,"Male","MultiRacial",1,0,0,0,1
"STU000622",2016,"Male","Hispanic",0,1,0,0,0
"STU000623",2016,"NonBinary_Other","Hispanic",1,0,0,0,1
"STU000624",2016,"Male","Hispanic",1,1,0,0,1
"STU000625",2016,"Female","White",0,0,1,0,1
"STU000626",2016,"Female","Hispanic",0,1,0,0,1
"STU000627",2016,"Female","White",0,1,0,0,1
"STU000628",2016,"Female","White",0,0,0,0,1
"STU000629",2016,"Male","Black",0,0,0,0,0
"STU000630",2016,"Female","White",1,0,1,0,0
"STU000631",2016,"Female","White",0,1,0,0,0
"STU000632",2016,"NonBinary_Other","White",1,0,1,0,1
"STU000633",2016,"Male","AmericanIndian",0,1,0,0,1
"STU000634",2016,"Female","MultiRacial",0,0,0,0,0
"STU000635",2016,"Male","White",1,0,0,0,0
"STU000636",2016,"Female","Hispanic",1,0,0,0,1
"STU000637",2016,"Female","Hispanic",0,0,0,0,1
"STU000638",2016,"Female","Black",0,1,0,0,1
"STU000639",2016,"Male","Black",0,1,0,0,1
"STU000640",2016,"Male","Hispanic",0,0,0,0,1
"STU000641",2016,"Female","White",0,0,1,0,0
"STU000642",2016,"Male","Hispanic",1,0,0,0,1
"STU000643",2016,"Male","White",1,1,0,0,0
"STU000644",2016,"Male","Hispanic",1,0,0,0,1
"STU000645",2016,"Female","Hispanic",1,1,0,0,0
"STU000646",2016,"Female","White",0,0,0,0,0
"STU000647",2016,"Male","AmericanIndian",0,0,0,0,0
"STU000648",2016,"Female","MultiRacial",1,0,0,0,1
"STU000649",2016,"Male","Hispanic",0,1,1,0,0
"STU000650",2016,"Female","Black",0,0,0,0,0
"STU000651",2016,"Male","White",0,0,0,0,1
"STU000652",2016,"Female","MultiRacial",0,0,0,0,0
"STU000653",2016,"NonBinary_Other","White",1,1,0,0,0
"STU000654",2016,"Male","Hispanic",1,0,1,0,1
"STU000655",2016,"Female","White",1,1,0,0,0
"STU000656",2016,"Male","Hispanic",0,0,0,0,1
"STU000657",2016,"Male","White",0,1,0,0,1
"STU000658",2016,"Male","Asian",0,0,0,1,1
"STU000659",2016,"Female","White",0,0,1,0,0
"STU000660",2016,"Female","White",1,1,1,0,1
"STU000661",2016,"Male","Black",0,0,0,0,1
"STU000662",2016,"Male","White",0,0,0,0,1
"STU000663",2016,"Male","Hispanic",0,0,1,0,1
"STU000664",2016,"Female","White",0,1,0,0,0
"STU000665",2016,"Female","White",0,0,0,0,1
"STU000666",2016,"Male","White",1,0,1,0,0
"STU000667",2016,"Female","MultiRacial",0,0,0,0,0
"STU000668",2016,"Female","White",1,0,0,0,0
"STU000669",2016,"Female","White",1,0,0,0,1
"STU000670",2016,"NonBinary_Other","AmericanIndian",1,0,0,0,1
"STU000671",2016,"Female","Asian",0,1,0,0,0
"STU000672",2016,"Female","Asian",1,1,0,0,0
"STU000673",2016,"Female","White",0,0,0,1,0
"STU000674",2016,"Female","White",0,1,0,0,0
"STU000675",2016,"Male","Black",0,1,0,0,1
"STU000676",2016,"Male","Asian",0,0,1,1,0
"STU000677",2016,"Male","Black",0,0,0,0,0
"STU000678",2016,"Male","Hispanic",0,0,0,0,0
"STU000679",2016,"Male","MultiRacial",1,0,1,0,0
"STU000680",2016,"Female","Hispanic",0,1,0,0,1
"STU000681",2016,"Male","White",1,0,0,0,0
"STU000682",2016,"Male","White",1,0,0,0,0
"STU000683",2016,"Male","MultiRacial",1,0,0,0,1
"STU000684",2016,"Female","Hispanic",0,0,0,0,1
"STU000685",2016,"Female","AmericanIndian",0,0,0,1,1
"STU000686",2016,"Female","Black",0,1,1,0,1
"STU000687",2016,"Female","White",0,1,0,0,0
"STU000688",2016,"Male","Hispanic",1,0,0,0,1
"STU000689",2016,"Male","White",0,1,0,0,1
"STU000690",2016,"Female","Hispanic",0,0,0,0,1
"STU000691",2016,"Female","White",0,1,0,0,0
"STU000692",2016,"NonBinary_Other","Black",0,1,1,1,1
"STU000693",2016,"Female","White",1,1,0,0,1
"STU000694",2016,"Female","White",0,0,0,0,0
"STU000695",2016,"Male","Other",0,1,0,0,0
"STU000696",2016,"Male","White",0,0,0,0,1
"STU000697",2016,"Male","Hispanic",0,1,0,0,0
"STU000698",2016,"Female","Hispanic",1,1,0,0,1
"STU000699",2016,"Female","Hispanic",0,0,0,0,1
"STU000700",2016,"Female","White",1,1,0,0,0
"STU000701",2016,"Male","Asian",0,0,0,0,0
"STU000702",2016,"Male","Hispanic",1,0,0,0,0
"STU000703",2016,"Male","Hispanic",1,1,0,0,0
"STU000704",2016,"Female","White",1,0,0,0,0
"STU000705",2016,"Male","MultiRacial",1,0,0,1,0
"STU000706",2016,"Female","Hispanic",0,0,0,0,0
"STU000707",2016,"Female","Hispanic",0,0,0,0,0
"STU000708",2016,"Male","Asian",0,1,0,0,0
"STU000709",2016,"Male","Hispanic",0,0,0,0,1
"STU000710",2016,"Male","White",1,0,0,0,0
"STU000711",2016,"Male","White",0,1,0,0,1
"STU000712",2016,"Female","White",0,0,1,0,0
"STU000713",2016,"Female","White",0,0,0,0,0
"STU000714",2016,"NonBinary_Other","Hispanic",0,1,0,0,0
"STU000715",2016,"Male","Hispanic",0,0,0,1,1
"STU000716",2016,"Female","MultiRacial",1,0,1,0,1
"STU000717",2016,"Male","White",0,1,0,0,0
"STU000718",2016,"Female","MultiRacial",1,0,0,0,0
"STU000719",2016,"Male","White",0,0,0,0,0
"STU000720",2016,"Male","Hispanic",1,1,0,0,1
"STU000721",2016,"Female","White",0,0,0,0,0
"STU000722",2016,"Female","Asian",0,0,1,0,0
"STU000723",2016,"Female","Other",0,0,1,0,1
"STU000724",2016,"Female","Hispanic",0,1,0,0,0
"STU000725",2016,"Male","White",0,0,1,0,0
"STU000726",2016,"Male","MultiRacial",0,0,0,0,1
"STU000727",2016,"Male","White",0,1,1,0,0
"STU000728",2016,"Female","Hispanic",1,1,0,0,0
"STU000729",2016,"Female","Asian",0,1,0,0,0
"STU000730",2016,"Male","Asian",1,1,0,0,0
"STU000731",2016,"Female","White",1,1,0,0,0
"STU000732",2016,"Male","Asian",0,1,0,0,1
"STU000733",2016,"Female","Asian",0,1,0,0,0
"STU000734",2016,"Male","AmericanIndian",0,1,0,0,1
"STU000735",2016,"Female","White",0,0,1,0,0
"STU000736",2016,"Male","Black",0,0,0,0,1
"STU000737",2016,"Male","White",1,0,0,0,1
"STU000738",2016,"Female","Other",1,1,1,0,0
"STU000739",2016,"Male","Hispanic",1,1,0,0,0
"STU000740",2016,"Female","Asian",0,1,0,0,1
"STU000741",2016,"Male","White",0,0,0,0,0
"STU000742",2016,"Male","Black",0,0,0,0,1
"STU000743",2016,"Female","White",1,0,0,0,1
"STU000744",2016,"Female","White",1,1,0,0,1
"STU000745",2016,"Male","White",0,0,0,1,1
"STU000746",2016,"Male","AmericanIndian",0,0,0,0,0
"STU000747",2016,"NonBinary_Other","MultiRacial",0,0,0,0,1
"STU000748",2016,"Female","AmericanIndian",0,0,0,0,1
"STU000749",2016,"Male","MultiRacial",1,1,1,0,0
"STU000750",2016,"Female","White",0,1,0,0,1
"STU000751",2016,"Male","White",0,0,0,0,0
"STU000752",2016,"Female","Hispanic",0,1,0,1,0
"STU000753",2016,"Male","White",0,1,0,0,0
"STU000754",2016,"Female","Asian",1,0,1,0,0
"STU000755",2016,"Male","Other",1,0,0,0,0
"STU000756",2016,"Male","White",0,0,0,0,0
"STU000757",2016,"Female","White",1,0,0,0,0
"STU000758",2016,"Female","White",0,0,0,0,1
"STU000759",2016,"Male","White",0,1,0,0,0
"STU000760",2016,"Male","Hispanic",0,0,0,0,1
"STU000761",2016,"Female","MultiRacial",0,0,1,0,0
"STU000762",2016,"Female","Black",0,1,0,0,0
"STU000763",2016,"Female","Asian",0,0,0,0,1
"STU000764",2016,"Male","Hispanic",0,1,0,0,0
"STU000765",2016,"Female","Hispanic",0,0,0,0,1
"STU000766",2016,"Female","MultiRacial",0,0,0,0,1
"STU000767",2016,"Female","White",0,1,0,0,0
"STU000768",2016,"Female","AmericanIndian",0,1,0,0,1
"STU000769",2016,"Male","Black",0,1,0,1,1
"STU000770",2016,"Male","White",0,1,0,0,0
"STU000771",2016,"Female","White",0,1,0,0,0
"STU000772",2016,"Female","White",1,1,1,0,0
"STU000773",2016,"Female","Hispanic",0,1,1,1,0
"STU000774",2016,"NonBinary_Other","White",0,1,0,0,1
"STU000775",2016,"Female","Black",1,0,1,0,1
"STU000776",2016,"Female","White",0,0,0,0,0
"STU000777",2016,"Female","White",0,1,0,1,0
"STU000778",2016,"Male","White",0,1,0,0,0
"STU000779",2016,"Male","White",0,0,1,0,0
"STU000780",2016,"Male","Black",0,0,0,0,1
"STU000781",2016,"Male","White",0,1,0,0,0
"STU000782",2016,"Male","Asian",1,0,0,0,1
"STU000783",2016,"Male","White",0,0,0,0,0
"STU000784",2016,"Male","Hispanic",0,1,0,0,1
"STU000785",2016,"Male","Hispanic",0,1,0,0,1
"STU000786",2016,"NonBinary_Other","White",1,0,0,1,0
"STU000787",2016,"Male","MultiRacial",1,0,0,0,0
"STU000788",2016,"NonBinary_Other","White",0,0,0,0,1
"STU000789",2016,"Female","White",0,0,1,0,0
"STU000790",2016,"Male","Hispanic",0,0,1,0,1
"STU000791",2016,"Female","White",0,1,0,0,0
"STU000792",2016,"Male","Hispanic",1,0,1,0,1
"STU000793",2016,"Female","Black",1,1,1,0,0
"STU000794",2016,"Female","Black",0,1,0,1,0
"STU000795",2016,"Female","Black",0,0,0,0,0
"STU000796",2016,"Female","Asian",0,0,0,0,0
"STU000797",2016,"Male","White",0,1,0,0,0
"STU000798",2016,"Female","White",0,1,0,0,0
"STU000799",2016,"Male","White",0,0,0,0,1
"STU000800",2016,"Male","Asian",0,1,0,0,0
"STU000801",2016,"Female","White",0,1,0,0,1
"STU000802",2016,"Female","Black",0,0,0,0,1
"STU000803",2016,"Male","White",1,1,0,0,0
"STU000804",2016,"Female","Asian",0,1,0,0,0
"STU000805",2016,"Male","Black",1,1,1,0,1
"STU000806",2016,"Female","AmericanIndian",0,0,0,0,1
"STU000807",2016,"Female","White",1,0,0,0,0
"STU000808",2016,"Female","Asian",0,1,0,0,1
"STU000809",2016,"Female","Hispanic",1,0,0,1,0
"STU000810",2016,"Female","Hispanic",0,0,0,0,1
"STU000811",2016,"Female","Asian",0,0,0,0,0
"STU000812",2016,"Female","White",0,0,0,0,0
"STU000813",2016,"Male","White",0,0,0,0,0
"STU000814",2016,"Male","Hispanic",1,0,0,0,1
"STU000815",2016,"Female","White",0,1,0,0,0
"STU000816",2016,"Male","AmericanIndian",0,1,1,0,1
"STU000817",2016,"Female","White",0,0,1,0,0
"STU000818",2016,"Male","Black",0,0,0,0,1
"STU000819",2016,"Female","White",0,0,1,0,0
"STU000820",2016,"Female","White",0,0,0,0,0
"STU000821",2016,"Female","Black",1,0,0,0,1
"STU000822",2016,"Male","White",0,0,0,0,1
"STU000823",2016,"Female","White",0,0,0,0,0
"STU000824",2016,"Male","Hispanic",0,0,0,0,1
"STU000825",2016,"Female","Hispanic",0,1,0,0,0
"STU000826",2016,"Male","White",1,0,0,0,0
"STU000827",2016,"Female","White",1,0,0,0,0
"STU000828",2016,"Male","MultiRacial",1,0,0,0,1
"STU000829",2016,"Male","White",0,0,0,0,0
"STU000830",2016,"Male","Asian",0,0,1,0,1
"STU000831",2016,"Female","Hispanic",0,1,0,0,0
"STU000832",2016,"Male","White",0,1,1,0,0
"STU000833",2016,"Female","White",0,0,0,0,1
"STU000834",2016,"Female","White",0,0,0,0,0
"STU000835",2016,"Male","White",0,1,0,0,0
"STU000836",2016,"Female","White",0,1,0,1,0
"STU000837",2016,"Female","Hispanic",1,0,0,0,1
"STU000838",2016,"Female","White",0,0,1,0,0
"STU000839",2016,"Male","Hispanic",0,0,0,0,0
"STU000840",2016,"Male","White",0,0,0,0,1
"STU000841",2016,"Male","MultiRacial",0,0,0,0,1
"STU000842",2016,"Male","White",0,1,0,0,1
"STU000843",2016,"Male","Black",1,1,1,0,0
"STU000844",2016,"Male","Black",0,0,0,1,0
"STU000845",2016,"Female","White",0,0,0,0,1
"STU000846",2016,"Male","White",0,0,0,0,0
"STU000847",2016,"Male","Other",1,0,0,0,0
"STU000848",2016,"Female","White",1,1,0,0,1
"STU000849",2016,"Female","Asian",0,1,0,0,0
"STU000850",2016,"Female","Hispanic",0,0,0,0,0
"STU000851",2016,"Female","White",0,0,0,0,1
"STU000852",2016,"Female","White",0,0,1,0,0
"STU000853",2016,"Female","MultiRacial",0,1,0,0,1
"STU000854",2016,"Male","White",0,0,1,0,0
"STU000855",2016,"Male","White",1,1,1,0,1
"STU000856",2016,"Female","Hispanic",0,1,1,0,0
"STU000857",2016,"Male","AmericanIndian",0,0,0,0,1
"STU000858",2016,"Male","White",1,0,0,1,0
"STU000859",2016,"Male","White",0,0,0,0,0
"STU000860",2016,"Female","White",1,1,0,0,1
"STU000861",2016,"Male","Hispanic",0,1,1,0,1
"STU000862",2016,"Female","White",0,1,0,0,1
"STU000863",2016,"Male","White",1,0,1,0,0
"STU000864",2016,"Female","Hispanic",0,0,0,0,0
"STU000865",2016,"Female","White",1,1,0,0,0
"STU000866",2016,"Female","Black",0,1,0,0,1
"STU000867",2016,"Male","White",1,0,0,0,0
"STU000868",2016,"Female","White",0,1,0,0,0
"STU000869",2016,"NonBinary_Other","Hispanic",0,1,0,0,0
"STU000870",2016,"Female","White",0,1,0,0,1
"STU000871",2016,"Female","White",0,0,0,0,1
"STU000872",2016,"Male","White",0,0,1,1,0
"STU000873",2016,"Male","Hispanic",0,0,0,0,0
"STU000874",2016,"Female","White",0,1,0,1,0
"STU000875",2016,"Male","Hispanic",0,1,0,0,0
"STU000876",2016,"Male","Hispanic",1,1,0,0,0
"STU000877",2016,"Male","Hispanic",0,1,0,0,0
"STU000878",2016,"Female","Hispanic",0,1,0,0,0
"STU000879",2016,"Male","MultiRacial",1,0,0,0,1
"STU000880",2016,"Male","Hispanic",0,1,0,0,1
"STU000881",2016,"Male","White",0,0,0,0,0
"STU000882",2016,"Male","White",0,0,1,1,1
"STU000883",2016,"Female","White",0,0,0,1,0
"STU000884",2016,"Female","White",0,0,0,1,0
"STU000885",2016,"Male","Hispanic",1,0,0,0,1
"STU000886",2016,"Female","White",1,0,1,0,1
"STU000887",2016,"Female","White",0,1,1,0,0
"STU000888",2016,"Male","White",1,1,0,0,1
"STU000889",2016,"Female","Hispanic",0,0,0,0,1
"STU000890",2016,"Female","Hispanic",0,1,0,0,1
"STU000891",2016,"Male","White",0,1,0,0,1
"STU000892",2016,"Female","White",1,1,0,0,1
"STU000893",2016,"Female","White",0,1,0,0,0
"STU000894",2016,"Female","White",0,1,0,0,1
"STU000895",2016,"Male","AmericanIndian",1,1,0,0,0
"STU000896",2016,"Male","White",0,1,0,0,0
"STU000897",2016,"Male","White",0,0,0,0,0
"STU000898",2016,"Female","Hispanic",1,1,0,0,0
"STU000899",2016,"Female","AmericanIndian",1,1,0,0,1
"STU000900",2016,"Female","MultiRacial",0,0,0,0,1
"STU000901",2016,"Male","Hispanic",0,0,0,0,1
"STU000902",2016,"Female","White",1,1,0,0,0
"STU000903",2016,"Female","White",0,1,0,0,0
"STU000904",2016,"Female","White",0,1,0,0,0
"STU000905",2016,"Female","Asian",0,1,0,0,1
"STU000906",2016,"Female","White",1,0,0,0,0
"STU000907",2016,"Female","White",0,0,0,0,0
"STU000908",2016,"Female","White",0,0,0,1,0
"STU000909",2016,"Female","White",0,0,0,0,0
"STU000910",2016,"Male","Hispanic",0,0,0,0,0
"STU000911",2016,"Female","Asian",0,0,0,1,0
"STU000912",2016,"Male","White",0,0,0,0,0
"STU000913",2016,"Male","White",0,0,0,1,0
"STU000914",2016,"Female","Asian",0,0,0,0,0
"STU000915",2016,"Male","Hispanic",0,0,0,0,1
"STU000916",2016,"Male","Hispanic",0,0,0,1,1
"STU000917",2016,"Female","White",0,0,0,0,0
"STU000918",2016,"Male","White",0,0,0,0,0
"STU000919",2016,"Male","White",0,1,0,1,1
"STU000920",2016,"Male","Hispanic",1,1,0,0,1
"STU000921",2016,"Female","White",0,0,0,0,1
"STU000922",2016,"Male","Hispanic",0,1,0,0,1
"STU000923",2016,"Female","Asian",0,0,0,0,1
"STU000924",2016,"Male","MultiRacial",0,0,0,0,0
"STU000925",2016,"Female","White",0,0,0,0,0
"STU000926",2016,"Male","White",1,0,0,0,0
"STU000927",2016,"Male","Asian",0,0,0,0,0
"STU000928",2016,"Female","MultiRacial",1,0,0,0,0
"STU000929",2016,"Male","White",0,0,0,0,0
"STU000930",2016,"Male","Hispanic",0,1,0,0,0
"STU000931",2016,"Male","Black",0,0,0,0,1
"STU000932",2016,"Female","White",0,1,0,0,0
"STU000933",2016,"Male","Hispanic",1,0,0,0,1
"STU000934",2016,"Male","White",0,0,0,0,1
"STU000935",2016,"Female","White",0,1,1,0,1
"STU000936",2016,"Male","White",0,0,0,0,1
"STU000937",2016,"Male","Asian",0,0,0,0,0
"STU000938",2016,"Female","White",0,1,0,0,0
"STU000939",2016,"Male","White",1,0,0,0,0
"STU000940",2016,"Male","White",0,1,0,0,0
"STU000941",2016,"Male","Hispanic",0,1,1,0,1
"STU000942",2016,"Male","White",0,1,0,0,1
"STU000943",2016,"Female","Hispanic",1,0,0,0,0
"STU000944",2016,"Male","White",0,0,0,0,0
"STU000945",2016,"Female","White",0,0,1,0,0
"STU000946",2016,"Female","MultiRacial",0,0,0,0,1
"STU000947",2016,"Female","Hispanic",0,0,0,0,0
"STU000948",2016,"Female","White",0,1,0,0,1
"STU000949",2016,"Female","White",1,0,0,1,1
"STU000950",2016,"Male","Hispanic",0,0,0,0,0
"STU000951",2016,"Male","White",0,1,0,1,1
"STU000952",2016,"Male","Asian",0,0,1,1,1
"STU000953",2016,"Female","Hispanic",0,0,0,0,1
"STU000954",2016,"Male","Hispanic",1,0,0,0,1
"STU000955",2016,"Male","Hispanic",0,0,0,0,1
"STU000956",2016,"Male","Other",1,1,0,0,1
"STU000957",2016,"Male","Hispanic",1,1,1,1,1
"STU000958",2016,"Female","Hispanic",0,1,0,0,1
"STU000959",2016,"Female","MultiRacial",0,1,1,0,1
"STU000960",2016,"Female","White",1,0,0,0,1
"STU000961",2016,"Female","Asian",1,1,1,1,0
"STU000962",2016,"Male","Asian",0,0,0,0,1
"STU000963",2016,"Female","White",0,0,0,0,1
"STU000964",2016,"Male","White",0,1,0,0,0
"STU000965",2016,"Male","White",0,0,1,1,1
"STU000966",2016,"Female","White",0,1,0,0,0
"STU000967",2016,"Male","Hispanic",0,1,1,0,1
"STU000968",2016,"Female","Asian",0,0,0,0,0
"STU000969",2016,"Female","Black",1,1,0,1,1
"STU000970",2016,"Female","White",0,0,0,0,0
"STU000971",2016,"Female","Black",1,1,0,0,0
"STU000972",2016,"Female","White",1,0,0,0,1
"STU000973",2016,"Female","Hispanic",0,0,1,0,1
"STU000974",2016,"Female","Black",0,1,0,0,1
"STU000975",2016,"Male","White",0,1,0,0,0
"STU000976",2016,"Female","Black",0,0,0,0,0
"STU000977",2016,"Female","Other",0,0,0,0,1
"STU000978",2016,"Female","Asian",0,0,0,0,0
"STU000979",2016,"Male","Hispanic",0,1,0,0,0
"STU000980",2016,"NonBinary_Other","Asian",0,0,0,0,1
"STU000981",2016,"Male","White",0,0,0,0,1
"STU000982",2016,"Male","Asian",1,1,0,0,1
"STU000983",2016,"Male","MultiRacial",1,1,0,1,0
"STU000984",2016,"Female","Hispanic",1,0,0,0,1
"STU000985",2016,"Male","White",1,0,1,0,0
"STU000986",2016,"Female","White",1,1,1,0,1
"STU000987",2016,"Male","White",0,1,0,0,0
"STU000988",2016,"Female","Black",1,0,0,1,1
"STU000989",2016,"Female","Hispanic",0,0,0,0,1
"STU000990",2016,"Male","MultiRacial",1,0,0,1,0
"STU000991",2016,"NonBinary_Other","White",0,0,0,0,0
"STU000992",2016,"Male","White",0,1,0,0,0
"STU000993",2016,"Female","White",1,0,0,0,0
"STU000994",2016,"Female","White",0,0,1,0,0
"STU000995",2016,"Female","White",0,0,0,0,0
"STU000996",2016,"Male","White",0,0,0,0,0
"STU000997",2016,"Male","White",0,0,0,0,0
"STU000998",2016,"Male","Hispanic",0,1,1,0,1
"STU000999",2016,"Male","Hispanic",0,0,0,0,0
"STU001000",2016,"Male","White",1,0,0,0,0
"STU001001",2016,"Male","MultiRacial",1,0,0,0,0
"STU001002",2016,"Male","White",0,0,0,0,0
"STU001003",2016,"Male","Asian",0,0,0,0,1
"STU001004",2016,"Female","White",1,0,0,1,1
"STU001005",2016,"Female","White",0,1,0,0,0
"STU001006",2016,"NonBinary_Other","White",0,0,0,0,0
"STU001007",2016,"Female","Hispanic",0,0,0,0,0
"STU001008",2016,"Female","Asian",0,0,0,0,1
"STU001009",2016,"Female","White",0,0,0,0,0
"STU001010",2016,"Female","White",1,1,1,1,1
"STU001011",2016,"Female","Hispanic",0,1,0,0,1
"STU001012",2016,"Male","Black",1,0,1,0,0
"STU001013",2016,"Male","White",0,0,0,1,1
"STU001014",2016,"Male","Asian",1,0,0,0,0
"STU001015",2016,"Male","Hispanic",0,0,0,0,1
"STU001016",2016,"Female","Hispanic",0,1,1,0,0
"STU001017",2016,"Male","AmericanIndian",0,0,0,0,1
"STU001018",2016,"Male","Hispanic",1,0,0,1,1
"STU001019",2016,"Female","MultiRacial",0,0,0,0,1
"STU001020",2016,"Female","White",0,0,0,1,1
"STU001021",2016,"Female","White",0,0,1,0,1
"STU001022",2016,"Female","White",1,1,0,0,0
"STU001023",2016,"Male","Hispanic",1,1,0,0,0
"STU001024",2016,"Male","White",0,0,0,0,0
"STU001025",2016,"Male","Asian",0,1,0,0,1
"STU001026",2016,"Female","White",0,0,0,0,0
"STU001027",2016,"Male","MultiRacial",1,1,0,0,0
"STU001028",2016,"Female","MultiRacial",0,1,0,1,1
"STU001029",2016,"Male","White",0,0,0,0,0
"STU001030",2016,"Male","White",0,1,1,0,1
"STU001031",2016,"Female","Hispanic",1,0,0,0,1
"STU001032",2016,"Male","Hispanic",0,1,0,1,0
"STU001033",2016,"Female","AmericanIndian",0,0,0,0,1
"STU001034",2016,"Male","White",1,0,0,0,1
"STU001035",2016,"Female","White",1,0,0,0,0
"STU001036",2016,"Male","White",1,1,0,1,0
"STU001037",2016,"Female","Black",0,1,0,0,0
"STU001038",2016,"Male","White",1,1,0,0,1
"STU001039",2016,"Female","White",1,0,0,0,0
"STU001040",2016,"Male","White",1,1,0,0,1
"STU001041",2016,"Female","Black",0,0,0,0,0
"STU001042",2016,"Female","Hispanic",0,0,0,0,1
"STU001043",2016,"Male","White",0,0,1,0,1
"STU001044",2016,"Male","White",0,0,0,0,0
"STU001045",2016,"Male","White",1,1,0,0,0
"STU001046",2016,"Female","White",0,1,0,0,0
"STU001047",2016,"Female","White",1,1,0,0,1
"STU001048",2016,"Female","White",0,0,0,0,0
"STU001049",2016,"Female","White",0,0,0,0,0
"STU001050",2016,"Male","Hispanic",0,0,0,0,1
"STU001051",2016,"Male","White",1,0,0,0,0
"STU001052",2016,"Female","Black",0,1,0,0,0
"STU001053",2016,"Female","White",0,0,0,0,0
"STU001054",2016,"Female","White",1,0,0,0,0
"STU001055",2016,"Male","White",1,0,0,0,0
"STU001056",2016,"Female","White",1,0,1,0,0
"STU001057",2016,"Female","White",0,1,0,0,1
"STU001058",2016,"Female","MultiRacial",0,1,0,0,0
"STU001059",2016,"Male","White",1,1,0,0,0
"STU001060",2016,"Male","White",0,1,0,0,0
"STU001061",2016,"Male","MultiRacial",0,1,0,0,0
"STU001062",2016,"Female","Hispanic",0,0,0,0,0
"STU001063",2016,"Female","Black",0,0,0,0,1
"STU001064",2016,"Male","MultiRacial",0,1,0,0,0
"STU001065",2016,"Female","White",1,0,1,0,0
"STU001066",2016,"Female","White",0,0,0,1,0
"STU001067",2016,"Male","White",0,1,0,1,1
"STU001068",2016,"Male","Asian",0,1,0,0,1
"STU001069",2016,"Male","White",0,1,0,0,0
"STU001070",2016,"Male","White",0,0,0,1,1
"STU001071",2016,"Male","White",0,1,0,0,1
"STU001072",2016,"Female","White",0,0,0,0,0
"STU001073",2016,"Male","White",0,0,0,0,0
"STU001074",2016,"Female","White",1,0,0,0,1
"STU001075",2016,"Male","White",1,1,0,1,0
"STU001076",2016,"NonBinary_Other","Black",0,1,0,0,0
"STU001077",2016,"Male","White",0,1,0,0,1
"STU001078",2016,"Male","MultiRacial",0,1,1,1,1
"STU001079",2016,"Female","White",0,1,0,0,1
"STU001080",2016,"Female","White",0,0,0,0,0
"STU001081",2016,"NonBinary_Other","Hispanic",0,1,0,0,0
"STU001082",2016,"Female","White",1,1,0,0,0
"STU001083",2016,"Female","MultiRacial",0,0,0,1,1
"STU001084",2016,"Female","White",0,0,0,0,1
"STU001085",2016,"Female","White",1,0,0,0,0
"STU001086",2016,"Male","White",0,0,0,1,0
"STU001087",2016,"Male","White",0,0,0,0,0
"STU001088",2016,"Female","Black",0,0,0,0,1
"STU001089",2016,"Female","White",0,1,0,0,0
"STU001090",2016,"Male","Other",0,0,0,1,1
"STU001091",2016,"Male","White",0,0,0,0,1
"STU001092",2016,"Female","White",0,1,0,0,0
"STU001093",2016,"Male","Hispanic",0,0,0,0,1
"STU001094",2016,"Female","Asian",0,0,0,0,0
"STU001095",2016,"Female","White",0,0,0,0,1
"STU001096",2016,"Male","Hispanic",0,0,0,0,1
"STU001097",2016,"Female","White",0,0,0,0,0
"STU001098",2016,"Male","Hispanic",1,0,0,0,1
"STU001099",2016,"Female","White",1,0,0,0,1
"STU001100",2016,"Male","White",1,0,0,0,0
"STU001101",2016,"Male","White",1,0,0,1,0
"STU001102",2016,"Male","Hispanic",0,0,0,0,1
"STU001103",2016,"Male","White",0,0,1,0,1
"STU001104",2016,"Female","Hispanic",0,1,0,0,1
"STU001105",2016,"Female","Black",0,0,0,0,1
"STU001106",2016,"Male","Black",0,0,0,0,0
"STU001107",2016,"Female","AmericanIndian",0,0,1,0,0
"STU001108",2016,"Male","Hispanic",0,0,0,0,1
"STU001109",2016,"Male","Hispanic",0,1,0,0,1
"STU001110",2016,"Male","Other",1,0,0,0,1
"STU001111",2016,"Male","White",0,0,1,0,0
"STU001112",2016,"Male","White",1,0,0,0,1
"STU001113",2016,"Female","White",0,0,0,0,0
"STU001114",2016,"Male","White",0,1,0,0,0
"STU001115",2016,"Male","Black",0,0,0,1,1
"STU001116",2016,"Female","White",0,0,0,0,0
"STU001117",2016,"NonBinary_Other","White",1,0,0,1,0
"STU001118",2016,"Female","White",1,0,0,0,1
"STU001119",2016,"Male","White",0,0,0,0,0
"STU001120",2016,"Male","Hispanic",1,1,0,0,0
"STU001121",2016,"Male","Hispanic",0,1,0,1,0
"STU001122",2016,"Male","Hispanic",0,0,0,1,1
"STU001123",2016,"Female","White",0,1,0,0,0
"STU001124",2016,"Male","White",1,0,0,1,0
"STU001125",2016,"Male","White",1,1,0,0,0
"STU001126",2016,"Male","White",0,0,0,0,0
"STU001127",2016,"Female","Hispanic",0,0,0,0,1
"STU001128",2016,"Male","Hispanic",1,0,0,0,1
"STU001129",2016,"Female","Asian",1,0,0,0,0
"STU001130",2016,"Female","White",0,1,0,0,0
"STU001131",2016,"Female","White",1,0,0,0,0
"STU001132",2016,"Female","Black",0,0,0,0,1
"STU001133",2016,"Female","Asian",1,1,0,0,1
"STU001134",2016,"Female","White",0,1,1,0,0
"STU001135",2016,"Male","AmericanIndian",0,1,0,0,1
"STU001136",2016,"Male","MultiRacial",1,0,0,0,1
"STU001137",2016,"Female","Black",0,0,1,0,1
"STU001138",2016,"Female","White",0,0,1,1,0
"STU001139",2016,"Female","White",0,0,0,0,0
"STU001140",2016,"Male","Asian",0,1,0,1,0
"STU001141",2016,"Female","White",1,0,0,0,0
"STU001142",2016,"Male","White",1,1,1,0,0
"STU001143",2016,"Female","White",0,0,1,0,0
"STU001144",2016,"Female","White",0,1,0,1,0
"STU001145",2016,"Male","AmericanIndian",0,0,0,0,1
"STU001146",2016,"Male","White",0,1,0,0,1
"STU001147",2016,"Male","White",0,1,0,0,0
"STU001148",2016,"Male","Other",1,0,0,0,1
"STU001149",2016,"Female","White",0,0,0,0,0
"STU001150",2016,"Female","Black",0,1,0,1,1
"STU001151",2016,"Female","White",0,0,1,0,0
"STU001152",2016,"Female","Black",1,0,0,0,1
"STU001153",2016,"Male","Black",1,1,0,0,0
"STU001154",2016,"Male","White",1,0,0,0,1
"STU001155",2016,"Male","Hispanic",0,0,0,0,1
"STU001156",2016,"Female","Asian",1,0,0,0,0
"STU001157",2016,"Male","White",0,0,0,0,0
"STU001158",2016,"Male","White",0,1,0,0,0
"STU001159",2016,"Male","White",0,0,0,0,0
"STU001160",2016,"NonBinary_Other","White",1,0,0,1,0
"STU001161",2016,"Male","White",0,0,0,0,1
"STU001162",2016,"Male","Hispanic",0,0,0,0,0
"STU001163",2016,"Female","White",0,1,0,0,0
"STU001164",2016,"Female","Hispanic",1,1,0,0,1
"STU001165",2016,"Female","Hispanic",1,1,0,1,1
"STU001166",2016,"Female","White",0,1,0,0,0
"STU001167",2016,"Female","White",0,1,0,0,0
"STU001168",2016,"Female","Hispanic",0,0,1,0,0
"STU001169",2016,"Male","White",0,0,0,0,0
"STU001170",2016,"Male","Hispanic",0,0,0,0,0
"STU001171",2016,"Female","White",0,1,0,0,1
"STU001172",2016,"Female","Hispanic",0,1,1,0,1
"STU001173",2016,"Male","Hispanic",0,0,0,0,1
"STU001174",2016,"Male","Hispanic",0,0,1,0,1
"STU001175",2016,"Female","Asian",1,0,0,0,0
"STU001176",2016,"Male","Other",0,0,0,0,0
"STU001177",2016,"Male","White",0,1,0,0,0
"STU001178",2016,"Female","White",0,0,0,0,0
"STU001179",2016,"Female","White",0,1,0,0,0
"STU001180",2016,"Male","Other",1,1,0,0,0
"STU001181",2016,"Male","Hispanic",0,0,0,0,1
"STU001182",2016,"Female","White",0,0,0,0,0
"STU001183",2016,"Female","White",0,1,0,0,1
"STU001184",2016,"Female","White",1,0,0,0,1
"STU001185",2016,"Female","AmericanIndian",0,0,1,0,0
"STU001186",2016,"Male","White",0,1,0,0,1
"STU001187",2016,"Female","MultiRacial",0,1,0,0,0
"STU001188",2016,"Male","Hispanic",1,1,1,0,1
"STU001189",2016,"Female","AmericanIndian",0,1,1,0,1
"STU001190",2016,"Female","White",1,0,0,1,0
"STU001191",2016,"Female","Asian",1,1,0,0,1
"STU001192",2016,"Female","White",0,1,0,0,1
"STU001193",2016,"Male","White",0,1,0,0,0
"STU001194",2016,"Male","White",0,1,0,0,1
"STU001195",2016,"Male","Hispanic",1,1,0,0,0
"STU001196",2016,"Male","Hispanic",1,0,0,0,1
"STU001197",2016,"Male","White",0,0,1,0,0
"STU001198",2016,"Male","White",1,0,0,0,1
"STU001199",2016,"Male","White",0,1,0,0,0
"STU001200",2016,"Female","White",0,1,0,0,0
"STU001201",2016,"Male","Asian",0,0,0,0,0
"STU001202",2016,"Male","White",0,1,0,0,1
"STU001203",2016,"Female","AmericanIndian",1,1,1,1,1
"STU001204",2016,"Female","White",0,1,0,0,0
"STU001205",2016,"Male","White",0,0,0,0,1
"STU001206",2016,"Male","Hispanic",0,0,0,1,0
"STU001207",2016,"Female","Other",0,0,0,0,1
"STU001208",2016,"Male","White",0,1,0,1,0
"STU001209",2016,"Female","Black",1,0,0,0,1
"STU001210",2016,"Male","Hispanic",0,1,1,0,1
"STU001211",2016,"Female","White",0,1,1,0,0
"STU001212",2016,"Female","White",1,0,0,0,0
"STU001213",2016,"Female","White",0,0,0,0,0
"STU001214",2016,"Female","Asian",0,0,1,0,1
"STU001215",2016,"Male","White",0,0,0,0,1
"STU001216",2016,"Female","White",0,0,0,0,0
"STU001217",2016,"Female","AmericanIndian",0,1,0,0,1
"STU001218",2016,"Female","Asian",0,0,0,0,0
"STU001219",2016,"Female","Black",0,1,0,0,1
"STU001220",2016,"Male","White",0,0,0,0,1
"STU001221",2016,"Female","Hispanic",0,1,0,0,0
"STU001222",2016,"Female","White",0,1,0,1,0
"STU001223",2016,"Female","Hispanic",1,0,1,0,0
"STU001224",2016,"Male","Hispanic",0,0,0,0,1
"STU001225",2016,"Female","Black",1,0,0,0,1
"STU001226",2016,"Male","White",0,1,0,0,0
"STU001227",2016,"Female","White",0,1,0,0,1
"STU001228",2016,"Female","White",0,0,0,0,0
"STU001229",2016,"Male","White",1,0,0,0,0
"STU001230",2016,"Female","Hispanic",0,0,0,0,1
"STU001231",2016,"Female","Hispanic",1,1,0,0,1
"STU001232",2016,"Female","MultiRacial",0,1,0,0,0
"STU001233",2016,"Male","Black",0,0,1,0,1
"STU001234",2016,"Male","Hispanic",0,1,0,0,1
"STU001235",2016,"Male","White",0,1,0,0,0
"STU001236",2016,"Female","White",0,1,0,0,0
"STU001237",2016,"Female","Hispanic",1,0,0,0,0
"STU001238",2016,"Male","Other",0,0,0,1,0
"STU001239",2016,"Female","MultiRacial",0,0,0,0,1
"STU001240",2016,"Female","Asian",0,0,0,0,0
"STU001241",2016,"Female","White",0,1,0,1,1
"STU001242",2016,"Male","Hispanic",0,0,1,0,0
"STU001243",2016,"Male","White",0,1,0,0,0
"STU001244",2016,"Male","MultiRacial",1,1,0,0,0
"STU001245",2016,"Male","White",0,1,0,0,1
"STU001246",2016,"Female","White",0,1,0,0,0
"STU001247",2016,"Female","Hispanic",0,0,0,0,1
"STU001248",2016,"Female","White",0,0,0,0,0
"STU001249",2016,"Male","Hispanic",1,1,0,0,1
"STU001250",2016,"Male","Asian",0,0,0,0,1
"STU001251",2016,"Male","White",1,0,0,0,1
"STU001252",2016,"Female","White",0,0,0,0,1
"STU001253",2016,"Male","White",0,0,0,1,0
"STU001254",2016,"Male","Asian",0,1,0,0,0
"STU001255",2016,"Female","MultiRacial",0,0,0,0,1
"STU001256",2016,"Male","Hispanic",0,0,1,0,1
"STU001257",2016,"Male","White",0,0,0,0,1
"STU001258",2016,"Female","Hispanic",0,0,0,0,0
"STU001259",2016,"Female","AmericanIndian",0,0,0,1,0
"STU001260",2016,"Male","Black",0,0,1,0,1
"STU001261",2016,"Female","White",1,0,0,0,1
"STU001262",2016,"Male","White",0,1,0,0,0
"STU001263",2016,"Male","White",0,1,0,0,0
"STU001264",2016,"Female","Black",0,1,0,0,1
"STU001265",2016,"Female","White",0,1,0,0,0
"STU001266",2016,"Female","White",0,1,0,0,0
"STU001267",2016,"Female","Black",0,0,0,0,0
"STU001268",2016,"Female","Hispanic",0,0,1,0,1
"STU001269",2016,"Female","White",1,0,0,0,0
"STU001270",2016,"Female","White",1,1,0,0,0
"STU001271",2016,"Female","Black",0,1,1,0,1
"STU001272",2016,"Male","Hispanic",0,1,0,0,0
"STU001273",2016,"Male","Black",1,1,0,0,0
"STU001274",2016,"Female","Hispanic",0,0,0,0,1
"STU001275",2016,"Male","White",1,0,0,0,0
"STU001276",2016,"Female","White",1,0,0,0,0
"STU001277",2016,"Female","White",0,0,0,0,0
"STU001278",2016,"Male","White",0,1,0,0,0
"STU001279",2016,"Female","Hispanic",1,1,0,1,0
"STU001280",2016,"Female","White",1,0,0,0,0
"STU001281",2016,"Male","White",0,0,0,0,0
"STU001282",2016,"Male","Black",0,0,1,0,1
"STU001283",2016,"Female","White",1,0,0,0,0
"STU001284",2016,"Female","White",0,0,0,0,0
"STU001285",2016,"Female","White",1,0,0,0,1
"STU001286",2016,"Male","White",0,1,0,0,0
"STU001287",2016,"Male","White",1,0,0,0,0
"STU001288",2016,"Female","White",0,0,0,0,0
"STU001289",2016,"Female","Black",0,1,0,1,0
"STU001290",2016,"Female","White",0,1,0,0,0
"STU001291",2016,"Male","Asian",0,1,0,0,0
"STU001292",2016,"Female","White",0,0,0,0,0
"STU001293",2016,"Male","White",1,1,0,0,1
"STU001294",2016,"Male","White",0,0,1,0,1
"STU001295",2016,"Male","White",1,1,0,0,1
"STU001296",2016,"Female","White",0,0,0,0,0
"STU001297",2016,"Male","Black",0,1,0,0,1
"STU001298",2016,"Male","AmericanIndian",0,0,0,0,0
"STU001299",2016,"Female","White",0,1,0,0,0
"STU001300",2016,"Female","White",0,0,0,0,1
"STU001301",2016,"Male","White",0,0,0,0,0
"STU001302",2016,"Male","Black",0,1,0,0,1
"STU001303",2016,"NonBinary_Other","MultiRacial",0,1,1,0,0
"STU001304",2016,"Male","White",0,1,0,1,1
"STU001305",2016,"Male","Black",0,1,0,0,1
"STU001306",2016,"Female","Hispanic",1,0,1,0,1
"STU001307",2016,"Male","White",0,0,0,0,0
"STU001308",2016,"Female","Black",0,0,1,0,0
"STU001309",2016,"Female","AmericanIndian",0,0,0,1,1
"STU001310",2016,"Male","Hispanic",1,0,0,0,1
"STU001311",2016,"Male","White",0,0,1,0,0
"STU001312",2016,"Female","White",1,0,0,0,0
"STU001313",2016,"Male","White",0,0,1,0,0
"STU001314",2016,"Male","Black",0,0,1,0,1
"STU001315",2016,"Male","Asian",0,1,0,0,0
"STU001316",2016,"Female","White",0,0,0,0,1
"STU001317",2016,"Female","White",0,1,0,0,0
"STU001318",2016,"Female","White",1,0,0,0,1
"STU001319",2016,"Male","White",0,1,0,0,1
"STU001320",2016,"Female","Hispanic",0,0,0,0,1
"STU001321",2016,"Female","White",1,0,0,0,1
"STU001322",2016,"Male","White",0,1,0,0,0
"STU001323",2016,"Male","AmericanIndian",0,0,0,0,0
"STU001324",2016,"Female","White",0,0,0,0,0
"STU001325",2016,"Female","Hispanic",1,1,0,0,1
"STU001326",2016,"Female","Asian",1,0,0,1,1
"STU001327",2016,"Female","Asian",1,0,0,0,1
"STU001328",2016,"Male","White",0,0,0,0,0
"STU001329",2016,"Female","White",0,1,1,1,0
"STU001330",2016,"Female","Hispanic",0,1,0,0,1
"STU001331",2016,"Male","Asian",0,0,1,0,1
"STU001332",2016,"Female","White",1,0,0,0,0
"STU001333",2016,"Female","White",0,0,0,1,0
"STU001334",2016,"Male","White",0,1,1,0,0
"STU001335",2016,"NonBinary_Other","White",0,1,0,1,0
"STU001336",2016,"Male","MultiRacial",0,0,1,0,0
"STU001337",2016,"Male","White",1,0,0,1,0
"STU001338",2016,"Female","Hispanic",0,0,1,0,1
"STU001339",2016,"Female","White",0,0,0,0,1
"STU001340",2016,"Female","Hispanic",0,1,0,0,1
"STU001341",2016,"NonBinary_Other","Asian",1,0,1,0,0
"STU001342",2016,"Female","Black",0,1,0,0,0
"STU001343",2016,"Male","White",0,1,0,1,0
"STU001344",2016,"Male","White",1,1,0,0,0
"STU001345",2016,"Male","White",1,0,0,0,0
"STU001346",2016,"Female","White",0,0,0,0,1
"STU001347",2016,"Female","Hispanic",0,0,0,0,1
"STU001348",2016,"Male","White",1,1,0,0,0
"STU001349",2016,"Female","White",0,0,0,0,0
"STU001350",2016,"Male","AmericanIndian",0,0,0,0,1
"STU001351",2016,"NonBinary_Other","White",0,1,0,0,0
"STU001352",2016,"Male","White",1,1,0,0,1
"STU001353",2016,"Female","White",0,0,0,0,0
"STU001354",2016,"Female","White",0,0,0,0,0
"STU001355",2016,"Female","White",1,1,0,0,0
"STU001356",2016,"NonBinary_Other","Hispanic",0,1,0,0,0
"STU001357",2016,"Male","Black",0,0,0,0,0
"STU001358",2016,"Female","MultiRacial",0,1,1,1,0
"STU001359",2016,"Female","AmericanIndian",0,0,0,0,1
"STU001360",2016,"Female","White",0,0,0,0,0
"STU001361",2016,"Female","Asian",0,0,0,0,1
"STU001362",2016,"Male","White",0,1,0,1,0
"STU001363",2016,"Male","MultiRacial",1,0,0,1,0
"STU001364",2016,"Female","Hispanic",0,0,0,0,1
"STU001365",2016,"Male","White",0,1,0,0,0
"STU001366",2016,"Male","White",0,0,1,0,0
"STU001367",2016,"Female","AmericanIndian",1,0,0,0,0
"STU001368",2016,"Female","White",0,1,0,0,1
"STU001369",2016,"Male","Hispanic",0,1,0,0,0
"STU001370",2016,"Female","White",1,0,1,0,0
"STU001371",2016,"Female","Hispanic",1,1,0,0,1
"STU001372",2016,"Male","MultiRacial",0,0,0,0,0
"STU001373",2016,"Male","White",1,0,0,0,1
"STU001374",2016,"Female","Hispanic",0,0,0,0,1
"STU001375",2016,"Female","Hispanic",0,0,0,1,1
"STU001376",2016,"Female","White",0,1,1,0,0
"STU001377",2016,"Male","White",1,1,0,0,1
"STU001378",2016,"NonBinary_Other","Hispanic",0,0,0,0,1
"STU001379",2016,"Male","White",1,0,0,0,0
"STU001380",2016,"Male","Hispanic",0,0,0,0,1
"STU001381",2016,"Female","MultiRacial",0,1,1,0,0
"STU001382",2016,"Female","Asian",0,1,0,0,1
"STU001383",2016,"Male","MultiRacial",1,0,1,0,0
"STU001384",2016,"Female","White",1,0,0,0,0
"STU001385",2016,"Male","Black",1,1,1,1,0
"STU001386",2016,"Female","White",1,1,0,0,0
"STU001387",2016,"Male","White",0,0,0,0,1
"STU001388",2016,"Female","Hispanic",0,0,1,1,0
"STU001389",2016,"Male","Hispanic",0,0,0,0,0
"STU001390",2016,"Female","Hispanic",0,0,0,0,1
"STU001391",2016,"Female","White",0,1,0,0,0
"STU001392",2016,"NonBinary_Other","Hispanic",0,0,0,0,1
"STU001393",2016,"Female","Other",0,0,0,0,1
"STU001394",2016,"Female","Other",0,1,0,0,0
"STU001395",2016,"Female","White",0,0,0,0,1
"STU001396",2016,"Female","MultiRacial",0,0,0,0,0
"STU001397",2016,"Male","White",0,1,1,0,0
"STU001398",2016,"Male","White",0,0,1,1,0
"STU001399",2016,"Male","White",1,1,0,0,1
"STU001400",2016,"Female","MultiRacial",0,0,0,0,0
"STU001401",2016,"Male","White",1,1,0,0,0
"STU001402",2016,"Male","Black",0,0,0,0,1
"STU001403",2016,"Male","Hispanic",0,0,0,0,1
"STU001404",2016,"Male","Asian",0,1,0,0,0
"STU001405",2016,"Female","Hispanic",0,1,0,0,1
"STU001406",2016,"Male","White",0,1,1,0,0
"STU001407",2016,"Male","White",1,0,0,0,0
"STU001408",2016,"Male","MultiRacial",0,0,0,0,0
"STU001409",2016,"Male","Hispanic",0,1,0,0,0
"STU001410",2016,"Female","White",0,1,0,1,0
"STU001411",2016,"NonBinary_Other","White",1,0,1,0,0
"STU001412",2016,"Male","Hispanic",0,0,1,1,0
"STU001413",2016,"Male","Black",0,0,0,0,1
"STU001414",2016,"Male","MultiRacial",0,0,0,1,1
"STU001415",2016,"Male","White",1,0,0,1,1
"STU001416",2016,"Female","Hispanic",1,0,0,0,1
"STU001417",2016,"Female","White",0,0,0,0,0
"STU001418",2016,"Female","Hispanic",0,1,0,0,0
"STU001419",2016,"Female","Hispanic",1,0,0,0,1
"STU001420",2016,"Male","MultiRacial",0,0,0,0,0
"STU001421",2016,"Male","Black",0,0,0,0,1
"STU001422",2016,"Male","White",0,1,0,0,0
"STU001423",2016,"Female","Black",0,0,0,0,0
"STU001424",2016,"Male","White",1,0,0,0,1
"STU001425",2016,"Male","White",0,0,0,1,1
"STU001426",2016,"Female","Hispanic",0,1,0,0,0
"STU001427",2016,"Female","White",0,0,0,0,0
"STU001428",2016,"Male","Hispanic",0,1,0,1,1
"STU001429",2016,"Male","Asian",1,0,0,0,0
"STU001430",2016,"Male","White",0,1,0,1,0
"STU001431",2016,"Male","White",0,0,0,0,0
"STU001432",2016,"Female","Black",1,0,0,0,0
"STU001433",2016,"Female","Hispanic",0,1,0,0,1
"STU001434",2016,"Female","White",0,0,0,0,0
"STU001435",2016,"Female","White",0,1,0,0,0
"STU001436",2016,"Male","White",1,1,0,0,0
"STU001437",2016,"Female","White",0,0,0,0,1
"STU001438",2016,"Female","Hispanic",0,1,1,0,0
"STU001439",2016,"Female","Black",0,1,0,0,0
"STU001440",2016,"Female","MultiRacial",0,0,0,0,0
"STU001441",2016,"Male","Hispanic",0,1,1,0,1
"STU001442",2016,"Male","MultiRacial",1,1,0,0,1
"STU001443",2016,"Female","Black",0,0,0,0,0
"STU001444",2016,"Female","White",1,0,0,0,1
"STU001445",2016,"Female","Black",0,0,0,0,1
"STU001446",2016,"Male","AmericanIndian",1,0,0,0,1
"STU001447",2016,"Female","Hispanic",1,0,0,0,0
"STU001448",2016,"Female","Hispanic",0,0,0,0,0
"STU001449",2016,"Female","White",0,1,0,0,0
"STU001450",2016,"Male","Black",0,0,1,0,1
"STU001451",2016,"Male","White",1,0,0,0,0
"STU001452",2016,"Male","Hispanic",0,0,1,0,1
"STU001453",2016,"Female","White",0,1,0,0,1
"STU001454",2016,"Female","White",1,0,0,0,0
"STU001455",2016,"Female","Hispanic",1,0,0,0,1
"STU001456",2016,"Female","White",1,0,0,0,1
"STU001457",2016,"Female","White",0,0,1,0,0
"STU001458",2016,"Male","White",0,0,0,0,0
"STU001459",2016,"Female","MultiRacial",0,0,0,0,1
"STU001460",2016,"Female","Hispanic",0,0,0,0,0
"STU001461",2016,"Male","Other",0,1,1,0,0
"STU001462",2016,"Male","White",0,0,0,1,0
"STU001463",2016,"Female","MultiRacial",0,1,0,0,0
"STU001464",2016,"Female","Hispanic",0,0,0,0,0
"STU001465",2016,"Female","Other",0,0,0,0,0
"STU001466",2016,"Female","Hispanic",0,0,0,0,1
"STU001467",2016,"Female","Other",1,0,0,0,1
"STU001468",2016,"Male","White",0,1,1,0,1
"STU001469",2016,"Male","MultiRacial",0,0,0,0,1
"STU001470",2016,"Female","White",1,1,0,0,1
"STU001471",2016,"Female","Black",0,0,0,0,1
"STU001472",2016,"Female","MultiRacial",0,1,0,0,0
"STU001473",2016,"Female","MultiRacial",1,0,0,0,1
"STU001474",2016,"Male","White",0,1,0,0,1
"STU001475",2016,"Male","White",0,1,1,0,0
"STU001476",2016,"Female","Hispanic",1,1,1,0,0
"STU001477",2016,"Male","White",0,1,0,0,0
"STU001478",2016,"Female","White",0,0,0,0,1
"STU001479",2016,"Female","White",0,0,0,0,0
"STU001480",2016,"Male","White",0,0,0,1,0
"STU001481",2016,"Male","Black",1,1,0,0,0
"STU001482",2016,"Male","White",0,0,1,1,0
"STU001483",2016,"Male","White",0,0,0,0,0
"STU001484",2016,"Male","Asian",0,1,0,0,0
"STU001485",2016,"Female","White",0,0,0,0,0
"STU001486",2016,"Male","Black",1,0,0,0,1
"STU001487",2016,"Female","White",0,0,1,0,0
"STU001488",2016,"Female","AmericanIndian",0,0,0,0,1
"STU001489",2016,"Female","White",0,0,0,0,0
"STU001490",2016,"Female","Hispanic",0,0,0,1,1
"STU001491",2016,"Female","Black",0,0,1,0,1
"STU001492",2016,"Male","White",0,0,0,0,0
"STU001493",2016,"Female","Black",0,0,0,0,1
"STU001494",2016,"Female","Hispanic",0,0,0,0,1
"STU001495",2016,"Female","Hispanic",0,1,0,0,1
"STU001496",2016,"Female","Black",0,1,0,0,0
"STU001497",2016,"Male","White",0,1,0,0,0
"STU001498",2016,"Female","White",0,0,0,0,0
"STU001499",2016,"Male","Asian",1,0,0,0,1
"STU001500",2016,"Female","Black",1,0,0,0,1
"STU001501",2016,"Male","Asian",1,1,0,0,0
"STU001502",2016,"Female","Other",0,0,0,0,0
"STU001503",2016,"Female","White",0,1,0,0,0
"STU001504",2016,"Female","Hispanic",0,1,0,0,0
"STU001505",2016,"Female","White",1,0,0,0,0
"STU001506",2016,"Female","White",0,1,0,0,0
"STU001507",2016,"Male","White",0,1,0,0,0
"STU001508",2016,"Female","White",0,0,0,0,0
"STU001509",2016,"Female","White",0,0,0,0,0
"STU001510",2016,"Male","White",0,1,0,1,0
"STU001511",2016,"Female","White",0,1,0,0,1
"STU001512",2016,"Male","Asian",1,0,1,0,0
"STU001513",2016,"Male","Asian",0,0,1,0,0
"STU001514",2016,"Male","Asian",1,0,1,0,0
"STU001515",2016,"Male","Hispanic",0,1,1,0,1
"STU001516",2016,"Female","White",0,0,0,0,0
"STU001517",2016,"Female","White",1,0,0,0,0
"STU001518",2016,"Male","White",1,1,0,0,0
"STU001519",2016,"Female","Black",0,0,0,0,1
"STU001520",2016,"Male","Black",1,0,1,0,1
"STU001521",2016,"Male","White",1,0,0,0,0
"STU001522",2016,"Female","Hispanic",1,1,0,1,1
"STU001523",2016,"Male","White",0,0,0,0,0
"STU001524",2016,"Male","Hispanic",0,0,0,0,1
"STU001525",2016,"Male","Asian",0,0,0,0,0
"STU001526",2016,"Male","Black",1,0,1,0,1
"STU001527",2016,"Male","Hispanic",0,1,0,0,1
"STU001528",2016,"Female","White",0,0,1,0,0
"STU001529",2016,"Female","White",0,0,0,0,1
"STU001530",2016,"Male","Hispanic",0,0,0,0,1
"STU001531",2016,"Female","White",0,1,0,0,1
"STU001532",2016,"Male","Black",1,0,0,0,1
"STU001533",2016,"Female","White",0,0,1,0,1
"STU001534",2016,"Male","Black",0,1,0,0,1
"STU001535",2016,"Male","Asian",1,0,0,0,0
"STU001536",2016,"Female","Asian",1,0,0,0,1
"STU001537",2016,"Female","White",0,0,0,0,1
"STU001538",2016,"Male","White",0,0,1,0,1
"STU001539",2016,"Male","MultiRacial",0,0,0,0,1
"STU001540",2016,"Female","Hispanic",0,0,0,0,1
"STU001541",2016,"Female","Black",1,1,1,0,1
"STU001542",2016,"Female","White",0,1,0,1,0
"STU001543",2016,"Male","White",0,0,0,0,0
"STU001544",2016,"Female","White",1,1,0,0,0
"STU001545",2016,"Female","White",0,1,1,0,1
"STU001546",2016,"Male","White",0,1,0,0,0
"STU001547",2016,"Female","White",0,0,0,0,1
"STU001548",2016,"Female","White",0,1,0,0,1
"STU001549",2016,"Female","White",1,1,1,0,1
"STU001550",2016,"Female","Hispanic",1,1,0,0,1
"STU001551",2016,"Female","White",0,1,1,0,1
"STU001552",2016,"Female","White",1,0,0,0,0
"STU001553",2016,"Female","Other",1,0,0,0,1
"STU001554",2016,"Male","MultiRacial",0,1,0,0,1
"STU001555",2016,"Male","MultiRacial",0,1,0,0,0
"STU001556",2016,"Male","White",1,0,0,1,0
"STU001557",2016,"Male","White",0,0,0,0,0
"STU001558",2016,"Female","Hispanic",0,0,0,0,0
"STU001559",2016,"Female","Hispanic",0,0,0,0,0
"STU001560",2016,"Female","Hispanic",0,0,0,0,1
"STU001561",2016,"Female","AmericanIndian",1,0,0,0,0
"STU001562",2016,"Female","White",1,0,1,0,0
"STU001563",2016,"Female","White",0,0,0,0,0
"STU001564",2016,"Male","White",0,0,0,0,1
"STU001565",2016,"Male","Hispanic",1,0,0,0,1
"STU001566",2016,"Female","Hispanic",0,1,0,0,0
"STU001567",2016,"Female","White",1,0,0,0,1
"STU001568",2016,"Female","White",1,0,0,0,0
"STU001569",2016,"Male","White",0,0,1,0,1
"STU001570",2016,"Female","White",0,0,0,0,0
"STU001571",2016,"Male","White",0,0,0,0,0
"STU001572",2016,"Female","MultiRacial",1,0,1,0,0
"STU001573",2016,"Male","Asian",0,1,0,0,0
"STU001574",2016,"Male","Other",0,1,0,0,0
"STU001575",2016,"Female","White",0,1,0,0,0
"STU001576",2016,"Female","White",1,0,0,0,1
"STU001577",2016,"Male","MultiRacial",0,0,0,0,0
"STU001578",2016,"Male","White",0,1,0,0,1
"STU001579",2016,"Male","White",1,0,0,1,1
"STU001580",2016,"Male","Asian",0,0,0,0,0
"STU001581",2016,"Female","White",0,0,0,0,0
"STU001582",2016,"Male","White",0,0,0,0,0
"STU001583",2016,"Female","Hispanic",0,0,0,0,1
"STU001584",2016,"Female","Black",1,1,0,0,0
"STU001585",2016,"NonBinary_Other","White",0,0,1,0,0
"STU001586",2016,"Female","Hispanic",0,0,0,0,1
"STU001587",2016,"Female","Black",0,0,0,0,1
"STU001588",2016,"Male","MultiRacial",0,0,0,1,1
"STU001589",2016,"Female","White",0,1,0,0,0
"STU001590",2016,"Male","White",0,1,0,0,1
"STU001591",2016,"Male","White",1,0,0,0,0
"STU001592",2016,"Female","White",0,0,1,0,0
"STU001593",2016,"Male","Asian",1,1,1,0,1
"STU001594",2016,"Male","White",0,0,0,0,1
"STU001595",2016,"Female","Black",0,1,0,0,1
"STU001596",2016,"Male","White",0,1,1,0,0
"STU001597",2016,"Female","White",0,1,0,0,0
"STU001598",2016,"Male","MultiRacial",0,1,0,0,0
"STU001599",2016,"Female","White",1,0,0,0,0
"STU001600",2016,"Male","MultiRacial",1,0,0,0,0
"STU001601",2016,"Male","White",0,0,0,0,1
"STU001602",2016,"Male","White",0,0,0,0,0
"STU001603",2016,"Male","White",0,1,1,0,1
"STU001604",2016,"Female","White",1,0,0,0,1
"STU001605",2016,"Female","AmericanIndian",1,0,0,0,0
"STU001606",2016,"Female","White",0,1,0,0,0
"STU001607",2016,"Female","White",1,1,0,1,0
"STU001608",2016,"Male","White",0,0,0,1,0
"STU001609",2016,"Female","White",0,0,0,0,0
"STU001610",2016,"Female","Black",0,0,1,0,1
"STU001611",2016,"Female","Black",0,1,1,0,1
"STU001612",2016,"Female","Black",0,0,0,0,0
"STU001613",2016,"Male","White",0,1,1,0,0
"STU001614",2016,"Male","White",0,1,0,1,0
"STU001615",2016,"Female","Hispanic",0,1,0,1,1
"STU001616",2016,"Male","White",0,0,0,0,0
"STU001617",2016,"Female","Hispanic",0,0,0,0,0
"STU001618",2016,"Female","Hispanic",0,1,0,0,1
"STU001619",2016,"Female","White",0,1,0,0,0
"STU001620",2016,"Male","Hispanic",1,0,0,0,1
"STU001621",2016,"Female","White",0,0,0,0,0
"STU001622",2016,"Male","Hispanic",1,1,0,0,0
"STU001623",2016,"Female","Hispanic",0,0,0,0,0
"STU001624",2016,"Male","Asian",0,1,0,0,1
"STU001625",2016,"Female","White",1,1,0,0,0
"STU001626",2016,"Male","Hispanic",1,0,0,0,1
"STU001627",2016,"Female","AmericanIndian",0,1,0,0,1
"STU001628",2016,"Male","White",1,1,0,0,1
"STU001629",2016,"Male","Hispanic",0,1,0,0,0
"STU001630",2016,"Female","MultiRacial",1,1,0,0,0
"STU001631",2016,"Female","AmericanIndian",0,1,0,0,0
"STU001632",2016,"Male","White",0,0,0,0,0
"STU001633",2016,"Female","Black",0,0,0,1,0
"STU001634",2016,"Female","Hispanic",1,0,0,0,1
"STU001635",2016,"Female","White",1,1,0,0,1
"STU001636",2016,"Female","Asian",1,0,0,0,1
"STU001637",2016,"Female","MultiRacial",0,1,0,0,0
"STU001638",2016,"Male","Asian",0,1,0,0,1
"STU001639",2016,"Female","White",0,1,0,0,1
"STU001640",2016,"Female","White",0,0,0,0,0
"STU001641",2016,"Female","Hispanic",0,1,0,1,0
"STU001642",2016,"Female","Hispanic",1,0,0,0,1
"STU001643",2016,"Female","Other",1,1,1,0,1
"STU001644",2016,"Male","Black",0,0,0,0,0
"STU001645",2016,"Female","White",1,1,0,0,0
"STU001646",2016,"Female","White",0,1,1,0,0
"STU001647",2016,"Male","White",1,1,0,0,0
"STU001648",2016,"Male","Hispanic",0,0,0,0,0
"STU001649",2016,"Female","Other",0,0,0,0,1
"STU001650",2016,"Female","Black",0,0,1,0,1
"STU001651",2016,"NonBinary_Other","Black",0,0,1,0,1
"STU001652",2016,"Male","White",0,0,0,0,1
"STU001653",2016,"Male","White",0,0,0,0,1
"STU001654",2016,"Female","Hispanic",0,1,0,0,0
"STU001655",2016,"Male","AmericanIndian",0,1,1,0,1
"STU001656",2016,"Female","White",0,0,0,0,0
"STU001657",2016,"Female","White",0,1,0,0,0
"STU001658",2016,"Male","White",1,0,0,0,0
"STU001659",2016,"Male","Hispanic",0,0,0,0,1
"STU001660",2016,"Male","White",0,1,0,1,1
"STU001661",2016,"Male","White",0,1,0,1,0
"STU001662",2016,"Male","White",0,1,0,0,0
"STU001663",2016,"Male","Asian",1,0,0,0,0
"STU001664",2016,"Female","White",0,1,0,0,0
"STU001665",2016,"Male","Hispanic",1,0,0,0,1
"STU001666",2016,"Male","Black",0,1,0,0,1
"STU001667",2016,"Female","White",0,0,0,0,0
"STU001668",2016,"Female","Hispanic",0,1,0,0,1
"STU001669",2016,"Male","White",1,1,0,0,0
"STU001670",2016,"Female","Hispanic",0,0,0,0,1
"STU001671",2016,"Female","Black",0,0,0,0,0
"STU001672",2016,"Male","White",0,0,0,0,0
"STU001673",2016,"Male","White",1,1,0,0,0
"STU001674",2016,"Female","Asian",0,0,0,0,1
"STU001675",2016,"Female","Hispanic",0,1,1,0,0
"STU001676",2016,"Male","Asian",0,1,0,0,0
"STU001677",2016,"Male","Asian",0,0,0,0,1
"STU001678",2016,"Female","White",0,1,0,0,0
"STU001679",2016,"Female","White",0,1,0,0,0
"STU001680",2016,"Male","White",1,1,0,1,0
"STU001681",2016,"Female","White",1,0,0,0,1
"STU001682",2016,"Female","Asian",1,1,0,0,1
"STU001683",2016,"Male","White",0,1,0,0,1
"STU001684",2016,"Female","White",0,0,0,0,1
"STU001685",2016,"Male","MultiRacial",1,0,0,0,1
"STU001686",2016,"Male","White",0,0,0,0,0
"STU001687",2016,"Male","White",0,1,0,0,0
"STU001688",2016,"Male","Hispanic",1,1,0,0,0
"STU001689",2016,"Female","Black",0,1,1,0,1
"STU001690",2016,"Female","White",1,1,0,0,0
"STU001691",2016,"Female","Asian",0,1,0,0,0
"STU001692",2016,"Male","Asian",0,0,0,0,1
"STU001693",2016,"Male","MultiRacial",0,0,0,0,0
"STU001694",2016,"Male","Black",0,1,0,0,0
"STU001695",2016,"Female","White",0,1,0,0,0
"STU001696",2016,"Female","Hispanic",0,0,1,0,1
"STU001697",2016,"Male","Black",0,1,0,0,1
"STU001698",2016,"Male","MultiRacial",1,0,1,0,0
"STU001699",2016,"Female","White",0,0,0,0,0
"STU001700",2016,"Male","Hispanic",0,0,0,0,1
"STU001701",2016,"Female","Asian",0,1,0,0,0
"STU001702",2016,"Male","White",1,1,0,0,1
"STU001703",2016,"Female","Hispanic",1,0,0,0,1
"STU001704",2016,"Female","White",0,1,1,0,1
"STU001705",2016,"Female","White",1,0,0,0,1
"STU001706",2016,"Female","White",0,0,0,0,0
"STU001707",2016,"Female","Other",0,1,0,0,0
"STU001708",2016,"Male","Hispanic",0,0,0,0,0
"STU001709",2016,"Female","Black",0,1,1,0,1
"STU001710",2016,"Female","White",0,0,0,0,1
"STU001711",2016,"Female","MultiRacial",1,1,1,0,1
"STU001712",2016,"Male","White",0,1,1,0,1
"STU001713",2016,"Male","Hispanic",0,0,0,0,1
"STU001714",2016,"Female","Black",1,0,1,0,0
"STU001715",2016,"Female","Hispanic",0,0,0,0,1
"STU001716",2016,"Female","White",0,1,0,0,0
"STU001717",2016,"Male","White",0,1,0,0,1
"STU001718",2016,"Female","Hispanic",0,0,0,0,1
"STU001719",2016,"Male","Asian",0,0,0,0,1
"STU001720",2016,"Female","Hispanic",1,0,0,0,1
"STU001721",2016,"Female","Black",0,1,0,0,0
"STU001722",2016,"Male","White",0,1,0,0,0
"STU001723",2016,"Female","Hispanic",0,1,0,0,1
"STU001724",2016,"Male","White",1,1,0,0,1
"STU001725",2016,"Male","Hispanic",0,0,0,1,1
"STU001726",2016,"Female","White",0,0,0,0,1
"STU001727",2016,"Female","White",0,1,0,0,1
"STU001728",2016,"Female","Black",0,0,0,0,1
"STU001729",2016,"Male","MultiRacial",0,1,0,0,1
"STU001730",2016,"Male","Asian",1,0,1,0,0
"STU001731",2016,"Female","Hispanic",0,1,0,0,1
"STU001732",2016,"Female","White",0,0,0,0,1
"STU001733",2016,"Female","White",1,0,0,0,1
"STU001734",2016,"Male","Black",0,1,0,0,0
"STU001735",2016,"Male","Hispanic",1,1,0,0,1
"STU001736",2016,"Female","Hispanic",0,0,0,0,0
"STU001737",2016,"Male","Other",0,0,0,0,1
"STU001738",2016,"Male","White",1,0,0,0,0
"STU001739",2016,"Female","White",0,0,0,0,1
"STU001740",2016,"Female","White",1,0,0,0,0
"STU001741",2016,"Male","Black",0,0,1,0,1
"STU001742",2016,"Female","Other",0,0,0,0,0
"STU001743",2016,"Female","White",0,1,0,0,0
"STU001744",2016,"Male","Hispanic",0,0,0,0,0
"STU001745",2016,"Male","White",1,1,0,0,0
"STU001746",2016,"Female","Hispanic",0,1,0,0,1
"STU001747",2016,"Male","MultiRacial",0,0,0,1,1
"STU001748",2016,"Female","Hispanic",0,1,0,0,1
"STU001749",2016,"Female","Asian",0,0,0,0,1
"STU001750",2016,"Female","Hispanic",0,0,0,0,0
"STU001751",2016,"Female","Black",1,0,0,0,0
"STU001752",2016,"Male","White",0,1,1,0,1
"STU001753",2016,"Female","Hispanic",0,0,0,0,0
"STU001754",2016,"Male","White",1,0,1,1,0
"STU001755",2016,"Male","Other",0,0,0,0,1
"STU001756",2016,"Male","White",1,0,1,0,0
"STU001757",2016,"Male","MultiRacial",0,1,0,0,0
"STU001758",2016,"Female","White",1,0,0,1,0
"STU001759",2016,"Female","Black",0,0,0,0,0
"STU001760",2016,"Male","White",0,1,0,0,0
"STU001761",2016,"Male","Hispanic",0,0,0,0,1
"STU001762",2016,"Female","White",0,0,0,0,1
"STU001763",2016,"Female","Hispanic",0,0,0,0,0
"STU001764",2016,"Male","Asian",0,1,0,0,0
"STU001765",2016,"Female","Hispanic",0,0,0,0,0
"STU001766",2016,"Female","Hispanic",0,1,0,0,1
"STU001767",2016,"Female","White",0,0,0,0,0
"STU001768",2016,"Male","Black",0,0,1,0,1
"STU001769",2016,"Female","White",0,0,0,0,0
"STU001770",2016,"Male","Black",0,1,0,0,0
"STU001771",2016,"Female","White",1,1,0,0,1
"STU001772",2016,"Male","MultiRacial",0,0,0,0,0
"STU001773",2016,"Male","Hispanic",0,0,0,0,0
"STU001774",2016,"Female","Hispanic",1,1,0,0,0
"STU001775",2016,"Male","MultiRacial",0,0,0,0,0
"STU001776",2016,"NonBinary_Other","Hispanic",0,0,1,0,1
"STU001777",2016,"Female","White",0,0,0,0,0
"STU001778",2016,"Male","MultiRacial",0,1,0,0,1
"STU001779",2016,"Female","White",0,0,0,0,1
"STU001780",2016,"Female","White",0,0,0,0,0
"STU001781",2016,"Female","Hispanic",0,0,0,0,1
"STU001782",2016,"Female","White",0,0,0,0,0
"STU001783",2016,"Male","White",0,1,1,0,0
"STU001784",2016,"Male","MultiRacial",0,0,0,0,0
"STU001785",2016,"Female","AmericanIndian",1,1,0,0,0
"STU001786",2016,"Female","White",0,1,0,0,0
"STU001787",2016,"Female","White",1,1,0,0,1
"STU001788",2016,"Male","White",0,0,0,0,0
"STU001789",2016,"Male","Black",0,1,1,0,1
"STU001790",2016,"Female","Hispanic",0,0,1,0,0
"STU001791",2016,"Female","White",0,1,0,1,0
"STU001792",2016,"Male","White",0,0,0,0,0
"STU001793",2016,"Female","White",1,0,0,0,1
"STU001794",2016,"Female","Hispanic",1,0,0,0,1
"STU001795",2016,"Male","Black",0,1,0,1,1
"STU001796",2016,"Female","Hispanic",0,1,0,0,1
"STU001797",2016,"Female","White",0,1,0,0,0
"STU001798",2016,"Female","White",0,0,0,0,0
"STU001799",2016,"Female","Hispanic",0,1,0,0,1
"STU001800",2016,"Male","Black",0,0,0,0,1
"STU001801",2016,"Male","Hispanic",0,1,0,0,0
"STU001802",2016,"Female","Hispanic",0,0,0,0,0
"STU001803",2016,"Female","Hispanic",1,0,0,0,1
"STU001804",2016,"Female","White",0,1,0,0,0
"STU001805",2016,"Male","Hispanic",0,1,0,0,1
"STU001806",2016,"Female","White",0,1,0,0,0
"STU001807",2016,"Female","White",0,0,0,0,0
"STU001808",2016,"Male","Black",1,1,1,0,1
"STU001809",2016,"Male","White",0,0,0,0,0
"STU001810",2016,"Female","White",0,1,1,0,0
"STU001811",2016,"Male","White",0,0,0,0,0
"STU001812",2016,"Male","White",1,1,0,0,0
"STU001813",2016,"NonBinary_Other","White",0,0,0,1,0
"STU001814",2016,"Female","Black",1,0,0,0,1
"STU001815",2016,"Female","Hispanic",0,0,0,0,0
"STU001816",2016,"Female","White",0,0,0,0,1
"STU001817",2016,"Male","Hispanic",1,1,0,0,1
"STU001818",2016,"Male","Asian",0,1,0,0,0
"STU001819",2016,"Male","White",0,0,0,0,0
"STU001820",2016,"Female","MultiRacial",0,0,1,0,0
"STU001821",2016,"Male","Hispanic",0,0,1,0,0
"STU001822",2016,"Male","MultiRacial",0,1,1,0,0
"STU001823",2016,"Male","Hispanic",0,1,1,0,1
"STU001824",2016,"Male","Asian",0,0,0,0,0
"STU001825",2016,"Male","White",0,0,0,0,0
"STU001826",2016,"Female","White",0,0,0,0,0
"STU001827",2016,"Male","White",0,1,0,0,0
"STU001828",2016,"Male","Black",0,1,0,0,1
"STU001829",2016,"Female","Asian",0,1,1,0,0
"STU001830",2016,"Female","Asian",1,0,0,0,1
"STU001831",2016,"Male","Hispanic",0,0,0,0,0
"STU001832",2016,"Male","Black",0,1,0,0,1
"STU001833",2016,"Male","White",1,1,0,0,0
"STU001834",2016,"Female","Hispanic",0,1,0,0,0
"STU001835",2016,"Male","AmericanIndian",0,0,0,0,0
"STU001836",2016,"Male","White",1,0,0,0,0
"STU001837",2016,"Male","Other",0,0,0,0,1
"STU001838",2016,"Male","White",0,0,0,0,1
"STU001839",2016,"Male","Asian",1,0,0,0,0
"STU001840",2016,"Female","MultiRacial",0,1,0,0,0
"STU001841",2016,"Male","White",1,1,0,0,1
"STU001842",2016,"Female","White",0,0,0,0,0
"STU001843",2016,"Male","White",1,0,0,1,0
"STU001844",2016,"NonBinary_Other","Black",1,0,0,0,1
"STU001845",2016,"Male","Hispanic",1,0,0,0,1
"STU001846",2016,"Male","Black",0,1,0,1,0
"STU001847",2016,"Female","Hispanic",0,1,0,0,1
"STU001848",2016,"Male","White",0,0,0,0,0
"STU001849",2016,"Male","White",0,1,1,0,1
"STU001850",2016,"Male","Hispanic",0,1,0,0,0
"STU001851",2016,"Female","Asian",1,0,0,0,1
"STU001852",2016,"Female","White",0,0,1,0,0
"STU001853",2016,"Female","Hispanic",0,0,0,0,1
"STU001854",2016,"Female","White",0,0,0,0,1
"STU001855",2016,"Male","White",0,1,1,0,0
"STU001856",2016,"Female","White",0,1,0,0,1
"STU001857",2016,"Male","White",0,0,0,0,0
"STU001858",2016,"Female","Asian",0,1,0,1,0
"STU001859",2016,"Female","MultiRacial",1,0,1,0,1
"STU001860",2016,"Female","MultiRacial",0,1,0,0,0
"STU001861",2016,"Male","White",1,0,0,0,0
"STU001862",2016,"Male","Asian",0,0,0,0,1
"STU001863",2016,"Female","White",0,0,0,1,0
"STU001864",2016,"Male","Black",0,0,0,0,1
"STU001865",2016,"Male","Black",1,0,0,0,1
"STU001866",2016,"Male","White",0,1,0,0,0
"STU001867",2016,"Male","White",1,1,0,0,0
"STU001868",2016,"Male","Hispanic",0,1,0,0,1
"STU001869",2016,"Male","White",0,0,0,0,1
"STU001870",2016,"Male","Hispanic",1,1,1,0,1
"STU001871",2016,"Male","White",1,1,1,0,0
"STU001872",2016,"Male","Black",0,1,1,0,1
"STU001873",2016,"Male","White",0,1,1,0,1
"STU001874",2016,"Female","Hispanic",1,0,0,0,1
"STU001875",2016,"Female","White",0,1,0,0,0
"STU001876",2016,"Male","White",0,1,0,0,0
"STU001877",2016,"Male","White",0,0,0,0,0
"STU001878",2016,"Male","Black",0,0,0,0,0
"STU001879",2016,"Male","MultiRacial",0,1,0,0,1
"STU001880",2016,"Female","Hispanic",0,1,0,0,1
"STU001881",2016,"Male","Hispanic",0,0,0,0,1
"STU001882",2016,"Male","White",0,0,0,0,1
"STU001883",2016,"Female","Other",0,1,0,0,0
"STU001884",2016,"Female","White",0,1,1,0,0
"STU001885",2016,"Female","White",1,0,1,0,1
"STU001886",2016,"Male","AmericanIndian",0,0,0,1,0
"STU001887",2016,"Female","Hispanic",0,1,0,1,1
"STU001888",2016,"Female","Hispanic",1,1,0,0,1
"STU001889",2016,"Male","Black",0,0,0,1,0
"STU001890",2016,"Male","White",0,1,0,0,1
"STU001891",2016,"Female","White",0,1,0,0,1
"STU001892",2016,"Male","Hispanic",1,1,0,0,1
"STU001893",2016,"Male","White",0,0,0,0,1
"STU001894",2016,"Female","Asian",1,0,0,0,0
"STU001895",2016,"Male","White",0,0,0,0,1
"STU001896",2016,"Female","White",0,1,0,0,1
"STU001897",2016,"NonBinary_Other","Asian",0,0,0,0,0
"STU001898",2016,"Female","Black",1,0,0,0,1
"STU001899",2016,"Female","Hispanic",0,0,0,0,0
"STU001900",2016,"Male","Hispanic",0,1,0,0,0
"STU001901",2016,"Female","Black",0,0,0,0,1
"STU001902",2016,"Female","White",0,1,0,0,0
"STU001903",2016,"Female","White",0,0,0,0,0
"STU001904",2016,"Female","Other",0,0,0,0,1
"STU001905",2016,"Female","White",0,0,0,1,1
"STU001906",2016,"Male","White",1,1,0,0,0
"STU001907",2016,"Female","White",1,0,0,0,0
"STU001908",2016,"Female","White",0,0,1,0,0
"STU001909",2016,"Male","Black",1,1,0,1,1
"STU001910",2016,"NonBinary_Other","Black",0,0,0,0,1
"STU001911",2016,"Female","Black",0,1,0,0,1
"STU001912",2016,"Male","Black",0,0,0,0,1
"STU001913",2016,"Male","Hispanic",1,0,1,0,0
"STU001914",2016,"Female","Black",0,0,0,0,1
"STU001915",2016,"Female","Black",0,1,1,1,1
"STU001916",2016,"Male","White",1,1,1,0,0
"STU001917",2016,"Male","White",0,1,0,0,0
"STU001918",2016,"Female","Hispanic",0,1,0,0,1
"STU001919",2016,"Female","White",1,0,0,0,0
"STU001920",2016,"Female","MultiRacial",0,1,0,0,0
"STU001921",2016,"Female","White",1,0,0,0,0
"STU001922",2016,"Female","White",0,0,0,0,1
"STU001923",2016,"Male","White",0,0,0,0,0
"STU001924",2016,"Female","White",0,0,0,0,0
"STU001925",2016,"Female","White",1,0,0,0,0
"STU001926",2016,"Male","White",0,0,0,1,0
"STU001927",2016,"Male","Hispanic",0,0,1,0,0
"STU001928",2016,"Female","Asian",1,1,0,0,1
"STU001929",2016,"Female","Hispanic",1,0,0,0,1
"STU001930",2016,"Male","Hispanic",0,1,0,0,1
"STU001931",2016,"Male","White",0,1,1,0,1
"STU001932",2016,"Male","White",0,0,0,0,0
"STU001933",2016,"Male","White",0,1,0,0,0
"STU001934",2016,"Female","White",1,0,0,0,1
"STU001935",2016,"Male","Asian",0,0,0,0,0
"STU001936",2016,"Female","White",0,0,1,0,1
"STU001937",2016,"Female","AmericanIndian",0,0,0,0,1
"STU001938",2016,"Male","White",0,1,1,0,0
"STU001939",2016,"Male","White",0,1,0,0,0
"STU001940",2016,"Male","White",0,0,0,0,0
"STU001941",2016,"Male","Hispanic",0,0,1,0,1
"STU001942",2016,"Female","Black",0,1,0,0,0
"STU001943",2016,"Female","Asian",0,0,0,0,1
"STU001944",2016,"Male","Other",0,1,1,0,1
"STU001945",2016,"Female","White",1,1,0,0,0
"STU001946",2016,"Female","White",1,0,0,0,0
"STU001947",2016,"Male","MultiRacial",1,1,0,0,0
"STU001948",2016,"Male","White",1,0,0,0,0
"STU001949",2016,"Male","Other",0,0,0,1,0
"STU001950",2016,"Female","MultiRacial",0,0,0,0,1
"STU001951",2016,"Female","MultiRacial",1,0,0,0,0
"STU001952",2016,"Male","Black",0,1,0,1,1
"STU001953",2016,"Female","Black",1,1,0,0,0
"STU001954",2016,"Male","White",0,0,0,0,1
"STU001955",2016,"Male","White",0,0,0,0,0
"STU001956",2016,"Female","Hispanic",0,0,0,0,1
"STU001957",2016,"Male","AmericanIndian",0,0,0,0,0
"STU001958",2016,"Male","White",0,1,0,0,0
"STU001959",2016,"Female","Hispanic",1,1,0,0,0
"STU001960",2016,"Male","Asian",0,1,0,0,0
"STU001961",2016,"Female","White",0,1,0,0,0
"STU001962",2016,"Female","Black",1,0,0,0,1
"STU001963",2016,"Male","MultiRacial",0,0,0,0,0
"STU001964",2016,"Male","Black",0,0,0,0,1
"STU001965",2016,"Female","Hispanic",0,1,0,0,1
"STU001966",2016,"Female","Hispanic",0,0,0,0,0
"STU001967",2016,"Female","Hispanic",0,0,1,0,1
"STU001968",2016,"Female","White",0,1,0,0,0
"STU001969",2016,"Male","AmericanIndian",1,0,0,0,1
"STU001970",2016,"Male","White",0,0,0,0,1
"STU001971",2016,"Female","White",0,0,1,0,0
"STU001972",2016,"Female","Asian",0,0,0,1,0
"STU001973",2016,"Female","Black",0,1,0,0,1
"STU001974",2016,"NonBinary_Other","Hispanic",1,1,0,0,1
"STU001975",2016,"Male","White",1,1,0,0,0
"STU001976",2016,"Female","Other",0,0,0,0,0
"STU001977",2016,"Female","White",0,0,0,0,0
"STU001978",2016,"Male","MultiRacial",0,1,0,0,1
"STU001979",2016,"Female","Hispanic",1,0,0,0,0
"STU001980",2016,"Male","Hispanic",0,1,0,0,0
"STU001981",2016,"Female","Other",0,0,1,1,0
"STU001982",2016,"Male","AmericanIndian",0,0,0,0,0
"STU001983",2016,"Female","Hispanic",0,0,1,1,1
"STU001984",2016,"Male","White",0,0,1,0,0
"STU001985",2016,"Male","Other",0,0,0,0,1
"STU001986",2016,"Female","Hispanic",0,1,0,0,1
"STU001987",2016,"Female","White",1,0,1,0,1
"STU001988",2016,"Female","White",0,1,0,0,0
"STU001989",2016,"Male","White",0,1,0,0,0
"STU001990",2016,"Male","Asian",0,0,0,0,0
"STU001991",2016,"Male","White",0,1,0,0,1
"STU001992",2016,"Female","White",0,0,0,0,0
"STU001993",2016,"Female","Black",1,0,0,0,1
"STU001994",2016,"Female","Hispanic",0,0,0,0,1
"STU001995",2016,"Female","Hispanic",0,0,0,0,1
"STU001996",2016,"Female","Hispanic",0,0,0,0,1
"STU001997",2016,"Female","White",1,1,0,0,0
"STU001998",2016,"Male","Black",1,0,0,1,0
"STU001999",2016,"Male","Asian",0,1,0,0,0
"STU002000",2016,"Male","White",1,1,0,1,1
"STU002001",2016,"Female","White",0,1,0,0,0
"STU002002",2016,"Male","White",1,1,0,0,0
"STU002003",2016,"Female","White",1,1,0,0,0
"STU002004",2016,"Female","White",1,1,0,0,0
"STU002005",2016,"Male","Asian",0,0,0,0,0
"STU002006",2016,"Male","White",0,1,0,0,0
"STU002007",2016,"NonBinary_Other","AmericanIndian",1,1,0,0,1
"STU002008",2016,"Male","White",0,0,0,1,0
"STU002009",2016,"Female","Hispanic",0,0,0,0,1
"STU002010",2016,"Male","White",1,1,0,0,0
"STU002011",2016,"Male","Hispanic",0,0,0,0,0
"STU002012",2016,"NonBinary_Other","White",0,0,0,0,1
"STU002013",2016,"Male","Asian",0,0,0,1,0
"STU002014",2016,"Male","Asian",1,0,0,0,0
"STU002015",2016,"Male","Black",0,0,0,1,1
"STU002016",2016,"Female","Hispanic",0,0,0,0,0
"STU002017",2016,"Male","MultiRacial",0,0,1,0,1
"STU002018",2016,"Female","White",0,1,0,0,1
"STU002019",2016,"Female","White",0,0,0,0,0
"STU002020",2016,"Female","Hispanic",0,1,0,0,0
"STU002021",2016,"Female","White",1,0,0,0,0
"STU002022",2016,"Female","MultiRacial",1,1,0,1,1
"STU002023",2016,"Male","Hispanic",0,0,0,0,0
"STU002024",2016,"Female","White",0,1,0,0,0
"STU002025",2016,"Male","White",1,1,0,0,1
"STU002026",2016,"Female","White",0,0,0,1,1
"STU002027",2016,"Female","Asian",0,0,0,0,0
"STU002028",2016,"NonBinary_Other","White",0,1,0,0,0
"STU002029",2016,"Female","Asian",0,0,0,0,1
"STU002030",2016,"Male","White",0,0,0,0,1
"STU002031",2016,"NonBinary_Other","White",0,0,0,1,0
"STU002032",2016,"Female","White",1,0,0,0,0
"STU002033",2016,"Male","Hispanic",1,1,0,0,1
"STU002034",2016,"Female","Hispanic",1,0,0,0,1
"STU002035",2016,"Female","AmericanIndian",0,0,0,0,1
"STU002036",2016,"Male","Hispanic",0,1,0,0,1
"STU002037",2016,"Male","Hispanic",0,1,1,1,0
"STU002038",2016,"Female","White",0,0,0,0,0
"STU002039",2016,"Male","Black",1,0,0,0,1
"STU002040",2016,"Male","Asian",0,1,0,0,0
"STU002041",2016,"Female","Black",0,0,0,1,1
"STU002042",2016,"Male","Asian",1,0,0,0,1
"STU002043",2016,"Male","White",0,0,1,0,1
"STU002044",2016,"Male","Asian",1,0,0,0,0
"STU002045",2016,"Female","MultiRacial",0,0,1,0,1
"STU002046",2016,"Female","White",1,0,0,0,0
"STU002047",2016,"Female","Hispanic",1,1,0,0,0
"STU002048",2016,"Female","White",0,0,0,0,0
"STU002049",2016,"Female","White",0,1,0,0,1
"STU002050",2016,"Male","White",0,0,0,0,0
"STU002051",2016,"Male","Hispanic",0,0,0,0,1
"STU002052",2016,"Male","White",0,0,0,0,0
"STU002053",2016,"Female","White",1,1,0,0,1
"STU002054",2016,"Female","Other",0,0,0,0,1
"STU002055",2016,"Female","Asian",0,0,0,0,0
"STU002056",2016,"Male","White",0,0,0,1,0
"STU002057",2016,"Female","AmericanIndian",0,1,0,1,1
"STU002058",2016,"Male","White",0,1,1,0,1
"STU002059",2016,"Male","Hispanic",1,1,0,0,1
"STU002060",2016,"Male","Hispanic",1,1,0,0,1
"STU002061",2016,"Male","Hispanic",0,0,0,0,1
"STU002062",2016,"Female","AmericanIndian",0,1,0,0,1
"STU002063",2016,"Female","White",0,1,0,0,1
"STU002064",2016,"Female","Other",0,0,0,0,0
"STU002065",2016,"Male","Hispanic",1,0,0,0,1
"STU002066",2016,"Female","White",0,1,0,0,0
"STU002067",2016,"Female","Hispanic",0,0,0,0,1
"STU002068",2016,"Male","White",0,0,0,0,0
"STU002069",2016,"Male","Asian",0,1,1,1,1
"STU002070",2016,"Female","White",1,1,1,0,1
"STU002071",2016,"NonBinary_Other","White",0,0,1,0,0
"STU002072",2016,"Female","White",1,0,0,0,0
"STU002073",2016,"Male","MultiRacial",1,0,0,0,0
"STU002074",2016,"Female","White",0,1,0,0,0
"STU002075",2016,"Male","White",0,0,0,0,0
"STU002076",2016,"Male","White",1,0,0,0,0
"STU002077",2016,"Female","White",0,0,0,0,0
"STU002078",2016,"Male","White",0,1,0,0,0
"STU002079",2016,"Male","White",0,1,1,0,1
"STU002080",2016,"Male","White",0,0,0,0,0
"STU002081",2016,"Male","Hispanic",0,0,0,0,1
"STU002082",2016,"Female","White",0,1,1,0,0
"STU002083",2016,"Female","White",0,1,0,0,1
"STU002084",2016,"NonBinary_Other","White",0,1,0,0,0
"STU002085",2016,"Female","MultiRacial",0,0,0,1,0
"STU002086",2016,"Female","Hispanic",1,0,0,1,0
"STU002087",2016,"Male","Hispanic",0,0,1,0,0
"STU002088",2016,"Male","Black",0,1,0,0,1
"STU002089",2016,"Male","Black",1,1,0,0,1
"STU002090",2016,"Male","White",0,1,0,0,0
"STU002091",2016,"Female","AmericanIndian",0,0,0,0,0
"STU002092",2016,"Male","Asian",1,1,1,0,0
"STU002093",2016,"Female","White",0,0,0,0,0
"STU002094",2016,"Female","Hispanic",0,1,0,1,0
"STU002095",2016,"Male","White",0,0,0,0,0
"STU002096",2016,"Female","Black",0,1,0,0,1
"STU002097",2016,"Female","White",0,0,0,0,0
"STU002098",2016,"Female","Black",0,0,0,0,1
"STU002099",2016,"Male","White",0,0,0,1,0
"STU002100",2016,"Male","White",0,0,1,0,1
"STU002101",2016,"Female","White",0,1,0,0,0
"STU002102",2016,"Female","White",0,0,0,0,0
"STU002103",2016,"Female","Hispanic",0,1,0,1,1
"STU002104",2016,"Female","Black",0,1,0,1,1
"STU002105",2016,"Female","AmericanIndian",0,1,0,0,0
"STU002106",2016,"Male","White",0,0,0,0,1
"STU002107",2016,"Male","White",1,1,0,0,1
"STU002108",2016,"Male","Asian",0,0,0,0,1
"STU002109",2016,"Male","White",1,0,0,0,1
"STU002110",2016,"Male","White",1,0,0,0,0
"STU002111",2016,"NonBinary_Other","Other",0,0,0,0,0
"STU002112",2016,"Male","White",0,0,0,0,0
"STU002113",2016,"Female","Black",1,0,1,0,1
"STU002114",2016,"Female","Hispanic",0,1,0,0,0
"STU002115",2016,"Female","White",0,0,0,0,1
"STU002116",2016,"Female","Hispanic",0,1,0,0,1
"STU002117",2016,"Female","White",0,1,0,0,0
"STU002118",2016,"Female","White",0,0,0,0,0
"STU002119",2016,"Female","Hispanic",0,0,1,1,0
"STU002120",2016,"Female","Hispanic",1,1,0,0,1
"STU002121",2016,"Male","White",0,0,0,0,0
"STU002122",2016,"Male","Hispanic",1,0,1,0,0
"STU002123",2016,"Female","MultiRacial",0,0,0,0,0
"STU002124",2016,"Female","White",0,0,0,0,1
"STU002125",2016,"Male","White",0,1,0,0,1
"STU002126",2016,"Female","White",1,0,0,0,1
"STU002127",2016,"Female","White",1,0,0,0,0
"STU002128",2016,"Female","Hispanic",1,1,0,1,1
"STU002129",2016,"Female","MultiRacial",0,1,0,0,1
"STU002130",2016,"Male","White",0,1,0,1,1
"STU002131",2016,"Male","White",0,1,0,0,0
"STU002132",2016,"Male","White",1,0,0,0,1
"STU002133",2016,"Female","White",1,1,0,0,0
"STU002134",2016,"Male","White",1,0,0,0,0
"STU002135",2016,"Male","MultiRacial",0,1,1,0,0
"STU002136",2016,"Male","White",0,0,0,0,0
"STU002137",2016,"Female","White",0,0,0,1,0
"STU002138",2016,"Male","Other",1,0,0,0,0
"STU002139",2016,"Female","Hispanic",1,1,0,0,0
"STU002140",2016,"Male","White",1,1,0,0,1
"STU002141",2016,"Male","Hispanic",0,0,0,0,0
"STU002142",2016,"Female","White",1,0,0,0,0
"STU002143",2016,"Male","Other",0,0,1,0,0
"STU002144",2016,"Male","White",1,0,0,0,0
"STU002145",2016,"Male","White",0,0,0,0,1
"STU002146",2016,"Male","Asian",0,0,0,0,0
"STU002147",2016,"Male","AmericanIndian",0,0,0,0,0
"STU002148",2016,"Female","Hispanic",1,0,0,0,1
"STU002149",2016,"Female","Hispanic",1,1,0,0,1
"STU002150",2016,"Female","MultiRacial",0,0,0,1,0
"STU002151",2016,"Female","Asian",0,1,0,0,1
"STU002152",2016,"Male","Hispanic",0,0,0,0,1
"STU002153",2016,"Male","MultiRacial",0,1,1,0,0
"STU002154",2016,"Male","White",0,0,0,1,0
"STU002155",2016,"Male","Black",1,1,1,1,1
"STU002156",2016,"Male","White",1,1,0,0,0
"STU002157",2016,"Male","Asian",0,0,0,0,0
"STU002158",2016,"Male","White",0,0,0,1,1
"STU002159",2016,"Male","White",1,0,0,0,0
"STU002160",2016,"Female","White",0,0,0,0,0
"STU002161",2016,"Male","Hispanic",1,0,0,0,0
"STU002162",2016,"Female","Hispanic",1,0,0,1,0
"STU002163",2016,"Male","White",0,1,0,0,0
"STU002164",2016,"Female","White",0,0,1,0,0
"STU002165",2016,"Female","White",1,0,0,0,0
"STU002166",2016,"Female","Asian",0,1,0,1,0
"STU002167",2016,"Female","White",1,0,1,0,0
"STU002168",2016,"Female","White",0,0,0,0,0
"STU002169",2016,"Female","MultiRacial",0,0,0,0,1
"STU002170",2016,"Female","White",0,1,0,0,0
"STU002171",2016,"Female","White",1,1,0,1,0
"STU002172",2016,"Male","Hispanic",1,1,0,0,0
"STU002173",2016,"Female","AmericanIndian",1,0,0,0,1
"STU002174",2016,"Female","MultiRacial",0,0,0,0,1
"STU002175",2016,"Female","Hispanic",0,1,0,1,1
"STU002176",2016,"Male","White",1,1,0,0,0
"STU002177",2016,"Female","Asian",0,0,1,1,0
"STU002178",2016,"Female","White",0,0,1,0,0
"STU002179",2016,"Male","White",1,1,0,0,1
"STU002180",2016,"Female","White",1,1,0,0,0
"STU002181",2016,"Female","MultiRacial",1,0,0,0,1
"STU002182",2016,"Male","Hispanic",0,0,0,0,0
"STU002183",2016,"Male","White",1,0,0,1,1
"STU002184",2016,"Male","White",0,1,0,0,0
"STU002185",2016,"Male","White",1,0,0,0,0
"STU002186",2016,"Female","White",0,0,0,0,0
"STU002187",2016,"Male","MultiRacial",0,0,0,0,1
"STU002188",2016,"Male","White",0,1,0,0,0
"STU002189",2016,"Male","White",0,1,0,0,0
"STU002190",2016,"Male","Black",1,1,0,0,1
"STU002191",2016,"Male","MultiRacial",0,0,0,0,0
"STU002192",2016,"Male","White",0,1,0,0,0
"STU002193",2016,"Male","White",0,1,0,0,0
"STU002194",2016,"Female","White",0,1,0,0,0
"STU002195",2016,"Female","Black",0,1,0,0,1
"STU002196",2016,"Male","White",0,0,1,0,0
"STU002197",2016,"Male","White",1,1,0,0,0
"STU002198",2016,"Male","AmericanIndian",0,1,0,0,1
"STU002199",2016,"Male","White",0,0,0,0,1
"STU002200",2016,"Male","Hispanic",0,0,1,0,1
"STU002201",2016,"Male","White",1,1,0,0,1
"STU002202",2016,"Female","Hispanic",1,0,0,1,1
"STU002203",2016,"Male","Asian",1,0,1,0,0
"STU002204",2016,"Female","White",0,0,1,0,0
"STU002205",2016,"Female","White",0,0,0,0,0
"STU002206",2016,"Male","White",0,0,0,0,0
"STU002207",2016,"Male","White",1,0,0,0,0
"STU002208",2016,"Female","Other",0,1,0,1,0
"STU002209",2016,"Male","Hispanic",0,0,0,0,1
"STU002210",2016,"Male","Hispanic",0,1,0,0,1
"STU002211",2016,"Male","Hispanic",0,0,0,1,1
"STU002212",2016,"Male","White",1,1,0,0,0
"STU002213",2016,"Female","Other",0,0,0,0,0
"STU002214",2016,"Male","White",0,0,0,0,1
"STU002215",2016,"Female","Black",0,0,1,0,0
"STU002216",2016,"Female","White",1,0,0,1,0
"STU002217",2016,"Female","White",0,1,0,0,0
"STU002218",2016,"Male","Asian",1,1,0,0,0
"STU002219",2016,"Male","White",1,1,0,0,0
"STU002220",2016,"Female","White",1,0,0,0,0
"STU002221",2016,"Female","AmericanIndian",1,1,1,0,0
"STU002222",2016,"Female","Hispanic",0,0,0,0,0
"STU002223",2016,"Female","Other",1,0,0,0,1
"STU002224",2016,"Female","White",0,1,0,0,0
"STU002225",2016,"Female","Hispanic",0,1,0,0,1
"STU002226",2016,"Male","White",0,0,0,0,0
"STU002227",2016,"Female","White",0,1,0,0,0
"STU002228",2016,"Female","White",0,0,0,0,0
"STU002229",2016,"Male","White",0,0,0,0,0
"STU002230",2016,"Female","White",0,0,0,0,0
"STU002231",2016,"Male","Asian",0,1,0,1,1
"STU002232",2016,"Female","White",0,0,0,0,0
"STU002233",2016,"Male","White",0,0,0,0,0
"STU002234",2016,"Male","White",0,0,0,0,1
"STU002235",2016,"Female","Black",1,1,0,0,1
"STU002236",2016,"Male","AmericanIndian",1,1,0,0,1
"STU002237",2016,"Female","White",0,0,0,0,1
"STU002238",2016,"NonBinary_Other","MultiRacial",1,0,1,0,0
"STU002239",2016,"Male","Asian",0,0,0,0,0
"STU002240",2016,"NonBinary_Other","Black",1,0,0,0,1
"STU002241",2016,"Female","White",0,0,0,0,1
"STU002242",2016,"Male","White",1,0,0,0,1
"STU002243",2016,"Male","Hispanic",0,0,0,0,1
"STU002244",2016,"Male","White",1,1,0,0,0
"STU002245",2016,"Male","White",0,0,0,0,0
"STU002246",2016,"Male","White",1,0,0,0,1
"STU002247",2016,"Male","Black",0,0,0,0,1
"STU002248",2016,"Male","Hispanic",1,0,1,0,1
"STU002249",2016,"Female","Asian",1,1,0,0,0
"STU002250",2016,"Male","White",0,1,0,0,0
"STU002251",2016,"Male","Black",0,1,0,0,1
"STU002252",2016,"Female","White",0,0,0,0,0
"STU002253",2016,"Female","White",0,1,0,0,0
"STU002254",2016,"Male","White",1,1,0,0,0
"STU002255",2016,"Female","White",0,0,0,0,0
"STU002256",2016,"Female","Hispanic",0,0,0,0,0
"STU002257",2016,"Female","Hispanic",0,1,0,1,1
"STU002258",2016,"Female","White",1,0,0,0,1
"STU002259",2016,"Male","White",0,0,0,0,0
"STU002260",2016,"Male","Hispanic",0,0,0,0,0
"STU002261",2016,"Female","Hispanic",0,0,0,0,0
"STU002262",2016,"Male","Hispanic",0,0,1,0,0
"STU002263",2016,"Female","Black",0,0,0,0,0
"STU002264",2016,"Female","White",0,0,1,0,0
"STU002265",2016,"Female","Asian",1,0,0,0,0
"STU002266",2016,"NonBinary_Other","MultiRacial",1,0,0,0,0
"STU002267",2016,"Male","White",0,1,0,0,1
"STU002268",2016,"Female","White",1,0,0,0,0
"STU002269",2016,"Male","Other",1,0,0,1,0
"STU002270",2016,"Female","MultiRacial",0,0,1,0,0
"STU002271",2016,"Male","White",0,0,1,0,1
"STU002272",2016,"Female","Black",0,1,1,0,1
"STU002273",2016,"Male","White",0,0,0,0,1
"STU002274",2016,"Male","MultiRacial",0,0,0,0,1
"STU002275",2016,"Female","Hispanic",1,0,0,0,1
"STU002276",2016,"Male","White",0,1,0,0,0
"STU002277",2016,"Male","Hispanic",1,0,0,1,0
"STU002278",2016,"Male","MultiRacial",0,0,0,0,0
"STU002279",2016,"Male","Hispanic",0,0,0,0,0
"STU002280",2016,"Female","White",1,0,0,0,0
"STU002281",2016,"Male","Black",0,1,0,0,1
"STU002282",2016,"Female","White",1,0,0,0,0
"STU002283",2016,"Female","White",0,0,0,0,0
"STU002284",2016,"Female","White",0,1,0,0,0
"STU002285",2016,"Male","Hispanic",0,1,0,0,0
"STU002286",2016,"Female","Black",1,0,0,0,1
"STU002287",2016,"Female","Black",0,1,0,0,0
"STU002288",2016,"Male","Asian",0,1,1,0,1
"STU002289",2016,"Female","White",0,0,0,0,1
"STU002290",2016,"Female","White",0,1,0,0,0
"STU002291",2016,"Female","White",0,1,0,0,0
"STU002292",2016,"Female","White",0,0,0,0,1
"STU002293",2016,"Female","Other",0,0,0,0,1
"STU002294",2016,"Male","White",0,0,1,0,1
"STU002295",2016,"Male","Hispanic",1,1,1,0,1
"STU002296",2016,"Female","MultiRacial",0,1,1,0,0
"STU002297",2016,"Male","Hispanic",1,1,0,0,1
"STU002298",2016,"Male","Black",1,0,0,0,1
"STU002299",2016,"Female","Hispanic",0,1,0,0,1
"STU002300",2016,"Male","White",0,1,0,0,0
"STU002301",2016,"Male","Black",0,1,0,1,0
"STU002302",2016,"Male","Hispanic",1,1,1,0,1
"STU002303",2016,"Female","White",1,1,0,0,0
"STU002304",2016,"Female","Hispanic",0,0,0,0,1
"STU002305",2016,"Female","Hispanic",0,0,0,0,1
"STU002306",2016,"Male","White",0,0,0,0,1
"STU002307",2016,"Female","Hispanic",0,0,1,0,1
"STU002308",2016,"Female","Hispanic",1,0,0,0,0
"STU002309",2016,"Male","White",1,0,0,0,0
"STU002310",2016,"Male","MultiRacial",0,0,0,1,0
"STU002311",2016,"Female","Hispanic",0,1,0,0,1
"STU002312",2016,"Female","Black",1,0,1,0,1
"STU002313",2016,"Male","Hispanic",1,0,0,0,1
"STU002314",2016,"Female","White",0,0,0,0,0
"STU002315",2016,"Male","White",0,1,0,0,0
"STU002316",2016,"Female","White",0,0,0,0,0
"STU002317",2016,"Male","Hispanic",0,0,0,0,1
"STU002318",2016,"Female","White",0,0,0,0,1
"STU002319",2016,"Female","White",0,0,0,1,0
"STU002320",2016,"Male","Black",1,0,0,0,1
"STU002321",2016,"Male","White",0,1,0,0,0
"STU002322",2016,"Female","Black",0,1,0,0,0
"STU002323",2016,"Male","White",0,0,0,0,0
"STU002324",2016,"Female","Hispanic",0,0,0,0,1
"STU002325",2016,"Female","MultiRacial",0,1,0,0,1
"STU002326",2016,"Male","Hispanic",0,1,0,1,0
"STU002327",2016,"Female","Hispanic",0,0,0,0,1
"STU002328",2016,"Male","White",0,0,0,1,0
"STU002329",2016,"Male","Hispanic",0,0,0,0,1
"STU002330",2016,"Female","Hispanic",0,1,0,1,0
"STU002331",2016,"Male","White",1,1,0,0,0
"STU002332",2016,"Female","Hispanic",1,0,0,0,1
"STU002333",2016,"Male","White",1,0,0,0,0
"STU002334",2016,"Male","White",0,1,0,0,0
"STU002335",2016,"Female","MultiRacial",0,1,0,0,0
"STU002336",2016,"Female","Hispanic",0,0,0,0,0
"STU002337",2016,"Female","White",0,1,0,0,1
"STU002338",2016,"Male","White",0,0,0,0,0
"STU002339",2016,"Female","White",0,1,1,0,0
"STU002340",2016,"Male","White",0,0,0,0,0
"STU002341",2016,"Female","Other",0,1,0,0,1
"STU002342",2016,"Female","Hispanic",0,0,0,0,0
"STU002343",2016,"Female","White",1,0,0,0,0
"STU002344",2016,"Female","White",0,0,0,1,0
"STU002345",2016,"Male","White",0,0,0,1,0
"STU002346",2016,"Female","Black",0,0,0,0,1
"STU002347",2016,"Male","Asian",0,1,0,0,1
"STU002348",2016,"Male","White",1,0,0,0,1
"STU002349",2016,"Male","Hispanic",0,0,1,0,1
"STU002350",2016,"Female","Hispanic",0,1,0,0,0
"STU002351",2016,"Male","Hispanic",0,0,0,0,1
"STU002352",2016,"Male","White",0,0,0,1,0
"STU002353",2016,"NonBinary_Other","White",0,0,1,0,1
"STU002354",2016,"Female","White",0,0,0,0,1
"STU002355",2016,"Male","White",0,1,0,0,0
"STU002356",2016,"Female","White",0,1,0,0,0
"STU002357",2016,"Female","White",0,0,0,0,0
"STU002358",2016,"Male","White",0,0,0,0,0
"STU002359",2016,"Female","MultiRacial",1,0,0,0,0
"STU002360",2016,"Male","White",1,0,0,0,1
"STU002361",2016,"Female","Black",0,0,0,0,1
"STU002362",2016,"Female","Hispanic",0,1,0,0,1
"STU002363",2016,"Male","White",0,0,1,0,0
"STU002364",2016,"Male","Hispanic",0,0,1,0,0
"STU002365",2016,"Female","White",0,0,0,0,1
"STU002366",2016,"Female","White",0,0,0,0,1
"STU002367",2016,"Female","White",1,0,0,0,0
"STU002368",2016,"Male","Hispanic",0,0,0,0,0
"STU002369",2016,"Male","White",0,0,0,0,0
"STU002370",2016,"Female","White",0,0,0,0,0
"STU002371",2016,"Female","Asian",1,0,0,0,0
"STU002372",2016,"Female","Asian",0,0,1,0,0
"STU002373",2016,"Male","MultiRacial",0,0,1,1,1
"STU002374",2016,"Male","White",0,1,0,0,0
"STU002375",2016,"Female","Hispanic",1,1,0,0,1
"STU002376",2016,"Female","Asian",0,0,0,0,0
"STU002377",2016,"Male","Black",0,0,0,0,1
"STU002378",2016,"Male","Other",0,0,0,0,0
"STU002379",2016,"Female","White",0,0,0,1,0
"STU002380",2016,"Female","AmericanIndian",0,1,0,0,0
"STU002381",2016,"Male","White",1,0,0,0,0
"STU002382",2016,"Male","White",1,1,0,0,1
"STU002383",2016,"Female","White",1,1,0,0,0
"STU002384",2016,"Male","White",0,0,0,0,0
"STU002385",2016,"Male","Black",0,1,0,0,1
"STU002386",2016,"Male","White",0,0,0,0,1
"STU002387",2016,"Male","Hispanic",1,0,0,0,0
"STU002388",2016,"Male","White",0,0,1,1,0
"STU002389",2016,"Female","White",0,1,0,0,0
"STU002390",2016,"Female","White",1,1,0,0,0
"STU002391",2016,"Female","Hispanic",0,0,0,0,1
"STU002392",2016,"Female","White",0,0,0,0,1
"STU002393",2016,"Female","White",0,0,0,0,1
"STU002394",2016,"Male","White",0,0,0,1,0
"STU002395",2016,"NonBinary_Other","White",0,0,0,0,1
"STU002396",2016,"Female","White",0,1,0,0,0
"STU002397",2016,"Male","White",0,0,0,0,0
"STU002398",2016,"Female","AmericanIndian",1,1,0,0,1
"STU002399",2016,"Male","Other",0,1,1,0,1
"STU002400",2016,"Male","White",0,0,0,0,0
"STU002401",2016,"Male","White",0,0,0,0,0
"STU002402",2016,"Male","White",0,0,0,0,0
"STU002403",2016,"Female","Hispanic",0,0,1,0,1
"STU002404",2016,"Female","White",1,1,0,1,1
"STU002405",2016,"Male","White",1,0,0,0,0
"STU002406",2016,"Male","AmericanIndian",1,0,0,0,0
"STU002407",2016,"Female","Hispanic",0,1,0,0,1
"STU002408",2016,"Male","Asian",0,0,0,0,1
"STU002409",2016,"Female","Hispanic",0,0,0,0,0
"STU002410",2016,"Male","Black",1,1,0,0,1
"STU002411",2016,"Male","Asian",0,0,0,0,0
"STU002412",2016,"Female","Hispanic",0,0,0,0,1
"STU002413",2016,"Female","Hispanic",0,0,0,0,0
"STU002414",2016,"Female","Black",0,0,0,0,0
"STU002415",2016,"Male","Black",0,0,1,0,1
"STU002416",2016,"Male","Black",0,0,0,0,1
"STU002417",2016,"Male","MultiRacial",1,1,0,0,0
"STU002418",2016,"Female","MultiRacial",0,1,0,0,1
"STU002419",2016,"Male","Hispanic",0,0,0,1,1
"STU002420",2016,"Male","Hispanic",1,1,0,0,1
"STU002421",2016,"Female","Hispanic",0,0,1,0,1
"STU002422",2016,"Female","White",1,1,0,0,0
"STU002423",2016,"Male","Hispanic",0,0,0,0,1
"STU002424",2016,"Female","White",0,0,0,0,1
"STU002425",2016,"Female","White",0,0,0,0,0
"STU002426",2016,"Female","Other",0,1,0,0,1
"STU002427",2016,"Male","White",0,0,0,0,1
"STU002428",2016,"Male","White",1,0,0,0,0
"STU002429",2016,"Male","White",0,1,0,0,1
"STU002430",2016,"Male","White",0,0,0,0,0
"STU002431",2016,"Female","White",1,1,0,0,0
"STU002432",2016,"Male","White",0,1,0,0,0
"STU002433",2016,"Female","Black",0,0,0,1,1
"STU002434",2016,"NonBinary_Other","Hispanic",0,1,0,0,0
"STU002435",2016,"Male","Black",0,0,0,0,1
"STU002436",2016,"Female","Hispanic",0,0,0,1,0
"STU002437",2016,"Male","White",0,0,0,0,1
"STU002438",2016,"Male","Other",0,1,0,0,1
"STU002439",2016,"Female","Asian",0,1,1,0,1
"STU002440",2016,"Female","Hispanic",0,0,0,0,1
"STU002441",2016,"Male","Asian",0,1,0,0,1
"STU002442",2016,"Female","White",0,0,0,0,1
"STU002443",2016,"Female","White",0,1,0,0,0
"STU002444",2016,"Male","White",0,1,0,1,1
"STU002445",2016,"Male","White",1,1,0,1,1
"STU002446",2016,"Female","Hispanic",1,0,0,0,1
"STU002447",2016,"Female","White",0,0,0,0,0
"STU002448",2016,"Male","AmericanIndian",0,0,0,0,0
"STU002449",2016,"Male","Black",0,0,0,0,1
"STU002450",2016,"Male","AmericanIndian",0,1,0,0,0
"STU002451",2016,"Female","White",1,0,0,0,1
"STU002452",2016,"Male","Hispanic",0,0,1,0,1
"STU002453",2016,"Male","Asian",0,1,0,0,1
"STU002454",2016,"Female","White",0,0,0,0,1
"STU002455",2016,"Male","MultiRacial",0,1,0,0,1
"STU002456",2016,"Male","White",0,1,0,0,1
"STU002457",2016,"Male","Hispanic",1,1,0,0,1
"STU002458",2016,"Female","White",0,1,0,0,0
"STU002459",2016,"Female","White",0,1,0,0,0
"STU002460",2016,"Male","Asian",1,1,0,1,0
"STU002461",2016,"Male","Other",0,1,0,0,0
"STU002462",2016,"Male","Hispanic",0,0,0,0,1
"STU002463",2016,"Female","Hispanic",0,0,0,0,1
"STU002464",2016,"Female","Asian",0,1,1,0,1
"STU002465",2016,"Male","Hispanic",1,0,1,1,1
"STU002466",2016,"Male","White",1,1,0,0,0
"STU002467",2016,"Male","MultiRacial",0,0,0,0,1
"STU002468",2016,"Male","White",0,0,0,1,0
"STU002469",2016,"Male","Other",0,0,0,0,0
"STU002470",2016,"Male","Asian",1,0,0,0,0
"STU002471",2016,"Female","Hispanic",1,1,0,0,1
"STU002472",2016,"Female","White",0,0,0,0,0
"STU002473",2016,"Male","Asian",0,0,0,0,1
"STU002474",2016,"Male","Asian",0,0,1,0,0
"STU002475",2016,"Male","Hispanic",1,1,0,0,1
"STU002476",2016,"Female","Hispanic",0,0,0,1,0
"STU002477",2016,"Female","Other",0,0,0,0,0
"STU002478",2016,"Male","Black",0,1,0,0,0
"STU002479",2016,"Female","Hispanic",0,1,0,0,1
"STU002480",2016,"Male","White",0,0,0,0,0
"STU002481",2016,"Male","Asian",0,0,0,0,0
"STU002482",2016,"Female","Hispanic",0,1,0,0,0
"STU002483",2016,"Male","White",0,0,0,0,0
"STU002484",2016,"Female","White",0,1,0,0,0
"STU002485",2016,"Female","White",0,0,0,0,0
"STU002486",2016,"Male","White",0,1,0,0,0
"STU002487",2016,"Female","AmericanIndian",1,1,0,0,1
"STU002488",2016,"Male","Hispanic",0,1,0,0,1
"STU002489",2016,"Male","White",0,1,0,0,0
"STU002490",2016,"Female","White",0,0,0,0,1
"STU002491",2016,"Female","Black",0,0,0,1,0
"STU002492",2016,"Female","White",0,1,0,0,0
"STU002493",2016,"Male","Hispanic",0,0,0,0,1
"STU002494",2016,"Female","Asian",0,0,1,0,0
"STU002495",2016,"Male","Hispanic",0,1,1,0,1
"STU002496",2016,"Male","MultiRacial",1,1,1,0,1
"STU002497",2016,"Female","White",0,0,0,0,1
"STU002498",2016,"Female","White",0,0,0,1,0
"STU002499",2016,"Female","White",0,0,0,0,0
"STU002500",2016,"Male","White",0,0,0,0,0
"STU002501",2016,"Female","MultiRacial",0,1,0,0,1
"STU002502",2016,"Female","Hispanic",1,1,0,0,0
"STU002503",2016,"Male","White",0,0,0,0,0
"STU002504",2016,"Female","White",1,0,0,0,0
"STU002505",2016,"Female","White",0,0,0,0,0
"STU002506",2016,"Male","White",0,0,0,0,0
"STU002507",2016,"Female","White",0,1,0,0,0
"STU002508",2016,"Male","White",1,0,0,0,0
"STU002509",2016,"Female","MultiRacial",0,1,0,1,0
"STU002510",2016,"Male","AmericanIndian",0,0,0,0,0
"STU002511",2016,"Male","Black",0,1,0,0,1
"STU002512",2016,"Female","Hispanic",0,0,0,0,1
"STU002513",2016,"Male","Hispanic",1,0,0,0,1
"STU002514",2016,"Male","Asian",0,0,0,0,0
"STU002515",2016,"Male","White",1,1,1,1,0
"STU002516",2016,"Female","Black",0,1,0,0,0
"STU002517",2016,"NonBinary_Other","Hispanic",0,1,0,1,0
"STU002518",2016,"Female","White",1,0,0,0,1
"STU002519",2016,"Female","Other",0,0,0,0,0
"STU002520",2016,"Male","Hispanic",0,1,1,0,0
"STU002521",2016,"Female","White",1,0,0,0,1
"STU002522",2016,"Male","White",1,0,0,0,1
"STU002523",2016,"Female","White",1,0,1,1,0
"STU002524",2016,"Male","White",0,0,0,0,0
"STU002525",2016,"Male","White",0,1,0,0,0
"STU002526",2016,"Female","Hispanic",0,0,0,0,0
"STU002527",2016,"Female","Asian",0,0,0,0,0
"STU002528",2016,"Female","Asian",0,1,0,1,1
"STU002529",2016,"Male","White",0,0,1,0,0
"STU002530",2016,"Female","Hispanic",0,1,0,0,0
"STU002531",2016,"Male","White",0,1,1,0,1
"STU002532",2016,"Female","White",0,0,1,0,0
"STU002533",2016,"Female","Hispanic",1,0,0,0,0
"STU002534",2016,"Female","White",0,0,1,0,0
"STU002535",2016,"Female","Hispanic",0,1,0,0,1
"STU002536",2016,"Female","White",0,1,0,1,1
"STU002537",2016,"NonBinary_Other","Hispanic",1,1,0,0,1
"STU002538",2016,"Male","MultiRacial",0,0,0,1,0
"STU002539",2016,"Female","Black",0,0,0,0,1
"STU002540",2016,"Female","White",0,1,0,0,0
"STU002541",2016,"Female","AmericanIndian",1,0,0,0,0
"STU002542",2016,"Female","MultiRacial",0,0,0,0,1
"STU002543",2016,"Female","White",0,0,0,0,0
"STU002544",2016,"Female","White",1,1,0,0,0
"STU002545",2016,"Female","White",0,1,0,0,0
"STU002546",2016,"Male","Hispanic",0,0,1,0,1
"STU002547",2016,"Female","Hispanic",0,0,0,0,0
"STU002548",2016,"Female","Hispanic",1,0,1,0,1
"STU002549",2016,"Female","Hispanic",0,1,0,1,0
"STU002550",2016,"Male","White",1,0,0,0,0
"STU002551",2016,"Female","White",0,1,0,0,0
"STU002552",2016,"Female","White",0,0,0,0,0
"STU002553",2016,"Male","White",0,0,0,0,0
"STU002554",2016,"Male","White",0,0,0,0,0
"STU002555",2016,"Female","White",0,0,0,1,0
"STU002556",2016,"Female","White",1,0,0,1,1
"STU002557",2016,"Male","White",0,0,0,0,0
"STU002558",2016,"Male","Hispanic",0,0,0,0,1
"STU002559",2016,"Female","White",0,0,0,0,1
"STU002560",2016,"Male","Hispanic",1,0,0,0,0
"STU002561",2016,"Male","White",1,1,0,1,1
"STU002562",2016,"Male","Asian",0,0,0,0,1
"STU002563",2016,"Female","White",1,0,0,0,0
"STU002564",2016,"Female","White",0,0,0,0,0
"STU002565",2016,"Female","Hispanic",1,0,0,0,0
"STU002566",2016,"Male","Asian",1,0,0,0,0
"STU002567",2016,"Male","Hispanic",1,0,0,0,1
"STU002568",2016,"Female","White",0,0,0,0,1
"STU002569",2016,"Male","White",0,0,0,0,0
"STU002570",2016,"Male","MultiRacial",1,1,0,0,0
"STU002571",2016,"Male","White",1,1,0,0,0
"STU002572",2016,"Male","White",1,1,0,0,0
"STU002573",2016,"Male","White",0,0,0,0,0
"STU002574",2016,"Female","Black",1,1,1,0,1
"STU002575",2016,"Female","Hispanic",0,1,0,0,1
"STU002576",2016,"Female","White",0,0,1,0,0
"STU002577",2016,"Male","White",0,0,0,0,0
"STU002578",2016,"NonBinary_Other","White",0,1,0,1,0
"STU002579",2016,"Female","White",0,0,0,0,0
"STU002580",2016,"Male","White",0,0,0,0,1
"STU002581",2016,"Female","MultiRacial",0,1,0,0,0
"STU002582",2016,"Female","Hispanic",0,0,0,0,0
"STU002583",2016,"Female","Hispanic",0,0,0,0,0
"STU002584",2016,"Male","White",1,1,0,0,0
"STU002585",2016,"Female","White",0,1,0,1,0
"STU002586",2016,"Female","White",0,0,0,0,0
"STU002587",2016,"Male","White",0,1,0,0,1
"STU002588",2016,"Male","White",0,1,0,0,0
"STU002589",2016,"Male","Black",0,1,0,0,1
"STU002590",2016,"Male","Other",0,1,0,0,0
"STU002591",2016,"Male","White",1,0,0,0,0
"STU002592",2016,"Female","Hispanic",1,0,0,0,1
"STU002593",2016,"Female","White",0,1,0,0,0
"STU002594",2016,"Male","Hispanic",0,0,0,0,1
"STU002595",2016,"Male","White",0,0,0,0,0
"STU002596",2016,"Male","Asian",0,1,0,1,0
"STU002597",2016,"Female","White",0,1,0,0,0
"STU002598",2016,"Female","Hispanic",0,0,0,0,1
"STU002599",2016,"Female","Asian",0,0,0,0,0
"STU002600",2016,"Male","Asian",0,0,0,0,1
"STU002601",2016,"Female","White",0,1,0,0,1
"STU002602",2016,"Female","White",0,0,0,0,0
"STU002603",2016,"Female","Hispanic",0,0,1,0,1
"STU002604",2016,"Male","Hispanic",1,0,0,0,1
"STU002605",2016,"Male","Black",0,0,0,0,1
"STU002606",2016,"Female","Hispanic",0,1,0,0,1
"STU002607",2016,"Female","Hispanic",0,0,0,0,0
"STU002608",2016,"Male","White",1,0,0,0,0
"STU002609",2016,"Male","White",0,0,0,0,1
"STU002610",2016,"Female","Hispanic",0,1,0,0,1
"STU002611",2016,"Female","Asian",0,0,0,0,0
"STU002612",2016,"Male","Hispanic",0,1,0,0,1
"STU002613",2016,"Male","Asian",0,1,0,0,0
"STU002614",2016,"Female","White",0,0,0,0,0
"STU002615",2016,"Male","White",0,0,0,1,0
"STU002616",2016,"Male","White",0,1,0,0,0
"STU002617",2016,"Male","Hispanic",0,1,0,0,1
"STU002618",2016,"Female","White",0,0,0,0,0
"STU002619",2016,"Male","White",1,1,0,1,0
"STU002620",2016,"Male","White",0,0,0,0,0
"STU002621",2016,"Female","Hispanic",0,0,1,0,1
"STU002622",2016,"Male","Black",0,0,0,0,0
"STU002623",2016,"Male","White",0,0,0,0,0
"STU002624",2016,"Female","White",0,0,0,0,1
"STU002625",2016,"Female","Hispanic",0,0,0,0,1
"STU002626",2016,"Female","White",0,1,0,0,0
"STU002627",2016,"Male","Hispanic",1,0,0,0,1
"STU002628",2016,"Female","White",0,0,0,0,0
"STU002629",2016,"Male","White",1,0,0,0,0
"STU002630",2016,"Male","White",0,0,0,0,1
"STU002631",2016,"Male","White",1,1,0,0,0
"STU002632",2016,"Male","MultiRacial",0,1,0,0,0
"STU002633",2016,"Male","White",1,1,0,0,0
"STU002634",2016,"Male","White",0,0,1,0,0
"STU002635",2016,"Male","Hispanic",0,1,0,0,0
"STU002636",2016,"Male","Asian",1,0,0,0,0
"STU002637",2016,"Male","Black",1,1,0,0,1
"STU002638",2016,"Female","Asian",1,0,0,0,0
"STU002639",2016,"Female","Hispanic",0,0,0,0,0
"STU002640",2016,"Female","White",0,0,0,0,0
"STU002641",2016,"Male","Hispanic",0,0,0,0,1
"STU002642",2016,"Male","White",0,1,0,0,0
"STU002643",2016,"Female","Hispanic",0,0,0,0,1
"STU002644",2016,"Male","Asian",0,0,0,0,1
"STU002645",2016,"Male","Hispanic",0,1,0,0,1
"STU002646",2016,"Male","White",1,0,0,0,1
"STU002647",2016,"Male","White",0,0,1,0,1
"STU002648",2016,"Female","Hispanic",0,1,0,0,1
"STU002649",2016,"Male","AmericanIndian",0,0,0,1,1
"STU002650",2016,"Female","White",0,0,0,0,0
"STU002651",2016,"Female","Hispanic",0,0,1,0,1
"STU002652",2016,"Female","Hispanic",0,1,0,0,0
"STU002653",2016,"Female","White",0,0,0,0,0
"STU002654",2016,"Female","White",1,0,0,0,0
"STU002655",2016,"Male","White",0,0,0,1,0
"STU002656",2016,"Male","White",0,1,0,0,0
"STU002657",2016,"Male","White",0,1,0,0,0
"STU002658",2016,"Female","White",0,1,1,0,1
"STU002659",2016,"Male","White",0,1,0,0,0
"STU002660",2016,"Male","Black",1,0,0,1,1
"STU002661",2016,"Female","AmericanIndian",1,1,0,0,1
"STU002662",2016,"Male","White",0,1,0,0,0
"STU002663",2016,"Female","White",1,0,0,1,1
"STU002664",2016,"Female","Hispanic",1,1,1,0,1
"STU002665",2016,"Female","Hispanic",0,0,0,0,1
"STU002666",2016,"Female","White",0,0,0,0,0
"STU002667",2016,"Male","White",0,1,0,0,0
"STU002668",2016,"Female","Hispanic",0,0,0,0,0
"STU002669",2016,"Male","AmericanIndian",0,1,0,0,1
"STU002670",2016,"Male","MultiRacial",0,1,0,0,0
"STU002671",2016,"NonBinary_Other","White",1,0,1,1,1
"STU002672",2016,"Female","Hispanic",0,1,0,0,0
"STU002673",2016,"Male","Hispanic",0,0,0,0,1
"STU002674",2016,"Male","White",1,1,0,0,0
"STU002675",2016,"Female","Hispanic",0,0,0,0,1
"STU002676",2016,"Male","Asian",1,0,0,0,1
"STU002677",2016,"Female","Asian",0,0,0,0,1
"STU002678",2016,"Female","White",0,1,0,0,1
"STU002679",2016,"NonBinary_Other","White",0,0,0,1,0
"STU002680",2016,"Female","Black",1,1,1,0,0
"STU002681",2016,"Male","Asian",1,0,0,0,0
"STU002682",2016,"Male","White",0,0,0,0,0
"STU002683",2016,"Male","Hispanic",0,0,1,0,0
"STU002684",2016,"Female","White",0,0,0,0,0
"STU002685",2016,"Male","MultiRacial",0,0,0,0,0
"STU002686",2016,"Male","Hispanic",1,0,0,0,1
"STU002687",2016,"Female","White",0,1,0,0,0
"STU002688",2016,"Female","Asian",0,0,0,0,0
"STU002689",2016,"Male","Black",1,0,0,0,0
"STU002690",2016,"NonBinary_Other","Hispanic",0,0,0,0,1
"STU002691",2016,"Male","White",0,0,0,1,0
"STU002692",2016,"Female","White",1,1,0,0,1
"STU002693",2016,"Female","Hispanic",1,1,0,0,0
"STU002694",2016,"Female","White",0,0,0,0,1
"STU002695",2016,"Female","Hispanic",0,1,0,0,0
"STU002696",2016,"Male","White",1,0,0,0,0
"STU002697",2016,"Female","White",0,0,0,0,1
"STU002698",2016,"Male","Hispanic",0,1,0,0,1
"STU002699",2016,"Male","Hispanic",0,0,0,0,1
"STU002700",2016,"Female","White",0,1,0,0,0
"STU002701",2016,"Male","White",1,0,0,0,0
"STU002702",2016,"Female","Black",0,0,0,0,1
"STU002703",2016,"Male","White",0,1,0,0,1
"STU002704",2016,"Female","White",0,0,0,0,0
"STU002705",2016,"Female","White",0,0,1,0,1
"STU002706",2016,"Female","Asian",1,0,0,0,1
"STU002707",2016,"Female","Hispanic",0,1,0,0,1
"STU002708",2016,"Female","Hispanic",0,0,0,0,0
"STU002709",2016,"Female","White",0,1,0,0,0
"STU002710",2016,"Male","White",0,1,1,0,0
"STU002711",2016,"Male","White",0,1,0,0,0
"STU002712",2016,"Female","White",1,1,0,0,0
"STU002713",2016,"Female","White",1,0,0,0,0
"STU002714",2016,"Female","Hispanic",1,1,0,1,1
"STU002715",2016,"Male","Hispanic",0,0,0,0,0
"STU002716",2016,"Female","Black",1,1,0,0,1
"STU002717",2016,"Female","MultiRacial",0,0,0,0,1
"STU002718",2016,"Male","Asian",0,1,1,0,0
"STU002719",2016,"Male","White",0,1,0,0,1
"STU002720",2016,"Male","White",0,0,0,0,0
"STU002721",2016,"Male","Hispanic",0,0,0,0,0
"STU002722",2016,"Female","Black",0,0,0,0,1
"STU002723",2016,"Male","White",1,0,0,0,0
"STU002724",2016,"Male","White",0,0,0,0,0
"STU002725",2016,"Female","Black",1,0,0,0,0
"STU002726",2016,"Male","Hispanic",0,0,0,0,0
"STU002727",2016,"Male","Hispanic",1,0,0,0,0
"STU002728",2016,"Female","Hispanic",1,0,0,0,1
"STU002729",2016,"NonBinary_Other","MultiRacial",1,0,0,0,1
"STU002730",2016,"Male","Hispanic",1,0,1,0,0
"STU002731",2016,"Female","Hispanic",0,1,0,0,1
"STU002732",2016,"Female","White",1,0,0,0,0
"STU002733",2016,"Female","White",0,0,1,0,1
"STU002734",2016,"Male","White",0,1,0,0,1
"STU002735",2016,"Male","Hispanic",0,1,0,0,1
"STU002736",2016,"Female","White",0,0,0,0,0
"STU002737",2016,"Male","Hispanic",0,1,0,0,1
"STU002738",2016,"Male","Other",1,0,0,0,1
"STU002739",2016,"Male","White",0,1,0,0,0
"STU002740",2016,"Male","White",1,0,0,0,1
"STU002741",2016,"Male","White",0,1,0,0,0
"STU002742",2016,"Male","White",0,0,0,0,0
"STU002743",2016,"Male","Hispanic",1,1,0,1,1
"STU002744",2016,"Male","White",0,1,0,0,0
"STU002745",2016,"Female","MultiRacial",0,0,0,0,1
"STU002746",2016,"Male","White",0,0,0,0,0
"STU002747",2016,"Female","White",1,0,0,1,0
"STU002748",2016,"Female","White",0,0,0,0,0
"STU002749",2016,"Male","White",0,1,0,0,0
"STU002750",2016,"Male","White",1,1,1,0,0
"STU002751",2016,"Female","White",0,0,0,0,1
"STU002752",2016,"Female","Asian",0,0,0,1,0
"STU002753",2016,"Female","White",0,0,0,0,0
"STU002754",2016,"Female","White",1,1,0,0,0
"STU002755",2016,"Male","White",1,0,0,0,0
"STU002756",2016,"Male","Other",0,0,0,0,0
"STU002757",2016,"Male","Black",1,1,0,0,1
"STU002758",2016,"Male","White",1,0,1,0,0
"STU002759",2016,"Female","White",0,1,0,0,0
"STU002760",2016,"Male","Hispanic",0,1,1,1,0
"STU002761",2016,"Female","Black",0,0,1,0,1
"STU002762",2016,"Male","White",1,1,0,1,1
"STU002763",2016,"Male","White",1,1,0,0,0
"STU002764",2016,"Male","White",0,0,0,0,1
"STU002765",2016,"Female","Hispanic",0,0,0,0,1
"STU002766",2016,"Female","Hispanic",1,0,0,0,0
"STU002767",2016,"Male","White",0,0,0,1,0
"STU002768",2016,"Female","Hispanic",0,0,0,0,0
"STU002769",2016,"Female","White",1,0,0,0,1
"STU002770",2016,"Male","Black",0,0,0,0,1
"STU002771",2016,"Male","White",1,1,0,0,1
"STU002772",2016,"Female","AmericanIndian",1,0,0,0,1
"STU002773",2016,"Female","White",0,0,0,0,0
"STU002774",2016,"Male","White",0,0,0,0,0
"STU002775",2016,"Female","Black",1,0,0,0,0
"STU002776",2016,"Male","Other",0,0,0,0,0
"STU002777",2016,"Male","Hispanic",0,0,0,0,0
"STU002778",2016,"Male","White",0,0,0,0,0
"STU002779",2016,"Female","White",0,0,0,0,0
"STU002780",2016,"Male","Hispanic",1,0,0,0,0
"STU002781",2016,"Female","Hispanic",0,1,1,0,1
"STU002782",2016,"Male","White",0,0,0,0,0
"STU002783",2016,"Female","White",0,1,0,0,0
"STU002784",2016,"Male","White",0,1,0,0,0
"STU002785",2016,"Female","White",0,0,0,0,0
"STU002786",2016,"Male","White",1,1,0,0,0
"STU002787",2016,"Male","White",0,0,1,0,1
"STU002788",2016,"Female","White",0,0,1,0,0
"STU002789",2016,"Female","Black",1,1,1,0,0
"STU002790",2016,"Female","Hispanic",0,0,1,1,1
"STU002791",2016,"Female","White",0,0,1,1,1
"STU002792",2016,"Female","White",1,1,0,1,1
"STU002793",2016,"Male","Asian",0,1,0,0,0
"STU002794",2016,"Male","White",0,1,0,0,0
"STU002795",2016,"Female","White",0,1,0,0,0
"STU002796",2016,"Female","White",0,1,0,0,0
"STU002797",2016,"Female","Hispanic",0,1,1,0,0
"STU002798",2016,"Female","MultiRacial",0,0,0,0,0
"STU002799",2016,"Female","MultiRacial",0,1,0,0,0
"STU002800",2016,"Female","AmericanIndian",0,0,0,0,0
"STU002801",2016,"Female","White",0,1,1,0,0
"STU002802",2016,"Male","Black",1,0,1,0,1
"STU002803",2016,"Female","Hispanic",1,1,1,0,1
"STU002804",2016,"Male","Hispanic",1,1,0,0,0
"STU002805",2016,"Male","Black",0,0,0,0,1
"STU002806",2016,"Female","White",0,0,0,0,0
"STU002807",2016,"Male","Black",0,1,0,1,1
"STU002808",2016,"Female","White",0,0,0,0,0
"STU002809",2016,"NonBinary_Other","White",0,0,0,0,1
"STU002810",2016,"Male","White",0,0,0,0,1
"STU002811",2016,"Female","Black",0,1,0,0,1
"STU002812",2016,"Female","White",0,1,0,1,0
"STU002813",2016,"Female","White",0,0,0,1,0
"STU002814",2016,"Male","White",1,0,0,0,0
"STU002815",2016,"Female","MultiRacial",0,1,1,0,1
"STU002816",2016,"Male","White",0,0,0,0,0
"STU002817",2016,"NonBinary_Other","MultiRacial",0,1,0,1,0
"STU002818",2016,"Male","Hispanic",0,0,0,0,1
"STU002819",2016,"Female","MultiRacial",0,0,0,0,0
"STU002820",2016,"Male","White",0,0,0,0,0
"STU002821",2016,"Female","Hispanic",0,1,0,1,0
"STU002822",2016,"Female","Hispanic",0,1,0,0,1
"STU002823",2016,"Male","White",1,0,0,0,0
"STU002824",2016,"Male","Hispanic",0,0,0,0,0
"STU002825",2016,"Female","White",1,1,0,0,0
"STU002826",2016,"Female","Hispanic",0,0,0,1,1
"STU002827",2016,"Female","White",0,0,0,0,1
"STU002828",2016,"Male","Black",0,0,1,0,0
"STU002829",2016,"Male","White",0,0,0,0,0
"STU002830",2016,"Female","White",1,1,0,0,0
"STU002831",2016,"Female","Hispanic",0,1,0,1,1
"STU002832",2016,"Female","White",0,1,0,0,1
"STU002833",2016,"Male","White",0,1,0,0,0
"STU002834",2016,"Male","Black",0,0,1,0,1
"STU002835",2016,"Male","White",0,0,1,0,0
"STU002836",2016,"Female","MultiRacial",1,0,0,0,1
"STU002837",2016,"Male","Hispanic",0,1,1,0,0
"STU002838",2016,"Female","MultiRacial",0,1,0,0,0
"STU002839",2016,"Male","White",1,1,0,0,0
"STU002840",2016,"Male","White",0,0,0,0,1
"STU002841",2016,"NonBinary_Other","Black",0,0,0,0,1
"STU002842",2016,"Male","Hispanic",0,0,1,0,0
"STU002843",2016,"Female","Black",1,1,0,1,0
"STU002844",2016,"Male","White",0,0,0,0,0
"STU002845",2016,"Female","Asian",0,1,0,0,0
"STU002846",2016,"Male","MultiRacial",0,0,0,0,1
"STU002847",2016,"Female","White",1,0,0,0,1
"STU002848",2016,"Female","White",1,0,0,0,0
"STU002849",2016,"Female","Hispanic",1,1,0,0,1
"STU002850",2016,"Male","White",0,0,0,0,1
"STU002851",2016,"Female","Hispanic",0,0,0,0,0
"STU002852",2016,"Male","White",0,1,0,0,0
"STU002853",2016,"Male","White",1,1,0,0,0
"STU002854",2016,"Male","White",0,0,0,0,1
"STU002855",2016,"Male","Hispanic",0,0,0,0,0
"STU002856",2016,"Male","White",0,0,0,0,0
"STU002857",2016,"Male","Asian",0,1,0,0,0
"STU002858",2016,"Female","Black",0,1,0,1,0
"STU002859",2016,"NonBinary_Other","White",0,1,0,0,0
"STU002860",2016,"Female","Black",0,0,0,0,1
"STU002861",2016,"Male","White",1,1,0,0,1
"STU002862",2016,"Male","Hispanic",1,0,0,1,1
"STU002863",2016,"Male","White",1,0,0,0,0
"STU002864",2016,"Male","White",0,0,0,0,0
"STU002865",2016,"Female","Other",0,0,0,0,1
"STU002866",2016,"Male","White",1,0,0,0,1
"STU002867",2016,"Female","Black",1,0,0,0,0
"STU002868",2016,"Female","Hispanic",0,0,0,0,0
"STU002869",2016,"Male","Black",1,1,1,0,1
"STU002870",2016,"Male","Black",0,0,0,0,1
"STU002871",2016,"Female","Hispanic",1,0,0,1,1
"STU002872",2016,"Male","White",0,1,1,0,1
"STU002873",2016,"Female","Hispanic",1,1,0,0,1
"STU002874",2016,"Female","Hispanic",0,0,0,0,1
"STU002875",2016,"Female","White",1,1,0,0,0
"STU002876",2016,"Female","White",1,0,0,0,0
"STU002877",2016,"Female","White",0,0,1,0,0
"STU002878",2016,"Female","White",0,0,0,0,1
"STU002879",2016,"Male","White",0,1,0,0,0
"STU002880",2016,"Female","White",0,0,0,0,1
"STU002881",2016,"Female","Other",1,0,0,0,1
"STU002882",2016,"Female","Hispanic",0,1,0,0,1
"STU002883",2016,"Male","Other",1,1,1,1,0
"STU002884",2016,"Female","AmericanIndian",1,0,1,0,1
"STU002885",2016,"Female","White",0,0,0,0,1
"STU002886",2016,"Female","MultiRacial",0,0,0,0,0
"STU002887",2016,"Female","White",0,1,0,0,1
"STU002888",2016,"Male","Hispanic",0,1,0,0,1
"STU002889",2016,"Female","Black",0,0,0,0,0
"STU002890",2016,"Female","White",1,0,1,0,0
"STU002891",2016,"Male","White",1,1,0,0,0
"STU002892",2016,"Female","Black",1,1,0,0,0
"STU002893",2016,"Female","Asian",0,0,0,0,1
"STU002894",2016,"Female","MultiRacial",0,0,0,0,0
"STU002895",2016,"Male","Hispanic",0,0,0,0,1
"STU002896",2016,"Female","White",0,1,0,0,0
"STU002897",2016,"Male","White",1,0,0,0,0
"STU002898",2016,"Male","Hispanic",0,0,0,0,1
"STU002899",2016,"Female","Hispanic",0,1,0,0,1
"STU002900",2016,"Female","Hispanic",0,1,1,0,1
"STU002901",2016,"Female","Hispanic",0,1,0,0,0
"STU002902",2016,"Female","AmericanIndian",0,0,0,0,1
"STU002903",2016,"Male","White",0,1,1,1,1
"STU002904",2016,"Male","Black",0,0,0,0,1
"STU002905",2016,"Female","White",1,0,0,0,0
"STU002906",2016,"Male","White",0,1,0,0,1
"STU002907",2016,"Male","Hispanic",0,0,0,0,1
"STU002908",2016,"Female","Hispanic",0,1,0,0,0
"STU002909",2016,"Female","Black",0,0,1,0,1
"STU002910",2016,"Male","White",0,0,0,0,0
"STU002911",2016,"Female","Hispanic",0,0,0,0,1
"STU002912",2016,"Male","Black",0,0,0,0,1
"STU002913",2016,"Male","Hispanic",0,0,0,0,0
"STU002914",2016,"Female","White",0,0,0,0,0
"STU002915",2016,"Male","MultiRacial",0,0,1,0,0
"STU002916",2016,"Male","Asian",0,0,0,0,1
"STU002917",2016,"Female","Hispanic",0,0,0,1,1
"STU002918",2016,"Female","Black",0,1,0,0,1
"STU002919",2016,"Female","Hispanic",0,0,0,0,1
"STU002920",2016,"Male","Asian",0,1,0,0,0
"STU002921",2016,"Female","White",0,1,0,0,0
"STU002922",2016,"Female","White",0,1,1,0,1
"STU002923",2016,"Female","White",0,1,0,0,1
"STU002924",2016,"Female","AmericanIndian",0,0,0,1,0
"STU002925",2016,"Male","White",1,0,0,0,0
"STU002926",2016,"Male","White",0,1,0,0,1
"STU002927",2016,"NonBinary_Other","White",1,1,0,0,1
"STU002928",2016,"Female","Black",0,0,0,0,1
"STU002929",2016,"Male","Black",1,0,0,0,1
"STU002930",2016,"Male","Asian",0,0,1,0,0
"STU002931",2016,"Female","White",0,0,0,0,0
"STU002932",2016,"Female","White",0,0,0,0,1
"STU002933",2016,"Female","White",0,0,0,0,0
"STU002934",2016,"Female","White",0,1,0,1,1
"STU002935",2016,"Male","White",1,0,0,1,0
"STU002936",2016,"Male","White",1,1,0,0,0
"STU002937",2016,"Male","Hispanic",0,0,0,0,1
"STU002938",2016,"Female","White",0,0,1,0,0
"STU002939",2016,"Male","Asian",0,0,0,0,1
"STU002940",2016,"Male","MultiRacial",0,0,0,0,0
"STU002941",2016,"Male","White",0,1,0,0,1
"STU002942",2016,"Female","Hispanic",0,1,1,0,1
"STU002943",2016,"Male","Hispanic",0,1,1,0,1
"STU002944",2016,"Female","Black",1,1,0,0,0
"STU002945",2016,"Male","White",0,0,0,1,0
"STU002946",2016,"Female","White",0,1,0,0,0
"STU002947",2016,"Female","White",0,0,0,1,0
"STU002948",2016,"Female","White",0,1,0,0,0
"STU002949",2016,"Female","White",0,0,1,0,1
"STU002950",2016,"Female","White",1,1,1,0,0
"STU002951",2016,"Female","White",1,0,1,0,0
"STU002952",2016,"Male","Asian",1,1,0,0,0
"STU002953",2016,"Female","Hispanic",0,1,0,0,0
"STU002954",2016,"Female","White",0,0,0,0,0
"STU002955",2016,"Male","White",0,0,0,0,0
"STU002956",2016,"Male","Asian",1,1,0,0,0
"STU002957",2016,"Female","AmericanIndian",0,1,0,0,1
"STU002958",2016,"Male","White",0,0,1,0,0
"STU002959",2016,"Female","White",0,1,1,0,0
"STU002960",2016,"Male","White",1,0,0,0,0
"STU002961",2016,"Male","White",1,0,0,0,0
"STU002962",2016,"Male","Black",1,1,0,0,0
"STU002963",2016,"Male","MultiRacial",0,0,0,0,0
"STU002964",2016,"NonBinary_Other","White",1,0,0,0,1
"STU002965",2016,"Male","White",0,0,0,0,1
"STU002966",2016,"Male","White",1,1,0,0,0
"STU002967",2016,"Male","Hispanic",1,1,0,0,1
"STU002968",2016,"Female","Hispanic",1,1,1,0,0
"STU002969",2016,"Female","White",0,1,0,0,0
"STU002970",2016,"Female","AmericanIndian",0,0,0,0,0
"STU002971",2016,"Female","White",0,1,0,0,0
"STU002972",2016,"Female","White",0,1,0,0,0
"STU002973",2016,"Male","White",0,0,1,0,1
"STU002974",2016,"Male","White",0,1,0,0,0
"STU002975",2016,"Female","Hispanic",1,1,0,0,1
"STU002976",2016,"Female","White",0,1,0,0,1
"STU002977",2016,"Male","White",0,0,0,0,0
"STU002978",2016,"Female","Hispanic",0,1,1,1,1
"STU002979",2016,"Male","Black",0,1,0,0,0
"STU002980",2016,"Female","White",0,1,0,0,0
"STU002981",2016,"Male","White",0,1,0,0,1
"STU002982",2016,"Male","White",1,0,0,0,0
"STU002983",2016,"Female","Asian",0,0,0,1,0
"STU002984",2016,"Male","White",0,0,0,0,0
"STU002985",2016,"Female","Other",0,0,0,0,0
"STU002986",2016,"Female","AmericanIndian",1,0,0,0,1
"STU002987",2016,"Female","White",0,0,1,0,0
"STU002988",2016,"Female","White",0,1,0,0,0
"STU002989",2016,"Male","White",0,0,0,0,0
"STU002990",2016,"Female","Black",0,0,1,0,1
"STU002991",2016,"Female","MultiRacial",0,0,0,0,0
"STU002992",2016,"Female","White",0,0,0,0,0
"STU002993",2016,"Male","Asian",0,0,0,0,0
"STU002994",2016,"Male","White",0,0,0,0,1
"STU002995",2016,"Male","White",0,0,0,0,0
"STU002996",2016,"Female","Hispanic",1,0,0,0,0
"STU002997",2016,"Female","White",1,0,0,0,0
"STU002998",2016,"Male","Hispanic",0,0,0,1,1
"STU002999",2016,"Female","White",0,0,0,1,0
"STU003000",2016,"Female","AmericanIndian",0,0,0,0,0
"STU003001",2016,"Female","Black",0,1,1,0,1
"STU003002",2016,"Female","White",0,0,0,0,0
"STU003003",2016,"Female","White",0,1,0,0,0
"STU003004",2016,"Female","White",0,0,0,0,0
"STU003005",2016,"Female","White",0,0,0,0,0
"STU003006",2016,"Male","White",0,1,0,1,0
"STU003007",2016,"Male","White",0,0,0,0,0
"STU003008",2016,"Male","Asian",0,0,0,0,0
"STU003009",2016,"Male","AmericanIndian",1,0,0,0,0
"STU003010",2016,"Male","White",0,1,0,0,1
"STU003011",2016,"Male","Hispanic",0,0,0,0,1
"STU003012",2016,"Male","Hispanic",0,0,0,0,1
"STU003013",2016,"Male","Other",0,0,0,0,1
"STU003014",2016,"Male","Asian",0,0,0,1,0
"STU003015",2016,"NonBinary_Other","Hispanic",0,1,0,0,1
"STU003016",2016,"Female","White",0,1,0,0,0
"STU003017",2016,"Female","White",1,0,0,0,0
"STU003018",2016,"Male","White",0,0,0,0,0
"STU003019",2016,"Male","Asian",0,0,0,0,1
"STU003020",2016,"Male","White",0,0,0,0,0
"STU003021",2016,"Male","White",0,0,0,0,0
"STU003022",2016,"Male","White",0,0,0,1,1
"STU003023",2016,"Female","AmericanIndian",0,1,1,0,1
"STU003024",2016,"Female","Hispanic",0,1,0,0,1
"STU003025",2016,"Female","AmericanIndian",0,0,0,0,1
"STU003026",2016,"Male","White",0,1,0,0,0
"STU003027",2016,"Male","MultiRacial",0,0,0,0,1
"STU003028",2016,"Male","Hispanic",0,1,0,1,1
"STU003029",2016,"Male","White",0,1,0,0,0
"STU003030",2016,"Female","White",0,0,0,0,0
"STU003031",2016,"Female","White",0,1,0,0,0
"STU003032",2016,"Female","White",0,0,0,0,0
"STU003033",2016,"Female","Asian",0,1,0,0,0
"STU003034",2016,"Female","Hispanic",0,1,0,0,1
"STU003035",2016,"Female","White",0,0,0,0,1
"STU003036",2016,"Female","White",0,1,0,0,0
"STU003037",2016,"Female","Hispanic",0,0,0,0,1
"STU003038",2016,"Female","Other",0,0,0,0,0
"STU003039",2016,"Female","Asian",0,1,0,0,0
"STU003040",2016,"Female","Hispanic",0,0,0,0,1
"STU003041",2016,"Female","White",0,1,0,0,0
"STU003042",2016,"Female","White",0,1,0,1,0
"STU003043",2016,"Female","White",1,0,0,0,0
"STU003044",2016,"Female","Hispanic",1,0,0,0,1
"STU003045",2016,"Female","Asian",1,0,0,0,0
"STU003046",2016,"Female","Hispanic",0,1,1,1,0
"STU003047",2016,"Male","Black",0,0,1,0,0
"STU003048",2016,"Female","White",1,1,0,0,1
"STU003049",2016,"Female","White",1,0,0,0,0
"STU003050",2016,"Male","Black",0,0,0,0,0
"STU003051",2016,"Male","Asian",0,0,0,0,0
"STU003052",2016,"Male","White",1,1,0,0,0
"STU003053",2016,"Female","Hispanic",0,1,0,0,1
"STU003054",2016,"Female","Asian",1,1,0,0,1
"STU003055",2016,"Female","Hispanic",0,0,0,0,1
"STU003056",2016,"Female","White",1,1,1,0,0
"STU003057",2016,"Male","White",1,0,0,0,1
"STU003058",2016,"Female","White",0,1,0,0,1
"STU003059",2016,"Female","Hispanic",0,1,1,0,0
"STU003060",2016,"Male","White",1,1,0,0,0
"STU003061",2016,"Female","White",1,0,0,0,0
"STU003062",2016,"Female","White",0,1,1,0,0
"STU003063",2016,"Male","Hispanic",1,0,0,0,1
"STU003064",2016,"Female","Hispanic",1,0,0,0,1
"STU003065",2016,"Female","White",0,1,0,0,0
"STU003066",2016,"Male","White",0,0,0,0,1
"STU003067",2016,"Male","White",0,1,0,1,0
"STU003068",2016,"Male","Hispanic",0,1,0,0,0
"STU003069",2016,"Female","White",0,0,0,0,0
"STU003070",2016,"Female","Black",0,0,0,0,0
"STU003071",2016,"Female","White",0,1,1,0,0
"STU003072",2016,"Male","Asian",0,1,0,1,0
"STU003073",2016,"Male","AmericanIndian",0,1,0,0,1
"STU003074",2016,"Female","White",0,0,0,1,0
"STU003075",2016,"Male","White",1,0,0,0,0
"STU003076",2016,"Female","AmericanIndian",1,0,0,0,1
"STU003077",2016,"Male","Hispanic",0,1,0,0,0
"STU003078",2016,"Female","Asian",1,0,1,0,0
"STU003079",2016,"Male","White",1,0,0,0,0
"STU003080",2016,"Female","MultiRacial",0,1,0,0,1
"STU003081",2016,"Male","Hispanic",0,1,0,0,1
"STU003082",2016,"Female","Asian",1,0,1,0,1
"STU003083",2016,"Male","White",1,0,1,1,0
"STU003084",2016,"Male","White",0,0,0,0,0
"STU003085",2016,"Female","Black",1,1,0,0,1
"STU003086",2016,"Male","Hispanic",1,1,0,0,1
"STU003087",2016,"Male","White",0,0,0,0,0
"STU003088",2016,"Female","White",1,0,0,0,0
"STU003089",2016,"Female","Other",0,0,0,1,0
"STU003090",2016,"Male","Hispanic",1,0,0,0,1
"STU003091",2016,"Male","White",0,0,0,0,0
"STU003092",2016,"Female","White",0,1,0,0,0
"STU003093",2016,"Female","Hispanic",0,1,0,0,1
"STU003094",2016,"Female","White",0,0,0,0,0
"STU003095",2016,"Female","White",0,0,0,0,0
"STU003096",2016,"Female","White",0,0,0,0,0
"STU003097",2016,"Female","White",1,0,0,0,0
"STU003098",2016,"Male","Hispanic",0,1,0,0,0
"STU003099",2016,"Female","White",0,0,0,0,0
"STU003100",2016,"Male","Hispanic",0,1,0,0,0
"STU003101",2016,"Female","MultiRacial",0,1,0,0,1
"STU003102",2016,"Male","White",1,0,0,0,0
"STU003103",2016,"Female","White",0,0,0,1,1
"STU003104",2016,"Female","Black",0,0,0,0,0
"STU003105",2016,"Female","Other",0,1,0,0,0
"STU003106",2016,"Female","Black",0,0,0,0,0
"STU003107",2016,"Female","White",0,1,0,1,0
"STU003108",2016,"Female","White",0,0,1,0,1
"STU003109",2016,"Male","Black",0,0,0,0,0
"STU003110",2016,"Male","Hispanic",0,0,1,0,1
"STU003111",2016,"Male","White",0,1,0,0,1
"STU003112",2016,"Male","White",0,0,0,0,1
"STU003113",2016,"Female","White",1,0,0,1,1
"STU003114",2016,"Female","Hispanic",0,1,0,0,1
"STU003115",2016,"Female","Hispanic",0,1,0,0,1
"STU003116",2016,"Male","Hispanic",1,0,0,0,0
"STU003117",2016,"Female","White",0,0,0,0,0
"STU003118",2016,"Male","White",0,0,0,0,0
"STU003119",2016,"Male","MultiRacial",0,1,1,0,0
"STU003120",2016,"Male","Other",1,0,0,0,0
"STU003121",2016,"Female","White",0,0,0,0,1
"STU003122",2016,"Male","White",0,1,1,0,0
"STU003123",2016,"Male","White",0,0,0,0,1
"STU003124",2016,"Male","White",0,0,0,0,0
"STU003125",2016,"Female","MultiRacial",0,0,0,0,0
"STU003126",2016,"Female","White",0,1,0,0,1
"STU003127",2016,"Male","Hispanic",1,1,1,0,1
"STU003128",2016,"Male","White",0,0,1,0,1
"STU003129",2016,"Male","Black",0,0,0,0,1
"STU003130",2016,"Female","Black",0,1,0,1,1
"STU003131",2016,"Male","MultiRacial",0,1,0,0,1
"STU003132",2016,"Female","White",0,0,1,0,0
"STU003133",2016,"Male","Black",0,1,0,0,1
"STU003134",2016,"Male","Black",0,0,0,1,0
"STU003135",2016,"Female","Asian",1,0,1,0,0
"STU003136",2016,"Male","White",0,1,0,0,1
"STU003137",2016,"Female","White",0,0,0,0,0
"STU003138",2016,"Male","Asian",0,0,0,0,0
"STU003139",2016,"Female","White",1,1,0,0,0
"STU003140",2016,"Male","White",1,0,0,0,0
"STU003141",2016,"Male","White",0,1,0,0,0
"STU003142",2016,"Female","Hispanic",0,0,0,0,0
"STU003143",2016,"Male","MultiRacial",0,1,0,0,1
"STU003144",2016,"Female","White",0,1,0,0,1
"STU003145",2016,"Female","White",0,1,0,0,0
"STU003146",2016,"Female","Hispanic",0,1,0,0,0
"STU003147",2016,"Female","MultiRacial",0,1,0,1,0
"STU003148",2016,"Female","White",0,0,1,0,1
"STU003149",2016,"Male","MultiRacial",0,0,0,1,1
"STU003150",2016,"Male","White",0,0,0,0,0
"STU003151",2016,"Male","White",0,1,0,0,0
"STU003152",2016,"Male","White",1,0,0,1,1
"STU003153",2016,"Female","Hispanic",0,1,0,0,0
"STU003154",2016,"Female","Hispanic",0,0,0,0,1
"STU003155",2016,"Female","White",0,1,0,0,1
"STU003156",2016,"Male","Other",1,1,0,0,0
"STU003157",2016,"Male","White",1,0,1,1,0
"STU003158",2016,"Female","Black",0,0,0,0,0
"STU003159",2016,"Male","Hispanic",0,1,0,0,1
"STU003160",2016,"Female","Other",1,0,0,0,1
"STU003161",2016,"Male","White",1,1,0,0,1
"STU003162",2016,"Female","Black",1,0,0,0,0
"STU003163",2016,"Female","Asian",1,0,0,0,0
"STU003164",2016,"Male","Black",0,0,0,0,1
"STU003165",2016,"Female","White",0,0,0,0,0
"STU003166",2016,"Female","Hispanic",0,0,1,0,0
"STU003167",2016,"Male","White",0,1,0,1,0
"STU003168",2016,"Male","MultiRacial",1,0,0,1,1
"STU003169",2016,"Female","White",0,0,0,1,0
"STU003170",2016,"Female","Black",1,0,0,0,1
"STU003171",2016,"Female","Other",0,0,0,0,0
"STU003172",2016,"Male","White",0,1,0,0,0
"STU003173",2016,"Male","White",0,0,0,0,1
"STU003174",2016,"Female","White",1,0,0,0,0
"STU003175",2016,"Female","White",0,1,0,1,0
"STU003176",2016,"Male","White",0,0,0,0,0
"STU003177",2016,"Female","White",1,0,0,0,1
"STU003178",2016,"Male","White",0,0,0,0,0
"STU003179",2016,"Female","White",0,1,1,0,0
"STU003180",2016,"Male","White",0,0,0,0,0
"STU003181",2016,"Female","White",1,0,0,0,0
"STU003182",2016,"Male","Hispanic",0,0,0,0,1
"STU003183",2016,"Male","White",0,0,0,0,1
"STU003184",2016,"Female","White",1,1,0,0,0
"STU003185",2016,"Male","White",0,0,0,0,0
"STU003186",2016,"Male","Hispanic",0,1,1,0,0
"STU003187",2016,"Male","White",0,1,0,1,0
"STU003188",2016,"Female","Hispanic",1,1,0,0,1
"STU003189",2016,"Female","White",0,0,0,0,1
"STU003190",2016,"Female","Hispanic",1,0,1,0,1
"STU003191",2016,"Male","Other",0,0,0,0,1
"STU003192",2016,"Male","White",0,0,0,0,0
"STU003193",2016,"Female","Black",0,0,0,0,1
"STU003194",2016,"Male","Asian",0,0,0,0,1
"STU003195",2016,"Female","Hispanic",0,1,0,0,0
"STU003196",2016,"Male","Black",1,1,0,0,1
"STU003197",2016,"Male","Black",0,1,1,1,1
"STU003198",2016,"Female","Hispanic",0,1,0,0,1
"STU003199",2016,"Male","White",0,0,0,0,0
"STU003200",2016,"Female","MultiRacial",0,0,0,0,1
"STU003201",2016,"Female","Black",0,0,1,0,0
"STU003202",2016,"Male","Hispanic",1,1,0,1,0
"STU003203",2016,"Female","White",0,0,1,0,0
"STU003204",2016,"Female","White",1,1,0,0,0
"STU003205",2016,"Female","White",0,0,0,0,0
"STU003206",2016,"Female","White",1,0,0,0,0
"STU003207",2016,"Male","White",0,1,1,1,0
"STU003208",2016,"Female","White",0,0,0,0,0
"STU003209",2016,"NonBinary_Other","Asian",1,1,1,0,0
"STU003210",2016,"Male","White",0,1,0,0,1
"STU003211",2016,"Female","White",0,0,0,0,1
"STU003212",2016,"Female","Hispanic",0,1,1,0,1
"STU003213",2016,"Female","MultiRacial",0,1,0,0,0
"STU003214",2016,"Male","Hispanic",0,1,1,0,1
"STU003215",2016,"Female","Hispanic",0,1,1,1,1
"STU003216",2016,"Male","Hispanic",1,0,0,0,0
"STU003217",2016,"Female","Black",1,1,0,0,1
"STU003218",2016,"Male","White",0,1,0,0,0
"STU003219",2016,"Female","MultiRacial",0,1,0,1,0
"STU003220",2016,"Female","White",0,0,1,0,1
"STU003221",2016,"Female","Hispanic",0,0,0,0,0
"STU003222",2016,"Female","White",0,0,0,0,0
"STU003223",2016,"Male","Hispanic",1,0,0,0,1
"STU003224",2016,"Male","Asian",0,1,0,0,1
"STU003225",2016,"Female","White",0,0,0,0,0
"STU003226",2016,"Male","Hispanic",0,1,0,0,0
"STU003227",2016,"Female","Hispanic",0,1,0,0,1
"STU003228",2016,"Female","Hispanic",0,1,0,1,0
"STU003229",2016,"Male","Black",1,1,1,0,0
"STU003230",2016,"Male","Asian",0,0,0,0,0
"STU003231",2016,"Female","White",1,1,0,0,0
"STU003232",2016,"Male","White",0,1,1,0,0
"STU003233",2016,"Female","Asian",1,0,0,0,0
"STU003234",2016,"Female","White",0,1,0,0,0
"STU003235",2016,"Female","White",0,0,0,0,0
"STU003236",2016,"Female","Other",0,0,0,0,0
"STU003237",2016,"Female","White",0,1,0,0,0
"STU003238",2016,"Male","White",1,1,0,0,1
"STU003239",2016,"Male","White",0,0,0,0,1
"STU003240",2016,"Female","White",1,1,0,0,0
"STU003241",2016,"Male","Hispanic",1,1,0,0,1
"STU003242",2016,"Female","AmericanIndian",1,1,0,1,0
"STU003243",2016,"Male","Black",0,0,1,0,1
"STU003244",2016,"Male","AmericanIndian",0,1,1,0,1
"STU003245",2016,"Female","Hispanic",1,1,0,0,0
"STU003246",2016,"Male","Other",0,0,1,1,1
"STU003247",2016,"Male","White",0,1,0,0,0
"STU003248",2016,"Male","White",1,0,1,1,0
"STU003249",2016,"Female","White",0,1,0,0,0
"STU003250",2016,"Male","White",1,1,0,0,0
"STU003251",2016,"Male","White",1,1,0,0,0
"STU003252",2016,"Female","White",0,1,0,0,0
"STU003253",2016,"Female","White",0,0,0,0,0
"STU003254",2016,"Male","Asian",1,0,0,0,1
"STU003255",2016,"Female","Hispanic",1,0,0,0,1
"STU003256",2016,"Female","Asian",1,1,0,0,1
"STU003257",2016,"Female","White",0,0,0,0,0
"STU003258",2016,"Female","White",0,0,0,0,1
"STU003259",2016,"Male","Hispanic",1,1,1,0,0
"STU003260",2016,"Male","White",0,0,0,0,0
"STU003261",2016,"Female","White",0,0,0,0,1
"STU003262",2016,"Female","Asian",0,1,0,0,0
"STU003263",2016,"Male","White",0,0,0,0,1
"STU003264",2016,"Male","Asian",0,0,0,0,0
"STU003265",2016,"Male","Black",1,1,0,0,1
"STU003266",2016,"Male","White",0,0,0,0,1
"STU003267",2016,"Female","Hispanic",0,0,0,0,1
"STU003268",2016,"Male","White",0,1,0,0,1
"STU003269",2016,"Male","AmericanIndian",1,0,0,0,1
"STU003270",2016,"Female","Asian",0,0,0,0,0
"STU003271",2016,"Female","Other",0,0,0,0,0
"STU003272",2016,"Female","Other",1,0,1,0,0
"STU003273",2016,"Male","White",0,0,0,1,0
"STU003274",2016,"Male","Hispanic",1,1,0,0,1
"STU003275",2016,"Female","Hispanic",1,1,0,0,1
"STU003276",2016,"Female","Other",0,0,0,0,0
"STU003277",2016,"Female","White",0,1,0,0,1
"STU003278",2016,"Female","White",0,0,0,0,0
"STU003279",2016,"Female","White",0,1,0,0,1
"STU003280",2016,"Female","Black",0,0,0,1,1
"STU003281",2016,"Female","White",0,0,0,0,1
"STU003282",2016,"Male","White",1,0,0,0,0
"STU003283",2016,"Male","Hispanic",0,0,0,1,0
"STU003284",2016,"Female","MultiRacial",1,1,0,1,0
"STU003285",2016,"Female","White",0,1,0,0,1
"STU003286",2016,"Male","White",0,0,0,0,0
"STU003287",2016,"Female","Hispanic",1,0,0,0,0
"STU003288",2016,"Female","Hispanic",0,1,0,0,1
"STU003289",2016,"Female","White",0,0,0,0,0
"STU003290",2016,"Female","Asian",0,1,0,0,1
"STU003291",2016,"Female","Hispanic",0,0,0,0,0
"STU003292",2016,"Female","White",0,1,0,0,0
"STU003293",2016,"Female","Black",0,1,0,0,1
"STU003294",2016,"Female","Asian",0,0,1,0,0
"STU003295",2016,"Female","Black",0,0,0,0,1
"STU003296",2016,"Male","Hispanic",0,0,0,0,0
"STU003297",2016,"Male","White",0,0,0,0,1
"STU003298",2016,"Female","Black",0,0,0,0,1
"STU003299",2016,"Female","Asian",0,0,0,0,0
"STU003300",2016,"Female","Hispanic",1,0,0,0,0
"STU003301",2016,"Male","White",0,1,0,0,0
"STU003302",2016,"Female","Hispanic",0,0,0,0,1
"STU003303",2016,"Male","White",0,0,0,0,1
"STU003304",2016,"Female","White",0,1,0,0,0
"STU003305",2016,"Female","Asian",0,0,0,0,0
"STU003306",2016,"Female","White",0,1,0,0,0
"STU003307",2016,"Male","Hispanic",0,1,0,0,0
"STU003308",2016,"Male","AmericanIndian",0,0,0,0,1
"STU003309",2016,"Male","Asian",0,0,0,0,1
"STU003310",2016,"Female","White",1,1,0,0,1
"STU003311",2016,"Female","Other",0,0,0,1,0
"STU003312",2016,"Female","Hispanic",0,0,0,0,1
"STU003313",2016,"Female","Hispanic",1,0,0,0,1
"STU003314",2016,"Male","White",0,1,0,0,0
"STU003315",2016,"Female","MultiRacial",0,1,1,0,1
"STU003316",2016,"Male","White",1,0,0,0,1
"STU003317",2016,"Female","Hispanic",0,1,1,0,1
"STU003318",2016,"Male","White",1,0,0,1,0
"STU003319",2016,"Female","White",0,1,0,0,1
"STU003320",2016,"NonBinary_Other","Asian",0,0,1,0,1
"STU003321",2016,"Female","White",0,1,0,0,0
"STU003322",2016,"Female","White",1,0,0,0,0
"STU003323",2016,"Female","Asian",0,1,0,0,0
"STU003324",2016,"Female","White",0,0,0,0,0
"STU003325",2016,"Female","Hispanic",1,0,0,0,0
"STU003326",2016,"Male","White",0,0,0,0,0
"STU003327",2016,"Female","Black",0,0,0,0,0
"STU003328",2016,"Male","MultiRacial",1,1,0,0,0
"STU003329",2016,"Male","Hispanic",1,0,1,0,0
"STU003330",2016,"Male","Hispanic",0,1,1,0,0
"STU003331",2016,"Male","White",0,0,0,0,0
"STU003332",2016,"Female","White",1,1,0,1,0
"STU003333",2016,"Male","MultiRacial",0,0,0,0,0
"STU003334",2016,"Male","White",0,1,0,0,1
"STU003335",2016,"Female","White",0,0,0,0,0
"STU003336",2016,"Female","White",1,0,0,0,1
"STU003337",2016,"Male","White",0,0,0,1,1
"STU003338",2016,"Male","Other",1,1,0,0,0
"STU003339",2016,"Male","White",1,1,0,0,0
"STU003340",2016,"Female","White",1,0,0,0,0
"STU003341",2016,"Male","AmericanIndian",0,1,0,0,1
"STU003342",2016,"Male","White",0,1,0,0,0
"STU003343",2016,"Female","Asian",1,1,0,0,1
"STU003344",2016,"Male","Black",0,0,0,0,1
"STU003345",2016,"Female","Black",0,1,0,0,1
"STU003346",2016,"Male","White",0,1,0,0,0
"STU003347",2016,"Female","Other",0,0,0,1,1
"STU003348",2016,"Female","Hispanic",0,1,0,0,1
"STU003349",2016,"Male","Hispanic",0,0,0,0,0
"STU003350",2016,"Female","White",0,0,0,0,0
"STU003351",2016,"Female","Hispanic",0,0,0,0,1
"STU003352",2016,"Male","White",0,1,0,0,1
"STU003353",2016,"Male","White",1,0,0,0,1
"STU003354",2016,"Female","MultiRacial",1,0,0,0,0
"STU003355",2016,"Female","Hispanic",0,1,0,0,1
"STU003356",2016,"Female","White",0,1,0,0,0
"STU003357",2016,"Male","Hispanic",0,0,0,0,1
"STU003358",2016,"Female","White",0,0,0,0,1
"STU003359",2016,"Female","Hispanic",1,0,0,1,1
"STU003360",2016,"Female","Hispanic",1,1,0,0,1
"STU003361",2016,"Male","Hispanic",0,1,0,0,1
"STU003362",2016,"Female","White",1,1,0,0,1
"STU003363",2016,"Male","Hispanic",0,0,1,0,1
"STU003364",2016,"Female","White",0,0,1,0,1
"STU003365",2016,"Male","Hispanic",0,1,0,0,0
"STU003366",2016,"Male","White",1,0,0,0,0
"STU003367",2016,"Male","Asian",0,1,1,0,0
"STU003368",2016,"Female","Asian",0,0,0,0,1
"STU003369",2016,"Female","Asian",1,1,0,0,0
"STU003370",2016,"Male","Asian",1,1,0,0,0
"STU003371",2016,"Female","White",1,1,0,0,0
"STU003372",2016,"Female","AmericanIndian",0,1,0,0,0
"STU003373",2016,"Female","White",0,1,0,0,0
"STU003374",2016,"Female","White",1,0,0,0,0
"STU003375",2016,"Male","White",0,1,0,1,0
"STU003376",2016,"Female","White",1,0,0,0,1
"STU003377",2016,"Male","MultiRacial",1,0,0,0,0
"STU003378",2016,"Male","Hispanic",0,0,0,0,1
"STU003379",2016,"Male","White",1,0,0,0,0
"STU003380",2016,"Female","White",0,1,0,0,0
"STU003381",2016,"Male","White",1,0,0,0,0
"STU003382",2016,"Male","White",0,1,0,0,1
"STU003383",2016,"Female","White",0,1,0,0,0
"STU003384",2016,"Female","White",0,0,0,0,0
"STU003385",2016,"Female","White",0,0,0,0,0
"STU003386",2016,"Male","Hispanic",1,0,0,0,1
"STU003387",2016,"Female","AmericanIndian",0,0,0,0,1
"STU003388",2016,"Female","White",0,1,0,0,0
"STU003389",2016,"Male","Hispanic",1,0,0,0,1
"STU003390",2016,"Male","Hispanic",1,1,0,0,1
"STU003391",2016,"Male","White",0,1,0,1,0
"STU003392",2016,"Female","MultiRacial",0,1,0,0,0
"STU003393",2016,"Male","White",0,1,0,0,0
"STU003394",2016,"Female","White",0,1,0,0,1
"STU003395",2016,"Male","White",0,0,0,0,1
"STU003396",2016,"Male","White",0,0,0,0,0
"STU003397",2016,"Male","White",0,0,0,0,1
"STU003398",2016,"Female","Hispanic",1,1,1,0,1
"STU003399",2016,"Male","Hispanic",0,0,1,0,1
"STU003400",2016,"Female","White",1,0,0,0,0
"STU003401",2016,"Female","Black",0,0,0,0,0
"STU003402",2016,"Male","White",0,1,0,0,1
"STU003403",2016,"Male","Hispanic",0,1,0,0,1
"STU003404",2016,"Female","White",1,1,0,0,0
"STU003405",2016,"Male","Hispanic",1,0,0,0,1
"STU003406",2016,"Female","AmericanIndian",1,1,0,1,1
"STU003407",2016,"Male","Hispanic",1,0,0,0,0
"STU003408",2016,"Male","White",0,0,0,0,0
"STU003409",2016,"Male","White",0,0,0,0,0
"STU003410",2016,"Male","White",0,0,0,0,1
"STU003411",2016,"Male","Black",0,0,0,0,1
"STU003412",2016,"Female","Asian",0,0,0,0,0
"STU003413",2016,"Female","White",0,0,0,0,1
"STU003414",2016,"Female","White",0,0,0,1,0
"STU003415",2016,"Male","Hispanic",0,0,0,1,1
"STU003416",2016,"Male","White",0,0,1,0,1
"STU003417",2016,"Male","AmericanIndian",0,0,0,0,0
"STU003418",2016,"Female","Asian",0,0,0,0,1
"STU003419",2016,"Female","White",1,0,1,0,0
"STU003420",2016,"Female","Black",0,0,0,0,0
"STU003421",2016,"Female","White",0,0,0,0,0
"STU003422",2016,"Female","White",0,1,0,0,0
"STU003423",2016,"Female","White",0,0,0,0,0
"STU003424",2016,"Male","White",0,1,1,1,0
"STU003425",2016,"Male","Asian",0,1,0,0,0
"STU003426",2016,"Male","Hispanic",0,1,0,0,1
"STU003427",2016,"Male","White",0,0,0,0,0
"STU003428",2016,"Male","White",1,0,0,0,0
"STU003429",2016,"Female","White",1,1,0,1,0
"STU003430",2016,"Male","White",1,0,0,1,0
"STU003431",2016,"Female","Hispanic",0,0,1,0,1
"STU003432",2016,"Female","White",0,0,0,0,0
"STU003433",2016,"Female","AmericanIndian",1,0,0,0,1
"STU003434",2016,"Male","White",1,1,0,0,0
"STU003435",2016,"Female","Hispanic",1,1,0,0,1
"STU003436",2016,"Male","White",0,1,0,0,0
"STU003437",2016,"Female","Black",0,1,0,0,0
"STU003438",2016,"Male","White",0,0,0,0,0
"STU003439",2016,"NonBinary_Other","MultiRacial",0,0,0,0,1
"STU003440",2016,"Male","Other",1,1,0,0,0
"STU003441",2016,"Male","Asian",1,0,0,0,0
"STU003442",2016,"Female","White",0,1,0,0,1
"STU003443",2016,"NonBinary_Other","Hispanic",1,0,0,0,1
"STU003444",2016,"Male","AmericanIndian",0,0,0,1,1
"STU003445",2016,"Male","Black",1,0,0,0,0
"STU003446",2016,"Female","White",0,0,1,0,0
"STU003447",2016,"Male","White",0,0,0,0,0
"STU003448",2016,"Female","Hispanic",1,1,1,0,1
"STU003449",2016,"Female","MultiRacial",1,1,0,0,1
"STU003450",2016,"Male","AmericanIndian",0,1,0,0,1
"STU003451",2016,"NonBinary_Other","Asian",0,0,1,0,0
"STU003452",2016,"Male","Hispanic",0,1,0,0,1
"STU003453",2016,"Male","Asian",0,0,1,0,1
"STU003454",2016,"Male","White",0,0,0,0,0
"STU003455",2016,"Female","Hispanic",0,0,1,0,0
"STU003456",2016,"Female","Hispanic",0,1,0,0,1
"STU003457",2016,"Female","White",0,0,0,0,0
"STU003458",2016,"Female","White",1,1,0,0,0
"STU003459",2016,"Female","White",1,1,1,0,0
"STU003460",2016,"Female","Hispanic",1,1,0,0,1
"STU003461",2016,"Male","White",0,1,1,0,0
"STU003462",2016,"Male","Asian",0,1,0,0,1
"STU003463",2016,"Male","White",0,1,0,1,1
"STU003464",2016,"Male","White",0,0,0,0,0
"STU003465",2016,"Male","White",0,1,0,0,0
"STU003466",2016,"Female","Hispanic",0,0,0,0,0
"STU003467",2016,"Female","MultiRacial",0,0,0,0,0
"STU003468",2016,"Male","Black",1,0,0,0,0
"STU003469",2016,"Male","Asian",1,1,0,0,1
"STU003470",2016,"Female","Hispanic",0,0,0,0,1
"STU003471",2016,"Male","Hispanic",1,0,0,0,1
"STU003472",2016,"Male","White",1,1,0,0,0
"STU003473",2016,"Female","Hispanic",1,0,0,0,1
"STU003474",2016,"Female","White",0,0,0,1,1
"STU003475",2016,"Female","AmericanIndian",0,1,0,0,1
"STU003476",2016,"Female","Black",0,0,0,0,0
"STU003477",2016,"Female","White",0,1,0,0,0
"STU003478",2016,"Female","MultiRacial",0,0,0,0,0
"STU003479",2016,"Male","Asian",1,0,0,0,0
"STU003480",2016,"Male","Asian",0,0,0,1,0
"STU003481",2016,"Male","White",0,0,0,0,0
"STU003482",2016,"Male","Hispanic",0,0,0,0,1
"STU003483",2016,"Female","Hispanic",1,1,0,0,1
"STU003484",2016,"Male","AmericanIndian",0,0,0,1,0
"STU003485",2016,"Male","White",0,0,1,0,0
"STU003486",2016,"Male","Hispanic",0,0,0,0,0
"STU003487",2016,"Male","Black",0,0,0,0,0
"STU003488",2016,"Female","White",0,0,0,0,0
"STU003489",2016,"Male","Black",1,1,0,0,1
"STU003490",2016,"Female","Hispanic",0,0,0,0,1
"STU003491",2016,"Female","White",1,1,0,0,1
"STU003492",2016,"Female","Hispanic",0,0,0,0,0
"STU003493",2016,"Male","Hispanic",1,1,0,0,0
"STU003494",2016,"Male","Black",0,0,0,0,1
"STU003495",2016,"Female","Hispanic",0,0,1,0,0
"STU003496",2016,"Female","Hispanic",1,0,0,0,1
"STU003497",2016,"Male","Hispanic",1,0,0,0,1
"STU003498",2016,"NonBinary_Other","White",1,1,0,0,1
"STU003499",2016,"Female","White",0,0,0,0,0
"STU003500",2016,"Female","White",0,0,0,0,0
"STU003501",2016,"Male","Black",0,1,0,0,0
"STU003502",2016,"NonBinary_Other","White",0,0,0,1,1
"STU003503",2016,"Female","White",0,1,0,0,0
"STU003504",2016,"Female","White",0,1,0,0,0
"STU003505",2016,"Female","Hispanic",0,1,0,0,1
"STU003506",2016,"Male","White",0,0,0,0,1
"STU003507",2016,"Female","MultiRacial",0,1,1,0,0
"STU003508",2016,"Female","White",1,0,1,0,1
"STU003509",2016,"Male","White",1,1,0,0,0
"STU003510",2016,"Female","Asian",0,0,0,0,1
"STU003511",2016,"Female","Hispanic",0,0,0,0,0
"STU003512",2016,"Female","Black",0,1,0,0,1
"STU003513",2016,"Female","White",1,1,0,1,0
"STU003514",2016,"Female","Hispanic",0,1,0,0,0
"STU003515",2016,"Male","Other",1,1,0,0,1
"STU003516",2016,"Female","Hispanic",0,1,0,0,1
"STU003517",2016,"Female","White",0,0,0,0,0
"STU003518",2016,"Male","White",0,1,0,0,0
"STU003519",2016,"Male","Hispanic",0,0,0,0,1
"STU003520",2016,"Female","Asian",0,0,1,1,0
"STU003521",2016,"Female","White",0,0,0,0,1
"STU003522",2016,"Female","White",0,1,0,0,1
"STU003523",2016,"Female","Hispanic",0,1,0,0,1
"STU003524",2016,"Female","Other",0,0,0,0,1
"STU003525",2016,"Male","AmericanIndian",0,0,0,0,1
"STU003526",2016,"Male","White",1,1,0,0,0
"STU003527",2016,"Male","White",1,0,0,0,1
"STU003528",2016,"Male","Hispanic",0,1,0,0,0
"STU003529",2016,"Female","MultiRacial",0,0,0,0,0
"STU003530",2016,"Male","Black",1,0,0,1,0
"STU003531",2016,"Female","White",0,1,1,0,0
"STU003532",2016,"Female","Hispanic",0,0,0,0,1
"STU003533",2016,"Male","White",1,0,0,0,0
"STU003534",2016,"Male","Asian",0,1,0,0,0
"STU003535",2016,"Male","MultiRacial",0,0,0,0,0
"STU003536",2016,"Male","Other",0,0,0,0,0
"STU003537",2016,"Female","White",1,0,0,0,1
"STU003538",2016,"Female","Black",0,0,0,0,1
"STU003539",2016,"Female","Hispanic",0,0,0,0,1
"STU003540",2016,"Male","White",1,0,0,1,0
"STU003541",2016,"Male","White",1,0,0,0,1
"STU003542",2016,"Female","Other",0,1,0,0,0
"STU003543",2016,"Female","Asian",0,1,0,0,1
"STU003544",2016,"Male","White",1,0,0,0,0
"STU003545",2016,"Male","AmericanIndian",1,1,0,0,1
"STU003546",2016,"Male","Black",0,1,0,0,1
"STU003547",2016,"Male","White",0,1,0,0,0
"STU003548",2016,"Female","Black",0,0,0,0,0
"STU003549",2016,"Female","White",1,1,0,0,0
"STU003550",2016,"Male","Asian",1,0,0,0,0
"STU003551",2016,"Male","Hispanic",1,0,0,0,0
"STU003552",2016,"Female","White",1,1,0,0,1
"STU003553",2016,"Female","Asian",0,0,0,0,1
"STU003554",2016,"Female","White",0,0,0,0,0
"STU003555",2016,"NonBinary_Other","Hispanic",0,0,0,1,1
"STU003556",2016,"Male","Asian",0,0,0,0,0
"STU003557",2016,"Female","Black",0,0,0,0,1
"STU003558",2016,"Male","White",0,1,0,0,0
"STU003559",2016,"Female","Hispanic",1,1,0,1,1
"STU003560",2016,"Female","White",1,1,1,1,0
"STU003561",2016,"Male","Black",1,0,0,0,0
"STU003562",2016,"Female","MultiRacial",1,1,1,0,1
"STU003563",2016,"Female","White",0,0,0,0,0
"STU003564",2016,"Male","White",0,0,0,0,1
"STU003565",2016,"Male","Hispanic",0,0,0,0,1
"STU003566",2016,"Male","Hispanic",0,0,0,0,0
"STU003567",2016,"Male","Black",0,1,0,0,1
"STU003568",2016,"Male","Black",0,0,0,0,1
"STU003569",2016,"NonBinary_Other","White",0,0,0,0,1
"STU003570",2016,"Male","Asian",0,0,0,0,1
"STU003571",2016,"Female","Hispanic",0,1,0,0,0
"STU003572",2016,"Male","White",1,0,0,0,0
"STU003573",2016,"Male","AmericanIndian",1,1,0,0,1
"STU003574",2016,"Female","White",0,0,0,0,0
"STU003575",2016,"Female","Hispanic",0,1,0,0,1
"STU003576",2016,"Male","White",1,0,0,0,0
"STU003577",2016,"Male","Black",0,1,0,0,1
"STU003578",2016,"Female","White",0,1,0,0,0
"STU003579",2016,"Female","Hispanic",0,1,0,0,1
"STU003580",2016,"Female","White",0,0,0,0,0
"STU003581",2016,"Male","White",1,0,0,0,0
"STU003582",2016,"Female","White",0,0,0,0,1
"STU003583",2016,"Male","White",0,0,0,0,1
"STU003584",2016,"Male","Asian",0,1,1,0,1
"STU003585",2016,"Male","White",0,1,0,0,1
"STU003586",2016,"Female","MultiRacial",0,0,0,0,1
"STU003587",2016,"Female","White",1,1,0,0,1
"STU003588",2016,"Female","Asian",0,0,0,0,1
"STU003589",2016,"Male","Black",0,1,0,0,0
"STU003590",2016,"Female","MultiRacial",1,1,1,0,0
"STU003591",2016,"Male","MultiRacial",0,0,0,0,0
"STU003592",2016,"Female","White",0,0,0,0,0
"STU003593",2016,"Female","White",1,1,0,0,0
"STU003594",2016,"Male","White",1,1,0,0,0
"STU003595",2016,"Female","AmericanIndian",0,0,0,0,1
"STU003596",2016,"Female","Asian",0,0,0,0,0
"STU003597",2016,"NonBinary_Other","White",1,0,0,0,0
"STU003598",2016,"Female","Asian",1,1,0,0,0
"STU003599",2016,"Female","White",1,1,0,0,0
"STU003600",2016,"Male","Asian",0,1,0,0,1
"STU003601",2016,"Male","White",0,0,0,0,1
"STU003602",2016,"Female","AmericanIndian",0,0,0,0,1
"STU003603",2016,"Male","AmericanIndian",0,0,0,0,1
"STU003604",2016,"Male","Black",0,0,0,0,1
"STU003605",2016,"NonBinary_Other","Hispanic",0,1,0,0,0
"STU003606",2016,"Male","Hispanic",0,1,0,0,1
"STU003607",2016,"Male","White",0,0,0,0,0
"STU003608",2016,"Female","White",0,1,1,0,0
"STU003609",2016,"Male","White",0,0,0,1,0
"STU003610",2016,"Male","White",0,0,0,0,1
"STU003611",2016,"Male","White",0,0,0,0,1
"STU003612",2016,"Female","Asian",0,0,1,0,0
"STU003613",2016,"Male","White",0,0,0,0,0
"STU003614",2016,"Female","White",0,0,0,0,1
"STU003615",2016,"Male","White",0,0,0,1,1
"STU003616",2016,"Male","White",0,1,0,0,0
"STU003617",2016,"Female","White",0,1,0,0,0
"STU003618",2016,"Male","White",1,1,1,0,0
"STU003619",2016,"Male","White",0,0,0,0,0
"STU003620",2016,"Female","Hispanic",0,1,0,0,0
"STU003621",2016,"Female","White",0,0,0,0,0
"STU003622",2016,"Male","Asian",0,1,0,0,1
"STU003623",2016,"Female","Hispanic",0,0,0,0,0
"STU003624",2016,"Female","Black",0,0,0,0,0
"STU003625",2016,"Male","White",0,0,0,0,0
"STU003626",2016,"Female","Asian",1,1,0,1,0
"STU003627",2016,"Female","White",0,1,0,0,0
"STU003628",2016,"Female","White",0,0,1,0,0
"STU003629",2016,"Male","White",1,0,0,0,0
"STU003630",2016,"Female","White",0,0,0,0,0
"STU003631",2016,"Female","Asian",0,0,0,0,1
"STU003632",2016,"Female","Black",0,0,0,0,1
"STU003633",2016,"Male","White",0,1,0,0,0
"STU003634",2016,"Male","Asian",0,0,0,0,0
"STU003635",2016,"Male","Hispanic",1,1,0,0,0
"STU003636",2016,"Female","White",0,0,0,0,1
"STU003637",2016,"Female","Other",1,0,0,0,1
"STU003638",2016,"Male","Black",1,1,0,0,1
"STU003639",2016,"Male","White",1,1,0,0,0
"STU003640",2016,"Female","Hispanic",0,1,0,0,1
"STU003641",2016,"Male","Hispanic",1,0,1,0,1
"STU003642",2016,"Male","White",1,0,0,0,0
"STU003643",2016,"Male","Black",1,0,1,0,1
"STU003644",2016,"Female","AmericanIndian",0,1,0,0,1
"STU003645",2016,"Female","Asian",1,0,0,0,0
"STU003646",2016,"Male","White",0,1,0,0,0
"STU003647",2016,"Female","White",0,0,0,0,1
"STU003648",2016,"Male","MultiRacial",0,0,0,0,1
"STU003649",2016,"Male","Hispanic",1,1,0,0,1
"STU003650",2016,"Female","White",0,0,0,0,0
"STU003651",2016,"Female","White",0,1,0,0,1
"STU003652",2016,"Female","White",0,1,0,0,0
"STU003653",2016,"Male","White",1,0,0,0,1
"STU003654",2016,"Female","Hispanic",0,1,1,0,1
"STU003655",2016,"Male","Hispanic",1,0,0,0,1
"STU003656",2016,"Female","Hispanic",0,1,0,0,1
"STU003657",2016,"Male","Asian",1,1,0,0,1
"STU003658",2016,"Male","White",0,1,0,0,0
"STU003659",2016,"Female","White",0,0,0,0,0
"STU003660",2016,"Female","White",0,0,0,0,0
"STU003661",2016,"Male","Asian",0,1,0,0,1
"STU003662",2016,"Female","Black",0,1,0,0,0
"STU003663",2016,"Male","MultiRacial",0,0,1,0,0
"STU003664",2016,"Male","White",1,1,1,0,0
"STU003665",2016,"Male","White",0,0,0,0,1
"STU003666",2016,"Female","White",0,0,0,0,0
"STU003667",2016,"Female","White",0,1,1,0,0
"STU003668",2016,"Female","AmericanIndian",0,0,0,1,1
"STU003669",2016,"Female","Black",0,1,0,0,0
"STU003670",2016,"Female","Hispanic",1,1,0,0,1
"STU003671",2016,"Female","White",0,1,0,1,0
"STU003672",2016,"Male","MultiRacial",0,1,0,1,1
"STU003673",2016,"Male","White",0,0,0,0,0
"STU003674",2016,"Male","Black",0,0,0,0,1
"STU003675",2016,"Female","White",0,0,0,0,0
"STU003676",2016,"Female","White",0,0,0,0,0
"STU003677",2016,"Female","Black",0,0,0,0,0
"STU003678",2016,"Male","White",1,0,0,0,1
"STU003679",2016,"Female","Asian",1,0,0,0,0
"STU003680",2016,"Male","White",0,0,0,1,0
"STU003681",2016,"Female","Black",0,0,0,0,0
"STU003682",2016,"Male","White",1,0,0,0,0
"STU003683",2016,"Male","White",1,1,1,1,0
"STU003684",2016,"Female","Black",0,0,0,0,1
"STU003685",2016,"Male","Hispanic",0,0,0,0,1
"STU003686",2016,"Male","Hispanic",1,0,0,0,1
"STU003687",2016,"Female","Asian",0,1,0,0,0
"STU003688",2016,"Male","Hispanic",1,0,0,0,0
"STU003689",2016,"Male","Hispanic",0,0,0,0,1
"STU003690",2016,"Female","White",0,0,0,0,0
"STU003691",2016,"Male","Hispanic",0,1,0,0,1
"STU003692",2016,"Female","MultiRacial",0,1,0,0,0
"STU003693",2016,"Male","Black",0,1,0,0,1
"STU003694",2016,"Male","White",0,1,0,1,0
"STU003695",2016,"Male","White",0,1,1,0,0
"STU003696",2016,"Male","White",0,1,0,1,1
"STU003697",2016,"Male","White",0,1,0,0,1
"STU003698",2016,"Male","White",0,0,0,0,1
"STU003699",2016,"Male","Hispanic",0,0,0,0,0
"STU003700",2016,"Male","White",1,0,1,0,0
"STU003701",2016,"Female","White",0,0,0,0,0
"STU003702",2016,"Male","AmericanIndian",0,0,0,0,1
"STU003703",2016,"Female","White",0,1,0,0,0
"STU003704",2016,"Female","White",1,0,0,0,1
"STU003705",2016,"Female","White",0,0,0,0,0
"STU003706",2016,"Male","Hispanic",1,1,0,0,1
"STU003707",2016,"Female","Other",1,0,0,0,1
"STU003708",2016,"Male","White",1,1,0,0,1
"STU003709",2016,"Male","Black",0,0,0,0,1
"STU003710",2016,"Male","White",1,1,0,1,1
"STU003711",2016,"Male","White",0,1,0,0,0
"STU003712",2016,"Female","Hispanic",0,1,0,0,1
"STU003713",2016,"Female","White",0,0,0,0,0
"STU003714",2016,"Female","Black",0,0,1,0,1
"STU003715",2016,"Male","Black",0,0,0,0,1
"STU003716",2016,"Female","White",1,0,0,0,1
"STU003717",2016,"Male","Black",1,0,0,0,1
"STU003718",2016,"Female","White",0,0,0,0,1
"STU003719",2016,"Male","White",0,0,0,0,0
"STU003720",2016,"Female","White",0,0,0,0,0
"STU003721",2016,"Female","White",0,0,0,0,0
"STU003722",2016,"Male","Asian",0,1,0,0,0
"STU003723",2016,"Male","White",0,0,1,0,0
"STU003724",2016,"Female","White",1,0,0,0,1
"STU003725",2016,"Female","Other",0,1,0,0,1
"STU003726",2016,"Male","Hispanic",1,0,0,0,1
"STU003727",2016,"Female","White",1,0,0,0,0
"STU003728",2016,"Female","White",0,1,0,0,0
"STU003729",2016,"Male","Asian",0,1,0,0,0
"STU003730",2016,"Male","White",0,1,0,0,0
"STU003731",2016,"Female","Hispanic",0,0,0,1,1
"STU003732",2016,"Female","White",0,0,0,0,0
"STU003733",2016,"Female","White",0,1,0,0,0
"STU003734",2016,"Female","Black",0,0,0,0,1
"STU003735",2016,"Female","White",0,1,0,1,0
"STU003736",2016,"Female","MultiRacial",1,1,0,1,1
"STU003737",2016,"NonBinary_Other","MultiRacial",0,1,1,1,1
"STU003738",2016,"Male","White",0,1,0,0,0
"STU003739",2016,"Female","White",0,0,0,0,0
"STU003740",2016,"Female","White",0,0,1,0,0
"STU003741",2016,"Female","White",0,0,0,0,0
"STU003742",2016,"Female","Asian",0,0,0,0,0
"STU003743",2016,"Female","White",0,1,0,1,1
"STU003744",2016,"Male","White",1,0,0,0,0
"STU003745",2016,"Female","White",0,0,0,0,0
"STU003746",2016,"Male","White",0,1,0,0,1
"STU003747",2016,"Female","White",0,1,0,1,0
"STU003748",2016,"Female","White",0,0,0,0,1
"STU003749",2016,"Female","Hispanic",0,0,0,1,1
"STU003750",2016,"Male","White",0,0,0,0,0
"STU003751",2016,"Female","White",0,0,0,0,1
"STU003752",2016,"Female","MultiRacial",0,1,0,0,1
"STU003753",2016,"Male","Asian",0,0,0,0,1
"STU003754",2016,"Male","Hispanic",0,0,0,0,1
"STU003755",2016,"NonBinary_Other","Hispanic",0,0,0,0,1
"STU003756",2016,"Male","White",1,0,0,0,1
"STU003757",2016,"Male","White",0,0,0,0,0
"STU003758",2016,"Female","White",0,1,0,0,0
"STU003759",2016,"Female","Other",0,0,0,0,1
"STU003760",2016,"Female","White",0,1,0,0,1
"STU003761",2016,"Male","AmericanIndian",0,0,0,0,1
"STU003762",2016,"Female","White",0,0,0,0,0
"STU003763",2016,"Male","White",0,0,0,0,0
"STU003764",2016,"Female","White",0,1,1,0,0
"STU003765",2016,"Male","MultiRacial",0,1,0,0,1
"STU003766",2016,"Female","Black",0,1,0,0,0
"STU003767",2016,"Male","MultiRacial",1,0,1,0,0
"STU003768",2016,"Male","Asian",1,0,0,0,0
"STU003769",2016,"Male","White",1,1,0,0,0
"STU003770",2016,"Female","Hispanic",0,0,1,0,1
"STU003771",2016,"Male","Asian",0,0,0,1,0
"STU003772",2016,"Male","White",1,0,0,0,0
"STU003773",2016,"Male","MultiRacial",0,1,0,0,1
"STU003774",2016,"Female","MultiRacial",0,1,0,0,0
"STU003775",2016,"Male","White",1,1,1,0,0
"STU003776",2016,"Female","White",1,0,0,0,0
"STU003777",2016,"Female","White",0,0,0,0,1
"STU003778",2016,"Female","White",1,0,1,0,0
"STU003779",2016,"Male","AmericanIndian",0,0,0,0,0
"STU003780",2016,"Female","Hispanic",0,0,1,0,1
"STU003781",2016,"Female","White",1,0,0,0,0
"STU003782",2016,"Male","White",1,0,0,0,0
"STU003783",2016,"Male","White",1,0,0,0,0
"STU003784",2016,"Female","Hispanic",0,0,0,0,1
"STU003785",2016,"Female","White",1,1,0,0,0
"STU003786",2016,"Female","White",0,0,0,0,0
"STU003787",2016,"Female","Hispanic",0,0,0,0,1
"STU003788",2016,"Female","MultiRacial",0,0,0,0,0
"STU003789",2016,"Female","White",1,1,0,0,1
"STU003790",2016,"Male","Hispanic",0,0,0,0,0
"STU003791",2016,"Male","Asian",0,0,0,0,1
"STU003792",2016,"Female","Black",0,1,0,0,0
"STU003793",2016,"Female","White",0,0,0,1,1
"STU003794",2016,"Female","White",0,0,0,0,1
"STU003795",2016,"Female","Asian",0,0,0,0,0
"STU003796",2016,"Male","Asian",0,0,0,0,1
"STU003797",2016,"Male","Hispanic",0,0,0,0,1
"STU003798",2016,"Male","Hispanic",1,0,0,0,1
"STU003799",2016,"Female","Hispanic",0,0,0,0,1
"STU003800",2016,"Male","Hispanic",0,0,0,0,0
"STU003801",2016,"Male","White",0,0,0,0,0
"STU003802",2016,"Female","Hispanic",1,0,0,0,1
"STU003803",2016,"Female","MultiRacial",0,1,0,1,0
"STU003804",2016,"Female","MultiRacial",0,1,0,0,1
"STU003805",2016,"Female","White",0,1,0,1,0
"STU003806",2016,"Female","Black",0,0,0,0,0
"STU003807",2016,"Female","White",0,1,0,0,1
"STU003808",2016,"Female","White",0,0,0,0,0
"STU003809",2016,"Female","Hispanic",0,1,0,1,1
"STU003810",2016,"Female","White",0,1,0,1,1
"STU003811",2016,"Female","Hispanic",0,0,1,0,0
"STU003812",2016,"Male","White",0,0,0,0,0
"STU003813",2016,"Male","White",0,0,0,0,1
"STU003814",2016,"Female","White",0,1,0,0,1
"STU003815",2016,"Male","White",0,0,0,0,0
"STU003816",2016,"NonBinary_Other","White",0,0,0,0,0
"STU003817",2016,"Female","MultiRacial",1,0,0,0,0
"STU003818",2016,"Male","White",0,1,0,0,0
"STU003819",2016,"Female","White",0,0,0,0,0
"STU003820",2016,"Male","White",0,0,0,0,0
"STU003821",2016,"Male","MultiRacial",0,0,0,0,0
"STU003822",2016,"Male","White",1,0,0,0,1
"STU003823",2016,"Male","Asian",1,0,0,1,1
"STU003824",2016,"Male","White",0,1,1,0,0
"STU003825",2016,"Male","Hispanic",0,0,0,0,1
"STU003826",2016,"Male","Hispanic",0,0,0,0,0
"STU003827",2016,"Male","White",1,1,1,0,0
"STU003828",2016,"Female","White",0,1,0,0,1
"STU003829",2016,"Female","Black",0,1,1,0,1
"STU003830",2016,"Male","MultiRacial",0,0,0,0,1
"STU003831",2016,"Female","White",1,0,0,0,0
"STU003832",2016,"Male","MultiRacial",0,1,0,0,0
"STU003833",2016,"Female","Other",0,1,0,0,0
"STU003834",2016,"Male","White",0,0,0,0,1
"STU003835",2016,"Female","Hispanic",0,0,1,0,0
"STU003836",2016,"Female","White",0,1,0,0,0
"STU003837",2016,"Male","Asian",0,1,1,0,0
"STU003838",2016,"Male","Hispanic",1,0,0,0,0
"STU003839",2016,"Male","Hispanic",0,0,1,0,0
"STU003840",2016,"Male","White",0,1,0,0,0
"STU003841",2016,"Female","White",0,0,0,0,0
"STU003842",2016,"Male","Hispanic",1,1,1,0,1
"STU003843",2016,"Female","Asian",0,1,0,0,1
"STU003844",2016,"Female","MultiRacial",0,0,0,0,0
"STU003845",2016,"Female","Asian",1,1,1,1,0
"STU003846",2016,"Male","Hispanic",1,1,0,0,1
"STU003847",2016,"Female","MultiRacial",0,0,0,0,1
"STU003848",2016,"Male","Hispanic",1,1,0,0,1
"STU003849",2016,"Female","Asian",0,1,0,0,0
"STU003850",2016,"Female","MultiRacial",1,1,0,0,1
"STU003851",2016,"Male","MultiRacial",0,0,0,0,0
"STU003852",2016,"Male","Black",0,0,0,1,1
"STU003853",2016,"Female","Other",0,0,0,0,0
"STU003854",2016,"Male","White",1,1,0,0,1
"STU003855",2016,"Female","MultiRacial",0,1,0,0,1
"STU003856",2016,"Male","Hispanic",1,0,0,0,0
"STU003857",2016,"Male","Hispanic",0,0,1,0,1
"STU003858",2016,"Female","Black",1,0,0,0,1
"STU003859",2016,"Male","Hispanic",0,0,0,0,1
"STU003860",2016,"Female","White",0,0,1,0,0
"STU003861",2016,"Male","Hispanic",1,1,0,0,1
"STU003862",2016,"Female","AmericanIndian",1,0,0,0,1
"STU003863",2016,"Female","White",1,0,0,0,0
"STU003864",2016,"Female","White",1,0,0,0,1
"STU003865",2016,"Male","White",1,1,0,0,0
"STU003866",2016,"Male","Hispanic",0,1,1,0,1
"STU003867",2016,"Male","White",1,1,0,0,0
"STU003868",2016,"Female","Black",1,0,0,0,0
"STU003869",2016,"Female","White",0,0,0,0,0
"STU003870",2016,"Male","White",0,0,0,0,1
"STU003871",2016,"Female","White",0,0,0,0,0
"STU003872",2016,"Male","Asian",0,1,0,0,1
"STU003873",2016,"Male","Hispanic",1,0,1,0,1
"STU003874",2016,"Male","Black",0,1,0,0,1
"STU003875",2016,"Female","White",0,1,0,0,0
"STU003876",2016,"Male","White",1,1,0,1,0
"STU003877",2016,"Female","Hispanic",1,1,0,1,0
"STU003878",2016,"Male","Other",0,1,0,0,0
"STU003879",2016,"Male","Black",1,0,0,0,0
"STU003880",2016,"Female","Asian",0,0,0,0,1
"STU003881",2016,"Female","White",0,1,0,1,1
"STU003882",2016,"Female","MultiRacial",1,0,0,0,0
"STU003883",2016,"Female","AmericanIndian",1,1,0,0,1
"STU003884",2016,"Female","Black",0,1,1,0,1
"STU003885",2016,"Female","Hispanic",0,0,0,0,0
"STU003886",2016,"Female","Hispanic",1,0,0,1,0
"STU003887",2016,"Female","Hispanic",0,0,0,0,1
"STU003888",2016,"Male","Black",1,0,0,0,0
"STU003889",2016,"Female","White",0,0,0,0,0
"STU003890",2016,"Male","Asian",0,0,0,0,1
"STU003891",2016,"Female","White",0,1,0,0,1
"STU003892",2016,"Female","MultiRacial",0,1,1,0,0
"STU003893",2016,"Female","White",0,1,0,0,0
"STU003894",2016,"Female","White",1,0,0,0,0
"STU003895",2016,"Male","Black",0,1,0,0,0
"STU003896",2016,"Male","Black",0,0,0,0,0
"STU003897",2016,"Male","White",0,0,0,0,0
"STU003898",2016,"Male","Black",1,1,0,0,1
"STU003899",2016,"Male","Hispanic",1,0,0,0,0
"STU003900",2016,"Male","Black",0,0,0,0,1
"STU003901",2016,"Female","MultiRacial",0,1,0,0,1
"STU003902",2016,"Female","White",0,1,0,0,0
"STU003903",2016,"Male","Black",0,0,0,0,0
"STU003904",2016,"NonBinary_Other","White",0,0,0,0,0
"STU003905",2016,"Male","Black",0,1,0,1,1
"STU003906",2016,"Female","Hispanic",0,1,0,1,0
"STU003907",2016,"Female","Black",0,1,0,0,1
"STU003908",2016,"Male","AmericanIndian",0,0,0,0,1
"STU003909",2016,"Female","Hispanic",0,1,0,0,1
"STU003910",2016,"Male","White",1,0,0,0,0
"STU003911",2016,"Female","MultiRacial",0,0,0,0,1
"STU003912",2016,"Male","White",0,1,0,0,0
"STU003913",2016,"Male","MultiRacial",1,0,0,0,0
"STU003914",2016,"Female","Hispanic",0,0,0,0,0
"STU003915",2016,"Female","Other",0,1,0,1,0
"STU003916",2016,"Female","Hispanic",0,0,0,0,1
"STU003917",2016,"Female","MultiRacial",0,0,0,0,1
"STU003918",2016,"Male","Other",1,0,0,0,1
"STU003919",2016,"Male","White",0,1,0,0,0
"STU003920",2016,"Male","AmericanIndian",0,0,0,0,1
"STU003921",2016,"Male","White",1,0,0,0,0
"STU003922",2016,"Female","White",0,0,0,0,0
"STU003923",2016,"Female","Asian",1,1,0,1,0
"STU003924",2016,"Female","Hispanic",0,0,0,0,1
"STU003925",2016,"Female","White",1,1,0,0,1
"STU003926",2016,"Male","Hispanic",0,0,0,0,0
"STU003927",2016,"Female","White",0,0,1,0,1
"STU003928",2016,"Male","Other",0,0,1,1,1
"STU003929",2016,"Female","White",0,1,1,0,0
"STU003930",2016,"Female","Black",0,0,1,0,0
"STU003931",2016,"Female","Other",0,0,0,0,1
"STU003932",2016,"Male","Asian",0,0,1,0,0
"STU003933",2016,"Male","White",1,0,0,0,1
"STU003934",2016,"Female","MultiRacial",1,1,0,0,0
"STU003935",2016,"Male","White",0,0,0,0,0
"STU003936",2016,"Female","White",0,0,0,1,0
"STU003937",2016,"Female","Hispanic",1,1,0,0,1
"STU003938",2016,"Male","White",1,1,0,0,1
"STU003939",2016,"Male","White",0,1,0,0,0
"STU003940",2016,"Male","White",1,1,1,1,0
"STU003941",2016,"Female","White",0,1,0,0,0
"STU003942",2016,"Male","Hispanic",1,1,0,0,1
"STU003943",2016,"Female","White",1,1,0,0,1
"STU003944",2016,"Male","Black",1,0,0,0,0
"STU003945",2016,"Male","MultiRacial",1,0,1,0,0
"STU003946",2016,"Female","Hispanic",1,0,0,0,1
"STU003947",2016,"Female","White",0,0,0,1,1
"STU003948",2016,"Female","White",0,0,0,0,1
"STU003949",2016,"Male","Asian",1,1,0,0,1
"STU003950",2016,"Male","White",1,1,0,0,0
"STU003951",2016,"Male","MultiRacial",0,0,1,0,1
"STU003952",2016,"NonBinary_Other","White",0,0,0,0,0
"STU003953",2016,"Female","Asian",0,0,0,0,0
"STU003954",2016,"Female","White",0,0,0,0,0
"STU003955",2016,"Female","White",1,0,0,1,0
"STU003956",2016,"Male","White",0,1,0,0,0
"STU003957",2016,"Male","Asian",0,1,0,0,1
"STU003958",2016,"NonBinary_Other","White",0,1,0,0,0
"STU003959",2016,"Female","MultiRacial",0,1,0,0,0
"STU003960",2016,"Female","Hispanic",0,1,0,0,1
"STU003961",2016,"Male","Asian",0,1,0,0,0
"STU003962",2016,"Male","White",0,1,0,0,1
"STU003963",2016,"Male","White",0,1,0,1,1
"STU003964",2016,"Male","White",0,0,1,0,0
"STU003965",2016,"Male","White",0,1,0,0,0
"STU003966",2016,"Male","White",0,0,0,0,0
"STU003967",2016,"Male","White",0,0,1,0,0
"STU003968",2016,"Male","White",0,1,0,0,0
"STU003969",2016,"Male","Other",1,0,0,0,1
"STU003970",2016,"Female","Hispanic",1,1,0,0,1
"STU003971",2016,"Male","Other",0,1,0,0,0
"STU003972",2016,"Female","Asian",0,0,0,0,1
"STU003973",2016,"Female","White",0,1,0,0,0
"STU003974",2016,"Female","Asian",0,0,1,0,1
"STU003975",2016,"Male","White",1,0,0,0,0
"STU003976",2016,"Female","Hispanic",1,0,0,0,1
"STU003977",2016,"Male","Other",1,0,1,0,1
"STU003978",2016,"Male","Asian",0,1,1,0,1
"STU003979",2016,"Female","White",0,0,0,0,0
"STU003980",2016,"Female","White",0,1,0,0,0
"STU003981",2016,"Female","Other",1,0,0,0,0
"STU003982",2016,"Female","Asian",0,0,0,0,0
"STU003983",2016,"Female","White",0,0,0,0,0
"STU003984",2016,"Male","Asian",1,1,0,0,0
"STU003985",2016,"Male","White",0,0,1,0,0
"STU003986",2016,"Female","Asian",1,1,0,0,1
"STU003987",2016,"Male","Hispanic",0,0,0,1,0
"STU003988",2016,"Female","White",0,0,0,0,0
"STU003989",2016,"Male","Hispanic",0,0,0,0,1
"STU003990",2016,"Female","Other",0,0,0,0,1
"STU003991",2016,"Male","White",0,1,0,0,0
"STU003992",2016,"Female","Hispanic",0,1,0,0,1
"STU003993",2016,"Male","Hispanic",1,0,0,0,1
"STU003994",2016,"Female","White",0,0,0,0,1
"STU003995",2016,"Female","White",1,0,0,0,1
"STU003996",2016,"Female","White",0,0,0,0,1
"STU003997",2016,"Female","White",0,1,0,0,0
"STU003998",2016,"Male","White",1,1,0,0,0
"STU003999",2016,"Female","Hispanic",0,1,0,0,1
"STU004000",2016,"Female","White",1,1,0,0,0
"STU004001",2016,"Female","Black",1,1,0,0,0
"STU004002",2016,"Female","Black",0,0,0,0,1
"STU004003",2016,"Female","Other",0,0,0,0,0
"STU004004",2016,"Female","Hispanic",1,1,1,1,1
"STU004005",2016,"Male","Black",0,0,1,0,0
"STU004006",2016,"Female","White",1,0,0,0,0
"STU004007",2016,"Female","White",0,1,0,0,0
"STU004008",2016,"Female","White",0,0,0,0,1
"STU004009",2016,"Female","White",1,0,0,0,0
"STU004010",2016,"Male","Black",0,0,0,0,1
"STU004011",2016,"Female","White",0,1,0,0,1
"STU004012",2016,"Male","Black",0,1,0,1,1
"STU004013",2016,"Female","White",0,1,0,0,1
"STU004014",2016,"Male","MultiRacial",0,1,0,0,1
"STU004015",2016,"Female","Asian",0,0,0,0,1
"STU004016",2016,"Male","Black",0,0,1,0,1
"STU004017",2016,"Female","MultiRacial",1,0,0,0,0
"STU004018",2016,"Female","AmericanIndian",0,0,0,0,1
"STU004019",2016,"Female","White",0,0,0,0,0
"STU004020",2016,"Male","Asian",0,1,0,1,0
"STU004021",2016,"Female","White",0,0,0,0,1
"STU004022",2016,"Female","Hispanic",1,1,0,0,0
"STU004023",2016,"Male","Hispanic",0,0,0,0,0
"STU004024",2016,"Female","White",0,0,0,1,0
"STU004025",2016,"Male","White",0,1,0,0,1
"STU004026",2016,"Female","Hispanic",0,1,1,0,0
"STU004027",2016,"Male","Asian",0,0,0,0,0
"STU004028",2016,"Female","White",0,1,0,0,0
"STU004029",2016,"Male","Hispanic",1,0,0,0,0
"STU004030",2016,"Male","White",0,0,0,0,0
"STU004031",2016,"Male","Hispanic",0,1,0,0,1
"STU004032",2016,"Male","Asian",0,1,0,1,0
"STU004033",2016,"Male","White",0,1,0,0,0
"STU004034",2016,"Female","AmericanIndian",1,1,0,0,0
"STU004035",2016,"Male","White",0,0,0,0,0
"STU004036",2016,"Female","Hispanic",0,0,0,0,0
"STU004037",2016,"Female","White",0,1,1,0,0
"STU004038",2016,"Female","Asian",1,1,1,0,0
"STU004039",2016,"Male","White",0,0,0,0,0
"STU004040",2016,"Male","White",1,1,0,0,1
"STU004041",2016,"Female","Asian",1,1,0,0,0
"STU004042",2016,"Male","AmericanIndian",0,0,0,0,0
"STU004043",2016,"Male","White",0,1,0,1,0
"STU004044",2016,"Female","White",0,1,0,0,0
"STU004045",2016,"Female","White",0,0,0,0,0
"STU004046",2016,"Male","Asian",0,0,0,1,0
"STU004047",2016,"Male","White",0,1,0,0,1
"STU004048",2016,"Female","Black",1,0,0,1,1
"STU004049",2016,"Female","MultiRacial",0,0,0,1,1
"STU004050",2016,"Female","White",0,0,0,0,0
"STU004051",2016,"Male","White",0,1,1,0,0
"STU004052",2016,"Female","Asian",1,0,0,0,0
"STU004053",2016,"Female","Black",0,0,1,0,1
"STU004054",2016,"Female","White",0,0,0,1,0
"STU004055",2016,"Male","White",0,0,0,0,0
"STU004056",2016,"Male","White",1,1,0,0,0
"STU004057",2016,"Female","White",0,0,0,0,0
"STU004058",2016,"Male","Hispanic",1,0,0,0,1
"STU004059",2016,"Female","Other",0,1,0,0,1
"STU004060",2016,"Female","Black",0,1,0,0,0
"STU004061",2016,"Female","Hispanic",0,1,0,1,1
"STU004062",2016,"Female","MultiRacial",0,0,1,0,1
"STU004063",2016,"Female","White",1,0,0,0,0
"STU004064",2016,"Male","White",1,0,0,0,0
"STU004065",2016,"Male","White",0,1,0,0,0
"STU004066",2016,"Male","MultiRacial",0,1,0,1,0
"STU004067",2016,"Male","White",0,0,0,0,0
"STU004068",2016,"Male","Black",0,1,0,0,0
"STU004069",2016,"Male","Black",0,0,0,0,1
"STU004070",2016,"Male","White",0,1,0,0,1
"STU004071",2016,"Female","Hispanic",0,0,0,0,0
"STU004072",2016,"Female","Hispanic",1,1,0,0,0
"STU004073",2016,"Female","White",0,1,0,0,1
"STU004074",2016,"Male","Black",0,1,0,0,1
"STU004075",2016,"Male","White",0,1,0,0,0
"STU004076",2016,"Female","AmericanIndian",0,0,0,1,1
"STU004077",2016,"Female","White",0,0,0,0,0
"STU004078",2016,"Male","White",1,0,0,0,0
"STU004079",2016,"Male","Hispanic",1,1,0,0,1
"STU004080",2016,"Male","Asian",0,0,1,0,1
"STU004081",2016,"Male","Hispanic",0,1,0,0,1
"STU004082",2016,"Male","White",0,1,0,0,0
"STU004083",2016,"Male","Black",1,1,0,0,0
"STU004084",2016,"Female","White",0,0,1,0,0
"STU004085",2016,"Male","White",1,1,0,0,0
"STU004086",2016,"Male","White",1,1,1,0,0
"STU004087",2016,"Male","Asian",0,0,0,0,0
"STU004088",2016,"Male","White",0,1,0,0,1
"STU004089",2016,"Female","White",0,1,0,0,0
"STU004090",2016,"Female","Black",0,0,0,0,1
"STU004091",2016,"Male","White",0,1,0,1,0
"STU004092",2016,"Male","Hispanic",0,1,0,0,1
"STU004093",2016,"Female","Hispanic",0,1,0,0,1
"STU004094",2016,"Male","White",0,0,0,1,0
"STU004095",2016,"Male","Asian",0,1,0,0,0
"STU004096",2016,"Male","Hispanic",1,0,0,0,1
"STU004097",2016,"Female","Other",0,1,0,0,0
"STU004098",2016,"Male","Hispanic",0,1,1,0,1
"STU004099",2016,"Male","Hispanic",1,0,0,1,0
"STU004100",2016,"Male","White",1,1,0,0,1
"STU004101",2016,"Female","White",1,0,0,0,0
"STU004102",2016,"Female","Hispanic",1,0,0,0,0
"STU004103",2016,"Male","Hispanic",0,0,0,0,1
"STU004104",2016,"Male","White",1,0,0,0,0
"STU004105",2016,"Male","White",0,0,0,0,1
"STU004106",2016,"Male","Hispanic",0,0,1,0,0
"STU004107",2016,"Male","Hispanic",0,0,0,0,0
"STU004108",2016,"Female","White",0,1,1,0,0
"STU004109",2016,"Female","White",1,1,0,0,1
"STU004110",2016,"Male","White",0,0,0,0,0
"STU004111",2016,"Female","White",0,1,0,0,0
"STU004112",2016,"NonBinary_Other","White",1,0,0,0,0
"STU004113",2016,"Male","White",0,0,0,0,0
"STU004114",2016,"Female","White",0,1,0,0,1
"STU004115",2016,"Female","Hispanic",1,1,1,0,1
"STU004116",2016,"Male","White",0,0,0,1,0
"STU004117",2016,"Male","White",0,1,0,1,0
"STU004118",2016,"Female","Hispanic",1,0,0,0,1
"STU004119",2016,"Female","White",0,0,1,0,0
"STU004120",2016,"Male","White",1,1,0,0,0
"STU004121",2016,"Female","Hispanic",0,0,0,0,1
"STU004122",2016,"Female","AmericanIndian",0,1,0,0,1
"STU004123",2016,"Female","White",1,1,1,0,0
"STU004124",2016,"Female","Hispanic",0,0,0,1,1
"STU004125",2016,"Female","Black",0,1,0,0,1
"STU004126",2016,"Male","White",0,1,1,0,0
"STU004127",2016,"Female","Black",0,1,0,0,1
"STU004128",2016,"Male","White",0,1,0,0,0
"STU004129",2016,"Male","Black",0,0,0,0,1
"STU004130",2016,"Female","White",0,1,1,0,0
"STU004131",2016,"Female","Black",0,0,1,0,0
"STU004132",2016,"Female","White",0,0,0,0,1
"STU004133",2016,"Male","White",1,0,0,0,0
"STU004134",2016,"Male","Black",0,0,0,0,1
"STU004135",2016,"Female","White",1,1,0,0,0
"STU004136",2016,"Male","Black",0,0,0,0,0
"STU004137",2016,"Male","White",0,1,0,0,0
"STU004138",2016,"Female","Hispanic",0,1,0,0,1
"STU004139",2016,"Female","White",1,0,0,0,0
"STU004140",2016,"Female","Black",0,1,0,0,0
"STU004141",2016,"Male","Asian",1,0,0,0,0
"STU004142",2016,"Female","Asian",0,1,0,0,0
"STU004143",2016,"Male","Hispanic",0,0,1,1,1
"STU004144",2016,"Male","Black",1,1,0,0,1
"STU004145",2016,"Female","White",0,0,0,0,0
"STU004146",2016,"Female","White",1,1,1,0,0
"STU004147",2016,"Female","Hispanic",0,0,0,0,1
"STU004148",2016,"Female","MultiRacial",0,1,0,0,1
"STU004149",2016,"Female","MultiRacial",0,0,0,0,0
"STU004150",2016,"Female","Black",0,0,0,0,1
"STU004151",2016,"Male","White",1,1,1,0,0
"STU004152",2016,"Female","White",1,0,0,0,1
"STU004153",2016,"Female","Hispanic",0,0,0,0,0
"STU004154",2016,"Female","Black",0,0,0,0,1
"STU004155",2016,"Male","White",0,0,0,0,0
"STU004156",2016,"Male","MultiRacial",1,0,0,0,0
"STU004157",2016,"Male","White",0,1,0,0,0
"STU004158",2016,"Female","Hispanic",0,1,0,0,1
"STU004159",2016,"Male","White",0,0,0,0,0
"STU004160",2016,"Female","Other",0,0,0,0,0
"STU004161",2016,"Female","White",0,1,0,0,1
"STU004162",2016,"Female","White",0,0,0,0,0
"STU004163",2016,"Male","Hispanic",0,0,0,0,1
"STU004164",2016,"Male","White",1,0,1,0,0
"STU004165",2016,"Male","White",1,0,0,0,0
"STU004166",2016,"Male","White",0,1,0,0,1
"STU004167",2016,"Female","White",0,0,0,0,1
"STU004168",2016,"Female","White",1,1,0,0,0
"STU004169",2016,"Female","Asian",0,1,0,0,1
"STU004170",2016,"Female","White",1,1,0,0,0
"STU004171",2016,"Female","White",0,0,0,0,1
"STU004172",2016,"Female","Hispanic",1,0,0,0,1
"STU004173",2016,"Female","Hispanic",0,0,0,0,0
"STU004174",2016,"Male","MultiRacial",1,1,0,1,0
"STU004175",2016,"Male","Black",1,1,0,0,1
"STU004176",2016,"Male","Black",0,1,0,0,1
"STU004177",2016,"Female","White",0,1,1,0,0
"STU004178",2016,"Female","Black",0,0,1,0,0
"STU004179",2016,"Male","White",0,0,0,0,1
"STU004180",2016,"Female","Hispanic",0,0,0,0,1
"STU004181",2016,"Male","White",1,1,0,0,0
"STU004182",2016,"Female","White",0,1,0,0,0
"STU004183",2016,"Male","White",1,0,0,0,0
"STU004184",2016,"Male","White",1,1,1,0,1
"STU004185",2016,"Female","Asian",0,0,0,0,1
"STU004186",2016,"Male","Asian",0,0,1,0,0
"STU004187",2016,"Female","Hispanic",0,0,0,0,1
"STU004188",2016,"Female","MultiRacial",0,0,0,0,1
"STU004189",2016,"Female","White",0,1,0,0,0
"STU004190",2016,"Female","MultiRacial",0,1,0,0,0
"STU004191",2016,"Male","White",0,0,0,0,1
"STU004192",2016,"Female","White",0,0,1,0,0
"STU004193",2016,"Male","White",0,1,0,1,1
"STU004194",2016,"Female","Hispanic",0,1,0,1,0
"STU004195",2016,"Male","White",0,0,0,0,0
"STU004196",2016,"Female","White",0,0,0,0,0
"STU004197",2016,"Male","White",0,1,0,0,0
"STU004198",2016,"Male","Other",1,1,0,0,0
"STU004199",2016,"Male","White",0,0,0,0,0
"STU004200",2016,"Male","White",0,0,0,0,0
"STU004201",2016,"Male","MultiRacial",1,0,0,0,0
"STU004202",2016,"Male","White",0,0,0,0,0
"STU004203",2016,"Male","White",0,0,0,1,0
"STU004204",2016,"Female","Other",0,0,0,0,0
"STU004205",2016,"Female","Hispanic",0,1,0,0,1
"STU004206",2016,"Male","Hispanic",0,1,0,1,1
"STU004207",2016,"Female","MultiRacial",0,1,0,0,1
"STU004208",2016,"NonBinary_Other","MultiRacial",1,1,0,0,1
"STU004209",2016,"Female","Hispanic",0,1,0,0,0
"STU004210",2016,"Female","White",0,0,1,1,0
"STU004211",2016,"Female","MultiRacial",0,1,0,0,1
"STU004212",2016,"Female","White",0,0,0,0,0
"STU004213",2016,"Female","White",0,1,0,0,0
"STU004214",2016,"Female","White",0,0,0,0,0
"STU004215",2016,"Female","Hispanic",0,1,0,0,1
"STU004216",2016,"Male","White",1,1,0,0,0
"STU004217",2016,"Male","White",0,1,0,0,0
"STU004218",2016,"Male","White",1,0,0,0,0
"STU004219",2016,"Female","White",0,0,0,0,0
"STU004220",2016,"Male","White",0,0,0,0,0
"STU004221",2016,"Male","White",1,1,0,0,1
"STU004222",2016,"Female","Asian",0,0,0,0,0
"STU004223",2016,"Female","MultiRacial",0,0,0,0,0
"STU004224",2016,"Female","White",0,0,0,0,0
"STU004225",2016,"Female","Hispanic",0,1,0,1,1
"STU004226",2016,"Male","MultiRacial",0,0,0,0,1
"STU004227",2016,"Female","White",0,0,0,1,0
"STU004228",2016,"Male","White",0,1,0,0,1
"STU004229",2016,"Female","Hispanic",0,0,0,0,0
"STU004230",2016,"Male","Asian",1,0,0,0,1
"STU004231",2016,"Male","White",0,1,0,0,0
"STU004232",2016,"Female","White",0,0,0,0,1
"STU004233",2016,"Female","Other",1,1,0,0,0
"STU004234",2016,"Male","White",1,0,0,0,0
"STU004235",2016,"Female","MultiRacial",0,1,0,1,1
"STU004236",2016,"Male","Hispanic",1,0,0,0,0
"STU004237",2016,"Male","Hispanic",1,1,0,0,1
"STU004238",2016,"Male","Other",0,0,0,1,0
"STU004239",2016,"Female","White",1,0,1,0,1
"STU004240",2016,"Female","White",0,0,0,0,0
"STU004241",2016,"Female","White",0,0,0,1,0
"STU004242",2016,"Female","Asian",0,0,0,0,0
"STU004243",2016,"Male","White",1,1,0,0,1
"STU004244",2016,"Female","Black",0,0,0,0,1
"STU004245",2016,"Female","White",0,0,0,0,1
"STU004246",2016,"Female","Asian",0,1,0,0,0
"STU004247",2016,"Male","Hispanic",0,1,1,0,1
"STU004248",2016,"Male","Black",0,0,1,0,0
"STU004249",2016,"Female","White",0,0,1,0,0
"STU004250",2016,"Female","White",1,0,0,0,1
"STU004251",2016,"Male","Other",0,1,0,0,0
"STU004252",2016,"Female","White",1,0,1,0,0
"STU004253",2016,"Male","White",1,1,0,0,0
"STU004254",2016,"Female","Hispanic",0,0,0,1,0
"STU004255",2016,"Female","Black",1,1,0,0,0
"STU004256",2016,"Male","White",0,1,0,0,0
"STU004257",2016,"Female","Black",1,1,0,0,0
"STU004258",2016,"Female","Other",1,0,0,0,0
"STU004259",2016,"Male","White",0,1,1,0,0
"STU004260",2016,"Male","MultiRacial",0,0,0,0,0
"STU004261",2016,"Female","White",0,0,0,0,0
"STU004262",2016,"Female","Hispanic",1,1,1,1,1
"STU004263",2016,"Male","White",0,0,1,0,0
"STU004264",2016,"Female","White",0,0,0,0,1
"STU004265",2016,"Female","MultiRacial",1,0,1,1,1
"STU004266",2016,"Male","Hispanic",1,0,0,0,1
"STU004267",2016,"Female","Hispanic",0,0,1,0,1
"STU004268",2016,"Female","Hispanic",0,1,0,0,1
"STU004269",2016,"Male","White",1,0,0,0,0
"STU004270",2016,"Male","White",1,0,0,0,0
"STU004271",2016,"Female","Hispanic",0,0,0,0,1
"STU004272",2016,"Female","White",1,1,0,0,0
"STU004273",2016,"Male","White",0,1,0,0,0
"STU004274",2016,"Male","White",0,1,0,0,0
"STU004275",2016,"Female","White",1,0,0,0,0
"STU004276",2016,"Male","White",0,0,0,1,0
"STU004277",2016,"NonBinary_Other","AmericanIndian",1,1,1,0,1
"STU004278",2016,"Female","White",1,0,0,0,0
"STU004279",2016,"Male","Black",0,1,0,0,1
"STU004280",2016,"Male","Hispanic",0,1,0,0,1
"STU004281",2016,"Female","Black",0,0,0,0,1
"STU004282",2016,"Male","Hispanic",0,0,0,0,0
"STU004283",2016,"Male","White",0,0,0,0,1
"STU004284",2016,"Female","White",0,0,0,0,0
"STU004285",2016,"NonBinary_Other","White",1,0,0,0,0
"STU004286",2016,"Male","White",0,0,0,0,1
"STU004287",2016,"NonBinary_Other","White",0,1,0,1,1
"STU004288",2016,"Female","White",1,0,0,0,0
"STU004289",2016,"Female","White",1,0,0,0,1
"STU004290",2016,"Female","Hispanic",0,1,0,1,1
"STU004291",2016,"Female","White",1,1,1,0,0
"STU004292",2016,"Male","MultiRacial",0,1,0,0,1
"STU004293",2016,"Male","Asian",1,1,0,0,0
"STU004294",2016,"Female","Hispanic",0,0,0,0,1
"STU004295",2016,"Male","White",0,1,0,0,0
"STU004296",2016,"Male","White",0,0,0,0,1
"STU004297",2016,"Male","Black",0,0,0,0,1
"STU004298",2016,"Male","Hispanic",0,1,0,0,1
"STU004299",2016,"Male","Asian",0,1,0,0,0
"STU004300",2016,"Male","White",0,0,1,0,0
"STU004301",2016,"Female","White",0,0,0,1,1
"STU004302",2016,"Male","Hispanic",0,1,0,0,0
"STU004303",2016,"Male","White",1,0,0,0,0
"STU004304",2016,"Male","Asian",0,1,0,0,1
"STU004305",2016,"Female","Hispanic",0,0,0,0,0
"STU004306",2016,"Male","Hispanic",1,1,1,0,1
"STU004307",2016,"Female","White",0,0,0,0,0
"STU004308",2016,"Male","Hispanic",1,1,1,0,1
"STU004309",2016,"Male","Hispanic",0,1,0,0,0
"STU004310",2016,"Female","MultiRacial",0,1,0,0,0
"STU004311",2016,"Male","White",0,0,0,0,0
"STU004312",2016,"Female","Black",0,0,0,0,0
"STU004313",2016,"Male","Hispanic",0,0,0,0,0
"STU004314",2016,"Female","White",0,0,1,0,0
"STU004315",2016,"Female","Hispanic",1,0,0,0,1
"STU004316",2016,"Male","White",0,0,1,0,1
"STU004317",2016,"Female","White",0,0,0,1,0
"STU004318",2016,"Male","Other",0,0,1,1,0
"STU004319",2016,"Male","White",1,1,0,0,0
"STU004320",2016,"Female","White",0,1,0,0,1
"STU004321",2016,"Female","Hispanic",0,1,0,0,0
"STU004322",2016,"Female","White",0,0,0,1,0
"STU004323",2016,"Male","White",1,0,0,0,1
"STU004324",2016,"Female","Asian",0,1,1,0,0
"STU004325",2016,"Female","White",1,1,0,0,0
"STU004326",2016,"Female","Hispanic",0,1,0,1,1
"STU004327",2016,"Male","White",0,1,0,0,1
"STU004328",2016,"Female","White",0,1,0,0,0
"STU004329",2016,"Female","Black",0,0,0,0,1
"STU004330",2016,"Male","Asian",1,0,0,1,0
"STU004331",2016,"Male","Hispanic",0,1,0,0,0
"STU004332",2016,"Male","Hispanic",1,0,1,0,0
"STU004333",2016,"Female","White",0,1,0,0,0
"STU004334",2016,"Male","White",0,0,0,0,0
"STU004335",2016,"Male","Hispanic",0,0,0,0,0
"STU004336",2016,"Male","White",0,1,0,0,1
"STU004337",2016,"Male","AmericanIndian",0,1,0,0,1
"STU004338",2016,"Male","White",0,1,0,0,0
"STU004339",2016,"Male","Black",0,0,0,0,0
"STU004340",2016,"NonBinary_Other","White",0,0,0,1,0
"STU004341",2016,"Male","White",0,0,0,0,0
"STU004342",2016,"Female","White",1,0,0,0,0
"STU004343",2016,"Female","White",0,1,0,1,1
"STU004344",2016,"Female","Black",0,0,0,0,1
"STU004345",2016,"Female","Black",1,0,0,0,1
"STU004346",2016,"Male","White",1,0,0,0,0
"STU004347",2016,"Female","MultiRacial",0,0,0,0,1
"STU004348",2016,"Female","White",1,1,0,0,1
"STU004349",2016,"Female","White",0,1,0,0,1
"STU004350",2016,"Male","MultiRacial",0,1,1,0,1
"STU004351",2016,"Female","White",0,1,0,0,0
"STU004352",2016,"Male","Hispanic",0,1,0,0,1
"STU004353",2016,"Male","White",0,1,0,1,1
"STU004354",2016,"Female","Asian",0,1,0,0,0
"STU004355",2016,"Female","Hispanic",0,0,0,0,0
"STU004356",2016,"Male","Asian",0,1,0,0,1
"STU004357",2016,"Female","White",0,0,0,0,0
"STU004358",2016,"Female","Black",0,0,0,0,1
"STU004359",2016,"Female","Hispanic",0,0,1,0,0
"STU004360",2016,"Male","White",0,1,0,0,0
"STU004361",2016,"Male","White",0,0,0,0,0
"STU004362",2016,"Male","Hispanic",0,0,0,0,1
"STU004363",2016,"Male","White",0,0,0,0,0
"STU004364",2016,"Female","Hispanic",0,1,0,0,1
"STU004365",2016,"Male","White",0,1,0,0,0
"STU004366",2016,"Male","Black",0,1,0,1,1
"STU004367",2016,"Female","Hispanic",0,1,0,0,0
"STU004368",2016,"Male","MultiRacial",0,1,0,0,0
"STU004369",2016,"Female","White",0,1,0,0,1
"STU004370",2016,"Female","White",0,0,0,0,0
"STU004371",2016,"Female","White",0,1,0,0,0
"STU004372",2016,"Female","White",0,1,0,0,1
"STU004373",2016,"Female","Other",0,0,0,0,0
"STU004374",2016,"Male","Hispanic",1,1,0,0,1
"STU004375",2016,"Male","White",0,0,0,0,0
"STU004376",2016,"Female","White",0,0,0,0,0
"STU004377",2016,"Female","White",1,1,0,0,0
"STU004378",2016,"Female","White",0,0,0,0,0
"STU004379",2016,"Male","Hispanic",0,0,0,1,1
"STU004380",2016,"Male","Black",1,0,0,0,1
"STU004381",2016,"Male","White",0,0,1,0,0
"STU004382",2016,"Male","White",1,0,1,0,0
"STU004383",2016,"Male","AmericanIndian",1,1,0,0,0
"STU004384",2016,"Female","White",0,0,0,0,1
"STU004385",2016,"Male","Hispanic",0,1,0,0,0
"STU004386",2016,"Female","White",0,0,1,0,0
"STU004387",2016,"Female","White",0,0,0,0,1
"STU004388",2016,"Female","Hispanic",0,0,0,0,1
"STU004389",2016,"Female","MultiRacial",1,0,0,0,1
"STU004390",2016,"Female","White",1,0,0,0,0
"STU004391",2016,"Male","White",0,1,0,0,0
"STU004392",2016,"Female","Asian",0,1,0,0,0
"STU004393",2016,"Female","White",0,0,0,0,0
"STU004394",2016,"Female","White",1,0,0,0,1
"STU004395",2016,"Male","White",1,0,0,0,0
"STU004396",2016,"Female","Hispanic",0,0,0,0,1
"STU004397",2016,"Male","Black",0,0,0,0,0
"STU004398",2016,"Male","White",0,1,0,0,0
"STU004399",2016,"Female","White",0,1,0,0,0
"STU004400",2016,"Female","Hispanic",0,1,0,0,0
"STU004401",2016,"Male","White",0,0,0,0,0
"STU004402",2016,"Male","Asian",0,0,1,0,1
"STU004403",2016,"Male","White",0,1,1,0,0
"STU004404",2016,"Female","White",0,0,0,0,0
"STU004405",2016,"Male","White",0,0,0,0,0
"STU004406",2016,"Male","White",1,1,0,0,0
"STU004407",2016,"Male","Black",0,0,0,0,1
"STU004408",2016,"Female","MultiRacial",1,1,0,1,1
"STU004409",2016,"Female","White",1,0,0,0,0
"STU004410",2016,"Male","Other",0,0,0,0,1
"STU004411",2016,"Female","Hispanic",0,1,0,0,0
"STU004412",2016,"Male","White",1,0,0,0,0
"STU004413",2016,"Female","White",0,0,1,1,0
"STU004414",2016,"Male","White",0,1,0,0,1
"STU004415",2016,"Female","Hispanic",1,0,0,0,1
"STU004416",2016,"Female","Black",1,1,0,0,1
"STU004417",2016,"Male","MultiRacial",1,0,0,0,0
"STU004418",2016,"Male","White",0,0,0,0,1
"STU004419",2016,"Female","White",0,1,0,1,0
"STU004420",2016,"Female","White",0,1,0,0,0
"STU004421",2016,"Male","White",1,0,0,0,0
"STU004422",2016,"Female","White",0,0,0,0,0
"STU004423",2016,"Female","Asian",0,0,0,0,0
"STU004424",2016,"Male","White",0,0,0,0,0
"STU004425",2016,"Female","AmericanIndian",1,0,0,0,1
"STU004426",2016,"Female","AmericanIndian",0,0,0,0,1
"STU004427",2016,"Male","Other",1,0,0,0,1
"STU004428",2016,"Female","White",0,0,0,0,0
"STU004429",2016,"Male","White",0,0,1,0,1
"STU004430",2016,"Female","White",0,1,1,0,1
"STU004431",2016,"Male","AmericanIndian",0,0,0,0,1
"STU004432",2016,"Female","MultiRacial",1,1,0,0,0
"STU004433",2016,"Female","Asian",0,1,0,0,0
"STU004434",2016,"Female","White",0,1,0,0,0
"STU004435",2016,"Male","Hispanic",1,0,0,0,1
"STU004436",2016,"Female","White",1,0,0,0,0
"STU004437",2016,"Female","Hispanic",0,0,1,0,0
"STU004438",2016,"Female","MultiRacial",1,0,0,0,0
"STU004439",2016,"Male","White",0,0,0,0,1
"STU004440",2016,"Female","Asian",0,0,0,0,0
"STU004441",2016,"NonBinary_Other","Hispanic",1,0,0,0,1
"STU004442",2016,"Female","Hispanic",0,0,0,0,1
"STU004443",2016,"NonBinary_Other","Black",0,1,0,0,1
"STU004444",2016,"Male","White",1,0,0,0,0
"STU004445",2016,"Female","Hispanic",1,0,0,0,1
"STU004446",2016,"Male","White",0,0,0,0,0
"STU004447",2016,"Male","Hispanic",0,1,1,0,1
"STU004448",2016,"Female","Hispanic",1,1,0,1,0
"STU004449",2016,"Female","MultiRacial",1,0,0,0,0
"STU004450",2016,"Female","White",0,1,0,1,0
"STU004451",2016,"Male","Hispanic",0,0,0,0,1
"STU004452",2016,"Male","Black",0,0,0,0,0
"STU004453",2016,"Male","Black",1,1,0,0,0
"STU004454",2016,"Female","Hispanic",0,0,0,0,1
"STU004455",2016,"Female","White",0,1,0,0,0
"STU004456",2016,"Male","White",1,0,0,0,0
"STU004457",2016,"Female","Asian",1,1,1,0,1
"STU004458",2016,"Female","White",0,0,0,0,1
"STU004459",2016,"Female","White",1,0,0,0,1
"STU004460",2016,"Male","White",0,0,0,0,1
"STU004461",2016,"Female","Other",0,0,0,0,0
"STU004462",2016,"Male","White",1,1,0,0,0
"STU004463",2016,"Male","White",1,0,0,0,1
"STU004464",2016,"Female","Black",0,1,0,0,1
"STU004465",2016,"Female","White",0,0,0,0,0
"STU004466",2016,"Male","White",1,0,1,0,0
"STU004467",2016,"Male","White",0,0,0,1,1
"STU004468",2016,"Male","Other",0,0,1,0,1
"STU004469",2016,"Male","Black",0,0,0,0,1
"STU004470",2016,"Male","White",0,0,0,1,0
"STU004471",2016,"Male","Hispanic",0,0,1,0,1
"STU004472",2016,"Male","Other",1,1,1,1,1
"STU004473",2016,"Male","Black",0,1,0,0,1
"STU004474",2016,"Female","White",0,1,0,0,0
"STU004475",2016,"Male","Black",0,0,0,0,1
"STU004476",2016,"Male","Hispanic",0,0,0,0,1
"STU004477",2016,"Female","White",1,1,0,0,0
"STU004478",2016,"Female","Hispanic",0,1,0,0,1
"STU004479",2016,"Female","White",0,0,1,0,1
"STU004480",2016,"Male","AmericanIndian",0,1,0,1,0
"STU004481",2016,"Female","Hispanic",0,1,0,0,1
"STU004482",2016,"Male","White",0,1,0,0,0
"STU004483",2016,"Male","White",0,1,1,0,0
"STU004484",2016,"Male","White",0,0,0,0,0
"STU004485",2016,"Male","Black",0,0,0,0,1
"STU004486",2016,"Male","White",1,0,1,0,0
"STU004487",2016,"Male","Hispanic",1,0,0,0,1
"STU004488",2016,"Female","Hispanic",1,1,0,0,0
"STU004489",2016,"Female","Hispanic",1,1,1,0,0
"STU004490",2016,"Female","Black",0,0,0,0,1
"STU004491",2016,"Male","Other",0,0,1,0,0
"STU004492",2016,"Male","Black",0,0,0,1,1
"STU004493",2016,"Male","White",0,1,0,0,0
"STU004494",2016,"Male","White",0,0,0,0,0
"STU004495",2016,"Male","White",1,0,0,0,0
"STU004496",2016,"Male","White",0,0,0,0,1
"STU004497",2016,"Male","White",1,0,0,0,1
"STU004498",2016,"Female","White",1,1,0,0,1
"STU004499",2016,"Female","Hispanic",1,0,0,0,0
"STU004500",2016,"Female","Hispanic",1,1,0,0,1
"STU004501",2016,"Female","Hispanic",1,0,0,0,1
"STU004502",2016,"Female","Black",0,1,0,0,1
"STU004503",2016,"Female","Black",1,0,0,0,1
"STU004504",2016,"Male","AmericanIndian",0,0,0,0,0
"STU004505",2016,"Female","Black",1,0,0,1,1
"STU004506",2016,"Female","White",1,1,0,1,1
"STU004507",2016,"Female","White",1,1,0,1,0
"STU004508",2016,"Female","MultiRacial",0,1,0,0,0
"STU004509",2016,"Male","MultiRacial",1,0,0,0,0
"STU004510",2016,"Female","Hispanic",0,0,0,0,1
"STU004511",2016,"Male","MultiRacial",0,1,0,0,0
"STU004512",2016,"Male","White",0,1,0,0,0
"STU004513",2016,"Male","Hispanic",0,0,0,0,1
"STU004514",2016,"Female","White",0,0,0,0,0
"STU004515",2016,"Male","White",1,0,0,1,1
"STU004516",2016,"Female","AmericanIndian",0,1,0,1,1
"STU004517",2016,"Female","White",0,1,0,0,0
"STU004518",2016,"Male","Hispanic",0,0,0,0,0
"STU004519",2016,"Male","Black",0,0,0,0,0
"STU004520",2016,"Female","White",1,0,0,0,1
"STU004521",2016,"Female","White",1,0,0,0,0
"STU004522",2016,"Female","White",0,0,0,0,1
"STU004523",2016,"Male","White",1,0,0,0,0
"STU004524",2016,"Female","White",1,1,0,0,0
"STU004525",2016,"Female","Hispanic",0,1,0,0,1
"STU004526",2016,"Female","Black",0,0,1,0,0
"STU004527",2016,"Female","Hispanic",0,1,0,0,1
"STU004528",2016,"Female","Hispanic",1,0,1,1,1
"STU004529",2016,"Female","Hispanic",0,0,0,1,0
"STU004530",2016,"Female","White",0,0,0,0,0
"STU004531",2016,"Female","Hispanic",0,0,1,0,1
"STU004532",2016,"Male","Hispanic",1,1,0,0,0
"STU004533",2016,"Female","White",0,1,0,0,0
"STU004534",2016,"Male","Asian",1,1,0,0,0
"STU004535",2016,"Female","Asian",1,0,0,0,1
"STU004536",2016,"Male","Hispanic",0,1,0,0,1
"STU004537",2016,"Female","White",1,0,1,0,0
"STU004538",2016,"Female","White",0,0,0,0,0
"STU004539",2016,"Male","Hispanic",0,1,0,0,1
"STU004540",2016,"Male","Black",0,0,0,0,1
"STU004541",2016,"Female","White",0,0,0,1,1
"STU004542",2016,"Female","Black",0,1,0,0,0
"STU004543",2016,"Male","White",0,0,0,0,0
"STU004544",2016,"Male","Hispanic",0,1,0,0,1
"STU004545",2016,"Female","Hispanic",0,0,0,1,0
"STU004546",2016,"Male","Black",0,1,1,0,1
"STU004547",2016,"Female","MultiRacial",0,1,0,0,0
"STU004548",2016,"Female","Black",0,1,0,0,0
"STU004549",2016,"Female","Asian",0,1,0,0,0
"STU004550",2016,"Female","Black",1,1,0,0,1
"STU004551",2016,"Female","Hispanic",0,0,0,0,1
"STU004552",2016,"Male","Other",0,1,1,0,1
"STU004553",2016,"Male","Hispanic",1,1,0,0,0
"STU004554",2016,"Female","Hispanic",0,0,0,1,1
"STU004555",2016,"Female","Asian",0,1,1,0,0
"STU004556",2016,"Female","MultiRacial",0,0,0,0,0
"STU004557",2016,"Male","White",0,0,1,0,1
"STU004558",2016,"Male","White",1,0,0,0,0
"STU004559",2016,"Female","Black",1,1,0,0,1
"STU004560",2016,"Female","White",0,0,0,0,1
"STU004561",2016,"Male","White",0,1,0,0,1
"STU004562",2016,"Male","Other",0,0,0,0,0
"STU004563",2016,"Female","MultiRacial",0,0,0,1,0
"STU004564",2016,"Female","MultiRacial",0,1,0,0,1
"STU004565",2016,"Male","White",0,0,0,0,1
"STU004566",2016,"Female","Hispanic",0,0,0,0,0
"STU004567",2016,"Male","White",1,1,0,0,1
"STU004568",2016,"Female","White",0,0,0,0,1
"STU004569",2016,"Female","White",0,0,0,1,1
"STU004570",2016,"Female","AmericanIndian",1,1,1,0,1
"STU004571",2016,"Female","White",0,0,0,0,0
"STU004572",2016,"Female","White",0,0,0,0,1
"STU004573",2016,"Male","MultiRacial",0,0,0,1,1
"STU004574",2016,"Female","White",0,1,0,0,0
"STU004575",2016,"Female","Other",0,0,0,0,0
"STU004576",2016,"Male","White",1,0,0,0,0
"STU004577",2016,"Female","Hispanic",0,0,0,1,0
"STU004578",2016,"Male","Black",0,0,0,0,1
"STU004579",2016,"Female","White",1,0,0,0,0
"STU004580",2016,"Male","White",0,0,0,0,0
"STU004581",2016,"Male","White",1,0,0,0,0
"STU004582",2016,"Female","Hispanic",1,0,0,0,0
"STU004583",2016,"NonBinary_Other","White",0,0,0,0,1
"STU004584",2016,"Male","White",0,1,0,0,1
"STU004585",2016,"Male","Asian",0,1,0,0,1
"STU004586",2016,"Male","Hispanic",0,1,1,0,1
"STU004587",2016,"Female","Black",0,0,0,0,1
"STU004588",2016,"Female","Hispanic",1,0,0,0,0
"STU004589",2016,"Female","Other",0,1,0,1,0
"STU004590",2016,"Male","Hispanic",1,0,0,0,1
"STU004591",2016,"Female","AmericanIndian",0,1,0,0,1
"STU004592",2016,"Male","White",1,0,0,0,1
"STU004593",2016,"Female","White",1,1,0,0,1
"STU004594",2016,"Female","White",1,0,0,0,0
"STU004595",2016,"Female","Hispanic",0,0,0,0,1
"STU004596",2016,"Female","Hispanic",0,0,0,0,1
"STU004597",2016,"Female","White",0,1,0,0,0
"STU004598",2016,"Female","White",0,1,0,0,0
"STU004599",2016,"Female","White",0,1,1,0,0
"STU004600",2016,"Male","Hispanic",1,0,0,0,0
"STU004601",2016,"Female","Black",0,1,0,0,1
"STU004602",2016,"Female","AmericanIndian",0,1,1,0,0
"STU004603",2016,"Female","White",1,0,0,0,0
"STU004604",2016,"Female","White",1,1,0,0,0
"STU004605",2016,"Male","Hispanic",1,1,0,0,1
"STU004606",2016,"Male","Hispanic",0,1,0,0,0
"STU004607",2016,"Female","Hispanic",0,0,0,0,0
"STU004608",2016,"Male","White",0,0,1,0,1
"STU004609",2016,"Female","Black",0,1,0,0,0
"STU004610",2016,"Male","AmericanIndian",0,0,0,0,1
"STU004611",2016,"Male","White",0,0,0,0,0
"STU004612",2016,"Female","Asian",1,0,0,0,1
"STU004613",2016,"Male","White",0,0,1,0,1
"STU004614",2016,"Female","Hispanic",0,1,0,0,1
"STU004615",2016,"Female","White",0,1,1,0,0
"STU004616",2016,"Male","White",0,1,0,0,0
"STU004617",2016,"Female","White",0,0,0,0,0
"STU004618",2016,"Female","Hispanic",1,1,0,0,0
"STU004619",2016,"NonBinary_Other","Hispanic",0,1,0,0,1
"STU004620",2016,"Male","Asian",0,0,1,0,0
"STU004621",2016,"Female","Asian",1,1,1,1,1
"STU004622",2016,"Male","White",0,0,0,0,0
"STU004623",2016,"Male","White",0,0,0,1,0
"STU004624",2016,"Female","Black",1,1,0,1,1
"STU004625",2016,"Male","Hispanic",0,1,0,1,1
"STU004626",2016,"Female","White",0,0,0,0,0
"STU004627",2016,"Male","White",0,1,0,0,0
"STU004628",2016,"Male","Asian",0,0,0,0,1
"STU004629",2016,"Male","White",0,0,0,0,0
"STU004630",2016,"Female","White",0,1,0,0,0
"STU004631",2016,"NonBinary_Other","Hispanic",0,0,0,0,0
"STU004632",2016,"Male","White",1,0,0,0,1
"STU004633",2016,"Female","White",0,1,0,0,0
"STU004634",2016,"Male","White",0,1,0,0,1
"STU004635",2016,"Male","White",0,1,0,0,0
"STU004636",2016,"Male","White",0,0,0,0,1
"STU004637",2016,"Male","MultiRacial",0,0,1,0,1
"STU004638",2016,"Female","Hispanic",0,1,0,0,0
"STU004639",2016,"Female","White",0,1,0,0,0
"STU004640",2016,"Male","Hispanic",1,1,0,0,0
"STU004641",2016,"Male","White",0,1,1,0,0
"STU004642",2016,"Female","White",1,0,0,0,0
"STU004643",2016,"Female","White",1,0,0,0,0
"STU004644",2016,"Female","AmericanIndian",0,0,0,0,0
"STU004645",2016,"Male","Asian",0,1,0,0,0
"STU004646",2016,"Female","White",0,0,0,0,0
"STU004647",2016,"Male","Hispanic",0,1,0,0,1
"STU004648",2016,"Female","AmericanIndian",0,0,0,1,0
"STU004649",2016,"Male","White",1,0,0,0,0
"STU004650",2016,"Female","White",1,0,0,0,0
"STU004651",2016,"Female","White",0,0,0,0,0
"STU004652",2016,"Male","White",0,0,0,0,1
"STU004653",2016,"Female","White",1,1,0,0,1
"STU004654",2016,"Male","White",0,1,0,0,0
"STU004655",2016,"Male","White",1,0,0,1,0
"STU004656",2016,"NonBinary_Other","White",0,0,0,0,0
"STU004657",2016,"Female","Hispanic",0,0,0,1,1
"STU004658",2016,"Male","White",0,0,0,0,0
"STU004659",2016,"Male","Asian",1,0,0,0,0
"STU004660",2016,"Female","Black",1,1,0,1,1
"STU004661",2016,"Female","Hispanic",1,1,0,0,0
"STU004662",2016,"Female","White",1,0,0,0,0
"STU004663",2016,"Female","White",0,1,0,1,0
"STU004664",2016,"Female","MultiRacial",1,0,0,1,0
"STU004665",2016,"Female","Hispanic",0,1,0,0,0
"STU004666",2016,"Female","Black",1,1,0,0,0
"STU004667",2016,"Female","Asian",1,1,0,0,0
"STU004668",2016,"Male","Black",1,0,1,0,1
"STU004669",2016,"Male","White",1,1,0,0,0
"STU004670",2016,"Female","White",0,0,0,0,1
"STU004671",2016,"Male","White",0,1,0,0,0
"STU004672",2016,"Female","Hispanic",0,0,0,0,0
"STU004673",2016,"Female","Asian",0,0,0,0,1
"STU004674",2016,"Female","White",0,1,0,0,0
"STU004675",2016,"Male","White",1,1,0,0,1
"STU004676",2016,"Female","Black",0,1,0,0,1
"STU004677",2016,"Female","White",1,1,0,0,0
"STU004678",2016,"Male","White",1,1,1,0,0
"STU004679",2016,"Female","Black",0,1,0,0,1
"STU004680",2016,"Female","White",1,1,1,0,0
"STU004681",2016,"Male","White",0,1,0,1,0
"STU004682",2016,"Male","White",0,0,0,0,1
"STU004683",2016,"Female","White",0,0,0,0,1
"STU004684",2016,"Female","Asian",1,0,0,0,1
"STU004685",2016,"Male","Asian",1,1,0,0,0
"STU004686",2016,"Female","MultiRacial",1,0,0,0,1
"STU004687",2016,"Female","White",0,1,0,0,1
"STU004688",2016,"Female","MultiRacial",0,1,1,0,0
"STU004689",2016,"Male","Hispanic",1,0,1,0,1
"STU004690",2016,"Female","White",1,0,0,0,0
"STU004691",2016,"Female","White",0,1,0,0,0
"STU004692",2016,"Female","White",0,1,0,1,0
"STU004693",2016,"Male","White",0,1,0,0,0
"STU004694",2016,"Male","Hispanic",0,0,0,0,1
"STU004695",2016,"Female","Hispanic",0,0,0,0,1
"STU004696",2016,"Female","White",0,1,0,1,0
"STU004697",2016,"Female","Hispanic",0,1,0,0,0
"STU004698",2016,"Male","MultiRacial",0,0,0,0,0
"STU004699",2016,"Male","White",1,0,0,0,0
"STU004700",2016,"Female","White",0,0,1,0,0
"STU004701",2016,"Male","Hispanic",0,1,0,0,1
"STU004702",2016,"Male","White",0,0,0,0,1
"STU004703",2016,"Male","White",0,0,0,0,0
"STU004704",2016,"Male","Hispanic",1,1,0,1,0
"STU004705",2016,"Female","Hispanic",1,0,1,0,1
"STU004706",2016,"Male","Hispanic",0,0,0,0,0
"STU004707",2016,"Male","White",0,0,0,0,1
"STU004708",2016,"Female","Hispanic",0,0,0,0,1
"STU004709",2016,"Female","Asian",0,1,0,0,1
"STU004710",2016,"Female","White",0,0,0,0,0
"STU004711",2016,"Male","AmericanIndian",0,0,1,0,1
"STU004712",2016,"Female","White",0,0,0,0,0
"STU004713",2016,"Male","White",0,0,0,0,0
"STU004714",2016,"Male","White",1,1,1,0,0
"STU004715",2016,"Female","Black",0,0,1,0,1
"STU004716",2016,"Female","White",1,1,0,0,0
"STU004717",2016,"Male","Black",0,1,0,0,0
"STU004718",2016,"Male","Hispanic",1,1,0,1,0
"STU004719",2016,"Female","Other",1,1,0,1,1
"STU004720",2016,"Female","White",0,1,0,0,1
"STU004721",2016,"Male","Black",0,1,0,0,0
"STU004722",2016,"Male","Hispanic",0,0,1,0,1
"STU004723",2016,"Male","White",0,1,1,1,1
"STU004724",2016,"Female","White",0,0,0,0,0
"STU004725",2016,"Female","White",1,0,0,0,0
"STU004726",2016,"Female","White",1,0,0,0,0
"STU004727",2016,"Male","MultiRacial",0,0,0,0,1
"STU004728",2016,"Female","Black",1,0,0,0,0
"STU004729",2016,"Male","White",0,0,1,0,0
"STU004730",2016,"Male","Hispanic",0,0,0,0,0
"STU004731",2016,"Female","White",0,1,0,0,1
"STU004732",2016,"Male","Asian",1,0,0,0,0
"STU004733",2016,"Male","Hispanic",0,0,0,0,0
"STU004734",2016,"Female","Hispanic",0,0,1,0,0
"STU004735",2016,"Female","Hispanic",0,1,1,0,1
"STU004736",2016,"Male","Other",0,1,0,0,1
"STU004737",2016,"Male","White",0,0,0,0,0
"STU004738",2016,"Female","Asian",1,0,0,1,1
"STU004739",2016,"Female","MultiRacial",0,0,0,0,0
"STU004740",2016,"Female","White",0,0,0,0,0
"STU004741",2016,"Female","White",1,1,0,0,0
"STU004742",2016,"Male","White",0,0,0,0,0
"STU004743",2016,"Male","MultiRacial",0,0,0,0,1
"STU004744",2016,"Male","AmericanIndian",1,0,0,0,1
"STU004745",2016,"Male","White",0,0,0,0,0
"STU004746",2016,"Female","Other",0,1,0,0,0
"STU004747",2016,"Female","Hispanic",0,1,0,1,0
"STU004748",2016,"Male","Black",1,0,0,0,1
"STU004749",2016,"Male","White",1,1,0,1,0
"STU004750",2016,"Female","Asian",0,1,0,0,0
"STU004751",2016,"Female","Black",0,0,1,0,1
"STU004752",2016,"Male","Hispanic",0,1,0,1,0
"STU004753",2016,"Female","White",0,0,0,0,0
"STU004754",2016,"Male","AmericanIndian",1,1,0,0,1
"STU004755",2016,"Female","Hispanic",1,1,0,0,1
"STU004756",2016,"Male","Asian",1,0,0,0,1
"STU004757",2016,"Female","MultiRacial",0,0,0,0,0
"STU004758",2016,"Male","Hispanic",0,1,0,0,1
"STU004759",2016,"Female","White",0,1,0,0,0
"STU004760",2016,"Female","Hispanic",0,0,1,0,1
"STU004761",2016,"Female","Hispanic",1,0,0,0,1
"STU004762",2016,"Female","Asian",0,0,0,0,0
"STU004763",2016,"Female","Hispanic",0,1,0,1,1
"STU004764",2016,"Female","White",0,0,0,0,1
"STU004765",2016,"Male","AmericanIndian",1,0,0,0,0
"STU004766",2016,"Female","Hispanic",0,0,0,0,1
"STU004767",2016,"Male","White",0,1,0,0,0
"STU004768",2016,"Male","MultiRacial",1,0,0,0,1
"STU004769",2016,"Male","Asian",0,0,1,0,0
"STU004770",2016,"Female","White",0,0,0,0,0
"STU004771",2016,"Male","Black",0,0,0,0,0
"STU004772",2016,"Female","White",0,0,1,0,0
"STU004773",2016,"NonBinary_Other","White",0,1,0,0,0
"STU004774",2016,"Female","Asian",1,0,0,0,0
"STU004775",2016,"Male","White",0,0,0,0,0
"STU004776",2016,"Male","Other",0,0,0,0,1
"STU004777",2016,"Female","Hispanic",0,0,0,0,1
"STU004778",2016,"Female","Hispanic",0,0,0,0,1
"STU004779",2016,"Male","Black",0,1,0,0,0
"STU004780",2016,"Female","White",1,0,0,0,1
"STU004781",2016,"Female","White",1,0,0,0,1
"STU004782",2016,"Female","White",1,1,0,0,0
"STU004783",2016,"Female","White",0,0,0,1,1
"STU004784",2016,"Female","Black",0,0,0,0,0
"STU004785",2016,"NonBinary_Other","Hispanic",0,0,1,0,1
"STU004786",2016,"Female","White",0,1,0,0,0
"STU004787",2016,"Female","White",1,1,0,0,1
"STU004788",2016,"NonBinary_Other","Hispanic",0,1,0,0,1
"STU004789",2016,"Male","Hispanic",1,1,0,0,1
"STU004790",2016,"NonBinary_Other","Black",0,0,0,0,1
"STU004791",2016,"Male","MultiRacial",1,0,0,0,0
"STU004792",2016,"Female","MultiRacial",0,1,0,0,0
"STU004793",2016,"Female","Hispanic",0,0,0,0,1
"STU004794",2016,"Male","White",0,1,0,0,0
"STU004795",2016,"Female","MultiRacial",0,0,1,0,1
"STU004796",2016,"Male","White",0,1,0,0,0
"STU004797",2016,"Female","White",0,0,0,0,1
"STU004798",2016,"Male","Black",0,1,0,0,1
"STU004799",2016,"Female","Hispanic",1,0,0,0,1
"STU004800",2016,"Male","Asian",0,1,0,0,0
"STU004801",2016,"Male","White",1,0,1,0,0
"STU004802",2016,"Female","Hispanic",0,0,0,0,0
"STU004803",2016,"Female","Hispanic",0,0,0,0,1
"STU004804",2016,"Female","White",0,0,1,0,1
"STU004805",2016,"Female","White",1,0,0,1,0
"STU004806",2016,"Male","Hispanic",1,1,0,1,1
"STU004807",2016,"Male","AmericanIndian",0,0,0,0,1
"STU004808",2016,"Female","White",0,0,0,0,1
"STU004809",2016,"Male","White",1,0,0,0,0
"STU004810",2016,"Male","White",1,1,0,0,0
"STU004811",2016,"Female","White",1,1,0,0,0
"STU004812",2016,"Male","Hispanic",0,0,0,0,1
"STU004813",2016,"Female","White",0,1,0,0,0
"STU004814",2016,"Female","Asian",1,0,1,0,0
"STU004815",2016,"Male","Hispanic",0,1,1,0,0
"STU004816",2016,"Female","White",1,0,0,0,0
"STU004817",2016,"Female","White",0,0,0,0,0
"STU004818",2016,"Female","Hispanic",0,0,1,0,1
"STU004819",2016,"Male","Black",0,1,0,0,1
"STU004820",2016,"Male","Hispanic",0,0,0,0,1
"STU004821",2016,"Female","White",0,0,0,0,1
"STU004822",2016,"Male","White",0,1,0,0,1
"STU004823",2016,"Male","Black",0,1,0,0,1
"STU004824",2016,"Female","White",0,1,0,0,0
"STU004825",2016,"Male","Hispanic",0,1,0,0,1
"STU004826",2016,"Female","White",1,0,0,0,0
"STU004827",2016,"Male","Asian",0,1,0,0,0
"STU004828",2016,"Male","White",1,0,0,0,0
"STU004829",2016,"Male","White",0,0,0,0,0
"STU004830",2016,"Male","White",1,1,0,0,0
"STU004831",2016,"Male","Black",1,0,0,0,0
"STU004832",2016,"Female","Hispanic",1,0,1,0,0
"STU004833",2016,"Male","Hispanic",1,0,0,1,1
"STU004834",2016,"Female","Black",1,0,0,0,1
"STU004835",2016,"Male","White",0,1,0,0,0
"STU004836",2016,"Male","Asian",0,0,0,0,1
"STU004837",2016,"Female","Hispanic",0,1,0,0,1
"STU004838",2016,"Female","White",1,0,1,0,0
"STU004839",2016,"Male","Asian",0,0,0,0,0
"STU004840",2016,"Male","AmericanIndian",1,0,0,0,1
"STU004841",2016,"Female","White",0,0,0,0,1
"STU004842",2016,"Male","White",0,0,0,0,0
"STU004843",2016,"Male","Asian",0,1,0,0,0
"STU004844",2016,"Female","AmericanIndian",0,0,0,0,1
"STU004845",2016,"Male","Hispanic",0,1,0,0,1
"STU004846",2016,"Female","Asian",0,0,0,0,0
"STU004847",2016,"Female","White",0,1,0,0,0
"STU004848",2016,"Female","Black",0,0,0,0,1
"STU004849",2016,"Male","Hispanic",0,1,0,0,1
"STU004850",2016,"Male","Hispanic",0,0,0,0,1
"STU004851",2016,"Female","AmericanIndian",0,1,0,0,1
"STU004852",2016,"Female","White",0,1,0,0,1
"STU004853",2016,"Female","White",0,1,0,0,0
"STU004854",2016,"NonBinary_Other","White",1,0,0,0,1
"STU004855",2016,"Female","White",0,1,0,1,0
"STU004856",2016,"Male","White",0,0,0,0,1
"STU004857",2016,"Female","Hispanic",1,1,0,0,1
"STU004858",2016,"Male","White",0,0,0,0,0
"STU004859",2016,"Female","White",1,0,0,0,0
"STU004860",2016,"Male","Other",0,0,0,0,0
"STU004861",2016,"Female","Hispanic",0,0,0,0,1
"STU004862",2016,"Male","White",0,1,0,0,1
"STU004863",2016,"Male","White",1,1,0,0,0
"STU004864",2016,"Male","White",0,0,0,0,0
"STU004865",2016,"Female","White",0,1,0,0,1
"STU004866",2016,"Male","Hispanic",0,0,1,0,1
"STU004867",2016,"Male","Hispanic",0,0,0,0,1
"STU004868",2016,"Female","Hispanic",1,0,0,0,0
"STU004869",2016,"Male","Other",0,0,0,0,1
"STU004870",2016,"Male","AmericanIndian",0,1,1,0,1
"STU004871",2016,"Female","White",0,1,0,0,1
"STU004872",2016,"Female","Hispanic",1,1,0,0,0
"STU004873",2016,"Male","White",0,1,0,0,0
"STU004874",2016,"Male","MultiRacial",0,1,0,0,0
"STU004875",2016,"Male","Hispanic",1,1,0,0,1
"STU004876",2016,"Female","White",1,0,0,0,0
"STU004877",2016,"Male","White",0,0,0,0,0
"STU004878",2016,"Female","White",0,1,1,0,1
"STU004879",2016,"Female","Asian",0,0,0,0,1
"STU004880",2016,"Male","White",0,0,0,0,0
"STU004881",2016,"Male","White",0,0,0,0,0
"STU004882",2016,"Female","Asian",1,0,0,0,1
"STU004883",2016,"Female","MultiRacial",0,1,0,0,1
"STU004884",2016,"Male","Asian",0,0,0,0,0
"STU004885",2016,"Male","White",0,1,0,1,0
"STU004886",2016,"Male","White",1,0,0,0,0
"STU004887",2016,"Female","White",0,1,0,0,1
"STU004888",2016,"Male","White",0,0,1,0,1
"STU004889",2016,"Female","Black",0,1,0,0,0
"STU004890",2016,"Male","Hispanic",1,0,0,0,1
"STU004891",2016,"Male","White",0,0,0,0,0
"STU004892",2016,"Female","White",1,1,1,0,0
"STU004893",2016,"NonBinary_Other","White",1,0,0,0,0
"STU004894",2016,"Female","Hispanic",0,0,0,0,1
"STU004895",2016,"Male","Other",1,0,0,0,0
"STU004896",2016,"Female","MultiRacial",1,0,0,0,1
"STU004897",2016,"Female","White",0,1,0,0,1
"STU004898",2016,"Male","White",0,1,0,0,0
"STU004899",2016,"Male","MultiRacial",0,0,0,0,0
"STU004900",2016,"Male","Hispanic",1,1,0,0,1
"STU004901",2016,"Female","White",1,0,0,0,0
"STU004902",2016,"Female","Hispanic",0,0,0,0,1
"STU004903",2016,"Male","Hispanic",0,0,0,0,0
"STU004904",2016,"Female","MultiRacial",0,0,1,0,0
"STU004905",2016,"Female","Hispanic",0,1,0,0,1
"STU004906",2016,"Male","Black",0,1,0,0,0
"STU004907",2016,"Female","MultiRacial",0,0,0,0,1
"STU004908",2016,"Female","White",1,1,0,0,1
"STU004909",2016,"Male","White",1,0,0,0,0
"STU004910",2016,"Male","White",0,1,0,1,1
"STU004911",2016,"Male","White",0,0,0,0,0
"STU004912",2016,"Male","Hispanic",0,1,0,1,1
"STU004913",2016,"Female","White",0,0,0,0,1
"STU004914",2016,"Male","Hispanic",0,1,0,0,1
"STU004915",2016,"Female","White",0,1,1,0,1
"STU004916",2016,"Female","Hispanic",0,0,0,0,1
"STU004917",2016,"Male","White",1,1,0,0,0
"STU004918",2016,"Female","Other",1,0,0,0,1
"STU004919",2016,"Female","White",0,1,0,0,0
"STU004920",2016,"Male","Hispanic",1,0,0,0,1
"STU004921",2016,"Female","White",0,0,0,0,0
"STU004922",2016,"Male","Black",0,0,0,1,0
"STU004923",2016,"Female","White",0,0,0,0,0
"STU004924",2016,"Male","Asian",0,0,0,0,0
"STU004925",2016,"Female","Hispanic",0,0,1,0,1
"STU004926",2016,"Female","Black",0,0,0,0,1
"STU004927",2016,"Male","MultiRacial",0,0,0,0,1
"STU004928",2016,"Male","Hispanic",0,0,0,0,1
"STU004929",2016,"Female","White",0,0,1,0,0
"STU004930",2016,"Female","MultiRacial",1,0,0,0,0
"STU004931",2016,"Female","Hispanic",0,1,1,0,1
"STU004932",2016,"Female","Hispanic",1,0,0,0,1
"STU004933",2016,"Male","White",0,0,0,1,0
"STU004934",2016,"Male","White",0,1,0,0,0
"STU004935",2016,"Female","Hispanic",1,1,0,0,1
"STU004936",2016,"Male","MultiRacial",0,0,0,0,0
"STU004937",2016,"Female","White",1,1,0,1,0
"STU004938",2016,"Male","Asian",0,0,0,0,1
"STU004939",2016,"Male","Black",1,0,0,0,1
"STU004940",2016,"Male","Hispanic",0,0,0,0,1
"STU004941",2016,"Male","White",1,1,0,0,0
"STU004942",2016,"Male","White",1,0,0,0,0
"STU004943",2016,"Female","White",0,0,0,0,0
"STU004944",2016,"Female","White",0,1,1,0,1
"STU004945",2016,"Female","White",0,0,0,0,0
"STU004946",2016,"Male","White",0,0,0,0,0
"STU004947",2016,"Female","Black",0,1,0,0,1
"STU004948",2016,"Male","White",0,1,0,0,0
"STU004949",2016,"Male","AmericanIndian",1,0,0,0,1
"STU004950",2016,"Male","White",0,0,0,0,0
"STU004951",2016,"Female","White",1,0,1,0,0
"STU004952",2016,"Male","Black",0,1,0,0,0
"STU004953",2016,"Male","White",0,0,0,0,1
"STU004954",2016,"Male","White",1,1,0,1,1
"STU004955",2016,"Male","White",0,1,0,0,0
"STU004956",2016,"Female","Hispanic",1,1,0,0,1
"STU004957",2016,"Female","White",0,0,0,0,0
"STU004958",2016,"Female","White",1,0,0,0,1
"STU004959",2016,"Female","Asian",0,1,0,0,1
"STU004960",2016,"Female","White",0,0,0,0,0
"STU004961",2016,"Female","White",0,0,0,0,0
"STU004962",2016,"NonBinary_Other","White",0,1,0,0,1
"STU004963",2016,"Male","Black",0,1,0,1,0
"STU004964",2016,"Female","Hispanic",1,0,0,0,1
"STU004965",2016,"Female","White",0,0,1,0,1
"STU004966",2016,"Female","White",1,1,0,0,0
"STU004967",2016,"Female","Asian",0,0,1,0,1
"STU004968",2016,"Male","White",0,1,0,0,0
"STU004969",2016,"Male","Hispanic",0,1,0,0,1
"STU004970",2016,"Female","White",0,1,0,0,0
"STU004971",2016,"Female","Black",0,1,0,1,1
"STU004972",2016,"Female","White",1,0,0,0,0
"STU004973",2016,"Male","Asian",0,1,1,0,0
"STU004974",2016,"Female","White",0,1,0,1,0
"STU004975",2016,"Male","White",1,1,0,1,0
"STU004976",2016,"Male","White",0,1,0,0,0
"STU004977",2016,"Male","White",0,0,0,0,1
"STU004978",2016,"Female","White",0,0,0,0,1
"STU004979",2016,"Female","Hispanic",0,1,0,0,0
"STU004980",2016,"Female","Black",0,0,0,0,0
"STU004981",2016,"Male","White",0,0,0,0,0
"STU004982",2016,"Male","Hispanic",0,1,1,0,0
"STU004983",2016,"Male","Hispanic",1,0,0,0,1
"STU004984",2016,"Male","Hispanic",0,0,0,0,1
"STU004985",2016,"Male","White",0,0,0,0,0
"STU004986",2016,"Female","Hispanic",0,0,0,0,1
"STU004987",2016,"Female","White",0,0,0,0,1
"STU004988",2016,"Male","White",0,0,0,0,1
"STU004989",2016,"NonBinary_Other","Hispanic",1,0,0,0,1
"STU004990",2016,"Male","Hispanic",0,1,0,0,0
"STU004991",2016,"Male","White",0,0,0,0,1
"STU004992",2016,"Female","Hispanic",0,0,0,0,0
"STU004993",2016,"Female","Other",1,0,0,1,0
"STU004994",2016,"Female","White",0,0,0,1,0
"STU004995",2016,"Female","White",0,0,1,1,0
"STU004996",2016,"Male","White",0,0,0,0,0
"STU004997",2016,"Female","Black",0,1,0,0,1
"STU004998",2016,"Male","White",0,0,0,1,0
"STU004999",2016,"Male","White",1,0,0,0,0
"STU005000",2016,"Female","White",0,1,0,0,0
