"student_id","wage_q1","wage_q2","wage_q3","wage_q4","wage_q5","wage_q6","wage_q7","wage_q8","wage_q9","wage_q10","wage_q11","wage_q12","wage_q13","wage_q14","wage_q15","wage_q16","wage_q17","wage_q18","wage_q19","wage_q20","wage_q21","wage_q22","wage_q23","wage_q24","wage_q25","wage_q26","wage_q27","wage_q28"
"STU000001",NA,6920,5241,NA,10779,5417,9168,8057,NA,NA,NA,NA,NA,NA,NA,NA,12553,NA,NA,10675,13238,13185,11504,11111,15612,22818,19696,10719
"STU000002",10005,6100,4993,7036,4849,8359,9240,12963,8739,14028,12267,8700,8093,13579,NA,12002,9242,12284,17099,NA,NA,NA,NA,15922,8780,NA,NA,NA
"STU000003",NA,NA,NA,NA,NA,NA,NA,NA,NA,NA,NA,NA,NA,NA,NA,NA,NA,NA,NA,7535,11230,12269,15953,7257,14387,16626,10493,12976
"STU000004",11440,8494,NA,NA,NA,NA,NA,9403,14690,7327,11664,6537,13704,NA,10381,7844,12186,10299,NA,NA,8012,7975,9599,NA,11215,12825,14807,NA
"STU000005",12480,14294,14056,NA,NA,11025,13282,8899,13209,12678,NA,NA,NA,NA,NA,NA,11115,10877,14333,9595,10300,10352,9940,11751,NA,NA,10490,13424
"STU000006",NA,NA,NA,NA,NA,NA,NA,NA,NA,9588,NA,NA,NA,NA,NA,5292,12186,NA,NA,NA,31250,10894,21363,17841,16771,19355,NA,NA
"STU000007",12095,22198,NA,NA,NA,11366,12051,14190,NA,NA,NA,NA,NA,NA,10915,15362,12106,8252,NA,NA,NA,NA,NA,NA,21979,NA,NA,10351
"STU000008",NA,NA,NA,NA,NA,NA,NA,NA,NA,NA,10223,13461,16130,8672,12392,12743,36145,19423,24132,18630,14743,NA,23268,21298,20449,21094,15010,27739
"STU000009",9534,6941,7486,7245,7199,4519,7866,4534,4685,7274,7137,4280,6862,4401,NA,NA,7889,NA,10730,NA,NA,NA,6908,NA,NA,NA,10616,11927
"STU000010",NA,NA,NA,NA,NA,NA,NA,NA,NA,NA,NA,NA,NA,NA,NA,NA,NA,NA,NA,NA,NA,NA,NA,NA,NA,18792,19945,21050
"STU000011",9982,6605,NA,NA,NA,NA,10945,14961,9210,13313,5396,9469,7409,6147,NA,12262,7475,15280,NA,11019,10098,12922,11354,11627,NA,NA,NA,NA
"STU000012",NA,13762,7243,NA,5011,NA,5241,8061,5030,NA,NA,NA,NA,NA,NA,NA,NA,8519,14838,9127,9593,13059,15462,13607,NA,NA,NA,9965
"STU000013",5507,NA,NA,NA,NA,8759,12572,NA,6569,8247,3896,5711,5937,NA,10498,9780,NA,12035,12759,10329,13512,9707,18593,10927,10138,NA,11551,15562
"STU000014",NA,NA,NA,NA,NA,NA,NA,NA,NA,NA,NA,NA,NA,NA,NA,NA,NA,NA,NA,NA,25253,15746,15551,20275,28079,NA,26415,15365
"STU000015",NA,NA,NA,NA,NA,NA,NA,NA,NA,NA,NA,NA,NA,NA,NA,NA,NA,NA,NA,NA,NA,NA,NA,NA,NA,NA,NA,NA
"STU000016",8403,14493,15941,12967,5687,9274,NA,NA,8398,14678,NA,NA,NA,NA,NA,NA,10362,15112,9248,12732,17909,9906,10208,13917,15685,NA,10040,11983
"STU000017",7485,7982,8696,4841,9113,NA,NA,10120,13409,23404,10351,25577,15625,13741,14536,8352,7903,14371,11017,17126,13133,20372,14411,11119,NA,20613,13146,16897
"STU000018",NA,NA,NA,NA,NA,NA,NA,NA,NA,9059,8127,6763,5777,18035,12861,4737,NA,NA,3145,6980,NA,NA,19908,10363,21809,19771,12965,14343
"STU000019",8304,13531,4598,3229,6202,9871,NA,NA,NA,11388,12134,7808,6854,9555,8030,12081,11602,NA,NA,NA,8873,8165,10239,15264,NA,NA,NA,NA
"STU000020",NA,NA,NA,NA,NA,7762,NA,5230,6506,7497,4088,6806,9580,NA,NA,NA,NA,NA,NA,NA,8711,7983,8469,NA,12150,13771,NA,13009
"STU000021",6257,NA,NA,8953,11576,7690,8234,NA,9972,13332,12019,12086,NA,12204,13341,7750,14380,16463,7342,10366,7459,12153,11621,8608,6955,NA,NA,18441
"STU000022",8628,6832,5470,8367,8793,6389,7777,8940,10665,7498,10190,12177,6857,9815,12813,15036,7816,7663,9293,8466,9405,NA,7659,15161,9636,NA,NA,16167
"STU000023",12272,7856,7185,NA,NA,9855,11422,17478,11872,8344,13714,22999,21306,NA,13985,13763,18368,21595,11513,13405,27368,6767,20626,20549,17885,17510,NA,NA
"STU000024",NA,6466,1944,1871,3080,4711,5674,NA,4067,NA,5526,4205,8270,8071,NA,NA,NA,NA,NA,NA,NA,NA,16147,9300,6706,11366,11154,11090
"STU000025",12012,11928,13129,9221,NA,NA,9433,NA,NA,NA,NA,NA,NA,7090,12578,14877,17843,16809,NA,NA,NA,12058,29798,21595,16466,12653,16350,26247
"STU000026",13484,6968,NA,NA,NA,6547,8418,11789,8750,5898,NA,NA,12788,NA,11092,NA,NA,NA,9916,NA,11646,NA,NA,10412,14123,6773,9322,13570
"STU000027",NA,NA,NA,NA,5254,NA,2923,5189,10099,11166,9849,8469,5387,NA,5712,5194,5808,3804,9479,NA,NA,NA,12025,NA,NA,NA,NA,NA
"STU000028",9766,12998,8434,12088,15210,21419,16886,10499,13714,10023,8486,12104,16292,NA,NA,NA,NA,NA,NA,NA,NA,NA,NA,16220,13945,9596,17473,14178
"STU000029",7241,10069,9036,NA,NA,10442,7646,NA,8978,8943,8081,NA,NA,NA,NA,8186,10578,18195,19002,14938,NA,9732,NA,11281,NA,13408,NA,NA
"STU000030",NA,NA,NA,NA,NA,NA,NA,NA,NA,NA,NA,NA,NA,NA,NA,6067,12271,17152,15300,24283,24231,25997,NA,24058,17065,22880,27143,NA
"STU000031",4341,6603,7941,7062,10190,8622,10080,13520,NA,NA,NA,NA,NA,NA,NA,NA,NA,8235,16699,15439,15662,9777,9732,NA,NA,NA,10778,14073
"STU000032",11611,7759,NA,NA,6679,NA,NA,NA,NA,6557,11809,11666,NA,NA,NA,NA,12460,9788,10287,16890,NA,NA,8146,10768,11691,10324,NA,NA
"STU000033",NA,NA,NA,NA,NA,NA,NA,10817,19283,NA,NA,NA,NA,NA,19989,10814,10000,14296,NA,8996,16920,NA,NA,29758,NA,NA,NA,NA
"STU000034",NA,NA,NA,NA,8375,9554,8579,10615,7356,8319,NA,NA,NA,9114,8925,NA,NA,12196,NA,NA,NA,NA,NA,NA,NA,NA,11954,7869
"STU000035",NA,NA,NA,NA,NA,NA,NA,NA,NA,NA,NA,NA,NA,NA,NA,NA,NA,NA,NA,NA,NA,NA,NA,NA,NA,NA,NA,NA
"STU000036",NA,NA,NA,NA,NA,NA,NA,NA,NA,NA,NA,NA,NA,NA,20312,9059,NA,NA,NA,17635,8973,14017,11145,NA,NA,12841,13099,8890
"STU000037",NA,NA,NA,NA,NA,NA,NA,NA,NA,NA,NA,NA,NA,NA,NA,NA,NA,NA,NA,10209,9890,19033,9245,8064,NA,10077,NA,NA
"STU000038",9228,9103,NA,8526,8854,6973,NA,NA,NA,13490,10629,9255,NA,NA,NA,15705,8112,NA,NA,NA,NA,NA,NA,NA,12607,NA,NA,17055
"STU000039",NA,NA,NA,NA,NA,NA,NA,NA,NA,NA,NA,NA,NA,NA,NA,NA,NA,NA,NA,NA,NA,NA,NA,NA,NA,NA,NA,NA
"STU000040",6909,NA,NA,6519,9281,5284,8344,5537,6725,9934,9517,7563,7034,7989,11739,8258,10010,6143,9385,NA,NA,11831,10024,12974,9476,NA,NA,10277
"STU000041",8429,NA,NA,NA,5164,6475,12811,NA,NA,10972,8389,8209,3850,NA,NA,12921,13095,11072,24801,11208,NA,NA,NA,16277,14225,NA,7931,6161
"STU000042",13590,8687,9420,11163,NA,NA,9375,NA,NA,NA,15833,20248,NA,9456,21894,NA,NA,NA,20566,NA,NA,16603,NA,NA,26994,NA,NA,NA
"STU000043",NA,16652,11826,15092,NA,NA,9434,13592,9983,NA,NA,10939,7997,16261,10864,11707,NA,9630,13334,13240,13809,15080,10464,16937,13226,12795,17161,NA
"STU000044",NA,NA,NA,NA,NA,NA,NA,NA,NA,NA,NA,NA,NA,NA,NA,NA,5817,6106,NA,19632,7865,11717,6097,9589,NA,NA,12347,13135
"STU000045",6539,7797,6593,6526,4183,NA,NA,NA,NA,NA,NA,7872,14554,6725,4470,NA,NA,NA,NA,NA,NA,9335,16084,25530,NA,NA,19113,19674
"STU000046",10275,NA,6183,7832,8692,NA,6663,13816,15104,14189,9418,NA,NA,NA,NA,8096,16060,NA,NA,15444,16970,10556,9594,NA,18826,NA,NA,NA
"STU000047",NA,NA,NA,NA,NA,NA,NA,NA,NA,NA,NA,NA,NA,NA,NA,NA,NA,NA,NA,NA,NA,NA,NA,NA,NA,NA,NA,NA
"STU000048",15140,10350,13875,6719,8479,4190,6727,7368,14352,10183,13993,8367,6558,8052,NA,8589,NA,6882,13698,6150,15550,15886,8818,17730,16772,33412,9941,NA
"STU000049",NA,NA,NA,NA,NA,NA,NA,NA,NA,NA,NA,NA,NA,NA,NA,NA,NA,NA,NA,NA,NA,NA,NA,NA,NA,NA,NA,NA
"STU000050",8619,NA,NA,9771,13582,7065,7749,NA,NA,7974,7348,10210,NA,8151,13797,9885,13207,NA,NA,NA,NA,NA,NA,NA,NA,NA,NA,NA
"STU000051",NA,NA,NA,NA,6307,7789,NA,NA,12674,NA,NA,NA,6913,9825,10691,9246,NA,NA,9417,11024,11318,12165,NA,NA,13762,11516,13728,11405
"STU000052",NA,NA,7994,12656,NA,12764,NA,NA,NA,NA,NA,NA,7782,6042,NA,NA,NA,13328,24681,16301,8203,17277,NA,16328,20668,5897,26394,13896
"STU000053",10191,6530,10700,NA,NA,8703,14383,9620,15086,13145,13983,11259,12514,11060,7010,14442,9725,15745,15639,8246,18196,15996,10496,8257,12266,NA,11364,NA
"STU000054",5602,8966,NA,NA,NA,NA,NA,NA,NA,NA,NA,6413,6197,NA,NA,NA,NA,NA,NA,NA,10082,13991,16586,18776,16391,NA,19023,14617
"STU000055",8738,NA,NA,4717,10666,10606,8182,7064,22961,16929,7184,14948,8600,13490,9767,9274,9854,14871,6420,NA,NA,NA,NA,14769,13250,11625,12943,7425
"STU000056",NA,NA,NA,NA,NA,NA,NA,4210,NA,NA,NA,NA,NA,9085,7794,NA,NA,NA,NA,10354,9012,8647,10385,13823,9273,9984,NA,NA
"STU000057",NA,NA,NA,NA,NA,NA,NA,NA,NA,NA,NA,NA,NA,NA,NA,NA,NA,NA,NA,NA,NA,NA,NA,NA,NA,NA,NA,NA
"STU000058",NA,NA,NA,NA,NA,NA,NA,NA,NA,NA,NA,NA,NA,NA,NA,NA,NA,NA,6208,10622,NA,19323,23445,9567,12924,20335,7551,NA
"STU000059",14707,NA,NA,9767,8857,NA,NA,NA,NA,NA,16730,NA,NA,NA,NA,33978,35289,25654,17553,NA,NA,NA,NA,NA,NA,21437,NA,NA
"STU000060",6286,NA,NA,NA,7428,5888,6344,4015,4113,8422,10828,7813,8610,8347,8660,10714,9641,12306,6114,11171,6907,10408,6142,9154,7742,6631,6589,8240
"STU000061",NA,NA,NA,NA,NA,NA,NA,NA,NA,NA,NA,NA,NA,NA,NA,NA,NA,NA,NA,NA,14867,12416,11442,22476,20651,8964,14766,18637
"STU000062",NA,NA,NA,NA,15250,NA,12630,8358,7183,8901,8731,NA,NA,11503,NA,NA,9852,3594,NA,NA,NA,NA,8845,10952,8141,NA,NA,NA
"STU000063",NA,NA,NA,NA,NA,NA,NA,NA,NA,NA,NA,NA,NA,NA,NA,NA,NA,NA,NA,17943,31160,27607,33996,NA,NA,NA,NA,NA
"STU000064",NA,NA,NA,7797,NA,8557,7534,NA,NA,NA,15335,11698,7244,5234,13904,NA,11615,11350,15482,11275,11205,14741,23171,18398,12678,18832,10076,16952
"STU000065",9453,7910,3591,5443,8590,5519,5767,4366,NA,NA,NA,12522,11169,12712,9363,17150,10412,18862,9090,13825,9569,15152,7787,16223,7249,11151,13315,9095
"STU000066",NA,NA,NA,NA,6241,7823,NA,NA,NA,NA,5169,8981,6696,12421,NA,14769,13012,10709,10224,10138,17254,14285,11063,11476,11087,12407,8487,NA
"STU000067",NA,NA,11138,9367,5876,12976,10417,8125,7509,10500,8879,8207,NA,NA,NA,NA,NA,NA,NA,11853,13009,NA,NA,NA,7930,12334,NA,NA
"STU000068",NA,NA,NA,NA,NA,NA,NA,NA,NA,5994,10555,8202,14009,9053,NA,NA,NA,13231,10429,48817,9092,11594,NA,NA,NA,12940,10678,10464
"STU000069",NA,NA,7161,7442,NA,NA,NA,NA,7942,10143,4953,NA,NA,6392,3891,9711,8282,6554,12100,8111,NA,NA,NA,NA,NA,10085,18762,11185
"STU000070",NA,NA,NA,NA,NA,NA,NA,NA,NA,NA,NA,NA,NA,NA,NA,NA,NA,NA,NA,NA,NA,NA,NA,NA,NA,NA,NA,NA
"STU000071",NA,NA,NA,NA,4749,6563,8116,NA,7798,16093,NA,NA,12940,10292,9122,10692,20984,13472,14135,11027,14491,9574,14600,23041,17320,11748,9968,NA
"STU000072",9284,NA,6688,NA,11083,7573,19779,7837,10117,11538,NA,NA,NA,NA,NA,13588,NA,NA,NA,NA,NA,NA,11586,NA,22669,NA,NA,NA
"STU000073",11313,NA,4956,NA,NA,NA,NA,7525,NA,NA,NA,NA,NA,NA,NA,NA,NA,NA,28997,7601,11643,NA,NA,NA,15170,10510,18608,19796
"STU000074",6792,10230,8471,9984,11841,13477,10636,NA,NA,16748,8729,13388,21980,NA,NA,8550,13989,6540,7020,6091,NA,NA,NA,NA,NA,NA,NA,NA
"STU000075",8867,NA,6588,9750,7491,5370,8433,10320,13677,12866,9837,21082,10432,11214,11620,NA,NA,NA,NA,14927,17764,16152,19781,20564,20724,21874,NA,NA
"STU000076",NA,NA,NA,NA,NA,9894,NA,NA,NA,7179,9394,12162,11981,16327,12791,9170,9799,NA,NA,24853,13682,23143,23721,17888,NA,NA,23225,16671
"STU000077",10203,13371,14439,17706,NA,NA,NA,NA,NA,17169,NA,NA,13714,NA,NA,NA,NA,NA,15621,15090,17407,18007,NA,NA,NA,NA,NA,NA
"STU000078",NA,NA,NA,NA,NA,NA,NA,NA,NA,NA,NA,NA,NA,NA,NA,NA,NA,17102,9964,8916,21673,11872,NA,13838,11510,15615,15319,14989
"STU000079",NA,10344,12021,NA,NA,NA,NA,6282,13774,9388,14186,16024,13357,NA,NA,NA,NA,NA,NA,NA,NA,NA,20888,NA,NA,17212,19826,25133
"STU000080",NA,NA,NA,NA,17019,NA,NA,23087,21222,18095,NA,15895,NA,15984,19101,21376,19992,11108,20030,NA,10764,NA,NA,NA,NA,NA,NA,NA
"STU000081",5463,9917,NA,12090,6797,9137,18842,13175,4361,NA,12002,NA,10637,9372,NA,6541,7423,7488,8398,4080,15918,NA,NA,NA,NA,9872,NA,NA
"STU000082",5843,NA,14434,NA,NA,NA,NA,NA,NA,8760,9751,12868,NA,NA,NA,NA,NA,23193,NA,NA,NA,20172,NA,NA,NA,NA,NA,14588
"STU000083",8734,16581,22297,17273,NA,NA,17159,14921,10098,17044,11536,9019,NA,NA,NA,NA,10145,22497,9829,NA,NA,11639,12589,19320,17594,14872,18208,15085
"STU000084",5519,5728,6478,8405,11749,15451,5876,4471,4712,7561,9861,3783,5609,8701,19811,12302,NA,NA,15654,18145,16384,16517,19279,21880,23987,20255,10815,9633
"STU000085",8409,4941,3880,5569,4568,4448,9064,10013,NA,4646,7786,NA,NA,NA,NA,NA,6989,9833,NA,NA,NA,NA,NA,NA,NA,10036,14489,NA
"STU000086",6588,6422,16359,13139,11828,8332,NA,NA,NA,NA,NA,11574,12756,8569,7966,10868,18250,12232,15538,15748,10308,15337,17897,NA,NA,NA,NA,NA
"STU000087",NA,NA,NA,NA,NA,NA,NA,NA,NA,NA,NA,NA,NA,NA,NA,NA,NA,NA,NA,NA,NA,NA,NA,NA,NA,NA,27856,NA
"STU000088",5414,10016,12540,6296,NA,9637,10341,11095,NA,NA,NA,NA,NA,NA,11367,16510,9352,10762,NA,10748,10376,17382,10146,13363,12182,8229,10169,15395
"STU000089",NA,9775,10149,11760,11927,6384,NA,15298,9677,13498,NA,NA,NA,NA,13491,14960,9804,NA,NA,NA,12003,17033,14813,NA,NA,NA,NA,NA
"STU000090",9464,5368,8578,8702,NA,NA,NA,NA,9283,9940,NA,NA,6904,9172,7993,10552,10079,NA,NA,NA,NA,9665,12110,NA,10563,7653,NA,7813
"STU000091",9901,NA,8392,10071,5560,6936,10502,4202,7565,9720,5251,NA,NA,16729,NA,NA,10223,12524,NA,NA,NA,18409,11825,9634,12946,11048,13067,11755
"STU000092",NA,NA,NA,NA,7643,7652,27906,NA,15733,26503,13374,18933,17122,NA,NA,13563,19110,14808,16686,21836,16963,23355,NA,NA,23223,NA,NA,19031
"STU000093",NA,NA,NA,3426,4865,5562,7646,8581,4948,18063,11701,15617,9699,7449,14983,10402,13480,10310,15737,10694,NA,NA,9722,7463,9838,NA,NA,NA
"STU000094",11353,14473,8255,12534,16087,8865,NA,NA,NA,NA,NA,NA,NA,14819,12392,13320,11697,8961,9373,12973,NA,23429,NA,NA,18223,14673,10647,13106
"STU000095",NA,NA,NA,NA,8873,NA,5780,NA,NA,NA,NA,NA,8390,12845,12204,6692,10911,14370,16492,12442,9710,NA,NA,NA,NA,NA,NA,9812
"STU000096",2708,NA,NA,NA,NA,NA,NA,5532,6729,4289,5162,10341,6900,4313,12182,4935,NA,NA,11247,NA,NA,NA,6795,NA,NA,NA,NA,10289
"STU000097",8235,6085,NA,8485,NA,NA,NA,NA,5539,8496,9004,NA,10493,21469,19073,12091,15740,9413,10586,NA,18317,15097,8682,8453,16435,11513,13013,16316
"STU000098",NA,6905,5226,7611,8367,9461,13882,12482,14507,7450,NA,12437,12209,NA,NA,NA,8300,8024,12510,NA,NA,12147,13800,NA,8925,16543,NA,11248
"STU000099",8372,6791,5971,6918,7379,6857,NA,NA,NA,6969,11789,10100,11840,14113,13365,8710,10161,10378,13593,12359,11039,17542,12825,20517,16314,10287,NA,10640
"STU000100",8339,8073,8593,9862,13862,7918,NA,9173,7438,NA,NA,NA,NA,6866,10861,11068,12707,18646,8310,10268,13525,NA,5657,17996,10924,12481,8395,NA
"STU000101",NA,NA,NA,NA,NA,9761,4475,4598,5462,11279,NA,NA,4601,15152,13397,NA,12600,12411,14714,14820,20970,14445,9694,6851,8803,16379,NA,NA
"STU000102",NA,NA,NA,NA,NA,NA,NA,NA,NA,NA,NA,NA,NA,NA,NA,NA,NA,NA,NA,NA,NA,NA,NA,16576,NA,NA,NA,9680
"STU000103",15790,12445,16388,NA,NA,NA,9812,8418,13783,12556,11076,NA,NA,NA,NA,NA,19442,13838,8547,21450,9628,NA,NA,NA,NA,NA,20979,13925
"STU000104",7553,6410,8994,5515,NA,NA,NA,NA,9721,16439,19277,19899,12811,17708,16035,NA,NA,10577,16355,16294,18661,22854,13417,10309,18979,26279,15144,18761
"STU000105",NA,11842,NA,8870,6704,12458,12420,6525,10611,10415,10084,NA,NA,NA,NA,NA,NA,10327,14526,15842,NA,NA,NA,10657,9776,9830,15689,NA
"STU000106",8598,NA,NA,NA,NA,NA,2576,3987,9333,6642,7761,8186,10626,6014,NA,NA,11834,NA,9771,NA,10003,10845,11746,9715,8445,14303,7592,NA
"STU000107",NA,NA,NA,NA,NA,NA,NA,9724,14371,10216,10980,17634,12344,8833,14204,13050,17793,24271,22604,22518,13422,23045,25153,30380,NA,18392,20872,26734
"STU000108",11091,11160,9698,7735,10475,11448,7253,NA,4869,18422,7971,6482,9624,8546,9226,14354,NA,NA,NA,17483,22323,21822,26832,17113,23157,18578,16463,28177
"STU000109",NA,NA,NA,NA,NA,10272,8578,NA,NA,11037,12328,18007,17461,25990,8783,16350,NA,18768,23189,25335,15695,24512,14697,23205,31287,19959,26441,26058
"STU000110",7781,9661,6536,10977,9211,16379,11816,NA,NA,NA,NA,17360,17425,16204,22931,NA,NA,17147,13629,NA,NA,NA,NA,16740,13857,18850,NA,NA
"STU000111",7564,7010,NA,NA,NA,9989,8764,6436,NA,NA,NA,NA,NA,NA,NA,6301,11546,NA,13238,12434,NA,NA,NA,NA,NA,NA,NA,9871
"STU000112",5855,8947,6143,11037,NA,NA,NA,NA,NA,18200,8607,11256,12781,9060,14819,11304,15379,10523,10448,21874,12463,NA,NA,NA,NA,24914,NA,NA
"STU000113",8052,8390,NA,NA,8049,5949,3288,NA,NA,5021,2784,NA,5476,3925,7594,5782,8110,8013,5463,6993,8559,9898,5485,10205,6057,7058,5875,13458
"STU000114",9786,9240,NA,NA,13164,8135,NA,NA,NA,18423,NA,NA,NA,NA,NA,NA,NA,NA,NA,NA,NA,NA,NA,NA,NA,NA,NA,10990
"STU000115",8124,NA,NA,NA,NA,NA,NA,NA,NA,16605,13351,14045,17042,NA,NA,NA,NA,NA,NA,NA,NA,NA,14291,30701,22169,17613,14562,NA
"STU000116",25919,NA,10398,12311,10087,11569,6226,6658,8014,12715,NA,11190,11494,9409,13836,12017,NA,NA,NA,NA,NA,NA,17294,19632,NA,18079,22244,22004
"STU000117",6201,5846,NA,NA,NA,NA,11089,13727,NA,NA,NA,NA,21259,14702,NA,NA,NA,NA,NA,NA,NA,18215,20364,17281,14262,NA,NA,15084
"STU000118",NA,NA,NA,NA,NA,NA,NA,NA,NA,NA,NA,NA,NA,NA,NA,NA,NA,NA,20663,10012,NA,NA,NA,10051,11276,17753,20153,8434
"STU000119",6701,NA,8659,10061,9859,NA,6724,8858,NA,NA,8525,8989,27885,21535,12611,13834,9466,15284,18074,21037,14485,7728,18414,17137,16865,NA,NA,NA
"STU000120",7120,13436,8021,NA,13810,9813,14628,6922,NA,NA,NA,NA,NA,17451,NA,13198,27915,41133,13783,NA,NA,NA,NA,NA,11946,16410,26654,NA
"STU000121",NA,NA,6014,3199,3749,6851,7525,9205,7891,NA,NA,NA,12366,6242,9336,6957,6905,10173,NA,14045,7343,5785,NA,NA,NA,NA,NA,15849
"STU000122",8148,4167,5116,NA,9980,7433,NA,NA,NA,NA,NA,NA,NA,NA,NA,NA,NA,NA,NA,NA,NA,15371,17201,9271,NA,10406,NA,NA
"STU000123",NA,NA,NA,NA,NA,7254,9707,NA,10392,NA,NA,NA,NA,NA,9440,14020,13156,NA,NA,6499,NA,NA,NA,NA,NA,10282,12459,7110
"STU000124",NA,NA,NA,NA,NA,NA,NA,2965,2695,3339,NA,NA,6064,6586,4320,4071,3473,NA,NA,NA,NA,14516,7616,21241,9532,NA,11178,NA
"STU000125",5855,10644,NA,NA,NA,NA,7342,NA,NA,6800,NA,NA,NA,15396,5272,8014,8262,11859,7691,10895,10386,10886,7414,8390,10264,11538,19714,10304
"STU000126",3555,7300,NA,13905,6838,6752,11760,8451,17130,8087,8569,13799,9445,NA,NA,NA,NA,NA,NA,NA,NA,NA,12239,20503,15010,NA,NA,10949
"STU000127",5850,NA,5887,6653,NA,NA,7930,NA,9369,NA,NA,12270,8372,12152,13085,15073,9188,10840,NA,NA,NA,NA,NA,NA,8273,11468,11753,9825
"STU000128",NA,NA,NA,NA,NA,NA,NA,NA,NA,NA,NA,NA,NA,NA,NA,NA,NA,NA,NA,NA,NA,NA,NA,NA,NA,NA,NA,NA
"STU000129",8711,15576,16451,16904,NA,NA,NA,NA,7050,NA,NA,NA,NA,17865,12292,12138,16898,NA,8007,7468,7409,11742,18972,12489,14125,22736,NA,NA
"STU000130",6520,17958,11811,8362,7807,10431,NA,NA,NA,NA,NA,NA,16244,11088,NA,NA,NA,NA,9783,10581,16505,14815,11096,16246,11846,11998,13842,NA
"STU000131",NA,NA,NA,NA,NA,NA,NA,NA,NA,NA,NA,NA,NA,NA,NA,NA,NA,NA,NA,5441,9983,15712,15982,14830,10377,27361,9196,9881
"STU000132",11555,NA,NA,NA,10665,8837,8785,12972,NA,NA,NA,NA,8406,7779,15486,17177,7614,11624,7112,12697,11860,10250,8768,8173,14936,7437,13289,13815
"STU000133",11207,18189,13719,14868,12205,14071,12211,6389,13799,9440,10576,8853,13812,19718,9159,20221,15698,10403,17368,NA,NA,NA,NA,19146,14679,12767,13443,11749
"STU000134",10902,10414,NA,10923,8466,14308,12329,15279,NA,NA,NA,NA,NA,NA,8057,NA,12846,8502,13408,9822,17910,22785,NA,NA,16485,NA,NA,NA
"STU000135",4237,NA,NA,5849,NA,NA,NA,NA,NA,NA,NA,4806,13017,6380,9849,11325,5613,NA,NA,NA,NA,NA,8324,6891,9892,7004,7766,9299
"STU000136",8833,NA,NA,5782,7322,NA,NA,NA,NA,NA,6075,7598,13250,10762,NA,NA,12573,5770,7423,NA,10101,15248,12110,8521,14213,8293,20405,11004
"STU000137",NA,NA,NA,NA,10179,20279,NA,15884,11559,NA,17109,14283,NA,NA,NA,NA,NA,12905,21647,19136,22412,15592,15577,7905,13003,16370,17061,NA
"STU000138",9394,5999,10133,NA,7433,8448,9427,12190,17442,NA,17021,9854,NA,12135,NA,12766,19547,NA,12711,11286,10416,13081,8393,11878,17361,15051,10737,17744
"STU000139",15347,7224,8194,6633,NA,NA,8429,8907,9941,7765,13945,6747,26734,NA,16686,10802,12255,NA,NA,NA,NA,NA,10047,NA,NA,9873,13991,12877
"STU000140",NA,NA,NA,NA,NA,NA,NA,NA,11720,6432,NA,NA,NA,7052,6358,8757,NA,11235,14094,NA,NA,NA,NA,NA,NA,12070,13915,15208
"STU000141",5175,NA,NA,10570,7548,NA,NA,NA,NA,NA,NA,NA,NA,10952,NA,NA,10687,11151,13834,12355,9042,9340,NA,8160,NA,NA,NA,13579
"STU000142",8966,NA,12596,NA,10998,8213,NA,NA,11434,NA,8725,9764,7839,9513,12507,8353,11535,NA,7469,12966,6858,NA,10104,12588,13132,NA,NA,11250
"STU000143",8352,7400,NA,NA,NA,13366,21521,5673,10762,6575,9338,NA,NA,NA,10920,11931,11624,NA,12712,6165,13684,NA,NA,11056,16183,9644,11003,12786
"STU000144",9103,5407,NA,NA,NA,NA,4619,5446,NA,4489,4456,8979,NA,NA,NA,NA,NA,NA,NA,14364,11768,NA,NA,NA,12470,NA,15772,NA
"STU000145",NA,NA,NA,NA,NA,NA,NA,NA,NA,NA,NA,NA,NA,NA,NA,NA,NA,NA,NA,NA,NA,NA,NA,10629,8094,13003,8764,9903
"STU000146",6527,7331,6355,9499,7140,6589,NA,9213,16707,13034,13465,NA,NA,NA,NA,NA,NA,NA,20144,15824,15625,NA,NA,NA,NA,25085,NA,NA
"STU000147",5106,7319,8854,10290,NA,NA,NA,NA,NA,NA,6899,7832,7599,7259,6925,7205,7737,11198,30880,NA,15929,9273,15338,14381,10111,6423,17824,25526
"STU000148",15423,NA,NA,6266,NA,5237,13324,12343,7033,NA,19815,10223,10841,9944,13075,NA,18980,13341,NA,NA,13048,NA,8464,14304,13890,9440,12004,16851
"STU000149",7617,11231,NA,NA,5179,NA,NA,NA,NA,4876,4159,4731,7136,16829,9103,13318,NA,NA,NA,NA,13134,11239,11644,NA,NA,12549,11682,6813
"STU000150",3613,6649,6161,6646,6668,5909,8573,9592,5428,10302,NA,12292,6481,4663,3635,7739,NA,NA,7472,NA,15457,5917,6705,12222,15400,10806,11438,14669
"STU000151",11899,7611,5977,7789,NA,NA,NA,7812,11164,13647,11925,9581,10581,8411,7663,6116,8415,NA,NA,NA,NA,8737,9183,11026,NA,NA,NA,12091
"STU000152",4312,8606,4131,4814,5180,NA,4951,7150,7293,5581,2920,NA,NA,NA,NA,NA,6617,7886,10424,7713,8186,7082,3963,4670,7061,3363,8838,7727
"STU000153",NA,NA,NA,NA,NA,NA,NA,NA,NA,NA,NA,NA,NA,NA,NA,NA,NA,NA,NA,NA,NA,NA,NA,NA,NA,NA,9475,13061
"STU000154",9771,15838,13181,NA,NA,NA,8290,15393,6977,7315,8647,10625,8612,NA,7733,NA,NA,NA,NA,NA,NA,NA,8560,NA,12047,6497,25509,16352
"STU000155",14958,NA,NA,NA,NA,NA,NA,12221,20719,6897,10634,13149,13029,NA,NA,21951,NA,NA,15878,13405,10615,18519,13263,11430,15996,7847,10528,17231
"STU000156",6359,NA,9567,10860,5532,13919,7615,13746,5285,NA,13435,24122,17800,11459,10023,13419,17909,NA,18029,NA,NA,NA,23529,18017,17776,23623,15847,25271
"STU000157",20843,11260,9839,7359,6264,NA,NA,NA,9201,7371,12933,7038,NA,NA,NA,NA,NA,13410,16957,9067,NA,NA,NA,NA,NA,NA,15154,7930
"STU000158",NA,NA,NA,NA,NA,NA,NA,NA,NA,NA,NA,NA,NA,NA,NA,NA,NA,NA,NA,NA,NA,NA,NA,NA,NA,NA,NA,NA
"STU000159",5680,5139,NA,NA,8290,10018,5353,6547,NA,NA,NA,8683,10113,10504,NA,NA,NA,NA,NA,NA,NA,17210,NA,NA,NA,19075,13787,NA
"STU000160",NA,NA,NA,NA,NA,17506,14058,10388,10392,14919,NA,NA,NA,NA,NA,NA,11106,14111,15497,14784,NA,NA,15764,21962,15783,10345,22322,14043
"STU000161",6108,9093,11312,11458,7790,10833,NA,9013,5742,NA,13332,8349,9429,11791,10629,14014,NA,8312,NA,NA,10231,9678,NA,8139,NA,NA,NA,NA
"STU000162",NA,NA,NA,15853,NA,NA,NA,NA,NA,7289,11770,9828,15597,NA,NA,9123,15941,14987,11798,13704,14950,13636,12421,10328,18969,NA,10448,12541
"STU000163",8582,NA,4774,8022,3988,6625,NA,NA,9297,10732,NA,NA,NA,NA,6266,4977,NA,NA,NA,NA,NA,NA,NA,NA,NA,12300,7044,7828
"STU000164",9020,2969,4063,NA,NA,5942,3652,NA,4632,8084,11010,6780,11493,NA,NA,10261,13268,NA,15565,6974,11621,8865,8962,NA,11793,13034,13647,10103
"STU000165",NA,NA,NA,NA,NA,NA,NA,NA,NA,NA,NA,NA,NA,NA,NA,NA,NA,NA,NA,NA,NA,NA,NA,NA,NA,NA,NA,NA
"STU000166",NA,NA,NA,NA,NA,NA,NA,NA,NA,NA,NA,NA,NA,NA,NA,NA,NA,NA,NA,NA,NA,NA,NA,NA,NA,NA,NA,NA
"STU000167",NA,NA,NA,NA,NA,NA,NA,NA,NA,NA,NA,NA,NA,NA,NA,NA,NA,NA,NA,NA,NA,NA,NA,NA,NA,NA,NA,NA
"STU000168",NA,NA,NA,NA,NA,NA,NA,NA,NA,NA,NA,NA,NA,NA,NA,NA,NA,NA,13432,19965,NA,NA,NA,NA,14628,NA,NA,NA
"STU000169",NA,NA,NA,NA,NA,15788,6595,7066,NA,NA,NA,NA,NA,NA,NA,10869,9561,10121,7918,10519,NA,13216,NA,NA,NA,NA,NA,7482
"STU000170",NA,NA,NA,NA,8621,NA,6730,8566,10215,NA,11582,NA,NA,NA,NA,NA,NA,NA,9949,12964,10506,NA,20270,13329,14419,16385,16225,14235
"STU000171",9436,6536,9891,14600,14932,10316,8225,12778,NA,NA,NA,NA,NA,NA,14200,NA,12736,9523,NA,NA,NA,NA,NA,NA,14780,12892,10415,10240
"STU000172",NA,NA,NA,7329,9877,9671,7513,14509,10704,8157,NA,NA,NA,18056,13514,10359,NA,NA,9968,5718,11952,8910,12486,NA,NA,NA,NA,NA
"STU000173",8482,8380,13139,10297,20302,16918,15603,12289,NA,NA,NA,18352,19118,25193,27948,18732,19030,21457,NA,NA,16637,19985,24520,14224,24114,20876,21856,NA
"STU000174",NA,NA,NA,NA,NA,NA,NA,NA,NA,NA,NA,NA,NA,NA,NA,NA,NA,NA,8340,13502,14802,19249,12350,28587,10838,18467,24038,15453
"STU000175",9182,12130,NA,NA,NA,NA,NA,NA,NA,NA,NA,14502,25634,31296,23386,14153,26458,20568,NA,21879,17988,19918,17818,27904,26176,21601,27971,30314
"STU000176",9407,12161,14142,8803,6701,15198,5147,NA,9494,8912,NA,8799,7825,8607,NA,NA,NA,NA,NA,NA,10065,11093,NA,NA,NA,9101,10385,15443
"STU000177",10279,8707,NA,NA,NA,NA,NA,NA,16281,NA,12421,NA,NA,NA,17505,22155,11501,13077,10918,14883,20336,13484,9384,14380,15290,11961,11524,NA
"STU000178",NA,NA,NA,NA,NA,NA,NA,NA,NA,NA,NA,NA,NA,NA,NA,NA,NA,NA,NA,11386,17836,14084,NA,11707,11910,NA,NA,NA
"STU000179",9905,NA,6116,15772,5229,4432,NA,NA,7305,6451,6091,NA,NA,NA,NA,NA,9530,10925,19783,NA,NA,NA,12471,13230,13623,NA,NA,NA
"STU000180",16781,12134,10025,14247,25486,11679,11404,10725,NA,NA,NA,NA,NA,NA,NA,NA,NA,NA,23805,40853,30775,NA,NA,NA,NA,15224,NA,NA
"STU000181",NA,11515,11776,6849,6539,7838,4509,NA,3379,8982,NA,NA,NA,6943,9209,6925,NA,7930,NA,11377,NA,NA,NA,NA,NA,NA,NA,NA
"STU000182",NA,NA,NA,NA,NA,NA,NA,NA,NA,NA,NA,NA,NA,NA,NA,NA,NA,NA,NA,NA,12608,21715,NA,NA,NA,9886,13022,21561
"STU000183",8736,7512,11042,NA,10813,6217,5779,7535,9806,10875,12273,6808,17362,9924,13649,11875,14296,NA,12000,12668,16605,10496,16037,NA,12513,17140,10416,NA
"STU000184",NA,NA,NA,NA,NA,NA,NA,NA,NA,NA,NA,NA,NA,NA,NA,NA,NA,NA,NA,NA,NA,11047,14462,17473,NA,NA,NA,30437
"STU000185",7635,9713,9432,8996,11992,11814,8464,NA,NA,NA,15784,24093,NA,NA,NA,11728,10522,21013,NA,NA,NA,13206,16586,15858,16447,NA,NA,NA
"STU000186",10653,9266,NA,NA,NA,NA,5912,11893,9547,10228,11197,10621,14252,15131,14606,7452,7522,14215,8693,NA,NA,NA,12793,16441,10611,15653,8585,11785
"STU000187",7534,6720,8056,NA,9614,8207,9029,4199,7240,8793,11290,6626,8402,9237,11489,NA,11071,6861,10110,9293,8471,8049,6912,NA,NA,NA,NA,NA
"STU000188",NA,8915,18328,15902,7532,NA,10502,NA,NA,NA,7092,12353,6894,18296,9317,12724,15761,20859,9971,20727,NA,16345,18491,27847,15495,21219,NA,NA
"STU000189",9078,NA,13449,8397,10765,NA,7913,6563,NA,NA,NA,11899,6418,17097,12146,8896,12947,13038,10765,19884,10203,11515,10595,7925,NA,NA,13088,18984
"STU000190",NA,NA,NA,NA,NA,NA,NA,NA,NA,NA,NA,NA,NA,NA,NA,NA,NA,NA,NA,NA,NA,NA,NA,NA,NA,NA,NA,NA
"STU000191",NA,NA,NA,NA,NA,7513,7585,5819,7542,5844,6264,8473,8679,6117,7647,12929,8884,7442,9420,12067,11174,NA,12159,NA,8606,12589,12274,13245
"STU000192",12339,9059,NA,NA,8759,7286,7270,NA,NA,NA,NA,NA,NA,NA,13566,9664,NA,NA,NA,18128,10294,11945,12369,NA,NA,NA,14968,8503
"STU000193",NA,NA,NA,NA,NA,6836,6051,8808,8333,11071,9776,16644,11632,7850,NA,6783,8632,NA,NA,NA,5727,7734,NA,NA,NA,NA,NA,NA
"STU000194",NA,NA,NA,NA,NA,NA,5644,6467,NA,NA,NA,NA,NA,11085,9933,NA,NA,NA,9526,9312,13662,10697,NA,NA,14758,12450,6888,8484
"STU000195",NA,NA,5148,9522,NA,5698,6224,13640,NA,NA,NA,NA,NA,NA,NA,12738,6437,NA,NA,NA,NA,15467,NA,10680,13459,11621,6243,17208
"STU000196",NA,NA,NA,NA,NA,NA,6790,9120,NA,19813,9985,NA,NA,NA,13036,6008,8696,NA,NA,NA,NA,NA,NA,23031,18414,NA,NA,NA
"STU000197",NA,NA,9696,NA,5574,6294,5307,4305,6487,8820,6916,5933,9280,10343,5894,5799,NA,NA,NA,NA,9294,6594,NA,6505,NA,5889,9803,12023
"STU000198",NA,NA,NA,NA,NA,NA,NA,NA,NA,NA,NA,NA,NA,NA,NA,NA,NA,NA,NA,NA,NA,NA,NA,19658,25902,24029,17855,19495
"STU000199",5133,NA,NA,10680,3712,5136,NA,NA,NA,NA,NA,8776,8552,NA,NA,7789,10222,6971,5861,6790,6383,NA,NA,NA,NA,7233,6820,8641
"STU000200",NA,NA,NA,NA,NA,NA,NA,NA,NA,NA,NA,NA,NA,NA,NA,NA,NA,NA,NA,NA,23729,15009,NA,9866,12661,12035,NA,NA
"STU000201",7384,10309,13048,10703,9458,8593,NA,21851,NA,NA,NA,NA,NA,NA,13232,18432,12328,NA,NA,NA,NA,NA,NA,NA,NA,14737,11446,20021
"STU000202",11822,11626,11186,11821,9535,NA,13289,12770,10749,10630,8003,7237,14471,15577,9975,NA,NA,6091,NA,NA,NA,NA,NA,15248,9660,13996,NA,NA
"STU000203",NA,NA,14224,9513,9704,NA,NA,NA,NA,NA,19054,21198,NA,NA,NA,10190,NA,NA,NA,NA,9303,13108,17135,14625,NA,NA,12418,12642
"STU000204",12402,10636,9505,12116,18663,NA,NA,11939,NA,NA,NA,NA,12534,8243,12221,12939,13418,12339,11626,11876,13683,13431,12039,14930,NA,17371,11730,16266
"STU000205",10814,NA,NA,NA,6198,6929,NA,6597,NA,5718,11879,6823,19611,5217,7044,13616,14401,NA,NA,31943,9726,13400,18252,15909,15901,NA,NA,NA
"STU000206",4516,NA,6516,9392,6157,NA,15974,NA,19182,10797,19227,12048,12424,6784,8116,11899,NA,NA,5686,10715,8197,NA,12468,8149,NA,NA,NA,NA
"STU000207",9524,10300,NA,15573,NA,NA,NA,NA,11268,10114,NA,11448,12660,11677,9939,10970,14283,12932,NA,16359,NA,NA,NA,NA,NA,NA,NA,13842
"STU000208",6841,NA,NA,NA,5435,9536,9334,11992,13216,11568,8427,20899,8583,13162,11459,NA,NA,NA,NA,19974,12768,9136,NA,NA,NA,11506,NA,NA
"STU000209",NA,NA,NA,NA,12532,11398,NA,NA,NA,NA,12609,15025,NA,9235,14481,7642,17237,NA,NA,NA,NA,14871,13986,12447,10832,18098,NA,NA
"STU000210",NA,NA,NA,NA,NA,NA,NA,NA,NA,NA,NA,NA,NA,NA,NA,NA,NA,NA,NA,NA,NA,NA,NA,NA,NA,NA,NA,NA
"STU000211",NA,NA,NA,NA,NA,NA,NA,NA,NA,NA,NA,NA,NA,NA,NA,NA,NA,NA,NA,NA,NA,NA,NA,NA,14874,21828,19258,27548
"STU000212",7140,NA,7562,NA,NA,4466,2725,8735,9243,NA,NA,NA,NA,NA,NA,9019,11153,8910,14154,14227,NA,NA,18485,6896,16194,15549,16303,9561
"STU000213",NA,NA,NA,NA,NA,NA,NA,NA,NA,12472,NA,NA,10367,6892,9796,12092,10832,NA,NA,NA,8509,7301,13399,7868,NA,4659,19746,11545
"STU000214",NA,NA,NA,NA,NA,NA,13028,22987,12590,19758,NA,NA,15178,31315,NA,NA,15215,26384,NA,NA,NA,NA,NA,NA,21157,16458,16274,23858
"STU000215",8306,9406,10945,9450,6578,9306,5335,6705,8396,NA,11042,NA,NA,9911,8631,14671,NA,NA,NA,NA,9499,7350,11322,NA,NA,NA,NA,NA
"STU000216",NA,NA,NA,NA,NA,NA,NA,NA,NA,NA,NA,NA,NA,NA,NA,NA,NA,NA,NA,NA,NA,NA,NA,NA,NA,NA,NA,NA
"STU000217",12803,7451,13147,NA,4064,3661,NA,NA,8287,NA,6300,9445,8681,NA,NA,16313,9752,6428,14340,17165,11275,15726,16562,13579,10627,9455,11530,11150
"STU000218",NA,8394,12937,15453,13949,11712,18735,11627,11479,10276,8956,15828,NA,13800,23368,29787,31753,29023,15114,27376,33788,34080,13621,25246,26859,NA,31302,25397
"STU000219",NA,NA,NA,NA,NA,NA,NA,NA,NA,NA,NA,NA,NA,NA,NA,NA,NA,NA,NA,NA,NA,NA,NA,6524,NA,NA,NA,NA
"STU000220",NA,NA,NA,NA,NA,NA,NA,NA,NA,NA,NA,NA,NA,NA,NA,NA,NA,NA,NA,NA,NA,NA,NA,NA,NA,NA,NA,NA
"STU000221",10307,NA,NA,NA,NA,NA,NA,NA,NA,NA,NA,NA,17806,10980,NA,NA,14364,14199,13217,15694,NA,NA,17826,14522,NA,NA,21500,8310
"STU000222",5891,7432,7183,7985,8331,18216,NA,NA,NA,12696,8403,10571,9778,11991,NA,NA,NA,NA,NA,NA,10706,11057,12672,20756,12439,NA,12268,13161
"STU000223",NA,NA,NA,NA,NA,5051,8774,8074,NA,NA,NA,7964,NA,NA,7576,16477,12974,NA,NA,NA,NA,NA,10249,11053,10988,18295,31388,26418
"STU000224",10799,9220,5853,8591,5673,7298,6350,NA,NA,NA,5590,5444,NA,6662,NA,9830,8087,9876,7248,10032,12225,NA,15418,NA,NA,NA,8330,11415
"STU000225",NA,NA,NA,10154,9487,10255,7715,14312,8311,11629,10254,9216,15287,12788,10285,10629,10882,NA,NA,12433,12490,7742,8819,14794,7279,NA,8370,11727
"STU000226",NA,NA,NA,NA,12877,9603,14001,12761,14627,NA,NA,NA,16898,9387,17306,11051,10555,14414,17976,16375,15232,15375,NA,NA,NA,NA,NA,NA
"STU000227",9358,8981,5891,NA,NA,NA,7021,3199,10607,10527,NA,NA,6872,NA,12651,8307,8684,12547,7338,14733,NA,NA,NA,NA,12279,13129,10992,NA
"STU000228",10232,5619,5205,6512,8576,15242,10067,NA,NA,9346,NA,6510,5604,7007,7383,9301,14466,NA,9950,17606,12257,11667,7337,NA,15370,14457,15496,14435
"STU000229",7425,16483,17119,15527,NA,10439,12239,NA,NA,NA,NA,NA,NA,NA,16009,12726,19680,17766,23412,21790,27544,34272,NA,NA,NA,23139,17227,34454
"STU000230",5931,4882,NA,3927,3512,5653,4067,NA,7762,NA,NA,5820,8402,10310,NA,NA,NA,9304,7764,4660,11048,12881,17647,18331,11256,8158,10523,21676
"STU000231",8589,8235,8826,11712,4609,NA,NA,NA,NA,NA,NA,NA,5696,8076,NA,7963,7731,5303,13530,10580,7465,NA,NA,NA,NA,10845,12954,7020
"STU000232",NA,NA,NA,NA,NA,NA,NA,NA,NA,NA,NA,NA,NA,NA,NA,NA,NA,NA,NA,NA,NA,NA,27388,NA,17340,22360,14107,NA
"STU000233",4947,8135,7405,12848,6390,9790,10300,NA,NA,NA,11180,19555,12337,11016,14193,15509,NA,NA,NA,NA,NA,NA,NA,13014,13077,NA,19464,NA
"STU000234",NA,NA,NA,NA,NA,NA,NA,NA,NA,NA,NA,NA,NA,NA,NA,NA,NA,NA,NA,NA,NA,NA,28859,NA,NA,NA,NA,17202
"STU000235",8072,NA,7007,NA,NA,NA,NA,14189,11882,NA,5983,10170,8818,NA,NA,NA,10932,10923,12354,9800,16185,14981,10510,17746,NA,NA,NA,13111
"STU000236",11480,10271,NA,10085,9139,17646,NA,NA,11926,8637,9864,10737,NA,NA,NA,NA,NA,25776,20400,26587,12236,NA,NA,20667,17666,31359,NA,28848
"STU000237",8806,8398,NA,NA,NA,NA,NA,NA,9367,NA,NA,NA,NA,NA,NA,10239,6004,9082,9609,10832,11125,9975,14993,NA,NA,NA,11870,12479
"STU000238",NA,NA,NA,NA,9231,4286,12765,NA,NA,NA,4116,5676,NA,NA,NA,7710,6331,12290,14521,11733,15766,14786,12658,9413,NA,12491,12994,18637
"STU000239",NA,NA,NA,9900,8409,8581,NA,7797,NA,NA,11795,14614,12165,8127,14285,10932,NA,NA,14711,13169,13343,14258,12091,NA,NA,14268,NA,NA
"STU000240",9363,10641,11166,21611,8737,15169,10809,11296,8841,18007,NA,NA,NA,13180,NA,16745,18312,10324,NA,14472,NA,NA,NA,NA,11067,18412,15156,12181
"STU000241",14768,16651,NA,5563,7658,12670,10587,12261,NA,NA,NA,10403,10258,6066,12314,15725,10455,12753,14372,10609,19264,7582,8946,10657,13011,11015,15792,8488
"STU000242",NA,NA,NA,NA,NA,NA,NA,NA,NA,NA,NA,NA,NA,NA,NA,NA,17960,NA,NA,NA,NA,NA,NA,NA,NA,NA,11908,17683
"STU000243",8499,NA,6506,4715,4159,NA,NA,NA,NA,NA,5034,NA,NA,NA,NA,NA,7205,11398,3731,7099,10651,NA,NA,5864,7755,8623,NA,6810
"STU000244",9894,9118,7369,6765,NA,11583,9651,NA,NA,NA,NA,NA,11844,10963,NA,12528,13966,11988,NA,NA,24613,14383,15033,20119,20581,16068,16643,NA
"STU000245",NA,NA,NA,NA,NA,NA,NA,NA,NA,NA,NA,NA,NA,14021,24142,21472,13362,27744,21406,19021,17371,18591,24906,20586,13853,23379,18893,25841
"STU000246",NA,NA,NA,NA,NA,NA,NA,NA,NA,NA,NA,NA,NA,NA,NA,NA,NA,NA,NA,NA,NA,NA,9216,11326,20260,NA,NA,NA
"STU000247",4434,10223,7012,7481,NA,NA,NA,NA,NA,NA,NA,NA,NA,NA,NA,NA,NA,NA,NA,NA,8900,15521,14872,7670,NA,NA,NA,7855
"STU000248",NA,NA,NA,NA,NA,NA,NA,NA,NA,NA,NA,NA,NA,NA,NA,NA,NA,9483,14130,17959,14191,8801,14087,24563,15312,8860,NA,NA
"STU000249",7541,6607,9968,NA,6909,7687,14363,9673,NA,NA,NA,NA,NA,NA,7761,7606,NA,9181,NA,8596,10261,9369,11976,21676,21198,8110,19669,9094
"STU000250",NA,NA,NA,NA,NA,NA,6045,NA,NA,6487,NA,NA,NA,NA,12615,5694,9460,NA,4556,7291,10548,NA,NA,NA,NA,NA,17773,10383
"STU000251",11171,9929,6241,9268,9465,6805,9699,13893,9151,17752,22292,13417,11074,15827,NA,NA,NA,NA,NA,NA,NA,12551,12622,17511,16184,23657,NA,NA
"STU000252",NA,NA,NA,NA,NA,NA,NA,NA,NA,NA,NA,NA,NA,NA,NA,NA,NA,NA,NA,NA,NA,NA,NA,NA,7875,12113,NA,NA
"STU000253",4694,NA,NA,6266,NA,NA,NA,NA,NA,NA,NA,NA,NA,NA,NA,NA,NA,NA,NA,NA,NA,NA,10274,NA,4045,9181,4112,10967
"STU000254",5222,6846,NA,NA,4954,4961,NA,7214,NA,NA,NA,8503,13603,NA,14101,17617,8661,8046,10945,NA,NA,NA,NA,9971,8547,9979,12189,7055
"STU000255",9184,13570,NA,NA,NA,8379,20356,8113,7753,7573,8312,NA,NA,8840,NA,NA,8326,NA,NA,NA,12081,7417,14330,NA,NA,NA,NA,NA
"STU000256",6534,13085,8232,NA,NA,9045,9271,11643,10182,13884,11830,6764,9865,8072,8947,NA,NA,22759,16114,13786,12289,10688,NA,NA,NA,NA,17336,16618
"STU000257",13101,7733,13030,7025,NA,NA,NA,NA,13239,8831,10750,12874,NA,NA,NA,NA,14318,13137,NA,NA,NA,NA,19334,17096,16598,12979,NA,NA
"STU000258",10850,NA,NA,NA,NA,6436,7389,6274,6617,10028,8040,13281,7894,7514,11633,NA,10191,10172,10161,10617,18486,NA,13908,7742,15911,10310,NA,16321
"STU000259",NA,NA,NA,NA,NA,NA,NA,NA,NA,NA,20277,18277,NA,16357,13539,19250,23486,NA,NA,NA,NA,NA,NA,NA,23108,23773,NA,NA
"STU000260",NA,NA,NA,NA,NA,NA,NA,NA,NA,NA,NA,NA,NA,NA,NA,NA,NA,NA,NA,19707,13868,12733,14978,24259,15559,10371,NA,NA
"STU000261",9536,NA,NA,8591,8305,NA,NA,NA,9213,13589,17756,9885,12871,16965,12905,15198,23108,NA,NA,25463,17638,20816,28256,18079,22929,14128,16068,16480
"STU000262",7863,NA,NA,NA,15923,NA,13862,5119,4450,5942,12939,5807,12299,12369,9839,13624,6516,14288,13064,9054,17261,NA,12728,15353,10824,10075,17597,12557
"STU000263",NA,NA,NA,NA,NA,NA,NA,NA,NA,NA,NA,NA,NA,NA,NA,NA,NA,NA,NA,18648,12781,26433,7086,14489,26936,13181,14266,16481
"STU000264",8363,9974,NA,NA,NA,NA,NA,NA,NA,NA,NA,11539,16491,NA,9332,10445,8126,13677,NA,NA,NA,NA,11807,NA,NA,NA,NA,NA
"STU000265",NA,NA,NA,NA,NA,NA,10023,8098,6394,6545,10127,10916,7942,7771,8676,7364,12966,7185,12217,7919,8201,9906,8662,7546,9552,NA,NA,13864
"STU000266",NA,NA,NA,NA,NA,NA,NA,NA,NA,NA,NA,NA,NA,NA,NA,10620,16502,21907,7607,NA,NA,NA,NA,NA,NA,NA,NA,NA
"STU000267",8229,11552,9707,NA,5749,12139,9473,NA,NA,NA,NA,7675,10162,16814,7317,NA,NA,NA,NA,NA,8390,NA,NA,NA,NA,NA,10560,9288
"STU000268",NA,NA,NA,13990,30346,18838,14594,21308,NA,31279,24362,28485,22205,20217,23917,12258,26415,NA,29353,NA,15749,18233,23082,11725,NA,28681,22520,17012
"STU000269",NA,NA,NA,NA,NA,NA,NA,NA,NA,17710,NA,NA,NA,NA,10951,15597,17696,15451,16354,20315,18492,16883,20420,NA,NA,NA,NA,19214
"STU000270",9444,9977,NA,6093,12101,NA,NA,NA,NA,NA,9217,12377,10041,8304,8734,9143,12797,NA,12072,NA,NA,NA,NA,NA,16136,11003,13743,17567
"STU000271",5292,4491,7947,NA,NA,NA,15678,NA,9184,8443,5579,5598,6025,4204,13850,18342,8154,12077,9457,5530,9752,14558,NA,12706,25531,9729,NA,NA
"STU000272",NA,NA,NA,NA,7580,NA,NA,10822,6380,8038,8563,11731,10136,NA,NA,10711,9638,NA,NA,NA,11888,14298,16447,11048,13391,11845,NA,NA
"STU000273",11071,15779,12835,NA,NA,NA,NA,17389,NA,10990,14709,NA,NA,15374,25513,18499,20733,28662,34176,NA,NA,NA,NA,28744,14561,23249,19359,21168
"STU000274",NA,10551,10465,NA,NA,NA,NA,NA,NA,NA,15103,7803,14760,11052,12088,10918,11388,NA,15665,NA,14228,6548,9524,8960,16573,15107,16740,15151
"STU000275",NA,NA,NA,NA,NA,NA,NA,NA,NA,NA,NA,NA,NA,NA,NA,NA,NA,NA,NA,NA,NA,NA,NA,NA,NA,9314,18703,NA
"STU000276",NA,NA,NA,NA,NA,NA,NA,NA,NA,NA,NA,NA,NA,NA,NA,NA,NA,NA,NA,NA,NA,19488,9200,13842,18127,21315,25613,15025
"STU000277",19181,NA,NA,NA,NA,4899,8268,11324,7616,14686,10537,8582,NA,NA,NA,7198,10743,10825,14233,9440,15341,12528,14515,10672,NA,NA,NA,19821
"STU000278",7517,10185,24995,10008,NA,NA,NA,NA,NA,NA,8516,NA,NA,NA,NA,NA,NA,NA,14375,11310,7787,NA,NA,NA,NA,15514,13274,14447
"STU000279",NA,NA,NA,NA,NA,6120,16085,9926,NA,18147,14898,18954,11728,16818,15859,18134,NA,9934,16960,19092,18358,14500,17798,10161,20769,NA,NA,NA
"STU000280",5490,5113,14509,12514,NA,NA,NA,NA,8960,10512,7762,15839,15508,14796,NA,NA,NA,NA,NA,NA,NA,NA,17995,8036,11490,19801,NA,NA
"STU000281",NA,NA,NA,NA,NA,NA,NA,NA,NA,NA,NA,NA,NA,NA,NA,NA,NA,NA,15082,17610,10371,NA,NA,NA,17565,NA,16669,10334
"STU000282",5128,4341,2537,NA,NA,NA,NA,NA,NA,4685,6731,5290,6934,6402,NA,NA,NA,8833,6223,NA,NA,NA,NA,NA,8373,13739,10118,13281
"STU000283",NA,7595,4715,10180,9328,5337,8207,6665,NA,NA,NA,NA,NA,NA,11250,26510,NA,NA,NA,NA,NA,18199,31716,10982,17116,19297,19691,20847
"STU000284",13143,NA,NA,15802,NA,7959,13760,8749,14342,NA,NA,NA,NA,11316,10477,NA,NA,NA,10898,17503,27973,NA,NA,10933,17841,14355,13847,21577
"STU000285",NA,NA,NA,NA,NA,NA,NA,NA,NA,NA,NA,NA,NA,NA,NA,NA,NA,NA,NA,NA,NA,NA,NA,NA,NA,NA,NA,NA
"STU000286",NA,NA,6652,11313,NA,7712,10562,6459,20851,NA,NA,NA,NA,NA,NA,NA,NA,NA,NA,NA,10898,10276,11537,11930,NA,NA,NA,10556
"STU000287",NA,NA,NA,NA,NA,7980,6850,NA,NA,NA,NA,10532,NA,10072,13046,NA,NA,NA,NA,NA,NA,NA,NA,8411,8063,9489,14732,13732
"STU000288",NA,NA,NA,NA,NA,NA,NA,NA,NA,NA,NA,NA,NA,NA,NA,NA,NA,NA,NA,NA,NA,NA,NA,NA,NA,NA,NA,NA
"STU000289",12810,NA,4525,10339,8029,9087,9029,9686,11039,10688,NA,9111,NA,NA,NA,NA,26335,10731,12057,12950,11118,14814,17014,18895,21818,13977,NA,NA
"STU000290",NA,NA,NA,NA,NA,NA,NA,NA,NA,NA,NA,NA,NA,NA,NA,NA,NA,NA,NA,NA,NA,NA,NA,NA,NA,21206,21328,26149
"STU000291",NA,NA,3732,NA,NA,NA,6866,NA,NA,NA,NA,5029,6584,11356,16285,NA,NA,NA,NA,NA,12488,17634,NA,NA,NA,NA,NA,14736
"STU000292",12519,15369,NA,NA,NA,14971,8389,9197,14928,9516,18794,NA,NA,NA,12783,12225,20423,29828,NA,NA,NA,NA,NA,15949,27309,NA,NA,NA
"STU000293",12130,8005,8721,6835,7496,8284,5929,NA,14645,NA,NA,NA,NA,NA,NA,NA,11101,NA,NA,12326,13167,10647,20132,11233,7380,NA,11975,9383
"STU000294",NA,NA,NA,NA,NA,10361,9685,10194,6901,9438,8236,7115,NA,10536,12899,NA,NA,NA,NA,NA,NA,NA,11134,15333,16795,11754,12488,22581
"STU000295",NA,NA,NA,NA,NA,NA,6658,12003,7623,NA,NA,NA,NA,NA,NA,NA,NA,13777,9804,17759,15788,9908,17336,21908,12542,NA,NA,24090
"STU000296",NA,NA,NA,NA,NA,NA,NA,NA,NA,NA,NA,NA,NA,NA,NA,NA,NA,NA,NA,NA,NA,13595,NA,12734,16918,15572,18054,13868
"STU000297",10063,7853,7000,NA,NA,NA,5462,9294,NA,12075,NA,NA,NA,NA,9876,NA,8621,7629,NA,NA,NA,NA,12069,18421,11309,NA,NA,11715
"STU000298",7184,10196,7189,NA,NA,5314,6787,14675,NA,NA,NA,NA,7687,9786,6220,9117,8630,6400,11929,10052,NA,NA,8224,9020,14513,14078,10351,7720
"STU000299",8769,NA,8384,11369,6086,14976,NA,4786,NA,NA,NA,NA,NA,NA,NA,NA,NA,NA,NA,NA,10897,17734,NA,NA,13207,12870,9631,13297
"STU000300",4389,NA,NA,NA,NA,NA,NA,NA,NA,NA,NA,6314,NA,6733,NA,NA,NA,6866,7626,7300,NA,NA,11969,10296,18385,9247,NA,NA
"STU000301",6921,15232,NA,NA,7350,10526,9801,13523,8228,NA,NA,9332,NA,NA,NA,NA,NA,5387,10694,10130,6151,NA,NA,NA,13971,8669,9611,15505
"STU000302",NA,NA,NA,NA,NA,12669,22447,19679,24374,12294,14023,23477,13783,12122,NA,NA,NA,18696,14767,NA,NA,23632,12891,13735,NA,30845,15576,14579
"STU000303",NA,NA,NA,NA,NA,NA,NA,NA,NA,NA,NA,5275,NA,NA,5614,8830,NA,NA,7146,5848,NA,NA,NA,11772,13532,NA,NA,11759
"STU000304",6630,5672,NA,NA,NA,NA,NA,NA,NA,NA,NA,NA,NA,14940,12945,12003,16596,13272,NA,NA,NA,NA,NA,NA,15053,21092,17293,13779
"STU000305",NA,12514,15418,6900,5621,8369,12445,NA,NA,NA,NA,9732,15783,NA,NA,15948,17690,15522,14457,12757,13192,NA,NA,16184,18109,NA,NA,10285
"STU000306",NA,NA,NA,NA,NA,NA,NA,NA,NA,NA,NA,NA,NA,NA,NA,NA,NA,NA,NA,NA,NA,NA,NA,NA,13446,12093,10241,10430
"STU000307",5306,NA,NA,7675,6861,5962,NA,NA,11983,NA,11147,15010,16709,NA,NA,12752,9494,7965,NA,NA,NA,10854,13477,NA,11063,NA,NA,NA
"STU000308",NA,NA,NA,NA,NA,NA,NA,NA,NA,NA,NA,NA,NA,NA,NA,NA,NA,13687,15846,22773,29194,23999,20122,NA,19900,20392,NA,27470
"STU000309",8513,14710,10355,8314,NA,7920,9940,14184,NA,NA,18358,19408,15309,11480,23608,13071,NA,NA,NA,NA,14575,13840,NA,NA,NA,15583,15500,12361
"STU000310",5995,10787,13138,6785,8899,NA,NA,7330,6407,9852,12032,8608,9403,NA,NA,8361,8855,9361,7498,8431,9357,10095,8929,11576,12597,7313,13084,12591
"STU000311",NA,11534,11507,NA,NA,NA,NA,NA,9827,NA,NA,NA,8165,NA,NA,NA,NA,NA,14501,15928,NA,NA,NA,12034,13118,10625,18072,14621
"STU000312",9173,6995,NA,6279,6063,4516,4601,3690,4001,NA,NA,NA,NA,13169,NA,8716,NA,NA,NA,NA,NA,NA,NA,NA,NA,7443,7456,18909
"STU000313",NA,NA,NA,NA,7847,6710,6476,7941,10369,6001,NA,NA,7523,NA,NA,12834,NA,7838,NA,NA,8727,NA,NA,6193,NA,8233,7867,10363
"STU000314",10579,7462,5521,8419,NA,15480,6174,4231,13079,15097,NA,NA,NA,NA,NA,NA,17780,11963,19877,NA,NA,16666,16091,12623,NA,14484,8199,16313
"STU000315",17953,7365,9734,NA,9249,NA,NA,13558,9783,12270,NA,16348,23581,15842,NA,NA,NA,NA,NA,NA,20502,NA,NA,NA,NA,22242,10486,20837
"STU000316",11736,NA,NA,5834,NA,NA,NA,NA,NA,8032,10111,8671,11527,12368,12929,9939,10588,9131,14193,9433,NA,8558,NA,NA,NA,17097,10101,9752
"STU000317",10303,7627,6943,NA,NA,NA,NA,NA,7821,NA,NA,13068,10491,NA,NA,9483,NA,NA,8214,11667,7396,7300,7966,6393,10935,6546,17729,12161
"STU000318",6417,9179,7975,NA,NA,14591,11669,16209,13900,16243,14716,NA,NA,NA,NA,NA,10545,19659,NA,NA,NA,25388,19219,NA,NA,NA,12270,15068
"STU000319",NA,NA,NA,NA,NA,NA,NA,NA,NA,NA,NA,NA,NA,NA,NA,NA,NA,NA,NA,NA,NA,NA,NA,NA,NA,NA,NA,NA
"STU000320",NA,NA,NA,NA,NA,NA,NA,NA,NA,NA,NA,NA,16508,21455,18552,23038,15279,22891,NA,NA,NA,23441,17249,26879,15550,27078,19230,18021
"STU000321",NA,NA,NA,NA,NA,NA,NA,NA,NA,NA,NA,NA,NA,NA,NA,NA,NA,NA,NA,12630,20715,NA,NA,NA,NA,NA,NA,NA
"STU000322",9646,19538,6977,NA,NA,NA,9420,10206,NA,NA,NA,12987,23360,NA,14309,NA,NA,24824,19136,NA,NA,29401,NA,NA,NA,NA,37488,23980
"STU000323",11944,5082,NA,8944,4977,4285,5714,NA,5783,5360,NA,10372,10128,7205,6042,7807,NA,18284,11442,NA,NA,NA,NA,NA,NA,12229,11861,11653
"STU000324",NA,NA,NA,NA,NA,NA,NA,NA,NA,NA,NA,NA,NA,NA,NA,NA,NA,NA,16542,26913,12630,NA,NA,17564,16614,18430,33648,NA
"STU000325",NA,NA,NA,NA,NA,NA,NA,NA,NA,NA,NA,NA,NA,NA,NA,NA,NA,15836,8250,19167,11043,24979,NA,18881,10330,NA,NA,NA
"STU000326",7871,NA,NA,10800,9452,8718,8815,9147,7239,9514,NA,15351,NA,10983,NA,NA,NA,NA,14761,39473,NA,NA,NA,NA,NA,NA,NA,23513
"STU000327",13061,15324,NA,17494,9607,11657,22158,NA,NA,NA,25131,NA,NA,13886,15759,NA,NA,NA,35151,23671,27805,33428,23963,32467,NA,36547,18587,29971
"STU000328",NA,NA,NA,NA,NA,NA,NA,NA,NA,NA,NA,NA,NA,NA,NA,NA,NA,NA,NA,NA,NA,NA,NA,26361,25159,19228,NA,NA
"STU000329",NA,NA,NA,NA,NA,NA,NA,NA,NA,NA,NA,NA,NA,NA,NA,NA,NA,NA,NA,NA,NA,NA,NA,NA,NA,NA,NA,NA
"STU000330",8897,NA,NA,NA,NA,7343,6187,NA,NA,NA,NA,NA,10168,NA,NA,3772,6683,6318,4505,NA,NA,6228,7268,NA,NA,NA,NA,12631
"STU000331",12175,9868,12725,10980,9561,10670,11724,11620,14078,11437,12532,NA,NA,NA,NA,NA,NA,30881,24496,36466,21124,29830,37081,24294,28481,24167,28185,24696
"STU000332",8904,15566,NA,NA,6425,7007,4737,NA,NA,8338,12251,9224,10399,11889,10207,11906,10477,11894,NA,14460,8194,11952,9961,14026,12269,NA,14089,14841
"STU000333",6435,NA,4820,NA,NA,NA,NA,NA,NA,NA,NA,15730,9640,19407,16034,12920,29889,9138,NA,17308,14311,18873,NA,NA,8618,11403,15834,11293
"STU000334",NA,NA,NA,NA,NA,13162,5548,11873,6845,15626,14648,12188,NA,NA,NA,NA,NA,NA,11366,10739,9403,NA,NA,10087,19432,13396,11773,15018
"STU000335",NA,NA,10584,NA,NA,NA,7145,7108,8867,NA,NA,NA,NA,NA,NA,NA,NA,NA,NA,NA,19218,NA,11220,11676,13272,8477,NA,NA
"STU000336",8477,NA,NA,9115,NA,NA,8451,10238,9914,NA,21301,NA,11211,NA,14534,NA,NA,NA,NA,NA,NA,10964,14795,21393,30221,17641,20593,22938
"STU000337",NA,NA,9855,NA,NA,NA,NA,NA,NA,NA,13878,13883,16579,14275,20015,11485,NA,NA,10457,11130,9780,16573,10920,10810,21098,21526,NA,20974
"STU000338",NA,NA,NA,NA,NA,NA,NA,NA,NA,NA,NA,NA,NA,NA,NA,NA,NA,NA,NA,NA,NA,NA,NA,NA,NA,14371,20176,NA
"STU000339",NA,NA,NA,7547,6048,4741,8269,4926,10628,14469,NA,NA,NA,NA,NA,NA,16310,17051,13472,7686,16202,NA,NA,NA,12626,13716,11700,18317
"STU000340",NA,NA,NA,NA,NA,NA,NA,NA,NA,NA,NA,NA,NA,NA,NA,NA,NA,NA,NA,NA,NA,NA,NA,NA,NA,NA,NA,NA
"STU000341",15749,13697,12515,13350,14670,15342,13663,NA,7063,28439,17070,NA,NA,NA,NA,15791,22146,NA,10270,19297,17252,20944,29178,16252,13724,NA,NA,20725
"STU000342",11494,10573,7331,14058,NA,NA,NA,12872,NA,NA,10634,12699,10666,13770,NA,NA,NA,10217,NA,NA,NA,NA,16763,NA,16360,13555,15581,13793
"STU000343",6263,6148,10430,8190,NA,5353,8200,NA,5604,9124,13213,7600,NA,NA,NA,NA,8388,23169,10270,15320,9280,11929,9158,NA,NA,NA,NA,NA
"STU000344",7286,5225,5932,NA,NA,NA,NA,NA,NA,NA,NA,NA,NA,11088,9590,NA,13520,NA,NA,NA,NA,NA,NA,21546,18182,NA,NA,NA
"STU000345",9061,9681,13410,7814,NA,6933,6591,6657,12602,15445,8291,9098,11159,10153,7089,10473,12843,10100,9406,9249,NA,NA,NA,11355,16599,NA,NA,NA
"STU000346",6918,NA,NA,NA,9542,NA,NA,8248,9834,8407,9304,NA,NA,NA,21447,9853,NA,NA,27123,11594,22522,NA,NA,NA,NA,26897,NA,NA
"STU000347",4651,5033,8784,6028,7868,NA,4827,NA,NA,8463,7293,NA,3291,4191,7860,4739,8020,3244,3776,9270,5225,8747,10752,8343,9375,13723,7770,13718
"STU000348",NA,NA,NA,NA,NA,NA,NA,NA,NA,NA,NA,NA,NA,NA,NA,NA,NA,NA,NA,NA,7585,11200,20012,NA,13688,NA,11748,NA
"STU000349",NA,NA,NA,6630,5021,10127,4778,10159,9444,13193,NA,NA,NA,8073,15375,14196,12011,NA,13568,7755,7371,11820,8809,NA,NA,NA,NA,NA
"STU000350",NA,NA,NA,NA,NA,NA,NA,NA,NA,NA,NA,NA,NA,NA,NA,NA,NA,NA,16717,24012,20628,18145,9027,18529,NA,NA,NA,NA
"STU000351",6818,NA,7986,13579,3945,14698,7574,6122,9574,NA,10853,10791,NA,NA,NA,13402,NA,NA,NA,NA,NA,8888,9278,11186,NA,NA,13278,NA
"STU000352",NA,NA,NA,NA,NA,NA,NA,NA,NA,NA,NA,NA,NA,5667,7236,7331,NA,NA,16533,21310,25172,13001,13938,18543,NA,NA,18086,NA
"STU000353",9858,7657,17004,12073,9441,14853,NA,NA,NA,9214,13424,12319,11009,10711,NA,NA,NA,NA,NA,15935,13476,5874,16721,17270,NA,NA,14604,12196
"STU000354",9221,10749,3484,8694,NA,6634,NA,NA,NA,10600,NA,NA,NA,NA,NA,NA,14171,13935,21921,11076,13735,NA,13162,24850,19567,15911,13943,NA
"STU000355",8831,12324,10051,15394,24847,12493,18422,16978,25622,NA,26484,NA,NA,NA,NA,23354,20539,22649,25081,34111,NA,NA,NA,NA,NA,NA,NA,24156
"STU000356",NA,NA,NA,NA,NA,NA,NA,NA,NA,NA,NA,NA,NA,NA,NA,NA,NA,NA,NA,NA,NA,NA,NA,NA,NA,NA,NA,NA
"STU000357",NA,NA,9018,8601,13149,NA,7377,7633,NA,NA,NA,9978,5575,8039,5765,14265,6046,8936,12299,11442,10290,21095,9176,6325,12004,16195,8811,11407
"STU000358",5186,10412,NA,NA,NA,NA,NA,NA,NA,NA,NA,NA,NA,9137,NA,21215,NA,NA,NA,7269,NA,NA,10802,36477,9212,15487,12509,11714
"STU000359",4824,7226,10444,9334,7562,NA,NA,5238,8699,8101,9021,10404,10864,10228,NA,NA,NA,22890,14374,33474,27282,12929,NA,NA,NA,22835,12261,16423
"STU000360",8472,NA,NA,6921,10960,NA,NA,5434,19869,NA,NA,22875,NA,NA,NA,NA,NA,30385,17169,18176,17846,13965,NA,21475,22751,18879,NA,NA
"STU000361",11159,17824,NA,NA,NA,NA,14464,8452,10276,14326,14141,9123,NA,10125,NA,NA,NA,NA,NA,NA,12052,NA,7652,11246,13021,NA,NA,9569
"STU000362",6617,NA,NA,NA,NA,NA,NA,14278,NA,NA,8177,12596,9683,16481,NA,NA,NA,NA,NA,NA,18222,14604,12940,13393,16000,NA,13533,18189
"STU000363",6151,NA,NA,NA,NA,NA,5996,5479,NA,7008,6830,6020,10979,7648,11195,NA,NA,NA,NA,16181,6291,11744,NA,14526,9065,8470,NA,NA
"STU000364",8060,8370,8778,8988,NA,NA,NA,NA,NA,NA,NA,NA,NA,4926,9277,13150,5826,14227,NA,NA,NA,NA,NA,NA,NA,NA,NA,NA
"STU000365",NA,NA,NA,NA,NA,NA,NA,NA,NA,NA,NA,NA,NA,NA,NA,NA,NA,NA,NA,NA,NA,NA,NA,NA,NA,NA,NA,NA
"STU000366",NA,NA,NA,NA,NA,NA,NA,20227,14179,19927,9996,NA,18573,20412,NA,14201,NA,NA,NA,11029,19621,15277,18722,NA,23558,18969,NA,17106
"STU000367",22593,10920,9133,8052,8846,10492,NA,NA,NA,NA,16286,10459,13928,11346,14944,NA,NA,NA,NA,NA,NA,NA,NA,11653,8327,14568,8975,14123
"STU000368",6294,10529,5360,NA,NA,12492,8527,6332,9741,NA,NA,6406,4105,NA,9022,9639,6892,6744,NA,NA,NA,7514,NA,NA,12442,NA,NA,NA
"STU000369",6400,18583,7028,NA,12091,11222,11069,10214,9586,11009,6922,13888,9349,12554,6565,11488,8625,12705,14036,9778,10578,10226,14773,17795,NA,12028,12755,9437
"STU000370",8541,NA,NA,7821,7950,6069,NA,12791,NA,NA,8584,13299,13826,11293,NA,NA,12554,NA,13042,NA,NA,16898,23376,20560,9537,NA,NA,NA
"STU000371",8720,8761,6560,14282,6591,6341,9559,5333,10725,5996,7191,3886,11476,9888,11085,4073,6539,5244,10106,22562,NA,13860,15624,14427,NA,NA,NA,NA
"STU000372",9875,NA,NA,NA,NA,NA,10608,12888,11121,NA,NA,NA,7472,7656,NA,11190,12226,NA,NA,13142,11982,10701,16198,11287,8604,NA,NA,14086
"STU000373",20158,10617,7508,9435,11345,9093,9673,NA,NA,NA,9042,10959,8601,NA,NA,NA,NA,NA,NA,9162,12896,NA,14241,NA,NA,NA,10048,NA
"STU000374",NA,NA,NA,NA,NA,NA,NA,NA,NA,NA,NA,NA,NA,NA,NA,NA,NA,NA,NA,NA,NA,NA,NA,19439,19710,NA,15085,NA
"STU000375",12836,NA,NA,NA,NA,NA,7082,NA,10815,11979,8339,10824,10479,5972,NA,NA,10527,13903,NA,NA,NA,5304,NA,13790,NA,NA,NA,NA
"STU000376",NA,NA,NA,NA,NA,8813,NA,NA,NA,NA,9342,NA,NA,NA,NA,8564,13998,13494,9331,11040,8300,10602,12650,5200,10313,NA,NA,NA
"STU000377",11227,7527,11934,NA,9188,NA,NA,NA,NA,NA,NA,8994,NA,NA,NA,NA,NA,NA,NA,NA,NA,28231,NA,NA,NA,NA,20429,32321
"STU000378",8250,NA,NA,NA,NA,NA,NA,NA,NA,NA,10493,9292,15884,8109,20839,NA,NA,NA,16180,12030,12440,NA,NA,16556,11717,16076,13465,11760
"STU000379",7480,5411,4191,3337,6382,5757,NA,7863,NA,NA,9237,7858,5534,4834,10663,4787,NA,NA,NA,NA,NA,NA,10821,13855,18909,NA,NA,NA
"STU000380",6775,5613,7477,9698,6895,5858,7476,6561,NA,NA,13414,12029,NA,NA,14704,24157,12005,11585,12918,NA,13711,16266,NA,NA,16721,14287,NA,NA
"STU000381",9126,9453,9096,12332,NA,5433,NA,NA,NA,NA,NA,NA,14817,15331,7971,7708,NA,NA,9770,NA,10502,10985,NA,NA,6706,8058,11228,10733
"STU000382",8406,7561,9084,NA,NA,NA,NA,NA,NA,12750,14120,14585,12828,24613,20742,10202,17600,17630,11869,12286,17375,17852,NA,7249,NA,NA,NA,NA
"STU000383",NA,NA,NA,NA,NA,NA,NA,NA,NA,NA,NA,NA,NA,NA,NA,NA,NA,NA,NA,NA,NA,NA,NA,NA,NA,NA,NA,NA
"STU000384",NA,NA,4080,5925,NA,NA,6416,9335,7382,NA,NA,5114,NA,6818,NA,10054,13649,9726,18084,NA,NA,NA,12604,6963,11898,14571,10557,NA
"STU000385",9965,NA,9848,12303,NA,NA,9873,6056,NA,NA,NA,NA,NA,NA,NA,12961,12729,18789,11861,8611,9833,10278,6807,15666,14867,NA,NA,NA
"STU000386",NA,NA,NA,NA,NA,NA,NA,NA,NA,NA,NA,NA,NA,NA,NA,NA,NA,NA,NA,NA,NA,NA,11853,NA,18493,22866,12203,15996
"STU000387",NA,NA,NA,NA,NA,NA,NA,9570,10297,17022,11842,16002,12844,15358,12891,NA,NA,NA,NA,NA,NA,19457,NA,NA,NA,12825,NA,NA
"STU000388",NA,NA,8786,NA,NA,NA,NA,NA,NA,NA,9251,12618,11075,9148,NA,10940,12826,10749,NA,NA,NA,NA,NA,NA,NA,10362,NA,NA
"STU000389",8754,13424,NA,7610,16091,6574,9114,12287,14189,12512,12730,15115,13211,NA,9030,7613,14932,11434,18567,12168,12766,NA,NA,NA,23231,19486,15587,26763
"STU000390",20786,NA,NA,NA,7556,6676,6145,5796,14184,6797,NA,5210,NA,NA,NA,NA,NA,NA,NA,NA,NA,NA,NA,NA,NA,26509,12910,11081
"STU000391",NA,NA,NA,NA,NA,NA,NA,NA,NA,NA,NA,NA,NA,NA,5442,NA,NA,NA,NA,NA,13854,NA,12775,NA,NA,NA,8343,13937
"STU000392",NA,NA,NA,NA,NA,NA,NA,NA,NA,NA,NA,NA,NA,NA,NA,NA,NA,NA,NA,NA,NA,NA,NA,NA,NA,NA,NA,NA
"STU000393",9901,5716,9643,8494,8362,9863,8826,9972,NA,NA,NA,NA,12008,NA,NA,7204,6908,13638,NA,NA,NA,NA,11024,NA,11375,NA,7467,NA
"STU000394",NA,NA,NA,NA,NA,NA,NA,NA,NA,NA,NA,NA,NA,NA,NA,NA,18245,25622,NA,21445,22056,31497,22164,25288,16055,24441,31263,14142
"STU000395",8989,9400,5214,8638,4651,12189,NA,12577,12075,9274,7373,8505,8199,6993,12244,5753,7468,NA,NA,NA,9340,17469,19209,13866,20794,17019,18823,10977
"STU000396",7406,10276,16992,5044,8665,14720,18250,16580,NA,NA,13056,37630,NA,NA,NA,NA,NA,NA,NA,NA,15747,16733,26799,NA,15461,11693,14754,17188
"STU000397",NA,NA,NA,NA,NA,NA,NA,NA,NA,NA,NA,NA,NA,NA,NA,NA,NA,NA,NA,NA,NA,NA,NA,NA,NA,NA,NA,NA
"STU000398",7171,7357,NA,NA,NA,NA,11125,NA,NA,10384,10717,9332,9211,11802,NA,9161,7569,13012,15446,22224,14447,10755,10869,14807,NA,NA,NA,NA
"STU000399",NA,NA,NA,NA,NA,NA,NA,NA,NA,NA,NA,NA,NA,NA,NA,NA,NA,NA,NA,NA,NA,NA,NA,NA,NA,NA,NA,NA
"STU000400",NA,NA,9454,9397,12259,8102,9077,NA,NA,NA,6974,10132,13068,NA,NA,NA,NA,8507,13483,NA,NA,NA,NA,9820,NA,16932,10093,15056
"STU000401",13929,NA,NA,6225,NA,NA,NA,NA,11172,12754,NA,16557,15499,10488,9417,10573,15599,NA,NA,NA,NA,17598,14441,15444,12262,20996,17368,14630
"STU000402",7082,7746,6646,10907,NA,4735,4869,7328,10007,NA,NA,NA,NA,NA,NA,NA,7864,7678,NA,11496,9790,NA,NA,NA,NA,NA,NA,NA
"STU000403",8699,NA,3101,5492,9721,5436,5063,NA,NA,NA,NA,NA,NA,12724,11873,11916,9245,12255,10128,NA,NA,NA,NA,NA,NA,NA,17311,6921
"STU000404",NA,NA,NA,NA,NA,NA,NA,NA,NA,NA,NA,NA,NA,NA,NA,8137,NA,NA,13269,9074,13708,17261,14368,12616,7464,15965,10998,16008
"STU000405",12405,6939,5177,NA,NA,11957,12722,13099,12291,12048,11515,12503,23300,11767,13193,NA,NA,NA,NA,NA,NA,13679,NA,11960,NA,12300,12616,30777
"STU000406",5740,7536,7354,5676,7922,6257,NA,NA,NA,NA,NA,12441,8197,6197,14177,8776,11391,8364,9775,NA,NA,NA,NA,NA,NA,NA,NA,NA
"STU000407",8068,10620,NA,NA,NA,5163,NA,NA,NA,4082,8283,9095,11730,16947,13667,NA,NA,NA,NA,NA,NA,NA,13893,9752,7563,10920,NA,NA
"STU000408",NA,NA,NA,NA,NA,NA,NA,NA,NA,NA,NA,NA,NA,13947,NA,21326,15437,30057,36774,NA,NA,NA,41345,51720,NA,NA,NA,NA
"STU000409",11527,9231,12482,9501,7371,6794,6615,NA,14869,NA,4414,NA,NA,NA,NA,8637,11192,10745,NA,NA,11533,NA,NA,NA,12196,10776,11033,12434
"STU000410",14187,NA,NA,NA,NA,14485,NA,NA,10964,13541,10838,NA,24547,14890,64176,38857,23441,NA,29874,24193,27267,NA,NA,16165,NA,NA,NA,NA
"STU000411",NA,NA,NA,NA,NA,NA,NA,NA,NA,NA,NA,NA,NA,NA,NA,NA,NA,NA,NA,NA,NA,NA,NA,NA,10908,11589,10151,7261
"STU000412",NA,NA,5088,5504,7563,NA,NA,NA,NA,NA,5602,6951,6951,12825,11929,13300,11813,NA,NA,11585,6750,14358,9094,10006,16162,17984,8268,NA
"STU000413",10806,8158,6573,NA,4800,4611,5587,NA,NA,NA,7215,7358,8094,7743,8085,10492,7758,15536,20634,9796,10757,12725,7446,NA,NA,NA,9127,15863
"STU000414",NA,NA,NA,NA,NA,NA,NA,NA,NA,NA,NA,10629,19868,9606,9309,NA,9544,11841,14334,14611,10323,7107,NA,NA,18982,13174,13775,9573
"STU000415",16861,5736,11345,NA,25068,9774,11145,10576,10538,19902,NA,NA,15457,17772,NA,NA,NA,15104,18377,18439,NA,NA,24031,18819,18921,15687,11201,NA
"STU000416",10706,12701,12814,10237,11374,9873,8672,15076,13461,NA,NA,16096,9220,12258,14363,14413,15428,10013,13479,NA,NA,15360,14240,13617,9968,18119,15787,18221
"STU000417",NA,NA,NA,13479,9098,7729,8307,8293,NA,NA,4462,7502,8005,9190,17200,21282,14337,13020,19932,25280,13651,NA,20884,24782,11317,24568,NA,13040
"STU000418",NA,NA,NA,NA,NA,9327,8372,7365,17788,6272,5331,7268,14847,9209,12474,NA,NA,NA,12034,NA,NA,NA,NA,13095,14716,13172,12525,9727
"STU000419",6830,4633,4570,7439,NA,NA,NA,NA,NA,5276,9358,11047,NA,NA,NA,NA,NA,NA,11599,9656,NA,NA,13002,16671,13067,13504,16621,NA
"STU000420",NA,NA,7413,NA,NA,NA,NA,NA,NA,NA,NA,19522,19296,NA,NA,25858,23036,31506,NA,NA,NA,NA,NA,27486,26772,25094,22360,26274
"STU000421",NA,NA,NA,NA,NA,NA,NA,NA,NA,NA,NA,NA,NA,NA,NA,NA,NA,NA,NA,NA,NA,NA,NA,NA,NA,NA,NA,NA
"STU000422",10163,10147,8194,13604,7893,7600,NA,NA,NA,NA,NA,NA,10465,8638,NA,NA,NA,NA,NA,NA,NA,NA,NA,NA,NA,NA,NA,NA
"STU000423",5949,13619,NA,NA,7789,6780,9230,NA,NA,NA,NA,NA,NA,23514,15349,15221,9947,13479,17285,17220,11579,12909,20157,29351,25345,16652,16399,NA
"STU000424",9644,15976,13765,NA,NA,NA,13032,7321,NA,NA,NA,NA,16885,NA,NA,NA,NA,NA,NA,NA,NA,NA,NA,NA,18589,NA,NA,NA
"STU000425",NA,NA,NA,NA,NA,NA,NA,NA,11527,8758,9477,18467,9122,10316,10431,10097,8624,21133,19262,15507,20801,23927,14367,20776,10994,12125,24773,NA
"STU000426",NA,NA,NA,16105,14268,NA,NA,NA,14526,13212,NA,NA,NA,NA,13069,NA,11462,NA,9918,12670,10663,15041,19368,NA,NA,15436,13141,13579
"STU000427",6569,NA,13456,NA,NA,NA,NA,NA,8670,9461,11259,17682,NA,NA,10141,13102,16549,11192,NA,NA,NA,20663,24022,10130,15219,11415,15337,17313
"STU000428",12961,9678,NA,NA,NA,6420,8406,7784,4840,10540,NA,NA,NA,13955,17829,14463,11105,9831,NA,12750,17554,16564,17013,16245,9996,18714,14133,9676
"STU000429",NA,NA,NA,NA,NA,NA,NA,NA,NA,NA,NA,NA,NA,NA,NA,NA,NA,9619,13782,11428,12063,10825,23941,17748,16334,13572,11381,21006
"STU000430",9131,4979,NA,NA,NA,13342,12530,15301,8721,18502,15187,10421,12777,8000,16585,16164,12740,12841,24553,13256,25255,11819,16350,11255,NA,16209,10774,NA
"STU000431",NA,NA,NA,14093,7144,NA,NA,NA,NA,6291,10001,NA,16890,14493,10671,16747,NA,16081,11341,7446,16327,8403,NA,NA,6862,17023,13449,NA
"STU000432",NA,NA,NA,NA,NA,NA,NA,NA,NA,NA,NA,NA,NA,NA,NA,NA,NA,NA,NA,NA,NA,NA,NA,NA,NA,NA,NA,NA
"STU000433",NA,NA,NA,NA,NA,NA,NA,NA,NA,NA,NA,NA,NA,NA,NA,NA,NA,NA,NA,NA,NA,NA,NA,NA,NA,14830,17090,23307
"STU000434",NA,NA,NA,10116,13229,8399,NA,10980,19828,13736,13215,9127,NA,NA,NA,NA,NA,NA,6888,13050,15692,11795,14049,13370,12135,NA,11876,11025
"STU000435",NA,NA,NA,NA,NA,NA,NA,NA,NA,NA,NA,NA,NA,NA,4302,7650,6500,2682,5338,12275,6831,NA,NA,NA,NA,16740,11286,6039
"STU000436",12001,9693,8633,7086,NA,NA,NA,NA,NA,NA,NA,16601,6214,11004,12337,NA,11666,18318,9940,9737,7485,NA,NA,NA,10125,17933,13507,15571
"STU000437",13618,NA,NA,6093,10679,8567,6563,NA,NA,NA,11767,10126,NA,NA,NA,10924,14528,10422,17211,12038,NA,NA,NA,NA,NA,NA,NA,NA
"STU000438",6173,NA,NA,NA,6337,NA,NA,NA,NA,NA,5090,6334,8689,11550,10010,14698,15394,13132,10981,9316,12677,12056,10454,21163,11608,10883,NA,9528
"STU000439",NA,NA,NA,25061,5450,9995,7180,5742,NA,6369,5812,13574,11976,11840,8631,8294,15950,NA,NA,14124,15429,NA,NA,NA,16312,14592,16122,15142
"STU000440",NA,NA,NA,12806,9470,9624,19167,NA,NA,13378,NA,NA,12414,7265,10886,11576,12192,16200,10569,9909,8325,NA,NA,NA,14524,11130,14091,12519
"STU000441",NA,NA,4167,NA,NA,NA,NA,NA,NA,NA,NA,26463,11805,16649,15352,NA,NA,NA,NA,18169,18510,25169,13851,15768,18285,18671,17311,14803
"STU000442",NA,NA,NA,NA,NA,NA,NA,NA,NA,NA,NA,NA,NA,NA,NA,NA,NA,NA,NA,NA,NA,NA,NA,13297,12379,15504,20052,27149
"STU000443",NA,NA,NA,NA,NA,NA,NA,NA,NA,NA,NA,NA,NA,NA,13165,15032,15965,14274,16433,19895,15084,15059,21437,9218,9698,NA,NA,NA
"STU000444",5281,6635,8272,7113,NA,NA,NA,NA,NA,7712,16277,13316,NA,NA,NA,NA,NA,NA,NA,13423,14621,8975,NA,NA,NA,NA,NA,7405
"STU000445",NA,NA,NA,NA,10856,11170,11662,11267,NA,NA,8803,12609,8677,9601,9893,NA,7944,7636,15335,13715,10114,NA,12328,12380,12496,9832,9863,10948
"STU000446",14103,14537,14477,5654,6281,NA,NA,NA,13136,NA,NA,NA,NA,NA,NA,NA,NA,NA,NA,18992,10158,14774,19872,17530,22775,12292,16125,NA
"STU000447",12340,8332,11625,11018,10460,11950,10308,7703,7616,11905,NA,NA,NA,NA,NA,12753,14775,13648,13892,12878,19172,NA,NA,8392,11489,11647,8698,10999
"STU000448",NA,NA,NA,NA,NA,NA,NA,NA,NA,NA,NA,NA,NA,NA,NA,NA,NA,NA,NA,NA,NA,NA,NA,NA,7541,15647,13565,10494
"STU000449",NA,NA,5852,NA,NA,4975,5735,4255,5995,6794,10860,11034,9875,5370,11133,NA,5595,19609,NA,NA,NA,20523,9811,NA,11508,11825,12515,12923
"STU000450",4318,5799,4775,NA,NA,NA,13094,9639,9839,NA,NA,NA,NA,9927,6455,NA,NA,10119,11424,11004,7893,5550,12933,NA,NA,NA,NA,NA
"STU000451",8396,8717,5284,4886,5108,8870,NA,NA,6723,NA,NA,NA,7744,7102,7625,5029,NA,NA,6938,NA,NA,NA,NA,8532,NA,NA,NA,NA
"STU000452",7396,5926,5694,10306,8743,6277,5726,5323,9712,8648,NA,NA,NA,NA,NA,NA,NA,NA,NA,5652,9941,7267,9897,7682,7470,5145,NA,NA
"STU000453",16508,NA,21181,11361,10488,NA,15941,NA,8986,18338,12093,NA,NA,10393,16584,14082,16440,25091,NA,NA,22478,12307,33484,26148,24705,14262,26028,NA
"STU000454",5736,7922,7099,NA,NA,NA,14493,18937,17229,NA,17338,19887,17263,20958,12779,26998,13430,9537,10045,19738,19595,20421,26986,20221,21778,18202,25502,23768
"STU000455",NA,NA,NA,NA,NA,NA,NA,NA,NA,NA,NA,NA,NA,NA,NA,NA,NA,NA,NA,NA,NA,NA,NA,NA,NA,NA,25205,NA
"STU000456",NA,NA,NA,NA,NA,NA,NA,NA,NA,NA,NA,NA,NA,NA,NA,NA,NA,NA,NA,NA,NA,NA,NA,NA,NA,NA,NA,NA
"STU000457",11390,13758,NA,12392,15159,10057,11463,8448,9551,NA,NA,14911,10561,9373,11900,17872,NA,NA,16238,10368,8883,9534,NA,NA,10619,19173,NA,NA
"STU000458",9500,9758,6961,8030,10492,NA,11593,NA,NA,10134,10569,10681,14082,13849,14659,13744,14670,11710,14449,10595,13817,NA,NA,NA,NA,NA,13645,9865
"STU000459",NA,NA,NA,NA,11795,5105,6184,9346,10352,7656,8794,6625,12481,11744,12388,14557,6685,8877,NA,NA,NA,14822,NA,NA,NA,19763,NA,NA
"STU000460",NA,NA,NA,NA,NA,10880,5456,NA,NA,NA,NA,NA,NA,9704,NA,13957,NA,13310,7659,12389,14463,14327,12150,7551,NA,11249,NA,13828
"STU000461",NA,NA,NA,NA,NA,NA,NA,NA,NA,NA,NA,NA,NA,NA,NA,NA,NA,NA,NA,NA,NA,NA,NA,NA,13615,16926,14588,12185
"STU000462",NA,NA,NA,NA,NA,NA,NA,NA,NA,NA,NA,NA,NA,NA,NA,NA,NA,NA,NA,NA,NA,NA,NA,NA,NA,NA,17027,11065
"STU000463",9530,NA,NA,NA,NA,NA,NA,NA,NA,NA,6854,7736,11274,8998,NA,18771,14614,NA,NA,NA,NA,9885,11981,20237,11434,9398,8739,NA
"STU000464",7171,6809,9814,11267,13901,10422,NA,NA,12806,NA,NA,NA,NA,NA,NA,NA,NA,NA,NA,NA,15292,12646,11892,16082,NA,14039,19639,11857
"STU000465",6027,NA,5092,7474,8645,8797,6967,4387,NA,NA,NA,8251,5184,5922,5046,20503,8215,NA,NA,NA,NA,NA,NA,NA,NA,NA,NA,NA
"STU000466",4677,NA,9134,7625,12961,9843,NA,7833,NA,8003,5549,NA,NA,NA,11141,NA,8394,10156,5355,9731,9080,12418,NA,NA,11015,NA,12227,NA
"STU000467",NA,NA,NA,NA,NA,NA,NA,5439,3664,NA,4601,NA,6433,15798,NA,NA,12013,NA,6213,4982,7543,NA,7044,NA,NA,NA,NA,NA
"STU000468",7364,7359,8269,6536,9104,NA,NA,NA,NA,NA,11139,8196,16552,12069,10374,NA,NA,NA,NA,19316,15309,16153,9455,9379,11016,19902,17694,9508
"STU000469",NA,NA,NA,NA,NA,NA,NA,NA,NA,NA,NA,NA,NA,NA,NA,NA,NA,NA,NA,NA,NA,NA,NA,NA,NA,NA,NA,NA
"STU000470",NA,NA,NA,8576,13397,NA,NA,NA,13096,10446,8057,NA,NA,NA,NA,NA,7800,7969,8794,NA,NA,NA,NA,11288,15030,11881,NA,NA
"STU000471",NA,NA,NA,NA,NA,NA,NA,NA,NA,NA,NA,NA,NA,NA,NA,NA,NA,NA,NA,NA,NA,NA,NA,NA,NA,NA,NA,NA
"STU000472",NA,NA,NA,NA,7906,11771,10822,NA,NA,NA,8937,13994,16267,15469,13153,12094,NA,NA,NA,NA,15771,12201,10224,12726,10927,NA,14279,NA
"STU000473",NA,NA,NA,NA,NA,NA,NA,NA,NA,NA,NA,NA,NA,NA,NA,NA,NA,NA,NA,NA,NA,NA,NA,NA,NA,NA,NA,NA
"STU000474",NA,NA,NA,7874,2888,NA,NA,NA,10181,3897,4399,NA,8072,5607,8900,12405,NA,NA,NA,NA,NA,NA,NA,15520,14907,23032,15573,21588
"STU000475",NA,NA,7927,12463,NA,NA,11236,10995,17881,8878,8422,14857,10883,9092,8187,14134,11073,12350,9484,15213,NA,11498,8538,8689,13708,10874,9002,NA
"STU000476",9238,8586,10533,11179,7008,10421,10451,10676,7335,20822,NA,NA,12334,9442,16385,11006,7313,20079,7371,9437,10506,10850,11897,17126,12584,12931,16929,13468
"STU000477",NA,NA,NA,NA,NA,NA,NA,NA,NA,NA,NA,NA,9456,9474,7314,16653,6429,5677,NA,8052,20506,NA,NA,NA,14907,18041,11551,NA
"STU000478",9779,NA,NA,10429,13432,7911,8442,7370,14373,10429,12326,10393,17962,10366,10837,12516,5534,8466,8369,11730,12881,12261,6077,NA,NA,NA,NA,NA
"STU000479",NA,NA,NA,4816,NA,6464,NA,11598,6827,7760,5718,9719,5222,16976,11728,6898,12888,18979,12761,NA,NA,10283,17470,27474,NA,9049,NA,17237
"STU000480",NA,NA,NA,NA,NA,NA,NA,NA,NA,NA,NA,NA,NA,NA,NA,NA,NA,NA,NA,NA,NA,28885,27758,26463,19925,17825,23526,24229
"STU000481",NA,16692,NA,7897,8072,9640,12829,11028,14097,11815,12095,6507,NA,NA,NA,NA,13100,7266,9241,9573,8896,16190,NA,NA,NA,18423,10517,10231
"STU000482",NA,NA,NA,NA,NA,NA,NA,NA,NA,NA,NA,NA,NA,NA,NA,NA,8429,8746,17511,18894,14129,NA,NA,NA,NA,23332,23533,19630
"STU000483",NA,NA,NA,NA,NA,NA,NA,NA,NA,NA,NA,NA,NA,NA,NA,NA,NA,NA,NA,NA,NA,NA,NA,NA,NA,NA,NA,NA
"STU000484",9897,13425,6806,11490,NA,NA,NA,NA,NA,NA,16355,7460,13439,NA,NA,NA,NA,NA,NA,15907,11483,15870,NA,14453,18464,NA,NA,NA
"STU000485",15850,13333,4627,4410,6757,8797,9113,NA,8173,NA,6140,8017,4719,NA,NA,NA,NA,NA,11653,NA,15533,15344,8959,8145,16061,13755,14458,12810
"STU000486",9193,12168,14827,7515,9480,6477,9902,NA,NA,NA,NA,NA,NA,NA,11495,NA,10460,9957,21036,14087,12813,12467,16306,6893,11615,10756,12211,6417
"STU000487",4861,8263,7399,7745,9155,9315,NA,NA,8510,11330,10508,7726,NA,8059,23169,NA,NA,NA,NA,NA,NA,NA,NA,39158,13399,16972,19443,25905
"STU000488",6288,7030,6709,5817,NA,7000,NA,NA,10520,8592,5907,6551,4892,NA,NA,NA,NA,9695,NA,NA,NA,NA,NA,11354,10709,10291,9325,14124
"STU000489",9532,NA,NA,15737,NA,NA,NA,9735,10519,18130,11537,NA,6215,7298,13355,5522,16860,8964,15804,NA,23391,10457,21563,NA,NA,NA,NA,NA
"STU000490",NA,NA,NA,NA,NA,NA,NA,NA,7234,8440,7853,NA,NA,9176,NA,NA,11448,16979,15544,NA,16280,14545,NA,NA,NA,18077,25901,NA
"STU000491",7897,8502,8040,5809,NA,NA,NA,NA,NA,NA,18907,NA,NA,NA,15419,NA,NA,14876,18615,23267,NA,NA,17827,17698,15809,26559,NA,NA
"STU000492",NA,NA,NA,NA,NA,NA,NA,NA,NA,NA,NA,NA,NA,NA,NA,NA,NA,10510,8800,6515,9063,25409,17513,20109,14249,NA,NA,NA
"STU000493",NA,NA,NA,NA,NA,NA,NA,NA,NA,NA,NA,NA,NA,NA,NA,NA,NA,NA,NA,NA,NA,NA,NA,NA,NA,NA,NA,NA
"STU000494",13258,10689,8640,NA,NA,NA,NA,NA,NA,12293,NA,NA,13432,16910,12195,NA,NA,NA,NA,NA,NA,25195,36596,37444,NA,NA,23136,27038
"STU000495",13445,10901,9724,10561,6655,10053,NA,14909,14597,18822,14780,7317,11838,NA,NA,18630,13766,21351,NA,NA,NA,NA,NA,20408,18967,12992,11847,23310
"STU000496",NA,6316,6077,8629,7396,5728,7291,6040,4163,4725,8643,13282,NA,11629,7761,14784,NA,NA,NA,8385,9943,11124,10923,NA,10838,6727,NA,NA
"STU000497",13403,7986,13703,5787,7053,NA,NA,NA,8038,5795,6094,9392,11866,NA,NA,NA,NA,NA,9198,NA,NA,NA,NA,13502,10667,14448,13809,8164
"STU000498",NA,NA,NA,NA,NA,NA,NA,NA,NA,NA,NA,NA,NA,NA,NA,NA,NA,NA,NA,NA,NA,NA,NA,NA,NA,NA,5683,11100
"STU000499",NA,NA,NA,NA,NA,NA,NA,NA,NA,NA,NA,NA,NA,NA,NA,NA,NA,NA,NA,NA,6625,5301,11609,5791,5334,NA,4779,7696
"STU000500",NA,NA,NA,NA,NA,NA,NA,NA,NA,NA,NA,NA,NA,NA,NA,NA,NA,NA,NA,NA,NA,NA,NA,NA,NA,18119,9814,15878
"STU000501",NA,NA,NA,3740,NA,NA,NA,NA,8171,7028,7705,NA,10172,13016,17517,13625,NA,8502,13303,NA,NA,NA,NA,12809,NA,10271,11917,NA
"STU000502",7705,NA,6967,7914,5712,9239,NA,NA,NA,NA,17931,15114,19368,12878,16842,12450,9408,32366,13960,13515,NA,17046,NA,15673,NA,NA,16815,NA
"STU000503",11552,8228,8648,12992,11184,14842,6838,15186,NA,NA,NA,18857,NA,NA,NA,NA,6850,12539,NA,12443,12223,23920,15924,11308,9578,NA,NA,NA
"STU000504",NA,NA,NA,NA,NA,NA,NA,NA,NA,NA,NA,NA,NA,NA,NA,NA,NA,NA,NA,NA,NA,11705,19901,16920,13643,NA,NA,14053
"STU000505",19187,13821,9297,NA,NA,9155,9337,9183,NA,NA,NA,8151,10619,12599,14190,NA,NA,NA,NA,NA,NA,NA,12286,16378,NA,NA,19613,13871
"STU000506",NA,NA,NA,NA,NA,NA,NA,NA,NA,NA,NA,NA,NA,NA,NA,NA,NA,NA,NA,NA,NA,NA,NA,NA,NA,NA,NA,NA
"STU000507",NA,NA,NA,NA,13273,11863,16005,NA,NA,NA,NA,NA,NA,NA,NA,NA,NA,NA,NA,NA,15330,13975,10523,NA,NA,NA,NA,15351
"STU000508",NA,NA,NA,NA,NA,NA,NA,NA,NA,NA,NA,NA,NA,NA,NA,NA,NA,NA,6725,9904,7034,9429,17188,7670,NA,17616,9504,15285
"STU000509",NA,NA,NA,NA,NA,NA,NA,NA,NA,NA,NA,8439,9829,9191,NA,7957,13508,8088,NA,NA,NA,NA,NA,NA,NA,NA,17303,NA
"STU000510",7842,11716,9653,NA,NA,5240,NA,NA,NA,8219,9233,8857,11675,10168,11802,14372,10010,11499,8909,13729,8289,NA,NA,NA,15032,8304,NA,NA
"STU000511",12932,14855,NA,NA,NA,5644,NA,9012,11007,11932,8772,9969,8115,14775,12279,7178,8521,NA,NA,NA,NA,15703,6006,11861,11554,NA,8201,9777
"STU000512",5919,7706,8486,11404,5000,NA,9163,10689,9523,17562,10082,12742,20374,NA,11815,15153,6932,NA,8962,12554,16842,15503,NA,NA,18879,NA,NA,NA
"STU000513",NA,NA,NA,NA,NA,NA,NA,NA,NA,NA,NA,NA,NA,NA,NA,NA,NA,NA,NA,NA,NA,NA,NA,NA,NA,NA,NA,NA
"STU000514",NA,NA,15018,9883,6645,7445,9227,NA,NA,14629,25808,NA,NA,NA,NA,11653,19246,14730,17242,10899,13664,18636,10141,11074,17803,19900,20847,14723
"STU000515",6809,NA,5037,5253,10948,NA,NA,6090,8646,7444,NA,10425,NA,NA,11353,NA,NA,NA,NA,6903,8263,NA,15297,8473,10412,19823,10258,8498
"STU000516",NA,NA,6999,7901,NA,6842,5910,NA,NA,NA,NA,NA,NA,NA,NA,NA,NA,10322,10582,12702,15168,NA,NA,NA,12604,23107,14247,NA
"STU000517",7401,8872,34386,9144,12103,NA,NA,17441,NA,21142,18708,14354,12177,21281,18513,16845,16050,NA,NA,24281,19321,41958,24149,28411,19919,16593,14676,26563
"STU000518",NA,NA,NA,NA,NA,5930,6605,15635,4977,7113,3825,4829,14498,NA,NA,4974,NA,NA,NA,7615,NA,NA,NA,NA,12517,8726,NA,NA
"STU000519",9237,7400,6634,7688,5722,6442,12727,7924,NA,NA,NA,4115,7592,7541,8339,NA,NA,NA,12560,NA,NA,NA,NA,17263,16474,12664,14056,15303
"STU000520",NA,NA,NA,NA,16398,NA,NA,7821,10727,NA,NA,NA,11306,15024,18327,10464,9786,7302,NA,16236,15586,NA,NA,NA,NA,NA,14310,NA
"STU000521",NA,NA,NA,12797,6470,7986,NA,8946,10008,NA,19256,11811,12319,12140,12256,15576,14476,14723,11506,NA,13214,11136,13378,14450,NA,NA,12405,14405
"STU000522",NA,NA,NA,5975,NA,NA,NA,NA,NA,NA,13476,23224,NA,12507,NA,11654,NA,32416,32417,9851,15544,26740,NA,NA,NA,NA,NA,NA
"STU000523",NA,NA,NA,NA,NA,NA,NA,NA,NA,NA,NA,NA,NA,NA,NA,NA,NA,NA,NA,NA,NA,NA,NA,NA,NA,NA,NA,NA
"STU000524",NA,NA,NA,NA,NA,NA,NA,NA,NA,NA,NA,NA,NA,4814,NA,NA,NA,NA,NA,NA,14182,6340,7140,11592,8861,NA,NA,NA
"STU000525",9470,NA,8955,8581,7310,NA,NA,NA,NA,NA,NA,NA,NA,12529,13700,9894,8802,NA,NA,11891,5526,12973,NA,NA,NA,NA,NA,9873
"STU000526",NA,NA,NA,NA,NA,NA,NA,NA,NA,NA,NA,NA,NA,NA,NA,NA,NA,NA,NA,NA,NA,NA,NA,NA,NA,NA,NA,NA
"STU000527",19842,15802,10578,14513,6256,6905,6013,NA,7178,16144,NA,11945,13195,10805,NA,NA,NA,11625,11890,13728,15406,22086,13532,NA,9599,NA,NA,15676
"STU000528",20740,11993,NA,15868,NA,10280,NA,NA,NA,NA,19264,NA,12533,16294,9988,NA,NA,NA,NA,NA,NA,NA,NA,NA,NA,NA,NA,NA
"STU000529",NA,NA,NA,NA,NA,NA,NA,NA,NA,NA,NA,NA,NA,NA,NA,NA,NA,NA,NA,NA,NA,NA,NA,NA,NA,NA,NA,NA
"STU000530",9893,8668,7215,NA,8021,10846,8768,NA,NA,10254,NA,NA,NA,NA,NA,10554,9299,11030,NA,11723,16490,13964,NA,6736,22103,17863,13361,19910
"STU000531",NA,10571,20795,11105,15375,NA,NA,13417,18683,15300,NA,NA,NA,11834,11807,13992,18962,21778,19363,13741,NA,NA,NA,NA,11938,NA,NA,NA
"STU000532",8244,10093,8025,12643,20966,17932,15993,19186,10697,28093,19665,17065,27000,9902,11653,10397,14263,12187,12791,18061,14333,9590,16664,18895,NA,23401,11436,22386
"STU000533",13960,NA,NA,NA,6078,7038,NA,5468,NA,NA,NA,NA,4887,6850,NA,NA,NA,NA,19967,24425,19531,NA,NA,NA,NA,32391,7141,9354
"STU000534",NA,10881,4856,9743,5605,6972,7416,8296,11778,9504,NA,11160,NA,NA,NA,11588,6744,15272,NA,NA,NA,NA,NA,NA,NA,NA,14547,14862
"STU000535",5780,9887,NA,NA,NA,9402,5620,9641,4407,8273,NA,NA,NA,NA,NA,31242,15323,16882,21743,23314,22918,24307,25119,21237,13420,NA,NA,NA
"STU000536",6484,7458,10973,9244,8274,6989,7579,5292,4155,5489,NA,NA,8716,4488,NA,NA,6466,13415,6806,9472,6113,NA,NA,7564,4342,11094,7691,21694
"STU000537",NA,NA,NA,NA,NA,NA,NA,NA,NA,NA,NA,NA,NA,NA,NA,NA,NA,NA,NA,NA,NA,NA,NA,NA,NA,NA,NA,NA
"STU000538",NA,NA,NA,NA,NA,NA,NA,NA,NA,NA,NA,NA,NA,NA,NA,NA,NA,NA,NA,NA,NA,NA,42900,NA,NA,NA,NA,NA
"STU000539",10010,9280,4612,4869,NA,5656,9889,9016,NA,NA,9770,9367,18605,8591,12805,12649,8256,NA,16249,10178,8726,16589,NA,NA,9881,8060,10972,18385
"STU000540",NA,NA,NA,NA,6412,10452,8036,NA,NA,NA,NA,12799,10150,8596,11481,12171,21373,27936,27083,NA,NA,NA,NA,16886,27125,NA,NA,NA
"STU000541",8967,10523,NA,NA,NA,NA,NA,NA,NA,NA,15875,9909,14781,NA,9203,13470,NA,17734,16822,19140,37681,24330,19847,19267,14254,13482,25843,32148
"STU000542",NA,NA,NA,NA,NA,NA,NA,NA,NA,NA,10569,NA,15758,34909,15702,28095,14333,20831,21985,21648,NA,NA,30148,15090,NA,30016,31531,27367
"STU000543",NA,NA,NA,NA,NA,NA,NA,NA,NA,NA,13879,10807,NA,NA,28461,NA,NA,NA,NA,NA,NA,16234,21369,12665,14858,27142,20296,NA
"STU000544",8662,5887,NA,NA,NA,NA,NA,NA,4876,13290,9618,NA,NA,NA,8291,NA,NA,NA,NA,NA,NA,NA,NA,NA,13555,15890,12816,NA
"STU000545",8212,13009,13616,5717,NA,NA,NA,NA,NA,5030,3896,NA,NA,NA,NA,13300,13029,NA,15720,21672,22162,12014,NA,NA,NA,NA,NA,26273
"STU000546",NA,NA,NA,NA,NA,NA,NA,NA,NA,NA,NA,NA,NA,NA,NA,NA,NA,NA,NA,19674,20103,21363,22695,24044,NA,NA,NA,11933
"STU000547",NA,NA,NA,NA,12316,6189,7663,7863,6919,12413,11135,14786,8771,11372,10860,11474,13684,13651,12998,NA,8403,NA,9911,9504,13108,10306,8401,NA
"STU000548",9398,4634,9512,12967,6749,NA,NA,NA,NA,NA,NA,NA,9130,9028,NA,19955,12993,NA,NA,NA,NA,14391,12183,19075,19322,22685,24472,NA
"STU000549",12363,10710,8674,9299,7044,16740,7053,NA,12155,NA,NA,NA,NA,NA,NA,NA,17923,16024,12943,NA,NA,NA,NA,NA,NA,9474,22615,12800
"STU000550",10670,NA,NA,NA,NA,NA,NA,NA,NA,8121,9811,7379,7841,7513,8985,9973,8028,8963,8020,11953,12559,14217,11397,NA,NA,9715,12041,NA
"STU000551",16085,10465,6417,8545,9832,8735,8885,19975,NA,12295,13522,11211,NA,NA,9552,16114,NA,NA,11712,20639,10439,11170,11618,12440,13535,24329,15842,NA
"STU000552",10215,10921,6169,9065,11221,9582,NA,NA,10420,5903,10922,15307,7908,12846,15632,20439,NA,NA,9499,8357,9742,20049,10030,7774,15598,NA,NA,15144
"STU000553",9845,9218,NA,10708,10518,NA,NA,NA,NA,NA,NA,NA,NA,10920,NA,10973,NA,NA,NA,NA,NA,7332,NA,NA,13767,19829,11772,NA
"STU000554",NA,NA,NA,9192,9542,6864,NA,11676,7168,6541,NA,NA,NA,NA,NA,10481,6587,11373,12986,8616,9873,8112,NA,NA,8739,11980,12335,14166
"STU000555",8174,8275,5656,10200,9286,8093,9097,9667,14266,9029,11511,12911,NA,6506,4877,NA,NA,6363,7426,7073,NA,NA,NA,NA,9052,12220,9163,11082
"STU000556",8227,17170,5997,4496,6849,NA,24560,11087,NA,NA,8833,NA,NA,10589,14352,NA,NA,NA,21738,13135,NA,NA,NA,11612,NA,NA,19482,16078
"STU000557",7004,8842,NA,NA,5559,3478,NA,NA,NA,4962,NA,NA,4951,7615,5859,8757,12686,7149,12828,10886,10150,NA,10228,11528,11608,11358,15008,12236
"STU000558",NA,NA,NA,NA,NA,NA,NA,NA,NA,NA,4923,8250,12300,8015,12235,9538,8462,13866,12471,8377,7558,NA,NA,NA,NA,NA,NA,NA
"STU000559",NA,NA,11870,NA,NA,NA,NA,17180,6042,NA,11527,16135,11657,9130,13079,8421,18005,7223,16875,13039,15883,9417,13225,11125,12425,11932,16649,9439
"STU000560",10918,10896,NA,5986,NA,NA,6910,NA,NA,NA,NA,NA,NA,NA,NA,6793,NA,NA,NA,27413,18350,23044,NA,14498,16195,18607,NA,17093
"STU000561",9572,13347,NA,14225,8065,16101,12212,9850,9039,10611,9950,16742,8451,NA,9971,7562,13318,21172,10395,12824,10049,8314,6442,8348,9672,9758,12526,23083
"STU000562",NA,NA,NA,NA,NA,NA,NA,NA,NA,NA,NA,NA,18231,NA,9867,15365,NA,NA,13907,10816,19841,13570,NA,13209,NA,NA,NA,NA
"STU000563",15558,22715,10957,9271,16806,13989,16336,14520,10161,7901,10209,NA,14663,11162,NA,NA,NA,24247,18055,35249,27520,24352,17501,23498,20274,17380,NA,NA
"STU000564",6147,3923,6737,NA,NA,NA,NA,NA,NA,NA,8142,NA,8045,5878,7491,8960,9103,4765,7287,11636,NA,NA,7076,7500,NA,NA,10108,4662
"STU000565",NA,NA,NA,NA,NA,NA,NA,NA,NA,NA,NA,NA,NA,NA,NA,NA,NA,NA,NA,NA,NA,NA,NA,16965,19297,16596,16538,NA
"STU000566",NA,NA,NA,NA,NA,NA,NA,NA,NA,NA,NA,NA,NA,NA,NA,NA,NA,NA,15196,12184,10118,7670,10603,16799,NA,NA,11902,NA
"STU000567",NA,NA,NA,NA,7313,NA,NA,NA,NA,5728,8166,9067,9015,NA,NA,NA,7536,NA,NA,26253,10857,9732,NA,NA,10387,10139,12905,15606
"STU000568",9649,8124,11134,13265,NA,NA,7919,6074,8376,9345,6437,NA,11025,6711,10341,14454,11927,6398,13745,14771,NA,14250,NA,NA,NA,9643,10203,10782
"STU000569",9100,NA,5835,4754,4001,6823,6981,13238,13923,15590,11888,10631,16897,16478,NA,NA,11337,12212,15305,11834,16953,18158,15042,10784,13594,17612,14447,9617
"STU000570",12901,14231,10642,8680,NA,NA,10466,13099,11051,8867,10320,13388,8759,6050,11734,8302,11739,7260,10469,6959,8250,13078,8173,9884,10954,12101,14321,7987
"STU000571",NA,NA,NA,NA,NA,NA,NA,11288,11241,11366,NA,NA,NA,16511,NA,NA,NA,NA,25565,11525,22485,20513,15524,20395,13754,18267,19417,16805
"STU000572",NA,NA,NA,7988,11490,13964,13334,5633,NA,11359,NA,NA,18111,14171,11557,9224,18335,11689,15916,NA,NA,NA,13504,10007,NA,NA,NA,11743
"STU000573",NA,NA,NA,NA,17155,8758,NA,NA,NA,NA,NA,NA,8186,7902,8594,16783,10979,9464,5149,10014,13282,6460,NA,NA,NA,8572,11494,15326
"STU000574",NA,NA,NA,NA,NA,NA,NA,NA,NA,NA,NA,NA,NA,NA,NA,NA,NA,NA,NA,NA,NA,NA,13821,9330,12766,NA,NA,NA
"STU000575",8015,7540,11215,8941,13671,10630,7263,8924,9599,12821,11463,13752,NA,4471,9767,NA,NA,NA,NA,NA,18584,13718,9990,17510,11583,20685,13633,11312
"STU000576",10185,7118,NA,7264,6297,8356,NA,10815,15929,17299,20943,14247,NA,NA,NA,NA,NA,13067,15455,NA,26809,NA,NA,NA,13792,NA,NA,14856
"STU000577",NA,NA,NA,NA,NA,13679,12311,10594,NA,NA,NA,14619,NA,14718,NA,24903,27245,36306,23093,NA,27168,NA,27216,27799,33259,21860,32113,35060
"STU000578",NA,NA,NA,NA,NA,NA,NA,NA,NA,NA,NA,NA,NA,NA,NA,NA,7073,6004,NA,6901,6214,4515,NA,NA,NA,NA,4699,5783
"STU000579",14672,NA,NA,NA,NA,10721,NA,NA,NA,NA,NA,NA,NA,NA,NA,11932,12133,10077,13949,15489,NA,NA,7531,NA,NA,13409,11264,NA
"STU000580",9551,14902,NA,NA,NA,NA,NA,NA,NA,NA,NA,NA,14575,9328,13888,13517,10037,12900,11718,10159,NA,8894,9273,NA,NA,NA,NA,NA
"STU000581",11437,17336,NA,11884,9337,4219,8853,NA,NA,11433,11250,7699,NA,NA,21638,NA,NA,NA,NA,NA,NA,19941,18534,13055,18771,23207,18363,13410
"STU000582",NA,NA,NA,NA,NA,6724,NA,NA,NA,NA,NA,5809,NA,NA,NA,4317,4756,NA,14341,10929,6994,9934,5939,NA,NA,6858,9457,5848
"STU000583",NA,NA,NA,12098,7442,6794,NA,NA,4164,9196,5423,10052,NA,6803,NA,NA,14396,6613,5163,NA,NA,NA,NA,NA,NA,NA,12136,NA
"STU000584",NA,NA,NA,NA,NA,NA,NA,NA,NA,NA,NA,NA,NA,NA,NA,NA,NA,NA,NA,NA,NA,NA,NA,NA,NA,NA,NA,NA
"STU000585",NA,8511,8678,4505,NA,NA,NA,15569,12990,NA,15806,11419,16845,10109,NA,NA,NA,NA,10415,14144,NA,NA,NA,NA,14270,14659,14530,12549
"STU000586",NA,NA,NA,NA,NA,17236,10610,11624,12621,NA,13444,NA,13333,7274,NA,NA,NA,11459,15452,NA,14356,14416,10719,14376,7695,13304,NA,NA
"STU000587",NA,9917,NA,NA,NA,NA,NA,NA,NA,12146,8452,15112,NA,9111,10795,11845,11615,11021,10033,14804,15148,NA,NA,NA,NA,NA,NA,12336
"STU000588",8730,12455,11778,11420,8639,NA,12124,7780,18468,27282,26180,27069,NA,23311,21200,NA,NA,NA,21083,NA,25114,NA,NA,NA,NA,NA,NA,NA
"STU000589",NA,NA,NA,3850,6092,7235,NA,NA,NA,NA,NA,NA,NA,NA,9408,9164,18737,13347,20220,11365,NA,10779,14020,NA,NA,NA,NA,NA
"STU000590",12309,6271,10456,16043,8614,9049,4958,NA,NA,NA,NA,7520,10943,8758,17427,11328,13410,NA,NA,NA,NA,NA,NA,NA,17169,19057,11317,22285
"STU000591",7973,10133,12007,8400,12974,12995,8364,11712,14875,NA,13027,14673,9113,11903,10626,13172,9699,13089,10762,15728,13068,9098,14969,NA,NA,13935,9920,NA
"STU000592",13213,12088,11481,NA,NA,NA,NA,NA,NA,NA,NA,NA,NA,32091,23874,NA,NA,NA,17489,19023,29371,28792,NA,NA,NA,NA,NA,NA
"STU000593",5475,8390,NA,NA,NA,NA,10515,6057,12579,6058,NA,NA,NA,NA,16154,9777,24853,13208,NA,19247,19136,23390,18093,11785,16729,19864,NA,NA
"STU000594",10410,6444,NA,NA,NA,NA,NA,NA,NA,NA,NA,NA,12029,9091,26553,NA,NA,25658,15206,18577,25304,19692,23599,13934,NA,21197,28522,22426
"STU000595",NA,NA,NA,NA,NA,NA,NA,NA,NA,NA,NA,NA,NA,NA,NA,NA,NA,NA,NA,NA,NA,NA,NA,NA,NA,NA,NA,NA
"STU000596",13002,11196,8502,12326,NA,NA,11984,9461,NA,13016,11660,16257,9043,14857,16881,7126,9856,9895,6966,11606,13473,11608,12978,10639,14411,NA,NA,NA
"STU000597",NA,NA,NA,NA,NA,NA,NA,NA,NA,NA,NA,NA,NA,NA,NA,NA,NA,NA,NA,NA,NA,NA,NA,NA,NA,NA,NA,NA
"STU000598",15612,7094,19650,5519,NA,NA,12833,NA,NA,16788,13907,NA,NA,NA,NA,14883,9915,9118,12175,12931,8351,18023,7658,11217,NA,14270,8284,10512
"STU000599",NA,NA,3021,4045,5742,5232,7351,5111,9846,6795,7357,9743,6995,9310,NA,12102,NA,14332,NA,NA,NA,NA,10429,7428,7732,11330,NA,NA
"STU000600",9695,NA,NA,NA,NA,10749,NA,NA,NA,30905,10153,16094,17259,14716,28006,10396,13427,18783,NA,17974,20012,28014,14110,13250,20458,NA,14092,17640
"STU000601",7768,12998,12289,7376,7397,10785,12706,11853,13394,15163,14786,NA,NA,NA,NA,13707,8903,12028,10987,17911,NA,NA,NA,NA,NA,NA,NA,NA
"STU000602",3918,NA,3993,6976,7137,6072,NA,NA,NA,NA,NA,NA,NA,NA,NA,3699,NA,NA,NA,NA,NA,NA,12416,NA,NA,NA,NA,20977
"STU000603",11257,9617,9926,11887,9554,NA,NA,NA,11833,NA,NA,NA,NA,NA,NA,NA,NA,NA,8688,8698,10936,9219,NA,6131,9096,18039,11774,13388
"STU000604",9655,9328,4316,11581,8707,15614,11572,12364,11071,6571,11714,12254,16544,9370,11606,10705,NA,8493,13918,19628,8348,10328,11649,NA,NA,14553,12122,17407
"STU000605",9215,6504,5819,9490,7872,10220,4678,NA,10008,NA,NA,NA,NA,NA,NA,4558,7849,6875,10703,9013,NA,NA,NA,11962,6970,8058,12178,5851
"STU000606",NA,NA,NA,NA,NA,NA,NA,NA,NA,NA,NA,NA,NA,NA,NA,NA,13255,29145,17569,21543,17962,14380,15523,13234,21987,13796,18674,32796
"STU000607",6062,5837,NA,4580,NA,NA,NA,9666,12264,3325,9835,NA,10276,NA,NA,NA,NA,8928,13705,NA,NA,NA,11191,15970,NA,NA,NA,NA
"STU000608",5027,NA,NA,NA,NA,6840,NA,NA,NA,NA,NA,NA,11309,16692,NA,NA,NA,NA,NA,10879,22341,11979,24391,NA,NA,NA,12337,21262
"STU000609",NA,NA,NA,NA,NA,NA,NA,NA,NA,NA,NA,NA,NA,NA,NA,NA,NA,NA,NA,NA,NA,NA,NA,NA,NA,NA,NA,31860
"STU000610",NA,NA,NA,NA,14380,NA,NA,11268,9064,9376,6923,16269,NA,9765,NA,7334,24601,18603,18187,24681,14951,20254,35528,21292,24537,11240,26135,18230
"STU000611",NA,NA,NA,NA,NA,NA,NA,NA,NA,NA,NA,NA,NA,NA,NA,NA,NA,NA,NA,NA,NA,NA,NA,NA,NA,22357,24938,NA
"STU000612",NA,NA,NA,NA,NA,NA,NA,NA,NA,NA,NA,NA,NA,NA,NA,NA,NA,NA,12628,13256,9499,10544,7776,15064,10502,11320,18200,NA
"STU000613",NA,NA,NA,6071,6807,5884,12027,12303,8170,7678,6130,8154,NA,NA,NA,NA,NA,NA,NA,NA,NA,7052,NA,NA,NA,9951,10022,16780
"STU000614",NA,NA,NA,NA,NA,NA,NA,NA,NA,NA,NA,NA,NA,9266,28877,15015,27093,22423,15209,34664,25085,26714,10190,NA,NA,19933,18298,25397
"STU000615",NA,NA,NA,8825,9340,8233,9895,10361,9183,9651,10394,NA,NA,14023,9865,10843,NA,NA,NA,13637,6260,8777,8772,14626,10142,6876,NA,8944
"STU000616",4722,9863,6786,4250,6259,13148,13729,14731,16796,12173,NA,15648,13038,17494,10904,11547,NA,16143,15961,19187,NA,NA,7963,16262,9053,10955,15900,14515
"STU000617",8822,8128,6696,6931,7941,6581,7888,NA,NA,11990,7729,10673,6495,11069,NA,15569,11515,6654,NA,NA,NA,NA,NA,NA,12963,12936,NA,NA
"STU000618",NA,NA,NA,NA,4546,NA,NA,9922,18076,8966,10543,6722,11133,16117,18044,8494,NA,NA,NA,NA,NA,10804,NA,NA,8006,7728,NA,NA
"STU000619",6339,4619,6203,NA,10964,4946,NA,7762,7986,14881,8263,6092,6522,10861,NA,NA,NA,NA,NA,13552,16976,NA,9493,NA,NA,12155,9767,22447
"STU000620",12944,11156,8264,9919,9289,7068,NA,NA,NA,12462,15465,10179,9907,10357,12310,NA,NA,11646,NA,10310,NA,NA,8856,NA,10507,NA,NA,10253
"STU000621",12192,14289,NA,NA,22658,NA,NA,NA,NA,17854,16468,13965,NA,NA,9664,8580,10922,NA,19448,14304,9621,NA,10172,10376,15224,6507,16015,12565
"STU000622",11788,8988,12472,17149,11256,8796,11481,6417,NA,NA,10626,10125,7964,8902,NA,NA,NA,16865,NA,18067,9542,16168,20429,12965,14668,NA,NA,NA
"STU000623",NA,NA,5213,4141,12682,NA,NA,NA,11817,7307,10887,9314,7025,9814,10187,12557,6908,NA,NA,NA,NA,NA,NA,NA,NA,NA,NA,NA
"STU000624",NA,NA,NA,NA,NA,NA,NA,NA,NA,NA,NA,NA,12967,NA,NA,NA,18052,20092,12808,12826,15058,9755,12790,8987,13668,NA,NA,NA
"STU000625",NA,NA,NA,7859,8493,10301,6027,8034,9195,6555,9047,9924,NA,NA,NA,NA,18302,7334,11391,11226,11134,8498,NA,NA,NA,12101,12851,8894
"STU000626",NA,NA,NA,NA,12294,18162,9551,15806,19401,NA,NA,NA,11869,17188,14864,NA,NA,17421,26242,16889,29493,15941,14411,29111,18112,NA,23170,NA
"STU000627",10947,8827,11117,NA,8845,6065,4520,6368,10790,7323,NA,NA,NA,NA,NA,NA,NA,8172,15393,12302,NA,NA,NA,NA,10646,18657,12379,NA
"STU000628",NA,NA,11701,9767,8217,8424,14751,NA,NA,9783,9921,NA,11067,10163,11210,13734,13742,8406,NA,NA,NA,13631,NA,19716,10559,14786,NA,12509
"STU000629",10540,NA,NA,NA,6908,10978,6802,20576,9613,11335,8405,5500,9588,8729,11466,14823,11014,12582,NA,NA,NA,11009,10850,11914,9083,12754,14270,8948
"STU000630",8013,NA,NA,NA,NA,NA,NA,NA,7881,NA,NA,6552,4478,13940,NA,NA,5627,9445,11285,16124,7490,18335,NA,NA,NA,NA,NA,NA
"STU000631",NA,NA,NA,NA,NA,NA,NA,NA,NA,NA,NA,NA,NA,NA,NA,NA,NA,7230,9596,12467,NA,NA,13542,13605,13738,NA,17594,11731
"STU000632",NA,NA,NA,NA,NA,NA,NA,NA,NA,NA,NA,NA,NA,NA,NA,NA,NA,NA,NA,NA,11867,24431,NA,14320,NA,8114,16795,23406
"STU000633",12943,10026,15070,10316,NA,NA,NA,NA,NA,12018,NA,NA,NA,NA,NA,NA,NA,NA,NA,NA,NA,NA,20700,8880,NA,NA,12664,14937
"STU000634",NA,NA,NA,NA,NA,NA,NA,NA,NA,NA,NA,NA,NA,NA,NA,NA,NA,NA,NA,NA,NA,NA,NA,NA,NA,NA,NA,NA
"STU000635",NA,NA,7841,8352,NA,NA,NA,NA,NA,NA,NA,NA,NA,8905,13182,9098,NA,NA,NA,NA,NA,NA,NA,NA,NA,NA,NA,10738
"STU000636",NA,NA,NA,NA,NA,NA,NA,NA,NA,NA,NA,NA,NA,5725,NA,NA,21071,NA,NA,NA,NA,NA,NA,NA,35731,23588,NA,NA
"STU000637",3086,3628,10113,13145,6374,12871,8180,13205,11952,5738,11766,NA,NA,NA,NA,NA,NA,NA,NA,NA,12200,10618,8864,14152,10153,15624,10044,13123
"STU000638",5541,4604,4917,NA,11211,5810,NA,NA,NA,NA,NA,11154,NA,NA,NA,NA,NA,NA,NA,NA,NA,9705,NA,NA,NA,NA,NA,NA
"STU000639",19989,7244,11622,9201,6688,5224,9841,NA,NA,16309,NA,NA,14563,11496,7943,8106,13194,8023,NA,NA,11671,9991,26746,NA,7882,17066,14376,12833
"STU000640",NA,NA,NA,11644,NA,NA,NA,NA,4946,NA,NA,NA,NA,NA,10857,11420,12307,10158,19452,13012,14023,15901,10680,11777,8860,15169,20132,14086
"STU000641",9291,8056,8853,4886,7905,8426,7426,7351,NA,NA,NA,10916,20737,NA,NA,13846,17671,NA,18332,21094,NA,NA,NA,NA,17762,NA,22160,19822
"STU000642",10383,7590,10815,NA,NA,NA,NA,NA,NA,11220,8973,12319,12376,9888,8574,10822,9057,16354,NA,NA,NA,NA,22311,NA,21353,16659,17835,NA
"STU000643",NA,NA,NA,NA,NA,NA,NA,NA,NA,NA,NA,NA,3417,6719,9999,NA,NA,NA,8991,6229,NA,NA,NA,17219,22992,NA,8538,24452
"STU000644",13046,12010,10837,14749,8179,4675,7219,7032,4993,NA,NA,NA,NA,10758,NA,NA,10155,10962,NA,NA,8860,12558,13861,14984,12118,10494,11866,NA
"STU000645",14665,11807,8811,12178,7868,9135,13582,10928,NA,NA,NA,NA,NA,NA,NA,NA,NA,NA,NA,15612,11964,9720,15433,10774,17415,NA,NA,NA
"STU000646",4172,5586,NA,NA,NA,NA,NA,NA,NA,NA,13513,NA,NA,NA,5841,17513,15161,11498,NA,NA,NA,NA,NA,NA,NA,NA,16271,18774
"STU000647",NA,NA,NA,NA,NA,NA,NA,NA,NA,NA,NA,12325,NA,NA,NA,NA,16254,19942,19421,8054,11590,12735,18014,21995,19189,34879,9674,NA
"STU000648",14099,17954,11838,NA,8395,13972,10413,12270,12152,6905,9639,NA,NA,NA,6738,8520,13227,19398,22314,23870,NA,NA,NA,NA,13808,19415,18308,14639
"STU000649",15096,14186,6042,8500,4889,NA,NA,NA,5567,9787,14973,8228,9086,12291,NA,NA,NA,NA,NA,NA,12160,15683,NA,NA,NA,NA,NA,NA
"STU000650",8918,15513,9824,NA,NA,7383,NA,NA,NA,NA,9289,NA,NA,NA,11558,11132,9696,NA,NA,NA,17919,7211,12451,9852,7591,11180,NA,NA
"STU000651",6455,9840,9167,8186,5409,12123,5563,8283,7558,7481,NA,NA,7959,7389,NA,NA,14731,8874,10574,11624,NA,NA,NA,NA,9531,9291,7934,NA
"STU000652",6650,NA,NA,NA,NA,NA,NA,NA,NA,NA,19074,NA,NA,NA,NA,8832,9173,16040,12942,12267,31678,10068,12466,17790,NA,NA,NA,NA
"STU000653",9958,12122,8290,7620,6574,5643,5853,7055,10705,NA,NA,NA,8156,10467,9998,13461,18960,10434,14294,17962,21712,12399,16172,16190,NA,NA,NA,NA
"STU000654",NA,6953,11342,7780,NA,7159,6739,11362,5417,NA,NA,NA,NA,8618,8962,8260,13883,7211,9360,NA,8606,10362,7824,8972,12227,11543,10574,10187
"STU000655",14227,NA,NA,NA,NA,NA,7389,10345,7562,NA,NA,NA,11940,NA,NA,NA,NA,NA,NA,16805,18157,NA,29895,14087,NA,NA,NA,NA
"STU000656",6929,NA,NA,NA,5048,7684,NA,NA,NA,NA,NA,NA,NA,NA,NA,NA,4841,16845,13988,8435,8065,9189,9536,3908,13170,11481,7570,20035
"STU000657",6850,7059,5399,6647,NA,NA,5072,9158,NA,NA,NA,NA,5581,7654,7386,21195,13371,NA,NA,22783,11640,9940,9365,NA,NA,NA,10637,13808
"STU000658",NA,NA,NA,NA,NA,NA,NA,10564,NA,6194,10194,12603,6917,6340,10694,NA,NA,NA,NA,10420,16780,11035,26893,3928,8524,10659,11252,17666
"STU000659",10691,NA,NA,NA,NA,NA,13926,16238,10746,NA,NA,20177,14218,21582,NA,NA,14336,8962,16031,NA,NA,16487,14211,25688,15441,NA,NA,NA
"STU000660",NA,NA,NA,NA,NA,NA,NA,NA,NA,9161,6442,16808,6680,6238,NA,NA,14231,5611,14434,NA,8828,7010,20194,8920,9507,9163,8617,NA
"STU000661",7784,7542,6150,6174,7660,NA,5403,5520,6183,6252,NA,NA,NA,NA,10107,NA,NA,NA,8712,NA,10382,12530,8046,NA,NA,8682,10043,6967
"STU000662",11378,7053,8797,NA,3990,4236,15144,4000,4412,5707,4669,5135,NA,NA,9598,8204,NA,NA,NA,NA,16368,7307,8787,9594,NA,NA,NA,NA
"STU000663",9413,7223,11184,NA,12174,9293,NA,10886,9211,7509,12789,12960,15780,NA,NA,16388,9261,8732,16715,NA,NA,11026,10158,7543,8811,14363,10791,NA
"STU000664",13704,9896,11212,11345,NA,NA,NA,NA,4999,12261,5657,8848,NA,7675,9285,7099,9495,12718,14500,10798,9878,NA,NA,10635,15720,10476,9183,12929
"STU000665",NA,NA,NA,NA,NA,NA,NA,NA,NA,NA,NA,NA,NA,NA,NA,NA,NA,NA,NA,NA,NA,NA,NA,NA,NA,NA,NA,NA
"STU000666",8858,9486,8908,11523,12789,14662,16732,12515,12206,10862,19558,8784,11491,12295,15356,NA,NA,NA,NA,NA,NA,NA,NA,NA,12318,12329,16140,NA
"STU000667",NA,NA,NA,NA,NA,NA,NA,NA,18512,21007,NA,NA,10811,12807,NA,20840,44180,30032,15157,NA,34208,18185,14049,22942,26381,48075,15787,NA
"STU000668",5182,NA,3891,NA,NA,4165,4181,NA,3617,6999,NA,NA,NA,NA,NA,NA,NA,NA,NA,NA,NA,NA,NA,NA,NA,12635,13980,13923
"STU000669",NA,NA,NA,9039,NA,NA,8503,5941,9842,5626,10652,5904,NA,8775,NA,NA,NA,7504,5397,NA,NA,NA,NA,14122,10965,9279,NA,6667
"STU000670",NA,NA,NA,NA,NA,NA,NA,NA,NA,NA,NA,NA,NA,NA,NA,NA,NA,NA,NA,NA,NA,NA,NA,NA,18588,12658,14256,16158
"STU000671",8793,13234,9977,NA,NA,NA,NA,NA,NA,NA,NA,NA,17235,NA,NA,NA,NA,NA,19542,25468,28584,17763,24509,15242,26522,25470,21804,31074
"STU000672",12627,6198,6254,5353,5240,8436,14350,11070,NA,NA,NA,NA,NA,10972,9643,NA,NA,NA,NA,15319,14085,14509,NA,NA,14970,8181,11691,12583
"STU000673",6046,7195,7485,7385,6224,NA,7854,NA,10019,12786,NA,NA,NA,8938,NA,NA,NA,NA,10395,NA,NA,NA,NA,16133,15885,20070,17965,13302
"STU000674",4416,3406,8133,13410,4941,6164,5698,NA,7706,NA,NA,6211,7572,NA,NA,NA,NA,NA,NA,NA,NA,6197,15001,NA,NA,NA,NA,9657
"STU000675",NA,NA,NA,NA,NA,NA,NA,NA,NA,NA,NA,NA,NA,NA,NA,NA,NA,NA,NA,NA,NA,NA,NA,NA,NA,NA,25017,16975
"STU000676",14511,7926,NA,NA,NA,5332,7672,9578,7712,7237,NA,NA,NA,NA,NA,13636,10580,18411,NA,NA,NA,NA,NA,NA,NA,NA,NA,NA
"STU000677",NA,NA,NA,NA,NA,NA,NA,NA,NA,NA,NA,NA,NA,21854,14566,13876,23324,NA,NA,NA,NA,NA,NA,23434,20425,24872,NA,NA
"STU000678",NA,NA,NA,NA,NA,NA,NA,NA,NA,NA,NA,NA,NA,NA,NA,NA,NA,6543,10791,12467,10087,8496,10194,13231,NA,NA,NA,14793
"STU000679",NA,11317,13710,7756,NA,NA,NA,14137,NA,NA,NA,NA,NA,14815,7944,12755,NA,NA,13443,NA,13518,NA,NA,9271,18085,10945,13480,NA
"STU000680",8103,NA,5683,NA,NA,NA,5386,8408,7842,7536,14468,7844,11337,9852,NA,11449,8874,8222,8811,5966,7005,9263,10144,13207,9877,8837,NA,NA
"STU000681",NA,NA,NA,NA,NA,NA,NA,8142,14934,9332,14561,12759,11922,19305,13284,NA,25510,11090,11219,32208,17694,9029,12149,19902,NA,NA,NA,NA
"STU000682",NA,14803,9010,10494,6392,5737,8696,6057,10539,NA,NA,NA,10966,NA,NA,13657,8808,NA,NA,13734,NA,NA,12147,9519,17647,NA,NA,NA
"STU000683",10901,NA,NA,NA,NA,14872,11947,9446,14044,NA,NA,NA,7418,NA,NA,NA,NA,NA,NA,NA,NA,30710,NA,25958,NA,NA,29162,31430
"STU000684",8853,13302,7482,16378,5338,NA,NA,18643,8797,12139,NA,10583,NA,5096,8253,12593,17444,20040,19321,13903,9195,15979,NA,NA,NA,NA,NA,19207
"STU000685",NA,NA,NA,NA,NA,NA,NA,NA,NA,NA,NA,NA,NA,NA,NA,NA,NA,NA,NA,NA,NA,NA,NA,NA,NA,NA,NA,NA
"STU000686",NA,NA,NA,NA,NA,NA,NA,5574,8740,10058,NA,NA,19100,6282,13257,7854,10195,9768,7610,12178,10678,11512,12964,15391,16925,17554,13214,16843
"STU000687",6649,5739,10185,NA,NA,6435,15583,13249,13124,9771,12154,15412,NA,NA,NA,NA,14952,12456,18615,22435,NA,17893,17217,13870,14562,20328,NA,NA
"STU000688",NA,NA,NA,NA,NA,NA,NA,NA,NA,NA,NA,NA,NA,NA,NA,NA,NA,NA,NA,11735,NA,NA,NA,18393,12509,NA,NA,NA
"STU000689",NA,NA,NA,12722,6522,NA,7694,NA,NA,NA,NA,8863,NA,NA,8913,10649,12710,15922,NA,NA,14504,9503,11081,NA,15240,8931,9816,12865
"STU000690",7032,11295,11196,NA,NA,12285,14518,NA,NA,20158,26816,12657,18491,14919,17560,30913,20476,NA,21970,20263,37864,NA,25234,20248,22953,17229,13924,18994
"STU000691",4622,4693,3722,3882,NA,8746,4939,7311,9201,7052,NA,NA,NA,10369,NA,NA,NA,7927,13210,NA,NA,NA,16777,9576,13766,12995,7284,14991
"STU000692",10581,9677,10732,8477,NA,NA,NA,10679,NA,NA,NA,8660,NA,NA,NA,NA,8496,9987,12754,18128,20697,23900,13828,15753,22079,18321,NA,30890
"STU000693",6041,6806,7896,7596,7238,10690,9197,7049,6248,8059,9046,11603,NA,NA,6739,NA,9689,10646,7915,NA,10377,NA,NA,9845,15202,8042,8542,NA
"STU000694",7270,9162,6557,NA,NA,NA,NA,5319,NA,4190,NA,NA,NA,7134,11307,10272,6263,8998,5259,NA,8713,7609,10677,34482,NA,21057,20209,NA
"STU000695",NA,NA,NA,NA,6597,7575,5172,7628,6771,NA,NA,NA,8142,NA,8803,9440,NA,13452,12376,NA,NA,NA,12525,19482,9809,11578,14743,13788
"STU000696",12706,NA,NA,6831,8172,12617,NA,NA,NA,11313,22239,NA,NA,25706,20004,19519,18421,NA,14761,20099,20426,NA,10793,22743,NA,NA,NA,NA
"STU000697",7874,10683,10343,7622,4979,4010,9031,6086,NA,NA,8649,9566,NA,NA,NA,NA,NA,NA,NA,NA,15135,19119,NA,NA,NA,NA,NA,NA
"STU000698",NA,NA,NA,NA,5886,7506,NA,NA,5279,10652,9863,6785,11192,11233,8909,NA,8109,8355,20479,14020,NA,12432,9040,15411,7908,NA,NA,7232
"STU000699",6467,10786,11071,10760,6143,4757,NA,NA,NA,14769,15247,10015,12576,14788,14062,12661,13448,12125,13028,9570,19695,NA,NA,11491,16329,16055,22277,19021
"STU000700",NA,NA,NA,NA,NA,11233,NA,8960,6630,11411,9781,5569,9817,NA,NA,18004,12408,NA,NA,NA,13554,8774,15210,9042,15616,10831,15710,11936
"STU000701",NA,NA,NA,NA,NA,NA,NA,NA,NA,NA,NA,NA,NA,NA,NA,NA,NA,NA,NA,NA,NA,16149,12307,11383,NA,13072,36489,17852
"STU000702",NA,NA,NA,6079,7863,3270,NA,NA,NA,NA,5525,6954,NA,NA,NA,9381,10320,NA,12913,13748,11326,12495,11421,NA,11952,8695,12311,9920
"STU000703",5362,9392,6856,9191,NA,6756,NA,NA,8739,6951,NA,NA,10461,9139,NA,NA,7338,8330,8941,11165,13349,11292,8674,17567,12047,8979,NA,NA
"STU000704",NA,NA,NA,NA,11722,10846,9623,9888,NA,NA,15277,NA,6999,11301,NA,NA,NA,NA,9435,5994,11400,9006,7706,13319,12108,10845,11440,13070
"STU000705",6450,5152,NA,NA,6952,11401,NA,NA,NA,NA,NA,NA,6808,4419,NA,14052,NA,NA,9146,8367,NA,NA,NA,NA,NA,NA,8073,NA
"STU000706",8499,13451,14012,9238,NA,NA,NA,NA,NA,NA,NA,NA,NA,14629,4139,10810,9043,11559,16167,17185,10627,7489,13475,NA,NA,NA,NA,NA
"STU000707",14248,5057,5184,6857,6618,NA,NA,8774,NA,NA,10937,15446,11447,13725,11441,NA,8942,NA,NA,11154,7309,17036,10934,15906,15210,16534,16581,11701
"STU000708",5082,NA,NA,NA,NA,7260,7064,8578,7310,8198,NA,8442,6504,7580,NA,NA,10996,NA,NA,NA,NA,NA,9448,NA,8199,28086,17782,11867
"STU000709",NA,NA,NA,NA,NA,4027,NA,NA,6326,NA,10971,13321,11169,8415,8989,13695,NA,NA,NA,NA,NA,11148,12414,6142,11022,16135,NA,NA
"STU000710",NA,NA,16516,13416,15177,11035,18065,13277,29908,14021,18989,7757,16663,13043,20746,NA,13782,23584,21004,22536,NA,NA,NA,NA,NA,NA,NA,11151
"STU000711",NA,NA,NA,NA,NA,NA,NA,NA,NA,NA,6595,8769,15700,NA,NA,NA,NA,NA,NA,18447,13275,NA,NA,NA,NA,NA,NA,NA
"STU000712",NA,NA,NA,8295,8938,9952,NA,NA,NA,NA,NA,NA,5833,NA,NA,NA,NA,NA,17769,16143,16105,13646,NA,15004,13419,NA,NA,NA
"STU000713",NA,NA,NA,NA,NA,NA,NA,NA,NA,NA,NA,NA,NA,NA,NA,NA,NA,NA,NA,NA,NA,22915,19173,41115,NA,NA,NA,17139
"STU000714",NA,NA,NA,NA,NA,NA,NA,NA,NA,NA,NA,NA,NA,NA,NA,NA,NA,NA,NA,NA,NA,NA,NA,NA,NA,NA,NA,NA
"STU000715",NA,NA,NA,NA,5143,6249,5531,5389,NA,5751,NA,3347,NA,NA,NA,4014,9099,NA,5874,NA,NA,NA,NA,NA,NA,8440,10714,17941
"STU000716",10269,NA,NA,6249,7700,9403,9778,10905,5458,13921,10000,NA,10870,11508,5780,9178,8861,9831,16170,10608,9990,13770,NA,11614,8041,7926,9349,9126
"STU000717",5272,5804,NA,NA,9099,7659,NA,6963,13178,NA,13398,7925,11666,9374,7802,10683,NA,10391,12486,14421,17066,12242,14907,15491,13233,19151,12843,8099
"STU000718",8215,15025,16722,8274,6201,6967,NA,NA,NA,NA,NA,NA,10017,12402,9886,NA,NA,NA,15721,11559,13581,7143,12461,NA,NA,NA,NA,15638
"STU000719",NA,NA,NA,NA,NA,NA,NA,NA,NA,NA,NA,NA,NA,NA,NA,NA,NA,NA,NA,NA,NA,NA,NA,NA,NA,NA,NA,NA
"STU000720",NA,NA,NA,NA,6854,13426,6403,12248,9556,14092,10914,NA,NA,NA,10852,16012,15822,10525,8419,11318,15328,17623,8833,12301,12005,15424,13733,8250
"STU000721",NA,8855,NA,NA,NA,6032,NA,NA,NA,19343,9030,NA,NA,NA,NA,NA,NA,NA,18183,27526,20221,NA,11275,10493,27822,14011,20943,NA
"STU000722",NA,NA,10617,7005,NA,NA,9914,8806,8315,10656,9648,9493,NA,NA,NA,NA,11596,5708,7872,9937,11941,19170,16692,NA,16723,11028,8061,8900
"STU000723",NA,NA,NA,NA,NA,NA,NA,NA,NA,NA,NA,NA,NA,NA,NA,NA,NA,NA,NA,NA,NA,NA,NA,NA,NA,NA,NA,NA
"STU000724",NA,NA,NA,NA,NA,NA,NA,NA,NA,NA,NA,NA,NA,NA,NA,NA,NA,NA,NA,NA,NA,NA,NA,NA,NA,19109,30619,31992
"STU000725",7997,6705,8408,5340,6691,NA,NA,NA,NA,NA,NA,NA,NA,NA,NA,5873,10643,17482,13168,11282,7649,20349,17130,16195,10675,NA,NA,NA
"STU000726",10817,11190,10264,8977,7865,5859,14634,9165,NA,NA,NA,8397,10386,8654,6544,7566,11737,10483,15981,8731,11394,NA,NA,11062,10024,10308,9161,6189
"STU000727",NA,NA,NA,NA,NA,NA,NA,NA,NA,NA,NA,NA,NA,NA,NA,11035,14592,18535,NA,15853,14067,11032,NA,NA,NA,NA,NA,11859
"STU000728",10346,NA,5387,6128,7191,8795,8162,6789,8636,13411,7057,5429,9857,6980,12638,10655,4712,6579,NA,NA,24453,NA,NA,NA,18574,16892,13738,NA
"STU000729",4725,9519,NA,NA,5715,NA,14117,12587,9014,12708,7663,4918,NA,NA,NA,NA,NA,NA,NA,NA,NA,10685,NA,NA,NA,NA,21813,17155
"STU000730",NA,NA,NA,NA,NA,NA,NA,NA,NA,NA,NA,9526,NA,NA,8925,24207,14917,NA,NA,NA,18226,11911,NA,NA,NA,NA,NA,19154
"STU000731",5779,3408,7851,6623,NA,14301,8068,6200,NA,NA,NA,12692,5880,12571,8036,6356,4571,8326,13090,NA,10607,NA,16037,19373,9392,14154,NA,9590
"STU000732",11955,7443,NA,NA,6956,NA,NA,NA,NA,NA,NA,9535,11290,NA,NA,13689,16677,19000,NA,NA,NA,13757,18519,17239,12723,11625,12992,12786
"STU000733",NA,NA,NA,NA,NA,NA,NA,NA,NA,NA,NA,NA,NA,NA,NA,NA,NA,NA,NA,NA,NA,NA,NA,NA,NA,NA,NA,NA
"STU000734",NA,6751,NA,NA,NA,5731,10445,8719,9470,7820,NA,10134,9873,9051,10495,6247,7479,12040,10084,10358,13077,10522,NA,NA,NA,NA,NA,NA
"STU000735",18672,11244,16845,10268,7265,NA,NA,NA,NA,9215,NA,NA,7903,8022,17535,7467,23413,18989,16018,17610,14558,NA,NA,NA,NA,22842,16695,25860
"STU000736",10357,12896,8970,7579,6809,5599,9387,NA,9938,7133,6863,18338,10777,10703,12798,7281,15319,NA,NA,NA,NA,NA,NA,NA,NA,15669,17689,NA
"STU000737",NA,NA,NA,NA,NA,NA,NA,NA,NA,NA,NA,NA,NA,NA,NA,NA,NA,NA,NA,NA,NA,14343,NA,NA,10532,NA,NA,NA
"STU000738",6874,5665,7097,4899,5852,7581,8372,12806,NA,NA,NA,7932,NA,13932,NA,NA,NA,12941,8341,11285,7510,11327,NA,11813,16297,14093,7117,15700
"STU000739",14923,6710,5999,NA,NA,8887,7043,7916,14879,7641,6938,NA,NA,NA,NA,6616,8415,7600,10611,11300,8757,8036,13017,8918,17782,9623,14161,9166
"STU000740",10070,5546,NA,6478,11216,11539,9814,8487,NA,NA,NA,NA,NA,NA,NA,9349,13663,NA,NA,NA,NA,NA,NA,NA,NA,NA,NA,12887
"STU000741",5741,6469,5089,5358,11397,NA,NA,NA,NA,NA,NA,NA,NA,6855,9092,11924,11268,10865,13151,7328,10141,6582,10391,19052,10647,NA,NA,13293
"STU000742",10589,6176,12061,9159,NA,NA,NA,NA,NA,NA,NA,NA,NA,NA,NA,7145,17083,11564,10379,NA,NA,NA,NA,NA,NA,9697,18460,NA
"STU000743",10182,8560,NA,NA,NA,NA,NA,8844,9906,11187,13156,NA,NA,NA,11897,9762,6003,NA,NA,5399,4910,NA,10283,11572,NA,NA,13467,13966
"STU000744",10857,7705,9622,11529,NA,6294,11089,8137,NA,NA,NA,11680,11719,NA,14874,NA,14793,NA,NA,14998,10447,NA,13309,12006,13364,15187,13100,10418
"STU000745",NA,NA,NA,NA,NA,NA,NA,NA,NA,NA,NA,NA,NA,NA,NA,NA,NA,NA,NA,NA,NA,NA,NA,NA,NA,NA,NA,NA
"STU000746",NA,NA,NA,NA,NA,NA,NA,NA,NA,NA,NA,NA,NA,NA,NA,NA,21756,19468,9955,16987,9842,16828,12169,10958,14754,15303,15415,9677
"STU000747",5356,5148,7111,5899,NA,NA,NA,NA,NA,NA,NA,9034,7745,16078,10523,10190,11258,NA,NA,8206,14930,8369,11534,8314,10261,11317,NA,21893
"STU000748",7268,6488,10110,6683,8219,6596,12493,NA,NA,NA,6784,7827,7618,7743,8182,9451,7563,11873,7344,6822,NA,NA,9515,8540,10131,7133,NA,6954
"STU000749",NA,NA,NA,NA,6324,13468,11002,10977,8158,15436,10027,8979,7698,NA,8511,7963,10250,9415,7393,9295,NA,NA,NA,6650,10501,19165,9248,14255
"STU000750",NA,NA,NA,NA,NA,6234,8149,11289,17062,9345,10362,NA,NA,NA,NA,NA,NA,15583,9652,13749,NA,NA,15298,13541,NA,14921,14030,10431
"STU000751",NA,NA,NA,NA,NA,NA,NA,NA,NA,NA,NA,NA,NA,NA,NA,NA,NA,NA,NA,NA,NA,NA,NA,NA,NA,NA,14493,NA
"STU000752",14803,8498,7681,10238,7791,9744,6798,6042,7684,9231,9257,8984,7330,NA,NA,NA,16640,11982,14584,14062,17113,NA,20026,19721,20281,NA,20146,20736
"STU000753",NA,NA,NA,NA,NA,NA,NA,NA,NA,NA,NA,NA,NA,NA,NA,NA,NA,NA,NA,22390,19141,11599,10078,13938,26135,NA,10731,NA
"STU000754",5504,4875,NA,6268,4260,4548,10654,NA,9704,12357,9220,11559,14120,15340,NA,NA,NA,18023,18446,NA,NA,NA,12427,10822,NA,NA,22136,20388
"STU000755",NA,NA,NA,NA,NA,NA,NA,NA,NA,NA,NA,NA,NA,NA,NA,NA,NA,NA,NA,NA,NA,NA,NA,NA,NA,NA,NA,NA
"STU000756",5583,NA,NA,NA,NA,NA,NA,NA,NA,NA,NA,NA,NA,13878,10955,8492,6083,22858,12221,11732,NA,NA,NA,NA,11953,NA,NA,NA
"STU000757",8843,12612,8610,5178,4989,4595,4042,7727,NA,NA,NA,NA,16916,12981,9313,14253,10211,7678,8584,9717,10518,NA,10382,8631,NA,NA,NA,NA
"STU000758",9975,9912,10941,9245,NA,14644,9859,NA,9264,NA,8872,11141,7518,NA,NA,NA,NA,NA,NA,NA,NA,NA,NA,NA,9906,NA,NA,NA
"STU000759",NA,9523,14464,NA,NA,NA,NA,11104,15189,16109,12283,12927,14217,13833,17186,13358,23394,12747,19599,16555,18806,11010,NA,19847,15621,NA,NA,NA
"STU000760",12760,NA,11347,11393,5886,NA,NA,6671,7314,7199,6148,11094,9711,16605,9157,NA,8604,16038,12531,12902,13495,10869,9020,16449,NA,NA,NA,NA
"STU000761",NA,NA,NA,6080,13760,9630,7797,14959,10855,9260,NA,8736,6787,9443,NA,NA,20130,7964,NA,NA,NA,13548,NA,NA,7735,8220,11629,9596
"STU000762",11692,16671,10604,12272,9150,15022,12651,8506,6412,9564,5337,8642,NA,NA,NA,NA,NA,NA,NA,NA,NA,NA,NA,9066,8276,11047,NA,NA
"STU000763",NA,NA,NA,7535,6813,7000,8261,8661,8640,11114,NA,NA,7330,8629,10275,NA,NA,NA,NA,NA,10211,NA,NA,NA,NA,NA,6701,6219
"STU000764",7599,NA,10423,2132,6854,7148,5515,4236,2829,5054,NA,NA,5586,6397,4060,2875,5598,6655,11889,NA,NA,13219,13068,7222,10294,NA,NA,NA
"STU000765",9354,4885,NA,NA,NA,NA,NA,NA,NA,12288,14660,NA,NA,NA,NA,13801,8589,11466,12610,17810,17019,5197,7988,13255,14229,13429,NA,NA
"STU000766",7175,3788,5519,5772,6676,7713,9376,7786,3987,NA,NA,10835,8726,4247,5618,4257,7190,NA,NA,NA,NA,NA,11294,7787,8591,9807,11725,14508
"STU000767",NA,NA,NA,NA,NA,NA,NA,NA,NA,NA,NA,NA,NA,NA,NA,NA,NA,NA,NA,NA,NA,NA,NA,NA,NA,NA,NA,NA
"STU000768",NA,NA,NA,NA,NA,8603,NA,NA,10159,10560,11829,8410,10535,NA,14763,12043,11002,7635,10598,10920,NA,11934,8773,16135,16746,10010,15322,10440
"STU000769",NA,NA,NA,NA,NA,NA,NA,NA,NA,NA,NA,NA,NA,NA,NA,NA,NA,NA,NA,NA,NA,NA,NA,NA,NA,NA,NA,NA
"STU000770",NA,NA,NA,NA,NA,NA,NA,NA,NA,NA,NA,NA,NA,NA,NA,NA,NA,NA,NA,NA,NA,NA,NA,NA,NA,NA,NA,NA
"STU000771",NA,NA,NA,NA,NA,NA,NA,NA,9872,7007,NA,NA,NA,NA,17316,18315,NA,NA,NA,NA,NA,NA,34505,16866,12298,17200,17035,NA
"STU000772",9806,7704,7004,7212,NA,NA,NA,11300,10865,NA,NA,NA,NA,6584,7710,NA,NA,NA,8179,11296,10417,11110,4679,8018,NA,NA,NA,8710
"STU000773",23326,8987,3844,5968,8260,10589,4576,14981,NA,16360,NA,NA,9938,14703,9728,15271,13321,12073,NA,9527,13332,14380,NA,NA,NA,NA,NA,9384
"STU000774",12355,NA,NA,NA,NA,NA,NA,9511,5753,14130,9588,NA,NA,NA,NA,NA,14284,11953,NA,NA,NA,NA,13730,13473,18582,15799,18243,14606
"STU000775",11611,10033,10106,NA,NA,9974,11203,9517,8843,10007,11788,9900,11907,NA,NA,NA,NA,NA,NA,NA,12798,11855,NA,7889,NA,11928,9163,NA
"STU000776",NA,NA,NA,NA,NA,NA,NA,NA,NA,NA,NA,26356,10637,NA,NA,NA,NA,NA,NA,25814,28220,25318,21468,NA,NA,NA,NA,NA
"STU000777",NA,NA,NA,NA,NA,NA,NA,NA,NA,NA,NA,NA,NA,NA,NA,NA,NA,NA,NA,NA,NA,NA,NA,NA,NA,NA,NA,NA
"STU000778",11004,NA,NA,NA,NA,7501,5320,13005,4900,6349,NA,NA,NA,11092,7319,13583,14767,NA,8404,NA,NA,NA,NA,NA,NA,NA,NA,NA
"STU000779",8069,8668,8028,NA,NA,NA,NA,NA,NA,NA,5764,NA,NA,NA,7123,10914,8998,10790,9828,11186,NA,NA,NA,NA,NA,6180,11163,13929
"STU000780",NA,NA,NA,NA,NA,NA,NA,NA,NA,NA,NA,NA,NA,NA,NA,NA,NA,NA,16345,11119,15395,11625,10251,19229,NA,11583,16755,15920
"STU000781",NA,NA,NA,NA,NA,NA,NA,NA,NA,NA,NA,8195,8568,9287,NA,NA,9584,30303,18958,16263,23498,14029,15970,12283,12686,19841,13062,22557
"STU000782",NA,NA,NA,10819,NA,5748,6949,NA,NA,4413,NA,NA,17008,13045,13575,11756,8793,11244,16548,16092,12824,22577,11320,NA,14089,30812,NA,11982
"STU000783",6923,7942,5263,3929,8563,NA,NA,11663,10328,NA,9122,8898,7798,9514,NA,14307,13595,8834,16182,20304,12239,20478,NA,NA,NA,NA,NA,12050
"STU000784",NA,NA,NA,NA,NA,NA,NA,NA,NA,NA,NA,NA,4942,5119,6539,NA,NA,NA,NA,NA,NA,NA,NA,10803,9463,5888,14357,15201
"STU000785",4798,NA,NA,NA,NA,NA,NA,NA,NA,8607,8263,13381,12183,12142,NA,NA,NA,NA,13544,16316,12541,13394,16508,15025,14336,15884,17865,NA
"STU000786",NA,5193,7300,8966,6705,4362,NA,NA,NA,NA,8898,8680,10858,6295,6590,14451,10151,NA,NA,NA,14209,12396,12007,NA,NA,13994,13221,9216
"STU000787",6881,6042,14691,8294,13559,8684,20310,12842,13374,17905,14806,19065,13001,17687,22575,13849,16574,16675,11317,19161,10656,20840,15644,13403,12647,16194,17683,16077
"STU000788",NA,NA,NA,NA,NA,NA,NA,NA,NA,NA,NA,NA,NA,NA,NA,NA,NA,NA,NA,NA,NA,NA,NA,NA,NA,12631,9013,10489
"STU000789",8481,14217,10109,NA,11158,8515,7112,10749,14863,9970,NA,NA,9841,9109,9398,NA,NA,NA,NA,NA,12028,27076,34136,NA,NA,NA,28401,18666
"STU000790",NA,6691,4665,4710,4791,6943,5198,3583,4965,NA,NA,5409,9293,5826,6017,10275,7012,NA,NA,7906,NA,NA,9737,14221,12133,7578,NA,11981
"STU000791",NA,NA,NA,12976,9009,8708,6563,6927,9746,7608,7335,8682,8220,12164,10322,NA,8981,11277,11572,9114,11057,8998,10928,7918,12368,8931,13100,NA
"STU000792",NA,NA,NA,NA,NA,NA,NA,NA,NA,NA,NA,NA,NA,NA,NA,NA,NA,NA,NA,NA,NA,NA,18670,15318,18066,21360,17281,25740
"STU000793",4638,NA,NA,9999,4263,4456,NA,NA,NA,NA,11773,NA,8625,9705,4962,NA,NA,NA,NA,NA,NA,NA,8480,14922,6043,11254,15611,NA
"STU000794",NA,NA,NA,NA,9602,7181,10280,NA,NA,NA,10647,6944,12168,6942,9027,8964,NA,NA,NA,NA,NA,NA,NA,8845,10318,12833,9416,6123
"STU000795",7933,NA,16895,5991,6139,NA,NA,NA,NA,NA,11499,9144,NA,NA,NA,NA,15786,15569,11203,14348,NA,NA,NA,11154,5584,NA,NA,15878
"STU000796",NA,NA,NA,NA,NA,NA,NA,NA,NA,NA,NA,NA,NA,NA,18154,15375,13046,NA,NA,25484,12066,25589,19244,38513,NA,NA,NA,NA
"STU000797",NA,NA,NA,NA,NA,15453,7811,12827,11990,8273,9844,9439,NA,11194,NA,NA,NA,11298,NA,NA,NA,9934,7324,7019,NA,NA,NA,6886
"STU000798",NA,NA,NA,NA,NA,NA,NA,NA,NA,NA,NA,NA,NA,NA,NA,NA,NA,3969,NA,NA,NA,15680,8846,13531,22639,26285,22030,22351
"STU000799",7984,9136,11484,NA,7602,11391,7410,13262,NA,NA,NA,NA,NA,8208,7871,11047,13060,NA,10402,9980,9741,8689,12855,13060,11047,12376,7988,14287
"STU000800",7711,4520,NA,NA,NA,6843,10022,NA,NA,NA,NA,8704,9814,11088,NA,NA,14071,13560,24895,19813,13189,18679,15294,NA,19881,NA,NA,19893
"STU000801",6368,12221,13348,7494,11584,8668,NA,9046,10908,7377,NA,NA,15071,NA,NA,NA,NA,NA,18889,NA,NA,12100,15742,22110,14450,16281,27141,17025
"STU000802",13502,9010,5421,11182,12199,11777,8692,10964,13372,10151,NA,NA,9815,NA,NA,NA,11334,18475,11175,15653,13509,13255,9536,13208,12854,11664,13130,9518
"STU000803",4129,6470,NA,4837,10369,7061,6481,4454,5657,6403,10745,5053,6972,7571,NA,NA,NA,NA,3642,NA,NA,6530,7898,NA,12424,5513,7521,7656
"STU000804",NA,NA,NA,NA,NA,NA,NA,NA,NA,NA,NA,NA,NA,NA,NA,NA,NA,NA,NA,NA,NA,NA,NA,NA,NA,NA,23962,28031
"STU000805",NA,8832,NA,5136,6579,NA,4983,10275,7742,11676,NA,5352,7780,8124,NA,NA,NA,17371,16941,9836,8141,8804,16117,10049,NA,9961,NA,NA
"STU000806",9523,8470,5789,8382,NA,6126,7586,8928,8652,8029,8864,6914,NA,NA,NA,NA,NA,7899,6252,12145,9947,13645,NA,NA,NA,NA,NA,9080
"STU000807",NA,NA,NA,NA,NA,NA,NA,NA,NA,NA,NA,NA,NA,NA,NA,NA,NA,NA,NA,NA,NA,NA,NA,NA,NA,NA,NA,NA
"STU000808",10612,NA,8282,8379,4610,4300,6338,5654,7209,12630,6371,7549,10677,9118,7607,NA,NA,NA,14570,NA,15839,9319,NA,NA,NA,NA,NA,NA
"STU000809",10972,8539,8508,NA,NA,NA,NA,NA,11033,NA,6559,8692,11338,17472,7296,7856,14374,NA,NA,NA,NA,NA,NA,NA,9935,8620,NA,NA
"STU000810",19164,16695,21710,15280,NA,NA,NA,13339,NA,18799,NA,NA,NA,NA,NA,NA,NA,NA,NA,NA,17153,17384,NA,14066,25094,NA,NA,NA
"STU000811",6806,NA,NA,NA,NA,NA,6745,13287,22704,20540,25543,29058,NA,NA,27367,NA,NA,NA,NA,NA,NA,NA,23370,23454,24640,19795,NA,19592
"STU000812",5371,7046,5484,7189,NA,NA,NA,14657,6214,7644,NA,8189,6266,9766,NA,5013,12906,29406,NA,NA,NA,6820,13904,15809,NA,NA,NA,NA
"STU000813",NA,NA,10278,13463,9347,8222,8808,14185,NA,NA,NA,NA,NA,NA,17397,13845,14843,14676,16708,18470,22355,26588,NA,23644,26665,12954,19160,19867
"STU000814",14537,17931,5164,8086,6038,8998,NA,7006,20239,11001,9135,NA,NA,NA,NA,NA,5809,12980,14805,11863,11485,NA,NA,21553,7803,NA,NA,NA
"STU000815",NA,NA,NA,NA,NA,NA,NA,NA,NA,NA,NA,NA,NA,NA,NA,19191,14063,9648,20307,NA,NA,NA,NA,NA,NA,14291,14675,25325
"STU000816",4921,6048,7846,NA,NA,NA,NA,7651,NA,NA,NA,NA,NA,NA,4970,NA,5877,5620,NA,NA,NA,NA,NA,10631,NA,NA,NA,22171
"STU000817",NA,6030,4842,9193,11929,10336,12623,5616,7747,14924,13294,7756,NA,NA,NA,NA,9365,17791,NA,NA,NA,7870,5489,9410,7590,9851,12521,11151
"STU000818",4667,NA,NA,9181,7079,NA,NA,NA,NA,9963,8732,12028,9202,17703,NA,NA,12325,NA,NA,NA,NA,NA,NA,NA,12175,NA,NA,NA
"STU000819",NA,NA,NA,NA,NA,NA,NA,NA,NA,NA,NA,NA,NA,NA,15598,19225,7831,12686,12760,12835,6499,9275,21899,14166,18152,NA,9767,NA
"STU000820",6906,12258,NA,NA,NA,NA,NA,6225,6196,11627,12708,7366,4555,NA,NA,NA,16857,10667,11765,18190,12845,14080,NA,NA,NA,NA,NA,15889
"STU000821",NA,NA,NA,NA,5314,9639,NA,NA,15183,14121,15026,17136,11609,12762,15764,NA,10041,9018,NA,NA,NA,NA,12243,15311,NA,NA,8753,NA
"STU000822",NA,NA,NA,NA,NA,NA,NA,NA,NA,NA,NA,NA,NA,NA,NA,NA,NA,31693,25774,NA,12406,27872,NA,NA,NA,NA,NA,13812
"STU000823",NA,NA,NA,NA,NA,NA,NA,NA,NA,NA,NA,NA,NA,NA,NA,NA,NA,NA,NA,NA,NA,NA,9480,14380,NA,NA,NA,NA
"STU000824",14309,NA,NA,NA,NA,6237,NA,NA,8414,10942,11104,10662,8388,10429,18323,15312,16977,9979,9280,13278,21607,12660,16592,8850,10656,7500,13967,14575
"STU000825",6862,9634,NA,NA,NA,4558,9551,NA,NA,NA,NA,11168,NA,NA,8578,8986,5415,NA,7050,NA,NA,NA,9993,7891,7262,8841,7844,9296
"STU000826",9964,NA,NA,NA,NA,NA,NA,NA,NA,13594,15307,12271,8232,12568,11645,10806,12250,NA,NA,NA,11420,9716,9164,NA,NA,NA,NA,NA
"STU000827",7817,NA,NA,NA,NA,15030,NA,NA,13184,15055,22443,11562,10976,14306,17381,13900,16096,16398,10864,14913,17515,NA,16755,NA,NA,NA,NA,NA
"STU000828",NA,NA,NA,NA,NA,NA,NA,NA,NA,NA,NA,NA,NA,NA,NA,NA,NA,NA,NA,NA,NA,NA,NA,NA,NA,NA,NA,NA
"STU000829",8694,NA,NA,NA,NA,NA,5325,NA,NA,NA,NA,NA,NA,NA,NA,NA,NA,6979,10928,NA,7830,9559,18439,21511,20847,11756,NA,15366
"STU000830",9990,9599,NA,5934,12718,NA,NA,NA,NA,NA,NA,NA,4649,7458,18030,6736,NA,NA,NA,NA,6313,14170,11495,7187,11054,18913,13207,14960
"STU000831",14954,14281,12643,NA,NA,NA,NA,6604,8569,6541,15116,13742,NA,20009,11842,9683,19875,12817,14488,6171,NA,14756,NA,NA,NA,18379,NA,NA
"STU000832",NA,NA,NA,NA,NA,NA,NA,NA,NA,NA,NA,NA,NA,NA,NA,NA,NA,NA,NA,NA,NA,NA,NA,NA,NA,NA,NA,NA
"STU000833",7963,9529,5872,NA,NA,7508,7836,9462,NA,16953,13698,16022,11685,9820,8836,15033,NA,NA,NA,NA,10864,11584,13523,13690,16602,10595,10205,17771
"STU000834",11460,6159,6054,12426,8796,NA,NA,13230,9814,14750,15896,10063,NA,11192,11283,13334,12615,14486,18413,12510,12161,14304,NA,NA,NA,11107,15296,NA
"STU000835",7750,6321,NA,NA,11248,5488,8554,NA,NA,NA,7158,9295,7800,NA,NA,NA,6842,NA,12397,18914,19975,NA,7180,7555,18308,11845,11000,NA
"STU000836",7880,6919,7954,9054,4269,11562,10360,NA,NA,NA,NA,NA,NA,NA,NA,NA,NA,NA,NA,NA,NA,NA,NA,NA,NA,NA,15215,10498
"STU000837",NA,NA,NA,NA,NA,NA,NA,NA,NA,NA,NA,NA,NA,NA,NA,NA,NA,NA,NA,NA,NA,NA,NA,NA,NA,NA,NA,NA
"STU000838",6616,NA,NA,17285,NA,NA,9523,8890,12810,14777,12647,15785,NA,NA,12980,16341,11442,9769,15968,13693,14396,18270,16591,7562,21390,NA,16093,20676
"STU000839",NA,NA,NA,6042,NA,9876,7310,NA,NA,NA,8232,6542,11056,8166,7776,10613,NA,21309,13868,19331,21015,15163,14724,12631,NA,13015,17767,12446
"STU000840",4784,NA,9864,15499,6837,7741,6473,6995,NA,7130,NA,NA,5829,9870,7695,14544,15515,15171,15428,16232,15197,21487,16505,15067,14112,9788,19121,25184
"STU000841",11903,5773,NA,NA,4843,16540,8406,5537,7512,NA,NA,NA,8753,6445,10356,9652,8863,10034,NA,NA,NA,NA,6131,NA,NA,NA,7580,7387
"STU000842",NA,NA,NA,NA,NA,NA,NA,NA,NA,NA,NA,NA,NA,NA,NA,NA,NA,NA,NA,NA,NA,NA,NA,NA,NA,NA,NA,NA
"STU000843",10655,8349,NA,13001,NA,8820,6240,10038,6703,13437,NA,NA,16970,14722,NA,NA,NA,NA,NA,NA,15852,14812,9933,10663,17012,NA,NA,13778
"STU000844",9299,10539,5922,5995,5198,4488,8913,11265,5624,NA,NA,NA,NA,NA,NA,NA,14117,15043,12752,8998,NA,NA,20779,10399,15201,15149,15323,16971
"STU000845",NA,NA,NA,NA,NA,4938,4913,4742,NA,NA,NA,NA,NA,NA,NA,10631,12974,NA,NA,NA,15367,10355,14307,10793,18050,9944,12118,NA
"STU000846",NA,NA,NA,NA,NA,NA,NA,NA,NA,NA,NA,NA,NA,NA,NA,NA,NA,15422,NA,NA,13283,NA,NA,16412,6798,NA,17287,12961
"STU000847",NA,NA,NA,NA,NA,23435,9632,11172,13746,16593,10538,NA,NA,NA,11054,8519,9012,NA,NA,NA,NA,NA,NA,11585,NA,NA,NA,17015
"STU000848",NA,NA,NA,NA,NA,NA,NA,NA,NA,NA,NA,NA,NA,NA,NA,NA,NA,NA,14585,10674,10605,17246,11336,21414,NA,NA,NA,NA
"STU000849",NA,NA,NA,NA,NA,NA,12532,8242,13656,12126,14879,13335,NA,19333,NA,NA,NA,17400,15665,13387,15495,NA,NA,NA,12436,NA,NA,NA
"STU000850",NA,NA,NA,NA,NA,NA,NA,NA,NA,NA,NA,NA,8845,10137,9462,16383,22352,16858,NA,NA,NA,NA,23763,15699,19159,NA,NA,NA
"STU000851",10249,12649,12457,11512,24177,12063,9303,10708,8868,NA,NA,NA,NA,NA,NA,NA,NA,10307,12588,NA,NA,NA,NA,NA,11656,14155,20616,NA
"STU000852",NA,NA,NA,NA,NA,10188,9793,NA,NA,NA,6705,7781,6392,7164,NA,NA,23251,15676,17799,18883,15116,NA,18764,NA,NA,NA,17079,NA
"STU000853",NA,NA,NA,NA,NA,NA,10799,12880,9470,12603,8935,14177,NA,NA,NA,NA,NA,20213,32386,NA,NA,34488,NA,NA,18576,23323,NA,NA
"STU000854",10775,NA,NA,NA,10701,12427,9464,10742,11936,10769,7121,11765,NA,14466,14540,13356,17241,8097,NA,NA,NA,NA,NA,NA,13486,14817,14274,13569
"STU000855",NA,NA,10619,13798,NA,11933,8124,9560,13519,10838,6530,8347,10163,10493,11368,NA,NA,NA,NA,NA,NA,NA,NA,10232,NA,NA,NA,NA
"STU000856",8964,13458,NA,8427,6117,6486,12333,10831,7600,10227,13150,8807,9446,12956,8573,9704,10393,14725,13379,8037,15118,8339,10636,8024,8194,15727,NA,NA
"STU000857",NA,NA,NA,NA,4546,3478,4393,5225,6181,6555,9765,6838,7915,9839,10023,NA,NA,NA,NA,NA,NA,8840,11189,13588,13270,8548,15250,10438
"STU000858",NA,NA,NA,NA,NA,5092,5269,6299,4633,7801,8267,9208,4973,7821,6078,NA,NA,NA,NA,NA,NA,NA,NA,NA,NA,NA,NA,NA
"STU000859",NA,NA,NA,NA,NA,NA,NA,NA,NA,NA,NA,NA,NA,9687,8796,NA,NA,NA,NA,NA,NA,NA,NA,NA,NA,5013,NA,10342
"STU000860",NA,NA,NA,NA,NA,NA,NA,NA,NA,NA,NA,NA,NA,NA,NA,NA,NA,NA,NA,NA,NA,NA,NA,NA,NA,NA,NA,NA
"STU000861",NA,NA,NA,NA,NA,NA,NA,NA,NA,NA,NA,NA,NA,NA,NA,NA,NA,15392,NA,9926,NA,NA,NA,NA,13296,18765,14118,22287
"STU000862",NA,NA,NA,NA,6386,4239,6605,7862,NA,4272,7214,8046,11004,6123,13866,NA,NA,NA,NA,NA,NA,22741,10938,10113,9335,16515,NA,9795
"STU000863",8976,10106,NA,NA,10691,8383,NA,NA,NA,NA,NA,NA,NA,NA,NA,NA,NA,NA,NA,6233,10727,10389,13149,NA,NA,10160,NA,NA
"STU000864",NA,NA,NA,NA,NA,6672,5623,3665,5341,6771,NA,NA,5812,NA,NA,4672,6463,NA,NA,NA,NA,NA,NA,NA,NA,NA,10175,NA
"STU000865",NA,NA,NA,NA,NA,NA,NA,NA,NA,NA,NA,NA,NA,NA,NA,NA,11785,8650,11044,7742,NA,NA,10435,6947,4994,14434,10479,9901
"STU000866",4598,9276,13422,NA,NA,NA,NA,5452,NA,7229,14207,NA,12368,13289,8478,7012,13950,NA,NA,NA,NA,NA,NA,18971,8791,10912,NA,NA
"STU000867",NA,10029,NA,NA,NA,10345,5486,7492,10060,9188,NA,NA,NA,NA,17615,8289,12738,15554,20428,12139,17937,NA,NA,NA,NA,NA,9905,21906
"STU000868",6245,NA,8134,9298,9583,7321,10101,12409,9991,7984,6554,NA,9653,6109,7428,8519,NA,NA,NA,10882,7977,NA,NA,NA,NA,NA,NA,16080
"STU000869",NA,NA,NA,NA,NA,NA,NA,NA,NA,NA,NA,NA,NA,NA,NA,NA,NA,NA,NA,NA,NA,NA,NA,NA,NA,NA,NA,NA
"STU000870",15481,12743,9581,6312,NA,NA,NA,NA,NA,NA,8433,NA,NA,14777,10616,10594,NA,NA,13835,NA,NA,NA,NA,NA,NA,NA,10477,7682
"STU000871",6525,5196,7872,8953,9230,NA,NA,NA,NA,NA,10107,11741,8044,7526,8237,5545,8885,11272,12141,8832,9777,6517,7919,12497,10849,NA,NA,11043
"STU000872",NA,NA,8287,NA,7474,5645,NA,NA,NA,NA,NA,NA,7400,10821,NA,9793,11474,6575,14531,9395,10761,9250,7809,6953,11790,NA,6693,9968
"STU000873",10463,6740,4445,5672,NA,NA,NA,NA,NA,10549,12838,6959,14321,13011,19676,12771,8028,6250,NA,NA,NA,NA,NA,14300,NA,16842,9440,10892
"STU000874",7246,6350,6096,4506,NA,NA,NA,11364,6364,6367,4905,6901,8892,12976,11698,NA,12923,8495,8046,NA,NA,10129,12122,10263,NA,NA,10382,10217
"STU000875",NA,4861,6457,7629,7237,5343,NA,NA,4708,5838,8399,9426,6997,5279,6380,5514,NA,NA,NA,7340,13206,8535,NA,7524,NA,19850,9380,NA
"STU000876",3699,6382,4064,NA,6087,4957,9053,8957,9149,6033,7173,7437,NA,10064,9465,10244,7446,NA,NA,NA,NA,10860,9467,9478,NA,NA,NA,NA
"STU000877",NA,NA,12265,NA,7329,6732,NA,17454,9947,12183,7613,13231,9918,11679,10822,NA,NA,NA,NA,NA,NA,NA,NA,NA,NA,NA,NA,NA
"STU000878",9684,NA,NA,NA,NA,NA,NA,NA,NA,NA,8719,8572,6909,13499,13382,8111,7365,7370,NA,NA,5838,NA,10461,8455,8785,NA,6740,21473
"STU000879",7471,NA,NA,8602,11398,NA,NA,NA,NA,NA,NA,NA,NA,NA,NA,NA,NA,7405,11796,11015,7684,7465,11814,13790,12711,13102,NA,NA
"STU000880",6560,9467,7097,7091,7466,15202,NA,NA,7509,14726,6768,15020,7493,7086,6789,7926,NA,8679,13703,12705,8108,NA,NA,12381,17635,8854,12525,8671
"STU000881",4951,9962,NA,6845,7392,5197,12488,12469,11710,14427,8778,12856,10284,21329,15225,14880,NA,NA,15020,13989,15547,20436,18604,NA,NA,19455,12585,10200
"STU000882",NA,10890,11090,12092,12525,5239,NA,11640,NA,NA,NA,NA,NA,NA,NA,15762,NA,6635,10788,11275,14987,14717,NA,13480,11841,11011,11249,NA
"STU000883",10147,6679,NA,NA,NA,NA,NA,14215,7130,8138,NA,NA,NA,NA,NA,17798,5491,13344,12006,5834,12020,6508,12839,14265,NA,NA,15496,24293
"STU000884",NA,NA,NA,NA,5764,NA,8985,NA,NA,NA,NA,NA,NA,NA,NA,8274,7426,6652,13020,7519,9688,11593,9861,11858,10427,11022,10929,12435
"STU000885",NA,14603,7601,13729,11238,13184,10595,9146,NA,NA,NA,8454,NA,NA,11976,16766,NA,NA,NA,NA,9530,15946,13308,24914,10982,14834,16487,NA
"STU000886",NA,NA,NA,NA,NA,NA,NA,NA,NA,NA,NA,NA,NA,NA,NA,NA,NA,NA,NA,NA,NA,NA,NA,NA,12459,NA,NA,11159
"STU000887",11651,NA,3876,5550,7643,NA,NA,NA,NA,NA,NA,NA,NA,NA,10194,6765,13980,9503,16047,8569,16045,11892,20046,25406,12462,15688,11722,16401
"STU000888",NA,NA,NA,NA,7554,5456,5404,6482,NA,6544,NA,NA,NA,NA,NA,13741,14448,9334,10572,8891,16824,11086,10510,10323,19844,19592,NA,NA
"STU000889",4526,NA,6696,8862,8868,NA,NA,NA,NA,6893,13866,25737,17192,12182,NA,18757,11353,NA,NA,NA,10487,NA,NA,NA,14572,16300,15834,NA
"STU000890",7500,6964,8914,NA,NA,13087,12720,11948,NA,NA,NA,NA,NA,NA,NA,NA,21681,15584,NA,NA,NA,NA,NA,14412,15349,10445,16470,14233
"STU000891",NA,NA,NA,NA,NA,7826,NA,NA,8994,NA,NA,6022,10846,NA,NA,10984,8544,10595,15587,12766,NA,7147,10877,9811,9888,7071,9766,16327
"STU000892",11926,NA,NA,NA,5584,NA,NA,NA,NA,NA,NA,NA,NA,16040,15725,10223,NA,NA,NA,17365,17690,9852,14780,11393,14783,14052,17019,15949
"STU000893",NA,NA,NA,NA,NA,10145,NA,NA,8983,8656,10371,10313,10936,9801,8026,9602,17724,9311,NA,NA,NA,7481,12028,6857,9413,NA,NA,10221
"STU000894",17326,NA,NA,NA,NA,NA,14500,11034,NA,NA,NA,20374,19355,15856,17239,15356,NA,19857,16497,25037,19712,14629,17357,25564,24273,38990,NA,NA
"STU000895",7056,5049,6274,NA,NA,NA,NA,16227,21148,11454,19623,10708,NA,NA,NA,8222,17172,NA,NA,NA,21600,25161,17245,14732,NA,12015,NA,NA
"STU000896",NA,9677,11915,7919,6449,6329,NA,NA,NA,10103,12768,10827,9813,NA,NA,NA,NA,NA,NA,9094,NA,NA,NA,NA,NA,NA,NA,10003
"STU000897",NA,5496,NA,NA,NA,4755,NA,14497,NA,7235,6879,NA,NA,NA,NA,NA,NA,NA,9351,12755,NA,13281,6345,7486,21201,10755,19894,19243
"STU000898",NA,NA,8785,17054,7627,6214,8244,NA,NA,NA,12656,19399,16753,14599,NA,NA,NA,NA,NA,NA,NA,17771,NA,11438,15085,NA,18487,NA
"STU000899",9498,NA,NA,7086,13951,NA,10598,13213,10823,10363,11994,10049,NA,NA,NA,9843,19526,12696,15233,NA,NA,NA,15465,14750,11610,18176,9580,NA
"STU000900",NA,NA,NA,NA,NA,NA,NA,NA,NA,NA,NA,NA,NA,NA,NA,NA,NA,NA,NA,NA,NA,NA,34116,27483,13651,19594,18301,22243
"STU000901",NA,14923,NA,NA,NA,NA,NA,10594,5326,9225,NA,NA,NA,NA,7729,10135,8340,8348,NA,8066,NA,NA,NA,7757,8353,6261,9042,NA
"STU000902",NA,NA,NA,NA,NA,NA,NA,NA,NA,NA,NA,NA,NA,NA,NA,NA,NA,NA,NA,NA,NA,25930,28125,NA,NA,27257,29087,18003
"STU000903",10399,7807,6903,17133,11265,NA,12108,9951,10834,NA,NA,NA,NA,NA,8496,NA,NA,9926,11268,14124,14554,16112,NA,NA,13307,NA,NA,NA
"STU000904",NA,NA,NA,NA,NA,NA,NA,NA,NA,NA,NA,NA,NA,NA,NA,NA,NA,NA,NA,NA,NA,NA,NA,NA,NA,NA,NA,NA
"STU000905",4569,7283,NA,NA,NA,NA,NA,NA,NA,NA,7034,NA,NA,NA,NA,NA,NA,NA,NA,NA,NA,NA,NA,NA,7938,19410,NA,NA
"STU000906",NA,NA,NA,NA,NA,NA,NA,NA,NA,NA,NA,NA,NA,NA,NA,NA,NA,NA,NA,NA,NA,NA,NA,NA,NA,NA,NA,NA
"STU000907",NA,NA,NA,NA,NA,5232,8552,8586,9515,11134,7567,16535,18493,13330,10856,17859,NA,NA,NA,NA,NA,NA,12440,11251,12371,11326,14903,NA
"STU000908",3536,5930,5598,9695,NA,NA,5521,8400,8458,4739,8265,NA,NA,NA,NA,NA,NA,9142,4592,8634,7110,13454,5028,4424,8194,NA,NA,NA
"STU000909",17871,9586,10785,7194,NA,NA,9318,7090,13361,NA,NA,NA,NA,9567,14214,NA,NA,NA,15339,14937,NA,NA,NA,NA,NA,NA,17275,19567
"STU000910",9326,NA,7586,13648,NA,NA,NA,12881,NA,NA,NA,NA,13322,18762,NA,21150,19644,16101,17900,13737,NA,NA,NA,NA,NA,NA,NA,NA
"STU000911",NA,NA,NA,NA,NA,NA,NA,NA,NA,NA,NA,NA,NA,4657,NA,18806,25527,14944,6865,NA,NA,NA,16429,NA,NA,NA,13751,11936
"STU000912",6912,8310,7842,NA,NA,NA,NA,12551,NA,NA,NA,NA,NA,NA,NA,12888,13106,13447,12039,9583,15322,NA,NA,NA,NA,NA,NA,NA
"STU000913",NA,NA,NA,NA,NA,NA,NA,NA,NA,NA,NA,NA,NA,12302,10912,8233,8133,13562,NA,13018,15778,10358,7615,9666,11370,15548,13756,10869
"STU000914",NA,NA,NA,NA,NA,NA,NA,NA,NA,NA,NA,NA,NA,NA,NA,7296,NA,NA,NA,NA,16145,18499,19088,11845,12965,14364,14349,NA
"STU000915",8165,8473,5867,4760,6717,9479,NA,NA,NA,NA,NA,14425,6778,7252,11742,13648,14147,NA,7027,8053,11713,13354,10354,NA,NA,NA,9946,19171
"STU000916",NA,NA,18308,12273,NA,NA,NA,NA,11550,11319,12830,NA,8858,10024,12584,9239,6811,7222,11160,10579,9167,14327,8747,6686,NA,NA,NA,NA
"STU000917",NA,NA,NA,NA,NA,NA,NA,NA,NA,NA,NA,NA,NA,NA,NA,NA,NA,NA,NA,NA,NA,NA,NA,NA,NA,8328,NA,NA
"STU000918",NA,NA,NA,NA,10336,5169,9746,5651,NA,NA,11881,16152,18443,11289,15237,17354,18026,17079,NA,19469,39601,NA,NA,NA,16237,14529,NA,NA
"STU000919",7858,NA,NA,NA,10067,12972,NA,NA,NA,NA,16961,NA,21518,NA,NA,13320,13915,11802,NA,NA,9535,NA,13504,14576,NA,NA,NA,NA
"STU000920",NA,NA,NA,NA,NA,NA,NA,NA,NA,NA,NA,NA,NA,NA,NA,NA,NA,NA,NA,NA,NA,NA,NA,13939,NA,NA,NA,NA
"STU000921",14786,16508,NA,NA,6571,NA,NA,NA,NA,27945,21082,25356,12183,34242,31149,15680,21435,17561,24049,13534,22620,25425,NA,NA,17035,18415,NA,NA
"STU000922",17367,NA,15236,NA,NA,8458,8685,7770,10769,10316,8750,4455,5504,10560,NA,NA,NA,NA,NA,NA,NA,NA,NA,NA,NA,10633,12577,25401
"STU000923",12299,8371,10399,11668,6335,5607,3989,5291,7128,6227,7412,6777,9002,15129,10073,9432,NA,11188,NA,14542,NA,NA,NA,14665,12362,NA,NA,8627
"STU000924",6813,12907,NA,NA,8640,NA,NA,4615,5223,11869,7117,8374,3013,NA,6788,5126,7105,11550,NA,NA,12451,13033,12762,NA,NA,NA,7179,NA
"STU000925",NA,NA,NA,NA,NA,NA,NA,NA,NA,NA,NA,NA,NA,NA,NA,NA,NA,NA,NA,NA,NA,NA,NA,NA,NA,NA,NA,NA
"STU000926",5722,NA,NA,5538,5497,7516,NA,NA,NA,10264,21644,7402,8980,15440,NA,NA,NA,NA,14537,9362,12085,10286,6979,19002,NA,18219,13667,17283
"STU000927",NA,NA,NA,NA,NA,NA,NA,NA,NA,NA,NA,NA,NA,NA,NA,NA,NA,14276,NA,NA,NA,NA,NA,NA,NA,NA,NA,NA
"STU000928",8471,7447,11671,NA,NA,NA,NA,NA,9764,10802,NA,NA,NA,11338,8030,NA,NA,NA,NA,NA,11817,8870,9076,NA,NA,10719,9045,12005
"STU000929",NA,NA,NA,NA,NA,NA,NA,NA,NA,NA,NA,NA,NA,NA,NA,NA,12162,20755,15645,19420,22183,15777,29589,16133,NA,NA,NA,17194
"STU000930",NA,NA,12388,NA,NA,NA,NA,NA,NA,8678,NA,NA,NA,NA,NA,NA,NA,8717,9497,10515,10665,NA,NA,NA,NA,NA,13398,9693
"STU000931",7408,11165,12266,6401,5947,NA,NA,NA,NA,NA,NA,NA,NA,13414,8387,10389,NA,10504,10173,9862,13849,8580,15267,10891,10134,10499,NA,12815
"STU000932",NA,NA,NA,NA,7637,7660,6522,7244,NA,NA,9267,5825,10198,NA,NA,NA,NA,11037,8854,10238,NA,NA,NA,NA,NA,NA,NA,NA
"STU000933",NA,NA,NA,6176,NA,6866,9314,5632,NA,NA,NA,NA,6408,NA,NA,NA,NA,NA,NA,NA,NA,NA,NA,9121,NA,NA,NA,10039
"STU000934",14272,21055,6329,NA,5921,NA,NA,NA,NA,10887,17680,9968,9148,17380,NA,NA,NA,NA,NA,NA,18046,13774,14137,20340,14515,16611,17623,12648
"STU000935",11419,NA,NA,NA,NA,NA,NA,NA,NA,NA,NA,9218,8871,NA,NA,7310,NA,NA,NA,NA,NA,NA,NA,13798,9137,NA,NA,13298
"STU000936",5059,11228,NA,8580,7322,NA,NA,NA,NA,17498,13534,11704,11130,15795,7002,8713,13900,13222,11215,NA,NA,NA,NA,NA,18373,11862,9838,10803
"STU000937",NA,NA,NA,NA,NA,NA,NA,NA,NA,NA,NA,NA,NA,NA,NA,NA,NA,NA,NA,NA,NA,NA,NA,NA,NA,NA,NA,NA
"STU000938",NA,NA,16701,7916,5834,7606,8722,10104,15256,14699,8675,7520,NA,NA,NA,NA,NA,NA,11642,NA,22089,14878,NA,23469,NA,NA,NA,24366
"STU000939",6906,4311,6787,4924,NA,NA,6841,7505,NA,NA,NA,5402,8660,NA,NA,NA,6769,15957,21006,NA,NA,NA,14584,13566,NA,NA,NA,NA
"STU000940",8525,14789,7945,8894,9508,10971,8651,5797,23873,6455,10452,NA,7912,6685,10633,12774,19608,20847,NA,NA,15284,NA,NA,NA,NA,NA,NA,NA
"STU000941",6592,6490,NA,NA,NA,NA,NA,NA,7834,NA,NA,NA,6860,5152,8887,8682,NA,NA,NA,NA,NA,17169,26118,16910,17416,22038,NA,NA
"STU000942",14798,7127,NA,NA,12790,6513,6437,NA,NA,4383,6449,10575,8253,4621,5747,7399,4207,NA,NA,NA,7060,14505,11771,NA,NA,14179,10290,NA
"STU000943",NA,NA,NA,NA,NA,NA,NA,NA,NA,NA,NA,NA,NA,NA,NA,NA,NA,NA,NA,NA,NA,6303,NA,NA,NA,13136,14527,10824
"STU000944",10724,10563,8273,6923,NA,NA,7615,9947,11467,13533,7053,NA,NA,NA,10679,NA,11446,NA,NA,10920,16819,NA,NA,14563,9867,9695,15521,12598
"STU000945",NA,NA,NA,NA,NA,NA,NA,NA,NA,NA,NA,NA,NA,NA,NA,NA,NA,NA,NA,NA,NA,NA,NA,NA,NA,NA,NA,NA
"STU000946",NA,NA,NA,NA,6782,NA,NA,6570,11430,11060,NA,NA,7464,NA,NA,12446,14069,14538,10320,10151,14533,10275,NA,NA,NA,NA,NA,NA
"STU000947",20626,NA,NA,NA,NA,6204,8039,7805,5645,NA,NA,NA,NA,NA,NA,NA,NA,12533,12977,11225,15340,10273,18510,22865,17798,25523,NA,17211
"STU000948",9414,3718,NA,6743,18205,9734,6247,6808,10688,6761,NA,NA,9087,NA,NA,NA,NA,NA,NA,6716,8035,9383,9378,8235,7993,11517,14991,9960
"STU000949",NA,16032,6329,6708,NA,NA,NA,NA,15005,10626,10280,13496,13108,10266,15179,9419,12863,16669,13295,10269,16774,21355,18363,8812,NA,NA,NA,NA
"STU000950",NA,NA,NA,NA,NA,NA,NA,NA,NA,NA,NA,NA,NA,NA,NA,NA,NA,NA,NA,NA,NA,NA,12977,NA,12655,17627,19255,20945
"STU000951",9242,9369,11310,NA,NA,NA,NA,7001,8317,4869,6900,13809,11950,10093,10236,9736,NA,12083,11143,11804,8229,9814,6843,11658,8991,NA,NA,NA
"STU000952",5372,3702,7375,NA,NA,NA,3823,10914,7529,6880,6763,NA,NA,NA,6062,5274,8120,7938,15246,NA,17076,12767,11844,NA,NA,NA,NA,NA
"STU000953",NA,NA,NA,NA,NA,6290,7197,7186,4212,NA,NA,NA,NA,NA,NA,NA,NA,NA,NA,NA,NA,NA,NA,NA,NA,NA,NA,14489
"STU000954",13230,11041,14752,10977,10074,NA,NA,NA,NA,NA,NA,11036,11828,NA,NA,NA,NA,NA,NA,NA,24507,36185,24085,36150,34335,41870,27855,NA
"STU000955",NA,NA,NA,9669,10409,NA,NA,NA,NA,NA,11570,NA,NA,10824,10184,8873,NA,NA,NA,12235,13221,NA,NA,NA,NA,NA,NA,NA
"STU000956",10802,NA,13152,8755,13890,9088,14995,10708,NA,NA,NA,11965,11187,NA,NA,10388,8581,13428,13205,11807,NA,NA,NA,NA,17340,10406,11635,10436
"STU000957",10802,9712,10283,NA,13253,8877,12232,NA,NA,NA,NA,11249,NA,NA,NA,NA,NA,NA,NA,12827,7927,NA,NA,9277,8742,12950,12303,7975
"STU000958",17844,11527,NA,NA,NA,NA,6035,14321,NA,NA,NA,6423,NA,NA,16199,15416,11475,11603,NA,NA,NA,NA,NA,NA,NA,NA,14009,18985
"STU000959",10082,10357,10545,12541,NA,12218,8954,11616,15420,NA,NA,NA,NA,NA,10345,28117,20350,21870,16081,29351,NA,NA,NA,NA,33217,28876,15181,20543
"STU000960",14042,NA,NA,NA,NA,NA,NA,NA,NA,NA,NA,NA,NA,11406,12064,NA,12092,NA,13517,NA,NA,NA,NA,NA,NA,NA,18334,21874
"STU000961",7259,9001,NA,NA,NA,NA,NA,11380,9436,8934,8893,6119,NA,NA,NA,4693,10302,NA,NA,NA,19057,16239,13544,20130,32637,16955,12712,9418
"STU000962",4920,10807,5260,7532,8935,4283,NA,6731,NA,14957,7539,7914,7712,6536,NA,NA,NA,NA,10383,9667,NA,NA,NA,11291,9202,21003,24373,16380
"STU000963",9081,10188,9863,3863,5314,5430,NA,4853,NA,NA,7315,8622,7174,12449,NA,NA,8524,12839,12760,7738,5176,8642,12533,8040,7041,11211,7447,11634
"STU000964",NA,NA,NA,NA,NA,NA,NA,NA,NA,NA,NA,NA,NA,NA,NA,NA,NA,NA,NA,NA,NA,NA,NA,NA,NA,9396,14689,15483
"STU000965",NA,NA,NA,6052,NA,5282,28411,NA,7553,9056,10372,24023,18386,NA,10926,10105,10582,22027,NA,15880,NA,NA,18379,NA,NA,NA,14026,12345
"STU000966",19131,12074,11419,14081,10152,8288,10854,NA,NA,20127,NA,NA,NA,NA,NA,NA,NA,NA,NA,NA,NA,NA,18470,16223,25204,14749,16666,14915
"STU000967",NA,NA,NA,NA,NA,NA,NA,NA,NA,NA,NA,NA,NA,NA,NA,NA,NA,NA,NA,NA,NA,NA,NA,NA,NA,NA,NA,NA
"STU000968",6491,8145,NA,NA,NA,9088,7586,NA,NA,NA,NA,NA,NA,NA,NA,NA,NA,NA,11627,16468,NA,NA,24072,NA,NA,NA,18071,NA
"STU000969",4465,NA,NA,NA,6865,7420,NA,NA,NA,NA,NA,NA,NA,14596,NA,NA,9861,17918,14077,NA,NA,NA,NA,NA,NA,11862,16065,14132
"STU000970",NA,NA,NA,NA,NA,NA,NA,NA,NA,NA,NA,NA,NA,NA,NA,NA,NA,NA,NA,NA,NA,NA,NA,NA,NA,NA,13757,13993
"STU000971",NA,NA,NA,NA,NA,NA,NA,NA,NA,14507,21130,12554,NA,24586,29712,24222,17442,12577,13960,10391,15552,17235,NA,NA,NA,NA,NA,NA
"STU000972",13294,10107,14912,NA,8554,19357,14065,10703,NA,15171,NA,NA,NA,NA,NA,NA,NA,NA,NA,9055,15859,14763,24145,23010,15256,21008,10305,11800
"STU000973",NA,NA,NA,NA,NA,NA,NA,NA,NA,NA,NA,NA,NA,NA,NA,NA,NA,NA,NA,NA,NA,NA,NA,NA,NA,NA,NA,NA
"STU000974",NA,NA,NA,NA,NA,NA,NA,10171,NA,6788,13346,13252,NA,NA,NA,9776,10893,20117,NA,NA,NA,NA,NA,NA,19066,22347,9088,21953
"STU000975",NA,NA,NA,NA,NA,NA,NA,NA,NA,NA,NA,NA,NA,NA,NA,NA,NA,NA,NA,NA,NA,25649,NA,NA,NA,NA,36178,27037
"STU000976",5762,5438,9206,8527,8333,5688,NA,10153,4244,7336,9664,11255,8925,9319,7354,NA,5452,NA,NA,NA,12163,NA,NA,NA,NA,NA,25050,10829
"STU000977",5980,5884,6018,3942,NA,NA,NA,9995,6947,8275,10620,6878,8378,7414,NA,NA,13842,NA,NA,NA,NA,NA,NA,7061,9290,NA,NA,NA
"STU000978",NA,NA,NA,NA,NA,NA,NA,NA,NA,NA,NA,NA,NA,NA,NA,NA,NA,NA,NA,NA,NA,NA,NA,NA,NA,9603,NA,NA
"STU000979",10661,11821,NA,NA,NA,NA,NA,NA,8260,13652,12139,16814,NA,NA,NA,NA,NA,21942,NA,NA,NA,NA,NA,21530,14773,20311,NA,NA
"STU000980",15355,9196,11974,NA,NA,NA,NA,NA,6558,8857,10880,11381,NA,16335,26890,11678,18574,29443,43610,18905,27582,24972,25756,33005,30669,22013,22264,22812
"STU000981",11764,6534,NA,6571,8729,13188,20234,10464,13104,15837,10090,10396,10902,14888,NA,NA,NA,NA,10112,8314,NA,NA,NA,NA,NA,12695,14642,13165
"STU000982",15871,13184,NA,NA,NA,NA,NA,NA,NA,NA,NA,NA,15466,22188,8028,18551,9082,17987,13683,NA,NA,NA,12397,NA,NA,NA,NA,NA
"STU000983",7106,4547,8610,5110,8768,13065,5133,5543,NA,NA,NA,NA,NA,5549,6437,8257,9485,6466,NA,NA,NA,NA,11510,5054,NA,NA,5720,NA
"STU000984",21828,10120,8006,8134,NA,NA,NA,8001,NA,9963,7043,5514,10283,24300,11192,6939,7260,8728,9181,13158,10257,20004,NA,15592,15809,NA,NA,NA
"STU000985",NA,NA,NA,NA,NA,NA,NA,NA,NA,NA,NA,NA,NA,NA,NA,NA,NA,NA,NA,NA,NA,NA,NA,NA,NA,NA,10991,NA
"STU000986",NA,8808,15208,11056,7755,5100,8257,9665,8119,14816,8407,11732,12401,12417,15461,7887,12560,8400,NA,NA,NA,9133,11326,11836,10252,12087,11142,10230
"STU000987",NA,NA,NA,NA,NA,NA,NA,NA,NA,NA,NA,NA,NA,NA,NA,NA,NA,NA,NA,NA,NA,NA,NA,NA,NA,NA,37955,22216
"STU000988",8587,8156,8615,5913,NA,NA,NA,4796,14351,12131,5085,16203,5986,8207,15624,9732,NA,NA,10692,NA,NA,NA,22323,19739,NA,NA,NA,NA
"STU000989",5027,6389,NA,NA,NA,NA,NA,NA,NA,NA,NA,NA,NA,NA,NA,NA,NA,NA,NA,NA,NA,16915,19038,14849,NA,10452,NA,NA
"STU000990",NA,NA,NA,NA,NA,9228,22507,8562,23313,25449,25618,12254,19894,17367,17752,15281,18255,13748,21845,19682,13819,NA,NA,20383,16246,13356,24658,20553
"STU000991",20846,18292,9612,6519,15046,8895,8100,10166,13825,14837,8450,10798,8609,8081,5429,NA,15683,13644,NA,11365,6682,11077,12857,NA,25522,11233,25877,14443
"STU000992",7825,12260,9666,5232,6004,4829,7885,NA,15802,7370,13020,8875,12633,11921,7912,9677,6929,NA,NA,8487,8613,12759,14397,NA,NA,NA,9615,NA
"STU000993",11071,8750,8983,7320,NA,9378,7164,17632,NA,11901,15291,7753,NA,7412,11755,11909,18906,27110,19847,21492,23183,25591,16383,21830,NA,NA,16343,25731
"STU000994",NA,NA,NA,NA,NA,NA,NA,NA,NA,7334,8991,6834,15046,NA,NA,14985,17324,13426,14106,16154,15615,10404,NA,19461,17148,15625,24852,NA
"STU000995",NA,NA,NA,18246,NA,NA,22812,10720,NA,NA,NA,13546,7944,10522,9925,NA,NA,NA,NA,NA,NA,NA,NA,NA,NA,NA,NA,19854
"STU000996",NA,NA,NA,NA,NA,NA,NA,NA,NA,NA,NA,NA,NA,NA,NA,NA,NA,NA,NA,NA,NA,NA,NA,NA,NA,16255,NA,NA
"STU000997",10951,NA,7999,NA,12207,9389,9936,NA,NA,NA,NA,11538,10068,NA,NA,NA,NA,NA,13194,21445,18827,17477,11710,16231,NA,NA,16059,16198
"STU000998",9233,9825,NA,NA,NA,NA,NA,NA,NA,6708,NA,NA,NA,NA,NA,NA,NA,NA,NA,NA,NA,NA,8551,11960,15455,14656,13618,13214
"STU000999",NA,NA,NA,NA,NA,NA,NA,NA,NA,NA,NA,NA,NA,NA,NA,NA,NA,NA,NA,NA,NA,NA,NA,NA,NA,NA,3316,NA
"STU001000",9829,12369,NA,NA,NA,NA,13523,7244,11646,12257,14972,NA,NA,NA,NA,NA,NA,NA,NA,NA,NA,NA,NA,9934,14643,10859,NA,NA
"STU001001",NA,NA,NA,NA,NA,NA,NA,NA,NA,NA,NA,NA,NA,NA,NA,NA,NA,NA,NA,NA,NA,NA,NA,NA,NA,NA,NA,NA
"STU001002",9004,11303,8277,NA,NA,NA,NA,11091,NA,NA,NA,NA,NA,NA,NA,NA,NA,NA,NA,5901,10809,10152,NA,NA,NA,NA,NA,NA
"STU001003",8473,9831,5266,9374,NA,NA,NA,NA,NA,7898,15242,9619,8028,10073,10778,11692,12747,18376,NA,NA,NA,NA,9423,11830,17716,NA,8490,14306
"STU001004",6785,4435,NA,NA,NA,7220,7386,10282,11901,NA,7582,7204,7783,10171,10549,11046,5341,8537,NA,NA,NA,10265,11601,14317,8860,13295,NA,NA
"STU001005",10817,NA,NA,NA,NA,NA,8661,5388,17092,7467,8549,12460,12606,9601,8356,NA,8979,10484,NA,NA,NA,NA,14215,13515,NA,NA,NA,NA
"STU001006",8505,4362,15624,17306,12074,15018,17339,6453,13149,8767,NA,NA,8150,14941,9032,11392,NA,NA,12628,NA,NA,NA,NA,19842,15685,16993,NA,NA
"STU001007",12444,15600,7691,12610,10277,NA,NA,NA,NA,13144,17855,22127,15789,15627,NA,NA,15214,NA,NA,15405,13478,21492,11135,22171,14642,17030,NA,NA
"STU001008",13545,9642,8858,7505,5020,7215,6519,6262,6891,NA,NA,NA,NA,18931,NA,NA,NA,NA,NA,NA,14130,11079,22100,11556,9018,NA,NA,11008
"STU001009",NA,NA,NA,NA,NA,NA,NA,NA,NA,NA,NA,NA,NA,NA,NA,NA,NA,NA,NA,NA,15933,22168,13381,10550,13294,16600,17346,NA
"STU001010",NA,NA,NA,NA,NA,NA,NA,NA,NA,NA,NA,NA,11708,16416,11846,22209,NA,15942,28208,16880,19559,15480,17597,NA,18914,21890,22425,10845
"STU001011",NA,NA,NA,NA,NA,NA,NA,NA,NA,NA,NA,NA,15097,15477,12653,17891,28174,17948,26919,32763,16008,NA,NA,NA,12936,NA,14436,28221
"STU001012",NA,NA,NA,NA,NA,NA,NA,NA,NA,NA,NA,NA,NA,NA,NA,NA,NA,NA,NA,NA,NA,NA,NA,NA,NA,NA,NA,NA
"STU001013",13468,NA,7515,16719,9151,NA,6555,NA,NA,NA,NA,13699,14343,10330,11909,NA,NA,NA,NA,14969,NA,NA,NA,NA,NA,NA,NA,11749
"STU001014",NA,NA,NA,NA,NA,NA,NA,NA,NA,NA,NA,NA,NA,NA,NA,NA,NA,NA,NA,NA,NA,NA,NA,NA,NA,NA,NA,NA
"STU001015",11680,8401,9002,8725,9497,NA,NA,NA,7323,8470,15531,7644,10491,6529,NA,NA,NA,NA,8005,12734,NA,NA,NA,NA,10435,13655,14036,15020
"STU001016",8345,7168,NA,NA,NA,15109,8849,18256,13011,17522,NA,NA,NA,NA,NA,NA,NA,14421,12578,12768,14031,NA,NA,NA,NA,NA,15480,NA
"STU001017",NA,NA,NA,NA,NA,NA,NA,NA,NA,NA,19861,12788,28313,12876,20207,23131,22443,13948,19345,17351,NA,NA,NA,NA,NA,22594,30209,17646
"STU001018",12588,5803,5706,6524,11177,9694,8718,5135,NA,NA,NA,NA,NA,10860,7866,7440,6939,NA,NA,10532,NA,12925,14392,NA,18037,9229,17793,20600
"STU001019",10776,8598,NA,8937,7298,9923,11557,NA,NA,NA,8753,NA,NA,NA,NA,10112,11394,NA,8702,10650,8819,NA,11924,NA,12646,7043,14227,10789
"STU001020",8765,7632,13208,4485,5186,4395,9388,9645,9289,10974,6845,NA,NA,NA,NA,NA,NA,10361,13792,14951,17463,15849,13908,12985,10271,NA,12553,11148
"STU001021",9728,6680,10835,3918,8103,NA,11806,NA,NA,NA,15237,10198,10172,7060,9963,NA,15800,9077,10693,14071,NA,NA,NA,13998,12740,11258,13375,8400
"STU001022",10733,18383,NA,9486,NA,NA,8155,16263,NA,NA,NA,11343,NA,NA,NA,13551,7166,NA,NA,NA,NA,NA,12208,8540,15886,17260,NA,18342
"STU001023",6035,NA,NA,NA,NA,8084,3226,NA,6104,NA,8807,11187,5774,7068,7408,9119,6296,6231,6548,11679,NA,NA,13226,8278,NA,NA,NA,NA
"STU001024",NA,NA,NA,NA,NA,NA,NA,NA,NA,NA,NA,NA,NA,NA,NA,NA,NA,NA,NA,NA,NA,NA,NA,NA,NA,NA,NA,NA
"STU001025",NA,NA,NA,NA,NA,NA,NA,NA,NA,NA,NA,NA,NA,NA,NA,NA,NA,NA,NA,NA,NA,NA,NA,NA,NA,NA,NA,NA
"STU001026",NA,NA,NA,NA,6323,10188,8368,NA,NA,NA,5964,8357,8205,NA,NA,6935,9596,7613,8040,NA,NA,NA,9121,10186,10515,7022,15836,19189
"STU001027",8048,6591,6545,6479,NA,6515,5390,NA,NA,NA,NA,NA,6856,NA,NA,NA,NA,13215,12960,11792,NA,22947,23543,11906,NA,13173,15327,19201
"STU001028",7909,NA,NA,NA,13662,13652,15761,7948,7786,16877,10394,13004,NA,14055,15201,13883,13548,NA,15254,15537,6926,19324,8915,10593,18710,9481,NA,13434
"STU001029",NA,NA,NA,NA,NA,NA,NA,NA,NA,16017,NA,11976,22421,10835,NA,NA,NA,23398,NA,NA,NA,NA,NA,NA,NA,NA,NA,NA
"STU001030",8404,NA,NA,4902,NA,NA,5871,5691,14576,9847,13555,5669,13993,5947,17067,12475,8173,9629,10786,12117,15967,6005,10914,25109,15267,14141,18122,NA
"STU001031",7410,6233,11110,7403,NA,NA,12719,10751,12428,10707,10629,NA,NA,8418,10586,6229,7186,8651,NA,NA,NA,9489,NA,NA,22666,8566,18211,NA
"STU001032",8358,7671,13032,6104,NA,NA,NA,NA,NA,NA,9875,NA,NA,NA,NA,NA,NA,NA,NA,13052,9895,8469,11106,NA,NA,9470,10997,NA
"STU001033",12756,10394,5603,NA,NA,16522,11316,9520,9522,16143,13119,16384,12000,7703,NA,16990,9982,17275,15205,9207,14762,11740,NA,NA,11989,NA,NA,NA
"STU001034",8522,10491,7140,6986,NA,7656,NA,NA,14633,12211,7617,10894,7764,8358,11622,11507,30263,15386,17658,NA,NA,NA,NA,NA,NA,NA,NA,NA
"STU001035",8708,10379,8839,11889,NA,NA,NA,NA,NA,NA,NA,8702,NA,NA,10978,7971,14471,10934,NA,NA,NA,NA,11426,8632,17826,NA,NA,NA
"STU001036",7715,5966,14768,9537,17988,6779,6697,NA,12337,NA,NA,NA,NA,11730,9056,11421,15128,NA,NA,NA,NA,20905,23881,20168,17603,18391,20205,NA
"STU001037",NA,NA,NA,NA,NA,NA,NA,NA,NA,NA,NA,NA,NA,NA,14088,8479,14915,11063,11118,12701,13009,14030,12798,12592,14640,NA,NA,NA
"STU001038",NA,NA,NA,NA,9543,14768,5868,13923,11408,NA,NA,NA,NA,7274,6916,NA,NA,10426,11218,7101,NA,NA,NA,NA,8122,16027,NA,NA
"STU001039",NA,NA,NA,NA,NA,NA,NA,NA,NA,NA,NA,NA,NA,NA,NA,NA,NA,NA,NA,NA,NA,NA,NA,22531,NA,NA,NA,NA
"STU001040",7322,NA,NA,NA,NA,16101,11015,20747,12326,13393,17728,9522,15432,11606,NA,NA,NA,NA,NA,NA,18684,10407,24000,NA,14109,NA,NA,NA
"STU001041",NA,NA,NA,NA,6492,6791,9715,NA,NA,10992,NA,13222,9888,6682,NA,18295,4314,17829,NA,NA,NA,NA,NA,8172,18626,8948,6341,NA
"STU001042",NA,NA,NA,NA,NA,NA,NA,NA,NA,NA,NA,NA,NA,NA,NA,NA,NA,NA,NA,17122,NA,NA,NA,NA,NA,NA,NA,NA
"STU001043",8466,4990,5661,3821,6677,5183,5238,10144,3492,NA,NA,4111,5247,NA,NA,4983,3608,6561,8213,19731,8373,10164,9184,8435,NA,NA,11475,9408
"STU001044",12530,7693,12457,8163,8394,9408,9803,8772,14006,12184,5991,NA,NA,8142,11245,12097,10221,8376,9780,20914,8673,NA,NA,NA,NA,11693,12756,14854
"STU001045",9292,9657,8757,8534,7240,7937,6616,5401,NA,NA,NA,12091,7763,9866,7090,6792,10782,NA,NA,NA,NA,NA,NA,NA,NA,NA,NA,9613
"STU001046",11795,NA,NA,NA,22756,8779,6871,11526,NA,20022,16079,13235,12956,NA,26579,21584,19985,11780,12570,16601,NA,24554,13473,NA,20491,21738,18234,18185
"STU001047",5948,20912,NA,NA,NA,NA,NA,10972,NA,13008,NA,NA,NA,11195,10711,14755,NA,NA,NA,12123,12686,8213,21570,12466,NA,NA,NA,NA
"STU001048",5776,4406,4442,NA,7991,NA,8623,7489,8736,8598,9958,5975,NA,NA,NA,8452,16016,15522,6735,13193,6299,9275,12134,7829,13283,11297,7777,12538
"STU001049",10354,14490,7873,NA,15475,7545,NA,6679,12132,10043,6354,6243,8563,6053,17372,15958,15536,14397,16263,25356,13506,17031,NA,NA,NA,NA,NA,NA
"STU001050",NA,NA,NA,NA,NA,NA,NA,NA,NA,NA,NA,NA,NA,NA,NA,NA,NA,NA,NA,NA,NA,NA,NA,NA,NA,NA,NA,NA
"STU001051",13967,6373,NA,NA,13152,7970,19080,NA,NA,NA,32545,15199,21371,26198,23019,23615,15064,12614,29965,20234,20978,NA,NA,NA,NA,NA,NA,NA
"STU001052",NA,NA,6052,5671,NA,NA,NA,NA,NA,11066,7547,8118,NA,NA,6446,18101,11831,6850,14665,22260,12574,18204,10883,24859,11240,NA,9639,18426
"STU001053",21478,NA,7488,9260,NA,NA,NA,NA,10763,8380,NA,9778,10905,6078,15520,7240,18590,NA,NA,NA,NA,NA,NA,NA,18439,NA,NA,NA
"STU001054",6076,9659,8971,7384,NA,7008,NA,12250,4309,5296,11701,NA,NA,7844,9083,6289,10035,NA,6383,9182,8324,8973,6794,6221,8660,NA,9274,11108
"STU001055",NA,NA,NA,NA,NA,NA,NA,NA,NA,NA,NA,NA,NA,NA,NA,NA,NA,NA,NA,NA,NA,NA,NA,NA,NA,NA,NA,NA
"STU001056",11526,5601,6758,8965,7982,NA,9770,NA,10068,NA,NA,12345,9327,NA,NA,NA,11346,NA,NA,NA,19968,NA,40612,23135,NA,NA,NA,14748
"STU001057",14011,11228,11060,7890,NA,11237,8440,11459,13707,12385,13969,5586,13499,NA,8567,10935,14292,12097,7183,13864,12625,12394,8407,8246,6995,16006,12584,NA
"STU001058",5644,6255,11116,8988,7955,8623,NA,NA,NA,NA,NA,7953,9860,10498,7374,NA,NA,NA,8590,NA,14486,13881,8149,NA,NA,9612,10562,10159
"STU001059",NA,NA,NA,NA,NA,9984,7424,11802,10832,13672,NA,NA,NA,NA,NA,10779,13110,NA,NA,11729,NA,NA,14351,12521,11535,NA,NA,NA
"STU001060",NA,NA,NA,NA,NA,NA,NA,NA,NA,NA,NA,NA,NA,NA,NA,NA,NA,NA,NA,NA,NA,NA,NA,NA,NA,NA,NA,11584
"STU001061",NA,NA,NA,NA,NA,NA,NA,NA,NA,NA,NA,NA,NA,NA,NA,NA,NA,NA,NA,NA,NA,NA,NA,NA,NA,NA,9704,15127
"STU001062",NA,NA,NA,NA,NA,NA,NA,NA,NA,NA,NA,NA,9079,5220,4091,4992,10511,15668,24200,13154,20465,NA,NA,NA,12857,19378,12884,15429
"STU001063",5247,11379,12805,4075,9267,5869,7653,7348,5756,3184,NA,5454,6396,6205,4293,5063,8198,5304,NA,8794,16517,11907,NA,6214,23373,7399,10458,12830
"STU001064",NA,NA,NA,NA,9788,8379,11804,NA,7841,NA,9773,9819,8399,NA,10729,10692,NA,5763,9583,11830,14094,10739,7538,10810,11222,NA,12711,NA
"STU001065",NA,NA,NA,10283,11507,11226,15426,10186,NA,NA,NA,NA,NA,9856,NA,11236,NA,NA,9099,10564,NA,13332,16836,16671,13863,11596,10907,13632
"STU001066",NA,NA,5848,5762,4809,7387,13512,12023,16225,8858,14686,8418,6262,8183,13090,NA,NA,18666,20659,11906,13268,19309,10089,NA,NA,21558,11722,15049
"STU001067",5274,6580,NA,NA,NA,4882,4654,6030,6209,4228,4750,6868,5396,NA,8567,NA,9735,13674,15178,10285,13250,16370,NA,NA,NA,7808,12703,10595
"STU001068",5475,4542,8934,NA,8644,NA,NA,NA,NA,NA,17080,10550,10207,NA,NA,20089,NA,NA,9277,10336,NA,9728,NA,16698,NA,13468,13982,16255
"STU001069",NA,NA,NA,NA,NA,NA,NA,NA,NA,NA,NA,NA,NA,NA,NA,NA,NA,NA,NA,22688,NA,46254,NA,18351,NA,NA,19975,NA
"STU001070",5776,10771,NA,NA,NA,NA,14958,10672,NA,NA,NA,NA,NA,13135,11841,8843,7578,NA,NA,7946,13285,NA,NA,NA,NA,NA,NA,9020
"STU001071",10683,7787,10089,NA,NA,NA,6797,5528,5612,9291,4502,5176,NA,5024,9377,16181,NA,NA,8628,8329,7451,NA,NA,16010,12020,13391,10130,11173
"STU001072",NA,NA,NA,NA,10541,5515,5170,10479,13086,7032,NA,NA,9690,7773,15736,10061,NA,9009,8841,10223,NA,NA,NA,13941,10795,10029,10511,10966
"STU001073",7607,11248,8247,7280,13125,NA,NA,NA,NA,17067,10078,13300,10710,14651,NA,NA,NA,NA,NA,NA,NA,NA,9120,10280,9325,7592,9772,11258
"STU001074",NA,NA,5743,13049,8445,NA,NA,NA,10521,9881,13255,11040,NA,NA,NA,10550,10897,7522,7705,8885,12803,10029,8198,7268,NA,NA,10033,11488
"STU001075",NA,NA,NA,NA,NA,NA,NA,NA,NA,NA,NA,NA,NA,NA,NA,NA,NA,NA,27020,16228,19643,15261,13872,17771,16983,15282,19783,NA
"STU001076",NA,NA,NA,NA,NA,NA,NA,NA,NA,NA,NA,NA,NA,NA,NA,NA,NA,NA,NA,17520,NA,17500,19197,17721,33398,15451,NA,24231
"STU001077",11701,14073,13468,9762,NA,10192,12008,11955,12204,NA,NA,7350,12794,11668,16724,8791,14821,9740,NA,16056,16131,NA,NA,NA,NA,NA,NA,10463
"STU001078",7657,8851,7333,29405,NA,NA,NA,NA,NA,NA,NA,NA,12778,NA,8675,NA,NA,NA,NA,NA,NA,NA,19657,NA,NA,NA,17763,26036
"STU001079",11865,5487,9658,8747,13416,10663,8955,5127,4888,7365,17197,NA,NA,NA,NA,NA,8113,9880,9247,10585,11233,9813,NA,NA,NA,NA,NA,14773
"STU001080",11902,8503,12169,NA,5390,14544,NA,9134,10424,12020,NA,NA,5841,11991,NA,NA,12483,7641,7266,12221,10832,7556,12842,15589,8412,8265,20932,NA
"STU001081",NA,NA,NA,NA,NA,NA,NA,NA,NA,NA,NA,NA,NA,NA,NA,NA,NA,NA,NA,NA,NA,NA,NA,NA,26387,13741,14757,19970
"STU001082",NA,NA,NA,NA,11589,5572,NA,NA,13606,NA,NA,NA,10124,12536,11276,8811,8679,NA,12240,7772,5037,NA,NA,6767,28532,NA,NA,NA
"STU001083",NA,NA,NA,NA,NA,NA,NA,NA,NA,NA,NA,NA,NA,NA,NA,NA,NA,NA,10933,11772,9164,13730,15490,18370,22686,9685,12733,NA
"STU001084",NA,NA,NA,NA,NA,6669,8991,7968,9792,9731,19781,13448,5202,6093,NA,NA,16803,15057,NA,10036,18129,16771,NA,10218,22239,17326,11914,22586
"STU001085",NA,8971,17319,10573,14807,12019,12736,16796,NA,17072,20723,17223,NA,NA,10199,27080,15272,NA,NA,NA,NA,24387,18618,14357,NA,NA,NA,NA
"STU001086",12183,13055,NA,NA,NA,NA,NA,19091,15911,9269,11904,15399,11761,NA,NA,8690,12326,14107,11393,19263,NA,NA,NA,12068,10444,18341,11089,9296
"STU001087",NA,NA,NA,NA,NA,9688,6518,4326,3920,10361,NA,10988,6761,5819,NA,NA,NA,NA,NA,NA,11050,12849,7696,11996,10201,6674,10386,NA
"STU001088",5771,NA,NA,NA,NA,NA,7526,6875,10074,7245,NA,6001,6403,5365,NA,NA,23217,12894,NA,NA,21241,15953,18359,22207,26662,NA,18920,17910
"STU001089",NA,NA,NA,NA,4858,NA,NA,NA,NA,NA,NA,NA,NA,NA,7575,NA,NA,NA,NA,NA,NA,6364,10160,NA,NA,8555,10972,12761
"STU001090",11889,9478,12006,10783,NA,NA,NA,NA,10696,18781,21988,NA,NA,NA,NA,16242,16865,23448,12007,NA,8088,18795,16276,20947,12825,11745,17013,12248
"STU001091",NA,NA,NA,NA,NA,NA,NA,NA,NA,NA,3683,NA,NA,8347,8994,NA,NA,12783,NA,20155,NA,21891,20615,NA,NA,NA,15625,13377
"STU001092",12229,NA,NA,NA,NA,NA,NA,NA,NA,NA,NA,NA,NA,NA,13386,10510,19647,31259,16104,17001,15991,26245,NA,NA,NA,NA,NA,NA
"STU001093",NA,10227,8960,NA,8294,11113,12080,17607,6967,12780,NA,NA,NA,NA,NA,9620,13473,8752,5937,10273,11826,11559,8207,11416,NA,15451,11965,NA
"STU001094",8700,6278,NA,6268,10242,NA,NA,NA,NA,NA,12870,16181,14269,11899,14957,NA,NA,NA,NA,NA,NA,NA,NA,18972,15684,19603,11554,NA
"STU001095",15919,7201,9043,10634,9825,NA,NA,NA,NA,15168,14340,13574,7898,NA,23612,NA,NA,12406,11650,8383,NA,10548,NA,NA,NA,7028,17422,NA
"STU001096",9289,NA,NA,8376,8090,9411,6627,14386,8878,NA,NA,NA,NA,NA,NA,6422,12116,8172,11834,NA,NA,11538,8531,12213,12956,13167,6769,NA
"STU001097",NA,NA,NA,12766,8260,NA,14190,12895,NA,NA,NA,NA,12042,10993,14729,5884,9001,NA,NA,NA,NA,10835,11473,8101,17442,11526,13481,11107
"STU001098",12527,9652,15437,12283,6568,NA,12653,7746,10723,9152,9148,NA,7511,NA,NA,NA,NA,9154,NA,NA,NA,NA,13519,17063,12940,NA,NA,14304
"STU001099",12897,13497,NA,NA,NA,NA,10609,NA,5494,9129,8175,13772,8595,NA,NA,NA,8119,12191,9300,9376,12197,NA,NA,NA,11018,NA,NA,NA
"STU001100",11731,10157,14421,NA,NA,12019,11412,NA,11660,NA,NA,NA,13017,14882,16553,10007,NA,NA,NA,23338,20106,NA,NA,NA,NA,25381,22168,NA
"STU001101",17729,11544,4329,NA,16588,9336,NA,15583,12887,18623,18959,15936,14869,18378,13395,10725,NA,NA,NA,14825,NA,21020,20563,12650,13584,30396,16069,26166
"STU001102",NA,NA,NA,NA,NA,NA,NA,NA,NA,NA,NA,NA,NA,NA,NA,NA,NA,NA,NA,16355,9974,15187,7613,8736,27727,18257,11870,12753
"STU001103",8989,NA,NA,5948,NA,6635,10234,9382,10179,NA,NA,14319,10689,NA,NA,NA,NA,10220,14227,19724,NA,9126,17505,9870,20227,6588,10908,12027
"STU001104",9398,NA,NA,NA,10341,10850,NA,NA,NA,NA,NA,NA,15117,15917,NA,NA,10153,14368,NA,15551,12814,12718,NA,NA,NA,NA,NA,NA
"STU001105",3191,NA,NA,NA,NA,5782,3629,6499,13336,11512,16161,10222,8408,8895,6869,15566,12843,NA,NA,9804,10323,12642,8467,NA,13177,14786,9951,23905
"STU001106",9233,5777,8481,6746,6568,11595,13359,NA,NA,12767,7787,NA,NA,10708,10589,NA,NA,NA,11620,7127,10260,9931,NA,7752,16767,14019,14434,8967
"STU001107",14602,14693,NA,NA,NA,NA,NA,NA,7504,NA,NA,NA,10035,NA,NA,NA,NA,14010,13980,13010,18497,15441,NA,17706,NA,13299,NA,NA
"STU001108",NA,NA,NA,NA,NA,11399,NA,NA,NA,12703,5278,15009,8700,NA,NA,14119,11201,13923,16982,12923,13352,21475,NA,9390,NA,NA,NA,21915
"STU001109",10182,10240,18660,6741,8198,NA,NA,3957,9043,7985,4127,5296,14766,7362,9187,13164,NA,NA,NA,NA,7798,10152,15807,18276,16348,NA,14763,NA
"STU001110",6642,14585,8634,5955,4890,6909,NA,NA,NA,6854,4645,5371,7453,6497,9111,6334,11726,9156,NA,NA,NA,13156,13944,12165,13024,22741,15605,11696
"STU001111",NA,NA,NA,5439,10183,7158,NA,NA,4273,8238,7344,6364,4449,NA,NA,NA,6394,5821,5645,12264,4730,15560,NA,10187,8202,13348,10260,NA
"STU001112",20986,8275,NA,12616,NA,NA,NA,NA,8237,NA,NA,NA,NA,NA,8805,16897,NA,NA,NA,NA,8092,11573,18601,9365,13728,15829,11631,12885
"STU001113",8586,9628,13560,12580,16717,11341,12437,10419,NA,16717,10090,9388,19855,NA,9138,9289,19798,10612,10848,8165,13910,15809,19365,14175,11748,16989,17892,19741
"STU001114",10386,13931,8855,8100,NA,NA,NA,NA,NA,NA,NA,6896,14001,13548,20139,13431,14811,NA,NA,NA,NA,NA,NA,NA,NA,NA,14225,27733
"STU001115",NA,NA,NA,NA,NA,NA,NA,NA,NA,NA,NA,NA,NA,NA,NA,NA,6586,12055,NA,12813,NA,15348,9839,18808,15743,21004,NA,24509
"STU001116",13859,9063,7451,11874,17627,10281,10015,NA,NA,NA,10642,10367,9004,12261,NA,13986,6496,7982,NA,NA,NA,NA,10488,NA,NA,9899,7973,NA
"STU001117",NA,7296,NA,4568,4886,8493,5959,4949,15598,10808,14273,11751,10146,12241,10110,11190,12176,NA,13513,12906,11745,12389,13138,21954,17507,9288,16944,NA
"STU001118",NA,NA,NA,NA,NA,NA,NA,NA,5005,NA,5872,NA,NA,NA,NA,NA,6917,18299,10179,14648,12966,NA,NA,10885,11317,11715,7724,NA
"STU001119",NA,NA,NA,13982,4567,NA,NA,NA,10839,6966,NA,NA,NA,NA,NA,NA,NA,NA,NA,NA,20028,16544,NA,NA,10753,20734,24275,18111
"STU001120",11520,NA,8546,NA,NA,NA,NA,NA,NA,NA,NA,NA,8294,NA,NA,9889,19038,NA,NA,NA,11629,12966,NA,NA,18773,13830,11660,11835
"STU001121",NA,NA,NA,NA,NA,NA,NA,NA,NA,NA,NA,NA,NA,NA,NA,NA,NA,NA,NA,NA,NA,NA,NA,NA,NA,NA,NA,NA
"STU001122",NA,NA,NA,NA,NA,NA,NA,NA,NA,NA,NA,NA,7729,5246,6679,7909,NA,NA,NA,NA,NA,NA,NA,NA,NA,11609,13772,NA
"STU001123",7017,11298,NA,NA,12413,4537,4554,5598,5912,5661,12276,6911,7728,3862,9413,7575,3642,15286,NA,NA,10758,7698,NA,NA,6287,6104,7581,13585
"STU001124",NA,NA,NA,NA,NA,NA,NA,NA,NA,NA,NA,NA,NA,NA,NA,NA,NA,NA,NA,NA,NA,NA,NA,NA,NA,NA,NA,NA
"STU001125",NA,NA,NA,NA,NA,NA,NA,NA,NA,10863,12800,NA,NA,NA,12384,11813,14893,10831,9784,17185,NA,NA,NA,NA,NA,NA,NA,NA
"STU001126",5622,NA,NA,10428,11938,16583,10886,17674,8174,NA,NA,15802,14937,17140,NA,NA,NA,NA,NA,22292,15956,10225,13460,14059,14602,17540,NA,NA
"STU001127",10144,12776,10489,12975,13074,10765,12944,15434,9346,15969,11192,14512,13521,13496,NA,NA,NA,NA,13002,12523,17697,NA,NA,NA,NA,NA,15618,NA
"STU001128",NA,8109,NA,7582,NA,NA,NA,13933,10304,NA,12382,10731,NA,NA,NA,NA,11568,8372,15848,10547,11391,14057,6001,10044,NA,NA,NA,NA
"STU001129",NA,NA,NA,NA,NA,NA,NA,NA,NA,NA,NA,NA,NA,NA,NA,NA,NA,NA,NA,NA,NA,NA,NA,NA,NA,NA,NA,NA
"STU001130",7250,9931,9479,6038,7799,6400,NA,7734,7043,5503,14353,16417,9674,NA,NA,NA,NA,NA,NA,NA,NA,NA,NA,NA,NA,13106,14430,NA
"STU001131",NA,NA,NA,NA,NA,6320,8825,6871,7024,8102,7529,9597,7117,9923,13142,19115,10894,24045,33234,NA,NA,30839,NA,NA,NA,26011,23837,24791
"STU001132",8276,14123,NA,12949,8113,6872,7376,10053,6662,NA,NA,NA,NA,12923,12347,NA,NA,13162,NA,11216,9827,14090,13194,NA,9788,15801,10917,14291
"STU001133",NA,NA,NA,NA,NA,5307,NA,10116,6744,6656,NA,7492,7864,5219,9977,5978,10548,NA,NA,NA,6668,9576,7319,10687,9572,9701,7317,7441
"STU001134",NA,NA,NA,NA,NA,NA,NA,NA,NA,NA,NA,NA,NA,NA,NA,NA,NA,NA,NA,NA,NA,NA,NA,24826,17622,17824,21200,NA
"STU001135",NA,NA,NA,NA,NA,NA,6674,14791,8862,11881,7216,12684,8312,14730,NA,NA,14162,NA,NA,12016,NA,9331,12774,20078,15336,NA,NA,18159
"STU001136",NA,NA,NA,NA,NA,NA,NA,NA,NA,NA,NA,NA,NA,NA,7358,5919,NA,NA,11335,12034,10672,13844,NA,NA,12496,16908,NA,14317
"STU001137",10059,12184,7109,NA,NA,NA,11495,7024,NA,9557,NA,NA,NA,NA,NA,NA,11902,12895,16158,15546,NA,NA,NA,20816,16751,14660,20692,NA
"STU001138",14876,13904,8246,8935,NA,NA,NA,NA,NA,NA,NA,14904,9256,12261,13651,15567,11853,13155,11778,11120,12867,10732,11105,10171,NA,14424,NA,17181
"STU001139",NA,NA,NA,NA,NA,NA,NA,NA,NA,NA,NA,NA,NA,NA,NA,NA,NA,NA,NA,NA,NA,NA,NA,NA,NA,NA,NA,NA
"STU001140",NA,NA,NA,NA,11733,9450,9529,9966,NA,NA,10724,12467,8723,14541,11341,NA,NA,15360,10095,13601,18732,NA,NA,NA,NA,10351,18361,14282
"STU001141",NA,NA,NA,NA,NA,NA,NA,NA,NA,NA,NA,NA,NA,NA,NA,NA,NA,NA,NA,NA,NA,NA,NA,NA,NA,NA,NA,NA
"STU001142",9285,9141,5443,19253,11774,18636,NA,NA,NA,13729,NA,NA,NA,14112,15569,16372,13140,21827,22362,24443,17505,NA,NA,NA,NA,NA,NA,25093
"STU001143",10370,8263,7251,NA,8151,7221,NA,NA,10492,10290,NA,NA,NA,NA,NA,8781,11685,NA,NA,NA,NA,10427,NA,NA,NA,12594,NA,NA
"STU001144",12705,11187,NA,6114,NA,5436,NA,NA,8200,12738,6494,9341,7195,NA,NA,NA,NA,NA,16997,12754,13190,8154,7291,13054,15152,8637,12288,NA
"STU001145",8293,12541,NA,NA,5315,4639,5548,NA,NA,NA,8920,9115,9482,8166,13615,11888,14368,NA,NA,9954,NA,14017,NA,7026,NA,11305,9793,7906
"STU001146",NA,NA,NA,NA,NA,NA,NA,NA,NA,NA,NA,NA,NA,NA,NA,NA,NA,NA,NA,NA,NA,NA,NA,NA,NA,NA,NA,NA
"STU001147",NA,NA,NA,NA,NA,NA,NA,NA,NA,NA,NA,NA,NA,NA,NA,NA,NA,NA,NA,NA,NA,NA,NA,NA,NA,NA,NA,NA
"STU001148",NA,4776,4389,6564,NA,NA,10234,6404,5675,11222,6147,NA,7439,NA,NA,NA,6507,NA,NA,NA,4886,9813,4852,9271,9874,15604,16325,NA
"STU001149",6231,NA,NA,NA,7989,8339,7076,11897,11524,10669,10569,13343,NA,NA,NA,NA,NA,9410,13393,NA,NA,13599,8646,NA,NA,15504,NA,8909
"STU001150",NA,NA,NA,10070,NA,NA,NA,NA,NA,NA,11247,10520,15982,NA,NA,NA,NA,NA,NA,15926,18422,15228,17815,13332,38324,15433,9065,20569
"STU001151",NA,NA,NA,NA,NA,NA,NA,NA,NA,11846,NA,NA,NA,NA,NA,7835,10919,NA,14576,NA,NA,21766,16357,8530,NA,NA,NA,NA
"STU001152",NA,NA,NA,NA,NA,NA,NA,NA,NA,NA,NA,NA,NA,NA,NA,NA,NA,NA,NA,NA,NA,NA,6281,NA,NA,NA,NA,NA
"STU001153",NA,NA,NA,NA,NA,3817,NA,5988,8227,4329,NA,NA,10570,NA,NA,5315,5963,5979,4941,NA,NA,NA,NA,13945,12393,17680,8925,10858
"STU001154",5786,9347,5261,8794,NA,NA,NA,NA,NA,NA,NA,NA,6484,6929,6879,10880,NA,NA,20048,23813,NA,NA,NA,NA,NA,NA,NA,NA
"STU001155",4656,4332,2613,NA,NA,NA,6805,7519,12366,5917,8286,4998,4729,6847,5938,7885,6195,NA,7362,9180,12782,15994,NA,NA,NA,5620,22120,10964
"STU001156",NA,NA,NA,NA,NA,12894,9310,10364,NA,12803,14029,NA,NA,NA,NA,NA,11366,19391,16604,NA,NA,NA,NA,NA,NA,NA,NA,9195
"STU001157",12627,14359,13019,9519,16627,NA,20997,NA,12690,NA,NA,NA,NA,NA,25507,NA,16792,49665,NA,NA,NA,NA,NA,NA,NA,NA,NA,34136
"STU001158",NA,9396,9712,15247,8886,7849,8696,6345,8385,8983,5358,11748,13022,6324,7195,6106,14019,8787,NA,5696,7294,16132,16643,9633,5901,10429,13878,11659
"STU001159",8751,12739,16288,6926,9680,7259,9269,10346,NA,21465,13510,NA,6699,7742,19848,20305,18150,18688,NA,NA,15296,16270,18911,24463,24922,12098,27442,20571
"STU001160",NA,NA,NA,NA,NA,NA,NA,NA,NA,NA,NA,NA,NA,20887,NA,11069,12860,23542,31384,18024,NA,NA,NA,16565,17652,14322,14356,22490
"STU001161",NA,NA,NA,NA,7836,7515,10605,9242,9106,10957,8429,9640,12239,13656,NA,NA,NA,11626,NA,10845,14413,10788,NA,NA,NA,NA,NA,NA
"STU001162",6557,5286,7447,5822,4172,4193,7767,NA,NA,NA,NA,8366,4989,9254,8690,6538,NA,5586,NA,NA,15226,NA,NA,22806,29312,16554,11876,14723
"STU001163",NA,NA,NA,NA,NA,NA,NA,NA,NA,NA,NA,NA,NA,NA,NA,NA,NA,NA,NA,NA,NA,NA,NA,NA,NA,NA,NA,NA
"STU001164",12774,7647,4248,5604,12063,NA,NA,NA,NA,NA,NA,NA,NA,NA,NA,NA,NA,NA,NA,NA,NA,NA,NA,NA,NA,17838,13078,NA
"STU001165",NA,NA,NA,NA,6850,NA,5041,7093,4397,4340,12233,5011,4563,8058,3895,10322,NA,NA,8213,3269,9513,NA,NA,NA,7773,13298,12504,14953
"STU001166",NA,NA,5108,6790,NA,NA,NA,NA,9792,10588,14556,14658,10790,11244,12824,12314,NA,6958,12393,9812,14888,13687,NA,NA,15273,NA,NA,NA
"STU001167",NA,7745,15008,NA,NA,NA,15208,12279,9720,NA,NA,10667,NA,NA,NA,NA,NA,NA,NA,15767,12752,11301,17637,22853,18650,11699,NA,NA
"STU001168",11643,11419,NA,NA,NA,6560,9547,6826,11434,14396,13562,NA,NA,NA,NA,10237,11400,10289,8128,16202,8902,7672,NA,NA,NA,NA,11783,NA
"STU001169",6423,8141,15868,10800,NA,NA,NA,NA,NA,NA,NA,NA,9404,11393,9875,14836,14189,11007,9348,12869,12564,15459,9266,13146,17998,16356,14751,11886
"STU001170",NA,NA,NA,10358,5569,13328,10441,6145,9931,NA,NA,12240,10068,14305,7253,11124,12908,11963,15674,14232,10025,9761,NA,18270,13976,13692,14416,NA
"STU001171",NA,NA,NA,NA,NA,NA,NA,NA,NA,NA,NA,NA,NA,NA,NA,NA,NA,NA,NA,NA,NA,12613,NA,NA,15778,12661,10970,NA
"STU001172",11804,NA,NA,NA,7311,5757,7195,NA,NA,NA,NA,NA,NA,NA,NA,8367,15519,13670,8608,16175,8388,7276,NA,21944,12805,3586,NA,NA
"STU001173",7754,12442,11583,9620,7967,4128,NA,NA,NA,NA,NA,4215,4587,NA,NA,NA,NA,NA,NA,NA,8341,NA,NA,10479,7836,11873,NA,NA
"STU001174",7838,NA,NA,NA,NA,NA,NA,NA,NA,NA,NA,NA,11825,NA,NA,9571,17528,NA,NA,13193,11684,NA,NA,NA,NA,11658,13706,20411
"STU001175",NA,NA,NA,NA,NA,NA,NA,NA,NA,NA,NA,NA,NA,NA,NA,NA,NA,NA,27155,25911,12505,NA,NA,NA,30778,22682,NA,NA
"STU001176",8262,10664,NA,NA,13037,8380,NA,17585,13780,13291,11708,11842,13722,15506,10063,NA,NA,NA,NA,NA,NA,NA,NA,NA,NA,19720,10482,NA
"STU001177",NA,NA,NA,NA,NA,NA,NA,NA,NA,NA,NA,NA,NA,NA,NA,NA,NA,NA,NA,NA,NA,NA,NA,NA,NA,NA,NA,NA
"STU001178",NA,NA,NA,10947,18339,11754,NA,NA,10233,13993,8187,12412,9197,7864,9418,14266,NA,NA,NA,NA,18777,11724,19238,NA,13389,12156,8166,NA
"STU001179",NA,NA,NA,NA,NA,NA,NA,NA,NA,16776,7073,8642,9370,12499,12647,NA,NA,28189,24570,34718,NA,NA,20199,37747,26792,18992,24051,24047
"STU001180",11053,8893,8523,8530,NA,12900,8024,12028,8456,14414,14135,NA,9609,9701,NA,NA,NA,12504,10126,17227,NA,NA,12956,NA,12082,11276,NA,NA
"STU001181",NA,NA,NA,NA,NA,NA,NA,NA,NA,NA,NA,NA,NA,NA,NA,NA,NA,NA,NA,NA,NA,NA,NA,NA,NA,NA,NA,NA
"STU001182",9987,NA,5038,6205,8549,NA,10163,NA,4446,NA,NA,NA,NA,9108,NA,15183,17595,17035,20350,14122,18310,13091,15458,13970,11913,15940,11732,22760
"STU001183",2946,4361,NA,8676,9514,15338,7335,8405,NA,NA,NA,NA,NA,NA,NA,10181,NA,NA,NA,NA,NA,NA,NA,NA,NA,NA,17101,NA
"STU001184",8557,10587,6292,7025,NA,NA,NA,NA,NA,NA,6892,NA,NA,11927,10136,NA,NA,NA,7690,13850,15809,17917,19549,9388,NA,NA,17873,16725
"STU001185",3463,4517,7386,NA,NA,4030,NA,4316,7375,7602,6345,8351,5680,6052,8344,13601,NA,NA,NA,5199,8964,NA,NA,NA,NA,NA,NA,NA
"STU001186",NA,NA,4146,NA,6809,NA,NA,NA,NA,12505,18339,21143,19336,NA,NA,7851,17339,13071,11169,8494,12830,18388,14719,18439,11256,14774,12692,13207
"STU001187",NA,NA,NA,NA,NA,NA,NA,NA,NA,NA,NA,NA,NA,NA,NA,17194,NA,NA,17106,24859,19344,NA,NA,NA,NA,NA,NA,NA
"STU001188",6875,8386,10320,11746,4219,6873,7956,5968,6008,5570,7292,4145,NA,NA,NA,11818,8156,8942,6318,15880,NA,NA,6571,12658,10105,NA,NA,NA
"STU001189",NA,NA,NA,NA,8320,NA,NA,NA,NA,NA,NA,8268,14514,NA,NA,NA,NA,7215,NA,NA,NA,13547,7405,9923,19554,14362,8732,NA
"STU001190",NA,NA,NA,NA,NA,NA,NA,NA,NA,NA,NA,NA,NA,NA,NA,NA,NA,NA,NA,NA,NA,NA,NA,NA,NA,NA,NA,NA
"STU001191",6926,NA,NA,NA,NA,NA,7449,5652,4984,6002,13695,7678,NA,16530,13873,12629,12069,12220,13559,16486,11890,12897,9589,NA,14040,NA,NA,NA
"STU001192",8631,11021,10837,14318,14499,12130,16364,NA,NA,9895,8157,9999,NA,11225,12253,9870,19822,18371,20700,19785,24801,23370,24794,NA,NA,NA,NA,15971
"STU001193",8986,15825,NA,NA,NA,NA,NA,NA,11282,18931,8035,5869,8877,10341,9050,11672,14630,8180,13532,10729,11670,12357,10834,10159,18346,11600,18860,NA
"STU001194",NA,NA,NA,NA,NA,NA,NA,NA,NA,NA,NA,NA,NA,NA,NA,NA,NA,NA,NA,NA,NA,NA,NA,NA,NA,NA,NA,NA
"STU001195",NA,NA,NA,NA,13329,7760,9661,6834,10866,9461,14964,10270,9919,20350,10551,10941,NA,NA,NA,NA,NA,NA,NA,NA,6707,NA,NA,NA
"STU001196",NA,NA,NA,NA,NA,NA,NA,NA,NA,NA,NA,NA,NA,NA,NA,NA,NA,NA,NA,NA,NA,NA,NA,NA,NA,NA,NA,NA
"STU001197",6974,NA,NA,NA,NA,5318,5529,6186,5003,4799,4332,4494,6156,NA,NA,10326,14100,NA,6157,NA,NA,NA,11997,10690,9718,NA,NA,NA
"STU001198",NA,NA,NA,NA,NA,NA,NA,NA,NA,9078,18754,16924,14936,26274,21441,12901,23675,NA,NA,14463,14843,NA,14148,11640,22046,12052,NA,NA
"STU001199",NA,8091,NA,NA,6495,11080,NA,NA,NA,NA,NA,NA,NA,NA,NA,NA,14716,NA,NA,NA,NA,7177,13331,NA,NA,NA,NA,NA
"STU001200",NA,NA,NA,NA,17301,13521,12550,NA,NA,NA,NA,NA,16134,NA,NA,NA,NA,NA,NA,14490,8446,17659,10228,18050,13440,NA,NA,NA
"STU001201",8538,11219,NA,9857,12868,12535,16388,21450,NA,NA,NA,NA,NA,20222,30736,NA,18183,22416,14065,32550,NA,20632,NA,14985,16492,22095,26095,21082
"STU001202",9156,5138,6144,6997,10394,7450,NA,NA,NA,NA,11636,NA,NA,NA,12228,8087,NA,NA,NA,16479,9368,11213,12488,7409,13913,NA,NA,NA
"STU001203",5959,6720,8860,9657,16640,14357,7003,NA,10869,9838,NA,NA,10817,NA,9528,16753,21942,18404,17211,18337,12935,NA,11325,21784,NA,11926,15860,13415
"STU001204",5360,11231,6951,6989,6725,NA,NA,20970,15704,NA,12722,9699,NA,19394,16151,NA,NA,16030,16114,22460,13900,19880,12870,16527,12859,18860,NA,16676
"STU001205",NA,NA,NA,NA,14836,12756,15275,13722,NA,NA,NA,14076,17852,NA,NA,26878,13740,NA,NA,NA,NA,22168,8722,12811,14721,19940,16706,17500
"STU001206",NA,NA,NA,NA,NA,NA,NA,NA,NA,NA,NA,NA,NA,NA,NA,NA,NA,NA,NA,NA,34981,19837,20958,15589,37400,22470,21768,27476
"STU001207",NA,NA,NA,NA,NA,NA,NA,NA,NA,NA,NA,NA,NA,NA,NA,NA,NA,NA,NA,NA,NA,NA,NA,NA,NA,NA,NA,NA
"STU001208",13464,18532,10674,NA,NA,NA,NA,NA,NA,NA,21912,13241,NA,NA,14551,25871,22809,20165,17288,26356,34685,27876,NA,NA,24965,NA,NA,NA
"STU001209",NA,NA,NA,NA,NA,NA,NA,NA,NA,NA,NA,NA,NA,NA,NA,3922,5416,5779,5913,6524,NA,4082,5217,NA,5330,NA,16429,11194
"STU001210",NA,NA,NA,8391,15430,12574,8662,NA,NA,14651,11020,8273,7249,8003,8354,10295,8862,8363,11041,NA,9143,8405,7587,10190,14813,NA,NA,NA
"STU001211",NA,NA,NA,NA,NA,NA,NA,NA,NA,NA,NA,NA,NA,NA,11609,12337,10530,11869,NA,NA,8329,14369,18373,9181,13397,6395,8581,NA
"STU001212",6598,6123,NA,NA,NA,NA,NA,NA,NA,5633,9128,7122,NA,NA,NA,14777,10844,NA,NA,13218,13598,13830,9055,12902,13912,10924,17906,10875
"STU001213",NA,NA,NA,NA,NA,NA,6719,10531,12302,NA,7917,8528,10113,6331,6782,NA,8040,4271,5117,6248,7968,9061,NA,NA,8306,5480,11231,11576
"STU001214",11962,10562,NA,12379,20064,15539,NA,NA,22640,21341,NA,NA,24602,40091,51546,32285,21434,41370,32310,38928,26405,25291,36568,23209,29242,40820,43083,30217
"STU001215",9261,8659,NA,NA,9338,4978,4358,NA,NA,NA,NA,NA,NA,NA,NA,4219,4901,5483,5408,24502,NA,NA,NA,NA,NA,NA,NA,NA
"STU001216",NA,NA,NA,NA,NA,NA,NA,NA,NA,NA,NA,NA,NA,NA,NA,NA,NA,NA,NA,NA,NA,NA,19344,15276,26712,16608,26982,NA
"STU001217",8932,19191,12160,12051,11689,10591,NA,NA,NA,9841,15597,12003,11510,NA,NA,NA,12136,NA,NA,NA,11714,13776,10073,9880,9001,NA,14626,17509
"STU001218",NA,NA,NA,NA,NA,8469,2830,6428,7780,NA,NA,9880,11187,NA,NA,11983,11062,10200,12454,9152,11579,12758,7378,10675,NA,NA,6492,13554
"STU001219",11751,NA,NA,8475,NA,NA,NA,NA,NA,NA,NA,NA,NA,NA,7326,8292,7247,8283,8135,NA,9674,7810,9893,7748,13379,11404,16909,13540
"STU001220",13150,15615,12461,NA,NA,13869,NA,11466,10746,8312,13310,15203,NA,NA,NA,NA,NA,NA,9710,13857,NA,NA,9132,18151,19098,9119,10230,NA
"STU001221",NA,NA,NA,NA,NA,4005,8591,7321,12821,11093,NA,NA,13090,7481,7283,4480,8941,14575,12671,10425,NA,NA,11736,NA,NA,NA,11093,11838
"STU001222",NA,NA,NA,NA,NA,NA,NA,NA,NA,NA,NA,NA,NA,NA,NA,NA,NA,NA,NA,NA,NA,NA,NA,NA,NA,NA,25242,9247
"STU001223",NA,NA,17074,7930,10892,10704,10954,NA,NA,NA,NA,9034,NA,NA,11013,7460,7877,13425,NA,21825,9160,14525,12698,13378,14285,10511,12448,NA
"STU001224",11644,6650,10387,7607,6956,10994,14328,11290,8030,10012,NA,17003,9926,10807,9085,6616,NA,NA,NA,10140,11157,NA,14169,9206,NA,NA,NA,NA
"STU001225",NA,NA,9481,8055,6938,NA,NA,NA,7018,7311,12352,9057,6907,8108,9334,9680,13211,12362,NA,12162,13401,NA,NA,10389,NA,NA,NA,NA
"STU001226",NA,NA,NA,NA,NA,NA,NA,NA,NA,NA,NA,NA,NA,NA,NA,NA,16404,13698,13988,11675,10872,18912,15317,9590,9966,9947,14177,7203
"STU001227",NA,NA,NA,NA,12429,13363,NA,8267,7613,NA,12223,12793,9343,NA,NA,13946,NA,NA,NA,NA,NA,NA,NA,11154,15442,9422,NA,NA
"STU001228",6143,14436,NA,NA,13505,7789,17786,9716,NA,NA,NA,NA,NA,NA,NA,NA,NA,NA,NA,NA,NA,NA,NA,NA,NA,NA,NA,NA
"STU001229",NA,NA,NA,NA,NA,NA,NA,NA,NA,NA,NA,NA,NA,15981,12339,NA,NA,18941,NA,NA,13765,23607,16009,NA,NA,19375,19297,NA
"STU001230",10844,8416,6719,10439,NA,NA,NA,NA,NA,NA,NA,NA,NA,NA,NA,NA,NA,7769,8504,6037,9574,8732,8648,NA,9673,9178,10557,16124
"STU001231",7038,9161,14415,14445,12638,NA,NA,NA,NA,9636,7316,6492,6181,NA,10928,NA,NA,NA,NA,NA,NA,7952,NA,NA,NA,NA,NA,NA
"STU001232",9224,9288,7984,8523,7392,8447,NA,NA,NA,NA,NA,7827,8962,5449,7086,13509,7174,NA,9855,10667,6600,15197,NA,NA,NA,NA,15691,NA
"STU001233",5038,6518,NA,6104,5952,11377,NA,NA,10171,NA,10113,8363,13046,10179,NA,NA,19401,14697,14803,17179,NA,NA,NA,8377,8197,15191,17365,9053
"STU001234",10746,6511,6561,5349,7412,5603,NA,NA,NA,NA,6036,7249,11994,NA,NA,5596,8842,8540,9365,NA,10451,8953,9814,13100,13106,10613,NA,NA
"STU001235",NA,NA,NA,NA,NA,NA,NA,NA,NA,NA,NA,NA,NA,NA,NA,NA,NA,NA,NA,NA,NA,NA,NA,NA,NA,NA,NA,NA
"STU001236",6772,10995,9495,8770,18661,13790,16133,NA,12401,NA,NA,NA,NA,11368,12953,13636,17709,NA,14221,16666,20129,NA,NA,NA,NA,NA,NA,18889
"STU001237",NA,NA,NA,NA,NA,NA,NA,NA,NA,NA,NA,NA,NA,NA,NA,NA,NA,NA,NA,NA,NA,NA,NA,NA,NA,10166,28417,16967
"STU001238",NA,NA,NA,NA,NA,NA,NA,NA,NA,NA,NA,NA,NA,NA,NA,NA,NA,NA,NA,NA,NA,NA,NA,NA,NA,NA,NA,NA
"STU001239",11295,14440,9901,NA,NA,NA,NA,NA,11709,NA,9586,7655,10499,NA,15446,11066,12934,NA,10389,11024,13466,6061,8717,NA,14583,9168,13274,13252
"STU001240",5341,NA,NA,4738,NA,NA,NA,NA,4436,NA,NA,NA,NA,9112,4616,4564,NA,5264,4805,6567,9392,6427,7937,10184,8568,NA,13445,NA
"STU001241",NA,NA,NA,NA,NA,NA,NA,NA,NA,NA,13196,17299,12176,NA,NA,NA,NA,13944,14362,NA,NA,NA,NA,17949,15316,19002,18396,13902
"STU001242",NA,NA,NA,NA,NA,NA,NA,NA,NA,NA,4774,13070,NA,10247,10792,NA,16779,8849,15427,13784,13186,11662,13521,19431,NA,NA,11784,12544
"STU001243",10208,10574,28806,8577,9311,8774,NA,NA,NA,7917,10160,NA,NA,13907,22261,21017,21248,NA,11855,12383,22301,NA,NA,NA,26240,13197,NA,NA
"STU001244",NA,NA,NA,19915,8404,6629,NA,NA,NA,NA,10777,14041,7947,16528,7999,NA,NA,15352,NA,10834,11406,14153,8420,8634,NA,NA,NA,NA
"STU001245",NA,NA,NA,NA,NA,NA,12692,9416,9447,11370,6379,11569,NA,13104,NA,9389,11433,12384,9647,9440,15574,18130,NA,NA,16977,10885,13570,16722
"STU001246",7432,11685,8477,NA,NA,NA,NA,8087,NA,NA,10421,17371,8575,9686,5599,10284,14706,18515,13960,17890,20104,18509,24260,13223,16830,14901,20324,NA
"STU001247",6299,NA,NA,NA,NA,NA,NA,11747,10389,9694,9320,16005,11219,11531,5602,10076,9683,7665,NA,NA,NA,NA,9828,9088,10560,11016,13191,NA
"STU001248",8029,NA,5939,12908,NA,8126,NA,8791,8759,10331,NA,NA,NA,NA,19140,22324,15158,17946,NA,NA,NA,NA,NA,NA,NA,NA,NA,17442
"STU001249",NA,NA,7276,5085,4465,7327,NA,NA,NA,NA,NA,4702,4587,NA,NA,7143,9019,12376,11765,11280,8323,NA,NA,9301,10722,6982,10980,6633
"STU001250",9209,15197,23131,NA,15688,28282,12209,20131,15590,6546,11882,NA,14406,10417,13479,16317,27824,14055,16274,13648,16638,14949,17970,14463,11866,17589,NA,NA
"STU001251",7168,11436,9763,NA,NA,NA,NA,4346,5664,6800,11423,6979,8663,5436,NA,NA,NA,7585,NA,NA,5980,NA,NA,6792,9487,10452,8010,NA
"STU001252",NA,NA,NA,NA,NA,NA,NA,NA,NA,NA,8852,NA,9413,8314,NA,NA,NA,NA,11916,5074,NA,NA,9361,17233,13906,10759,21686,17929
"STU001253",7465,7260,7094,6043,9312,NA,4974,6154,NA,NA,NA,12102,6302,NA,NA,NA,NA,NA,NA,27900,25264,18519,12894,NA,22162,17700,18890,8834
"STU001254",10400,13043,13569,NA,NA,NA,NA,NA,NA,14894,18341,NA,11226,NA,NA,10740,14905,14068,9235,NA,NA,9433,NA,11007,15726,17461,14339,19186
"STU001255",NA,NA,NA,NA,NA,NA,NA,NA,NA,NA,NA,NA,NA,NA,NA,NA,NA,NA,NA,NA,NA,NA,NA,12301,17284,11150,NA,NA
"STU001256",11989,11620,8966,5281,8151,4448,7303,5565,NA,NA,NA,16833,15898,11041,11398,NA,NA,9180,NA,10026,7385,NA,8915,11917,10322,11897,NA,NA
"STU001257",NA,NA,2373,7585,5243,4711,6282,5068,2140,NA,8197,8670,9003,13066,5169,7600,5838,9951,5967,6153,11398,9835,11824,4791,7852,6617,7097,11254
"STU001258",6868,12214,NA,5950,8358,6366,4447,13240,8903,8993,9810,7809,9745,18141,11476,12338,9710,14762,15464,13042,11927,15985,10571,13509,13765,14111,13630,18528
"STU001259",5542,3552,8703,6681,5154,NA,9053,6196,7267,7113,8604,4447,10613,NA,NA,NA,NA,NA,13723,17071,30593,15014,12046,24339,23616,NA,NA,NA
"STU001260",NA,NA,NA,NA,NA,NA,NA,NA,NA,NA,NA,NA,6412,NA,NA,NA,14292,10029,13373,7329,NA,NA,NA,NA,10165,9508,9931,19043
"STU001261",NA,NA,NA,NA,NA,NA,NA,NA,NA,NA,NA,NA,NA,NA,NA,NA,NA,NA,NA,NA,NA,NA,NA,NA,NA,NA,NA,22588
"STU001262",NA,NA,NA,NA,11927,6971,NA,NA,NA,NA,NA,NA,NA,NA,NA,NA,NA,10597,8380,9930,9591,9638,6807,NA,8335,NA,9126,9967
"STU001263",NA,NA,NA,NA,8492,8654,7779,NA,10257,9833,8416,9078,6914,7556,9832,10636,14466,10032,13301,NA,NA,12671,13082,15344,13028,9484,11762,NA
"STU001264",6211,9205,9011,4538,7270,5140,11674,11335,8703,20846,7286,11618,10800,13807,NA,NA,NA,NA,NA,NA,NA,11969,9037,13195,9297,16828,12081,10209
"STU001265",7766,5161,NA,12514,NA,NA,NA,2970,5603,4565,NA,NA,NA,NA,NA,NA,10793,16402,9739,NA,7215,14603,6818,10507,12524,8968,10469,6583
"STU001266",NA,NA,12905,7561,10410,8683,9357,10372,10695,7818,7946,10156,10183,6921,8850,14072,13674,11821,16102,9080,9125,13629,9040,NA,NA,9430,12601,10854
"STU001267",10960,NA,NA,NA,NA,10279,NA,NA,NA,9079,13458,16564,NA,NA,NA,NA,NA,15901,24059,11705,NA,NA,17869,14879,12821,17390,14151,10017
"STU001268",6518,13489,10114,NA,NA,NA,NA,NA,NA,NA,7646,NA,NA,NA,NA,NA,NA,NA,NA,NA,NA,NA,10447,NA,NA,NA,NA,NA
"STU001269",NA,NA,NA,NA,NA,NA,NA,NA,NA,NA,NA,NA,NA,NA,NA,NA,NA,NA,NA,NA,NA,NA,NA,NA,NA,NA,NA,NA
"STU001270",NA,NA,NA,NA,NA,NA,NA,NA,NA,NA,NA,NA,NA,NA,NA,NA,NA,NA,NA,NA,NA,NA,NA,NA,16252,13913,NA,NA
"STU001271",NA,NA,NA,NA,NA,NA,NA,NA,NA,NA,NA,NA,NA,NA,NA,NA,NA,NA,NA,NA,NA,NA,NA,NA,NA,NA,NA,NA
"STU001272",NA,NA,NA,NA,NA,NA,NA,NA,NA,NA,NA,NA,NA,8743,NA,NA,NA,NA,NA,NA,NA,9855,NA,NA,13882,16970,8305,10875
"STU001273",NA,NA,NA,NA,NA,8549,5780,NA,NA,NA,7009,23072,12155,NA,NA,NA,NA,NA,13801,NA,NA,16373,15592,33009,15493,NA,12064,24256
"STU001274",NA,NA,NA,NA,NA,NA,NA,NA,NA,NA,NA,NA,NA,NA,NA,NA,NA,NA,NA,NA,NA,NA,NA,NA,NA,NA,NA,NA
"STU001275",NA,NA,NA,7118,8888,6051,5960,4830,7583,11926,17518,13870,NA,NA,NA,13702,NA,NA,NA,10118,12901,12155,NA,NA,NA,11719,16665,10635
"STU001276",NA,NA,NA,NA,NA,NA,NA,NA,4840,7720,5448,9120,3561,6464,5892,8719,9094,6987,8386,NA,5926,7317,9631,7310,10043,5630,8522,13115
"STU001277",NA,NA,NA,NA,NA,4783,8440,NA,NA,NA,NA,8598,6925,5235,9713,7237,13862,7605,13540,5806,NA,5939,NA,NA,NA,NA,11920,12181
"STU001278",5925,11316,NA,NA,NA,6369,5066,NA,NA,NA,NA,NA,NA,13327,9020,5025,17062,11119,NA,7844,12050,9728,NA,6772,15920,8044,8134,14356
"STU001279",14577,11556,6874,10166,10220,NA,NA,NA,NA,NA,NA,8232,10564,13062,7452,8345,10724,NA,NA,NA,NA,NA,NA,NA,NA,NA,NA,8573
"STU001280",NA,NA,NA,NA,NA,NA,NA,NA,NA,NA,NA,NA,NA,NA,NA,NA,NA,NA,NA,NA,NA,NA,NA,NA,22110,17079,23134,15389
"STU001281",14725,NA,NA,16612,15342,16585,7779,18008,NA,30663,21013,NA,NA,NA,NA,NA,NA,NA,NA,NA,NA,NA,NA,NA,NA,NA,19592,31857
"STU001282",8678,5919,10181,7191,5335,NA,NA,NA,NA,NA,NA,8575,10986,NA,NA,NA,NA,NA,NA,NA,NA,NA,NA,7603,12705,10750,NA,NA
"STU001283",13396,NA,NA,NA,13704,8829,11904,NA,NA,NA,NA,8881,10690,13351,15096,14422,15905,21644,27029,NA,NA,34657,31139,22761,NA,NA,29137,29269
"STU001284",9362,10942,7212,8155,11154,6098,10324,NA,8193,13485,9458,10915,11059,8955,10444,11595,NA,NA,NA,11102,NA,NA,10915,11009,19941,12212,10629,16667
"STU001285",NA,NA,20143,10857,10094,8517,10639,12120,NA,NA,NA,NA,11028,9763,NA,NA,NA,NA,NA,NA,7610,9205,NA,NA,8689,13865,12924,8481
"STU001286",12887,7569,NA,NA,NA,NA,NA,NA,10219,NA,NA,NA,NA,8802,11515,14862,11370,7406,11580,12255,9924,NA,NA,10539,11892,11443,11924,NA
"STU001287",NA,NA,NA,NA,NA,8879,NA,11035,11702,12165,10712,12316,NA,NA,NA,16683,12185,11300,12044,12136,10386,15395,6007,NA,12360,7835,9300,11410
"STU001288",13434,10953,8317,NA,NA,NA,NA,NA,NA,NA,NA,NA,NA,5843,NA,NA,10795,NA,NA,10358,13223,10554,9780,23687,17706,15441,NA,NA
"STU001289",NA,NA,NA,NA,6539,8121,NA,7509,10323,18043,NA,NA,15358,25425,15890,14006,21224,17331,NA,NA,NA,NA,NA,NA,NA,NA,12171,20571
"STU001290",NA,NA,NA,8539,9909,NA,NA,NA,NA,9911,9809,NA,NA,NA,NA,NA,NA,NA,NA,NA,NA,NA,15864,20451,13220,17767,9888,16843
"STU001291",14707,46398,NA,NA,NA,NA,NA,NA,7528,9900,NA,NA,NA,NA,NA,NA,NA,NA,NA,NA,NA,27230,15671,24463,25734,NA,35382,NA
"STU001292",7549,6783,6039,NA,NA,NA,NA,NA,NA,NA,NA,21141,12044,25325,19151,18887,20442,18530,NA,NA,NA,NA,NA,16071,23349,NA,NA,23505
"STU001293",12619,9032,14190,10668,8690,10220,11943,NA,NA,NA,NA,NA,NA,NA,8220,10275,11415,15263,9940,14146,NA,NA,NA,NA,NA,NA,NA,7705
"STU001294",NA,NA,NA,NA,NA,NA,NA,NA,NA,NA,NA,NA,NA,NA,NA,NA,NA,NA,NA,NA,NA,NA,NA,NA,NA,NA,NA,NA
"STU001295",9187,14578,NA,NA,NA,12846,NA,NA,NA,NA,19432,15884,NA,NA,NA,14107,13183,11184,NA,11341,NA,NA,NA,NA,10174,13218,18188,NA
"STU001296",4108,NA,NA,8129,7691,7442,NA,NA,NA,6742,4477,7281,NA,NA,NA,4072,6975,4157,8335,NA,NA,6260,8239,NA,7892,8236,8116,NA
"STU001297",11994,NA,NA,NA,NA,NA,NA,4339,7561,4474,NA,NA,NA,NA,12763,NA,NA,10495,15613,NA,NA,NA,NA,9232,14101,NA,NA,11605
"STU001298",NA,10073,5670,9162,7881,6879,NA,NA,10050,10039,16220,NA,NA,NA,NA,NA,NA,NA,NA,NA,NA,NA,NA,NA,19565,14655,NA,12673
"STU001299",8279,5415,5803,12388,NA,4370,7328,5611,8426,9097,7551,6595,8283,15987,NA,NA,NA,10670,8902,21480,10069,19586,NA,11850,9438,14012,12236,NA
"STU001300",NA,NA,NA,NA,NA,NA,NA,NA,NA,NA,NA,NA,NA,NA,NA,NA,NA,NA,NA,NA,NA,NA,20833,23095,20412,15470,11662,NA
"STU001301",NA,NA,NA,NA,NA,NA,NA,NA,NA,NA,NA,NA,NA,NA,NA,NA,NA,NA,NA,NA,NA,NA,NA,NA,NA,NA,NA,NA
"STU001302",6580,11478,NA,NA,5720,4159,NA,NA,NA,7717,7570,6353,4951,4855,5884,10979,13876,10340,14414,NA,19386,8107,9611,7210,9349,13649,9479,7142
"STU001303",NA,NA,NA,NA,7734,21015,NA,10991,NA,NA,12038,15153,15890,24272,21963,20322,14126,19438,21287,18256,16383,40489,16645,NA,NA,16217,25098,14631
"STU001304",NA,NA,NA,NA,NA,NA,NA,NA,NA,NA,NA,NA,NA,NA,NA,NA,NA,NA,NA,NA,NA,NA,NA,NA,NA,NA,NA,NA
"STU001305",17231,NA,9408,9908,10014,6961,9492,10325,3996,7591,NA,NA,NA,NA,NA,NA,NA,NA,NA,NA,NA,NA,NA,NA,11508,16348,NA,NA
"STU001306",NA,NA,NA,NA,15094,7586,6943,NA,NA,7452,16649,7873,9784,11589,10692,10678,11968,9115,9150,11564,13760,13015,12066,NA,17037,7698,11498,NA
"STU001307",NA,NA,NA,NA,NA,NA,NA,NA,NA,7986,9983,9217,NA,10570,7385,7812,NA,9065,13255,9392,8299,NA,NA,NA,10513,NA,NA,NA
"STU001308",6045,NA,NA,NA,NA,6846,NA,6402,NA,NA,8359,8251,NA,8240,11859,NA,8044,8658,9896,11067,NA,NA,NA,6984,8004,6301,13460,9051
"STU001309",6490,3905,5811,9682,6649,6370,NA,NA,NA,12711,9106,15858,10944,16331,8536,9039,10017,9152,11270,24848,13393,13109,12408,12207,NA,16541,15524,18810
"STU001310",4227,5478,NA,NA,6973,NA,NA,NA,11659,14333,18292,NA,12179,15085,11651,9917,7526,10137,13600,9940,12929,19047,18108,10611,16893,NA,14364,10935
"STU001311",NA,NA,14280,NA,NA,8903,NA,12091,7784,9195,NA,NA,NA,NA,NA,NA,NA,NA,9982,11025,17351,14394,15480,10020,NA,7862,14276,18148
"STU001312",16697,15825,NA,NA,NA,NA,NA,NA,NA,NA,NA,NA,NA,NA,NA,41239,20658,NA,NA,NA,NA,33712,31084,28882,NA,NA,NA,NA
"STU001313",NA,NA,NA,4749,NA,9168,16190,9315,7830,8242,11139,NA,NA,NA,NA,NA,NA,NA,NA,NA,6794,NA,NA,NA,9799,13751,6802,12212
"STU001314",5986,5657,NA,10870,NA,21718,12363,NA,13634,NA,7108,19593,7832,13286,9392,5053,10796,NA,18345,NA,14867,11239,21274,12895,22358,27973,19491,24998
"STU001315",NA,NA,NA,NA,NA,NA,NA,15881,NA,NA,22130,18884,31359,17501,12252,10579,15987,23930,20940,18051,17031,21620,23970,32439,22925,23428,17487,14779
"STU001316",NA,NA,NA,NA,10432,18303,NA,17000,8453,8192,10468,9339,10062,7577,NA,NA,NA,NA,12174,10081,14420,12670,9387,13466,11970,15646,14075,NA
"STU001317",7964,4992,6307,4478,6006,4323,5677,5931,21355,13785,4481,4810,NA,NA,NA,NA,9331,13257,11963,12621,12318,7434,NA,7958,10531,11648,14014,14744
"STU001318",6648,9266,NA,NA,9534,5590,6863,NA,NA,NA,NA,NA,NA,7628,9857,15864,NA,NA,NA,NA,NA,11954,14538,8052,12334,15298,15841,15165
"STU001319",5386,5725,NA,NA,NA,NA,NA,NA,8600,9427,11477,11136,10509,16800,13366,NA,NA,NA,NA,NA,NA,NA,11269,12633,7748,10887,NA,NA
"STU001320",NA,NA,NA,NA,NA,NA,5942,NA,3901,4444,4533,8044,10356,4435,3568,5995,12432,3818,8673,7892,3924,NA,NA,5422,12563,NA,NA,NA
"STU001321",8353,11752,7485,NA,13655,NA,NA,NA,19584,17119,16463,10637,13690,15389,17286,13959,13520,NA,NA,NA,8961,17245,20184,16208,24418,NA,NA,NA
"STU001322",NA,NA,12365,11596,12704,10642,NA,NA,NA,NA,13902,23484,NA,NA,12657,NA,26032,22420,19345,31261,NA,NA,19325,20098,36617,23681,22835,NA
"STU001323",6747,5384,8092,7683,10022,5075,NA,8288,11799,16357,NA,NA,NA,NA,NA,NA,NA,NA,NA,NA,NA,NA,NA,16657,11634,NA,24061,NA
"STU001324",9980,10107,9635,9673,NA,NA,NA,9299,17857,9569,NA,14590,11753,11343,13727,NA,NA,NA,8362,6349,12373,15535,12806,10118,NA,10594,15235,12013
"STU001325",NA,NA,NA,NA,NA,NA,NA,NA,NA,NA,NA,NA,NA,NA,NA,NA,NA,NA,NA,NA,NA,NA,NA,NA,NA,NA,NA,NA
"STU001326",7358,9403,9024,8200,12921,7913,10496,10329,8614,NA,17516,17275,10571,7088,5405,11650,NA,NA,NA,NA,10609,NA,NA,NA,NA,NA,9870,13042
"STU001327",NA,NA,NA,NA,NA,NA,NA,NA,NA,NA,NA,NA,NA,NA,NA,NA,NA,NA,NA,NA,NA,NA,NA,NA,NA,NA,NA,NA
"STU001328",8883,11405,6676,9177,NA,NA,NA,NA,16868,NA,NA,NA,15022,12275,15678,NA,22465,14406,21301,26873,22501,16319,15740,15790,NA,NA,13519,17503
"STU001329",NA,NA,NA,NA,NA,NA,NA,NA,NA,NA,NA,NA,NA,NA,NA,NA,9351,NA,5405,14884,NA,NA,NA,NA,NA,NA,NA,NA
"STU001330",NA,NA,NA,NA,NA,NA,NA,NA,12288,11869,14133,5931,8601,5694,NA,NA,NA,NA,NA,NA,9176,NA,NA,NA,NA,18663,10525,7326
"STU001331",NA,NA,NA,3425,3572,NA,NA,8136,NA,NA,NA,NA,10909,NA,4324,23888,4075,4395,NA,NA,9170,7660,8284,8140,11412,NA,25264,7079
"STU001332",11706,NA,10212,NA,9250,12118,11643,10935,NA,9614,11372,9944,NA,NA,NA,NA,NA,11886,9608,12252,13080,15933,NA,12696,9988,10470,NA,NA
"STU001333",9279,NA,NA,10581,9180,4219,16270,10964,11049,14672,NA,NA,NA,NA,8778,12697,14111,7572,17505,17543,5595,9750,15910,12730,NA,12868,NA,NA
"STU001334",12721,9128,8447,8048,NA,NA,8474,13574,11382,7948,11441,11737,16347,16554,12950,17920,14056,18195,14749,18725,NA,NA,NA,NA,32278,32688,NA,NA
"STU001335",7364,NA,NA,8822,16819,12107,NA,NA,7685,7807,12303,13769,10437,12975,NA,NA,NA,NA,NA,14047,NA,NA,NA,NA,12163,11797,14149,12689
"STU001336",NA,NA,NA,NA,NA,NA,NA,NA,NA,NA,NA,NA,NA,21549,14879,12228,18057,20404,9497,15704,22878,9774,18204,13126,8725,25548,14559,NA
"STU001337",8503,10890,11670,9697,9839,8046,9439,10811,9733,9753,8768,7707,28168,12467,8120,NA,NA,15724,7742,NA,12057,NA,NA,10254,16017,NA,NA,NA
"STU001338",NA,NA,NA,NA,NA,NA,NA,NA,NA,NA,NA,NA,NA,NA,NA,NA,NA,NA,NA,NA,NA,NA,NA,NA,NA,NA,NA,NA
"STU001339",NA,NA,NA,NA,6676,11162,NA,NA,NA,10033,12443,13028,NA,12589,6575,11285,12513,20659,11232,NA,19553,13224,20537,9732,20525,14039,17043,13996
"STU001340",NA,NA,NA,NA,NA,NA,NA,NA,NA,NA,13965,16032,8393,13329,NA,NA,NA,NA,NA,23275,32243,17225,19297,14920,22064,29743,NA,NA
"STU001341",NA,NA,NA,NA,NA,NA,10886,8722,8350,7899,NA,NA,NA,NA,NA,NA,37172,NA,NA,NA,32197,21301,21434,NA,NA,NA,NA,30675
"STU001342",NA,NA,NA,23819,5497,7763,6303,5588,6388,10118,NA,14307,12161,12100,13796,17147,NA,NA,NA,13404,14075,19308,11704,14514,NA,NA,NA,NA
"STU001343",NA,NA,NA,NA,NA,NA,NA,NA,NA,NA,NA,NA,NA,NA,NA,NA,NA,NA,NA,NA,NA,NA,NA,NA,NA,NA,NA,NA
"STU001344",9276,NA,NA,NA,NA,NA,13087,6904,10718,9209,10678,8755,10431,NA,13444,8651,10818,8678,NA,NA,NA,12097,10095,NA,15677,NA,NA,NA
"STU001345",8983,7454,9570,11638,11064,NA,NA,NA,NA,10685,9835,5999,NA,10832,NA,NA,12631,11636,12368,8685,6091,NA,NA,NA,10110,15846,11726,16328
"STU001346",6493,NA,5583,3173,4851,NA,4530,NA,NA,NA,5129,7471,6669,NA,15008,9203,NA,NA,10356,10342,NA,13569,14976,11186,11613,NA,NA,NA
"STU001347",NA,NA,NA,NA,NA,NA,NA,NA,5150,4320,6499,8061,4628,6669,NA,NA,NA,NA,NA,NA,NA,5692,5312,6149,4187,7826,6384,4214
"STU001348",8515,14735,8876,13301,12535,NA,10340,11978,11466,NA,NA,NA,NA,NA,NA,NA,11533,12121,10899,15428,14963,10908,10213,17989,12519,11333,15775,10187
"STU001349",NA,NA,NA,NA,NA,NA,NA,NA,NA,NA,NA,NA,NA,NA,NA,NA,NA,NA,NA,NA,NA,NA,NA,NA,NA,NA,13500,7865
"STU001350",10246,8157,9083,7055,11191,8360,NA,NA,5439,7814,13835,8490,NA,13497,12450,13393,NA,NA,NA,NA,NA,NA,15447,NA,NA,NA,NA,NA
"STU001351",NA,NA,NA,NA,NA,NA,NA,NA,NA,NA,NA,NA,9178,11619,12002,12046,7579,25403,NA,12717,8500,13067,15267,12404,11310,15584,8978,19937
"STU001352",13905,6524,NA,NA,NA,NA,NA,NA,NA,15170,13815,7545,8521,NA,10004,13321,8439,9064,9825,NA,NA,NA,12050,9378,NA,NA,10676,14444
"STU001353",NA,NA,NA,4790,NA,NA,6177,8682,NA,10415,9030,NA,NA,9359,8308,4223,5082,9764,11291,11458,9653,NA,7920,16401,9598,NA,14879,NA
"STU001354",6467,NA,NA,10592,3840,4203,NA,7272,6527,12605,15132,28397,12281,22019,12801,20801,13118,12283,15537,13022,33506,NA,NA,NA,27764,NA,19794,28003
"STU001355",7322,9852,8251,9114,NA,NA,5520,NA,NA,9904,NA,10723,13208,NA,NA,NA,10642,10179,10831,NA,NA,NA,NA,NA,NA,NA,NA,8834
"STU001356",5149,5765,7179,NA,6331,4621,NA,NA,9516,7141,NA,NA,8392,NA,NA,14562,7736,8003,25780,NA,NA,NA,NA,NA,12403,7515,10307,13836
"STU001357",NA,17634,10151,9674,5512,4859,7282,12505,11870,NA,6806,13733,11163,9579,12629,9644,10359,8469,8613,NA,NA,NA,NA,NA,14902,NA,14584,15730
"STU001358",NA,NA,NA,NA,NA,NA,NA,NA,NA,NA,NA,NA,NA,NA,18358,22412,18422,21843,20076,13056,19706,NA,23186,21248,16244,18980,28561,23343
"STU001359",14919,NA,15160,14413,10179,15835,NA,NA,NA,NA,10888,NA,10181,13205,13402,NA,NA,NA,NA,NA,NA,NA,NA,NA,9499,11224,12495,11150
"STU001360",NA,NA,NA,6907,17399,21506,13949,18537,12963,14656,23507,17371,16488,17268,12589,16902,18797,10801,22928,14776,18772,14088,18163,18378,18325,18418,NA,NA
"STU001361",7356,6933,14707,8323,NA,NA,11742,23314,11141,20498,10654,12137,NA,17680,18987,NA,19978,NA,NA,10457,13372,12331,9227,17115,NA,NA,NA,NA
"STU001362",8734,8296,10879,9534,7052,7691,6061,8266,8062,10376,NA,NA,8177,6185,5322,9496,NA,7060,8698,NA,9357,15434,10472,10279,10054,8401,NA,NA
"STU001363",NA,NA,NA,NA,NA,NA,NA,NA,NA,NA,NA,NA,NA,NA,NA,NA,NA,NA,NA,NA,NA,NA,NA,NA,NA,NA,NA,NA
"STU001364",13174,5527,NA,NA,NA,5369,11434,11184,13427,12458,17102,6084,NA,NA,NA,NA,9132,15700,NA,NA,NA,19822,11808,18995,NA,NA,NA,NA
"STU001365",NA,NA,NA,NA,NA,NA,NA,NA,7608,6716,6604,3570,9031,6495,9009,11309,6345,5267,9050,NA,8384,6426,6137,NA,NA,NA,14443,NA
"STU001366",10778,10327,10886,10392,9649,7047,7162,8063,18503,12127,10427,9447,13012,11414,11051,12116,10310,NA,9052,7371,8683,11445,11322,8832,18083,NA,NA,NA
"STU001367",NA,NA,NA,NA,NA,NA,NA,NA,NA,NA,NA,6833,6727,NA,6138,8851,6750,16467,10198,13814,15119,10310,11161,9573,NA,13358,19824,NA
"STU001368",8154,NA,NA,5377,NA,8492,3891,NA,NA,NA,22567,10477,NA,NA,NA,NA,10913,8816,10831,21281,NA,NA,NA,16241,11731,14715,NA,12080
"STU001369",NA,NA,NA,NA,NA,NA,NA,NA,NA,NA,NA,NA,NA,NA,NA,NA,NA,NA,NA,NA,NA,NA,NA,NA,NA,11765,13117,NA
"STU001370",NA,NA,NA,NA,NA,NA,NA,NA,NA,NA,NA,NA,NA,NA,12874,NA,NA,NA,18485,12955,11607,7104,12581,10719,11427,15232,12476,4948
"STU001371",5488,3283,10906,NA,NA,NA,NA,12063,NA,13957,NA,NA,NA,NA,NA,NA,NA,NA,NA,NA,8454,NA,NA,NA,7703,9047,8174,NA
"STU001372",10177,NA,NA,NA,NA,NA,NA,NA,NA,NA,NA,NA,NA,NA,16113,NA,NA,NA,17982,23417,10464,11935,16636,28294,NA,24949,18725,NA
"STU001373",10471,11583,NA,13375,NA,NA,NA,NA,NA,6291,7500,NA,17588,14965,NA,NA,NA,14589,18024,12996,9091,8032,11833,12932,11363,10731,11866,11244
"STU001374",8978,8444,NA,4768,7521,9290,NA,NA,8650,10040,20241,23812,15807,17708,15162,13988,39378,20903,26412,12566,17218,7997,9683,16367,18307,NA,18853,13749
"STU001375",NA,NA,NA,NA,NA,5162,10548,12427,NA,4412,7950,12735,10445,NA,NA,8651,7507,NA,NA,NA,NA,17927,7709,17402,NA,14573,7772,8277
"STU001376",8724,9292,8566,7066,7582,NA,NA,NA,10791,9865,7590,6292,8106,10729,9022,11591,11031,10293,NA,NA,14635,NA,NA,10512,16184,12365,13495,15437
"STU001377",4442,NA,NA,6707,7194,7809,6164,5788,13076,NA,NA,7218,NA,NA,6997,14865,NA,NA,NA,NA,15446,NA,NA,NA,NA,17410,NA,NA
"STU001378",NA,NA,NA,5223,NA,NA,6898,8863,11230,NA,NA,NA,NA,NA,NA,NA,NA,NA,NA,15172,NA,9780,8673,14530,9957,12408,15804,12670
"STU001379",NA,NA,NA,NA,NA,NA,NA,NA,NA,NA,NA,10170,15687,22916,29289,15671,NA,NA,NA,12305,NA,NA,28753,13273,12849,NA,23567,NA
"STU001380",NA,NA,NA,NA,NA,10423,12770,10704,9249,9209,9875,NA,NA,NA,NA,14067,12442,13930,14716,11626,16671,14409,11160,11579,10998,NA,NA,12885
"STU001381",11356,8416,6230,10776,NA,NA,NA,7747,NA,NA,13815,16686,8801,11652,21423,8596,16941,10923,8320,15133,10286,10737,10120,8077,17208,9112,14835,NA
"STU001382",NA,NA,NA,NA,NA,7532,9296,6349,11918,6222,NA,NA,NA,NA,NA,NA,NA,10009,9117,13833,NA,13190,NA,10240,12656,20196,12411,12846
"STU001383",NA,NA,NA,NA,NA,NA,NA,NA,NA,NA,NA,NA,NA,NA,NA,NA,NA,NA,NA,NA,NA,NA,NA,8905,NA,8897,NA,10830
"STU001384",NA,NA,NA,NA,NA,12476,7857,12086,17475,17123,9931,10711,13102,9057,13307,19863,NA,NA,NA,13496,15013,16087,18565,15124,NA,14921,NA,NA
"STU001385",NA,NA,NA,NA,3329,NA,3211,NA,NA,NA,4210,5767,5694,6454,9959,7460,NA,7834,NA,NA,NA,NA,NA,NA,NA,NA,NA,NA
"STU001386",8348,NA,NA,NA,NA,NA,6757,8560,NA,NA,7666,6877,12283,13177,NA,NA,12903,11255,13817,10142,9931,14257,17404,9931,NA,NA,NA,6507
"STU001387",NA,NA,NA,NA,NA,NA,NA,NA,NA,NA,NA,19078,11306,11994,11356,13304,9727,12360,10787,NA,9909,NA,NA,NA,13558,18888,NA,NA
"STU001388",10063,NA,NA,11269,10182,8750,NA,9047,8580,NA,NA,NA,14973,8452,14177,16589,NA,NA,15427,NA,18748,NA,NA,NA,NA,NA,NA,15867
"STU001389",6844,NA,NA,NA,NA,20522,8714,12160,10636,NA,10253,8117,4937,4831,9220,10613,5672,9531,17403,10581,19449,NA,22642,18697,NA,NA,NA,NA
"STU001390",4098,5307,NA,NA,7076,9637,9813,7490,6824,6534,4860,8869,5392,13393,9363,13587,17829,15782,10405,6904,12267,24279,NA,NA,NA,11122,13716,19687
"STU001391",NA,NA,NA,NA,NA,NA,NA,NA,NA,NA,NA,NA,NA,NA,NA,NA,12369,8940,18001,NA,NA,NA,NA,NA,NA,16684,10419,15246
"STU001392",NA,NA,NA,NA,NA,NA,NA,NA,NA,NA,NA,NA,NA,NA,NA,NA,NA,NA,NA,NA,NA,NA,NA,NA,NA,NA,NA,NA
"STU001393",NA,NA,NA,NA,NA,NA,NA,NA,18184,NA,16496,14818,14397,16174,15698,NA,NA,NA,NA,NA,11526,11605,11748,16617,9742,19030,NA,15369
"STU001394",3215,NA,6384,3210,NA,4916,NA,NA,NA,NA,NA,NA,NA,NA,10816,7112,4310,11569,NA,NA,NA,NA,NA,NA,NA,NA,NA,NA
"STU001395",7808,4551,NA,NA,NA,NA,9359,NA,10535,8241,9493,6256,NA,9319,6632,9096,7252,9108,8777,5581,11007,NA,7629,7630,8373,10437,12753,9593
"STU001396",NA,NA,NA,NA,NA,NA,NA,NA,NA,NA,NA,NA,NA,NA,NA,NA,28117,NA,NA,NA,NA,13425,NA,NA,NA,NA,20213,13393
"STU001397",NA,NA,NA,NA,NA,NA,NA,NA,NA,15179,22778,15842,18195,10450,NA,NA,11303,16380,17944,NA,NA,NA,NA,9176,NA,NA,19307,17200
"STU001398",NA,NA,NA,NA,5467,5528,4928,9401,NA,NA,NA,NA,NA,7518,8713,9166,NA,NA,NA,NA,13157,10521,9390,14000,NA,9776,8427,12774
"STU001399",10563,NA,NA,8789,10044,NA,NA,NA,10518,13583,18218,NA,12738,14016,9470,13086,15673,NA,NA,NA,NA,NA,NA,14386,24449,21560,NA,NA
"STU001400",5362,7820,NA,NA,NA,NA,NA,NA,8105,NA,NA,NA,NA,NA,NA,12100,7505,NA,NA,5397,5975,7322,27191,17070,NA,NA,NA,NA
"STU001401",NA,NA,NA,4869,3889,7387,6637,NA,3207,5422,3897,NA,NA,NA,NA,NA,6251,5494,15453,7682,13137,12931,10347,16534,9259,NA,NA,NA
"STU001402",NA,9850,14819,13825,11365,11120,12495,12260,11458,NA,NA,NA,NA,NA,NA,NA,NA,NA,NA,NA,NA,NA,14614,10028,14540,NA,NA,NA
"STU001403",5473,9818,NA,NA,NA,NA,NA,13938,11735,9852,NA,17585,NA,NA,NA,NA,NA,10367,NA,16416,16168,12999,13353,18677,14227,14708,13786,NA
"STU001404",NA,NA,NA,NA,NA,NA,NA,13433,NA,NA,22223,8360,14968,10452,14584,9146,15920,16531,17913,NA,7616,15299,NA,NA,NA,25846,16901,NA
"STU001405",13261,NA,5293,NA,NA,NA,5874,12704,6244,7361,9856,5254,NA,NA,NA,NA,9162,5116,15213,13770,18858,16989,9707,NA,NA,15325,NA,12500
"STU001406",NA,4971,5156,6154,NA,NA,6865,4228,5202,14429,13917,NA,4888,5531,6494,NA,NA,NA,NA,NA,NA,NA,NA,NA,NA,NA,9959,10249
"STU001407",NA,9012,7032,NA,NA,9544,11539,NA,NA,NA,NA,11038,12612,11060,9178,11674,11081,25267,NA,NA,NA,NA,9278,16161,12748,16847,12989,18875
"STU001408",NA,NA,NA,NA,NA,NA,NA,NA,NA,NA,NA,NA,NA,NA,NA,NA,NA,NA,NA,NA,NA,NA,NA,NA,NA,NA,NA,NA
"STU001409",NA,NA,NA,NA,NA,NA,NA,NA,NA,NA,NA,NA,NA,NA,NA,NA,NA,5890,5230,7865,11410,9364,9048,14262,9556,10875,13622,14854
"STU001410",12148,10887,NA,11455,15299,13982,NA,NA,NA,11056,NA,NA,NA,NA,NA,15747,NA,NA,NA,NA,12036,15652,15590,16108,17060,23014,20982,16986
"STU001411",11116,NA,NA,10722,8065,16868,8869,15124,10792,10318,8990,11443,11006,15636,12604,NA,NA,9392,9835,14605,8353,NA,NA,NA,16969,8577,12907,11098
"STU001412",NA,NA,NA,NA,NA,NA,NA,NA,NA,NA,NA,NA,NA,NA,NA,NA,NA,NA,NA,NA,NA,NA,NA,NA,NA,NA,NA,NA
"STU001413",NA,NA,NA,NA,7775,18386,9561,10819,6474,8591,10660,7457,20322,11541,NA,NA,NA,NA,12426,16050,16426,17077,14193,NA,NA,NA,NA,NA
"STU001414",4585,6145,5163,NA,9603,7585,NA,NA,NA,NA,NA,NA,NA,9762,12641,8529,7564,NA,NA,NA,NA,15409,9976,16176,9852,NA,NA,NA
"STU001415",5923,7549,4732,NA,NA,NA,NA,NA,9632,NA,18855,NA,NA,NA,15656,NA,15046,10521,NA,20942,14046,11410,17237,12975,NA,12880,NA,NA
"STU001416",7704,7250,12227,NA,NA,NA,NA,10952,8908,6597,NA,NA,NA,NA,10871,NA,7486,6024,7174,9498,14832,11938,8910,12090,9552,NA,10104,8809
"STU001417",8148,NA,NA,NA,5561,7896,5378,NA,8551,4275,7276,5746,7118,8970,12091,5146,3699,5709,13423,8521,NA,5610,9175,NA,NA,NA,12273,NA
"STU001418",NA,NA,NA,6700,9815,NA,NA,NA,7528,13430,9011,11581,12968,15534,17717,NA,NA,9164,6197,15277,10371,16280,12007,NA,NA,16004,9644,14948
"STU001419",7811,8490,7727,4952,10192,NA,NA,6461,8977,6613,NA,5427,11467,NA,NA,NA,14967,9791,14437,NA,NA,NA,NA,19254,13340,13836,11567,15769
"STU001420",NA,NA,NA,NA,NA,NA,NA,NA,5801,15486,9064,9975,8644,NA,NA,21443,18427,NA,NA,14207,13371,22528,17367,15564,20204,NA,35210,NA
"STU001421",NA,NA,NA,NA,NA,NA,NA,NA,NA,8456,6816,4906,NA,NA,7620,8515,15775,5488,6112,NA,NA,NA,NA,20025,NA,19700,NA,NA
"STU001422",6023,3839,4978,NA,NA,NA,NA,7449,12164,NA,NA,NA,6960,6517,3920,11824,14560,13401,NA,NA,NA,NA,6370,17244,NA,NA,NA,NA
"STU001423",NA,NA,NA,NA,NA,NA,NA,NA,NA,NA,NA,NA,NA,NA,NA,NA,12620,11861,10605,13542,NA,NA,17582,17275,16673,NA,NA,NA
"STU001424",NA,NA,NA,NA,NA,NA,NA,NA,NA,NA,NA,15841,NA,10408,14160,14025,10523,15669,13632,18422,15902,NA,14237,NA,NA,NA,NA,15337
"STU001425",NA,NA,7897,5205,NA,NA,NA,NA,NA,NA,10314,7889,NA,NA,NA,7100,7406,6483,9854,NA,NA,NA,NA,12309,8809,8048,9337,NA
"STU001426",10732,9281,9578,9373,NA,6984,8946,11917,10017,NA,NA,NA,NA,NA,10994,10573,13127,10030,10397,9901,11291,7664,NA,NA,14604,10657,7330,18360
"STU001427",NA,NA,NA,NA,6819,11251,12645,NA,12002,7335,NA,NA,16377,8579,12035,10481,NA,9912,11890,11664,10423,12580,8385,12432,NA,NA,NA,NA
"STU001428",6135,7092,7859,NA,NA,NA,NA,NA,NA,9660,10679,11147,20748,15064,20257,NA,NA,NA,NA,NA,NA,NA,NA,NA,NA,NA,11315,14157
"STU001429",5299,5980,NA,2471,3343,NA,NA,NA,NA,NA,4000,NA,NA,NA,8653,5512,4639,7782,5725,NA,5436,5184,7514,NA,NA,NA,NA,NA
"STU001430",12759,NA,18817,14721,10532,6297,6706,4992,14275,15767,20294,13679,13800,13373,16008,18706,16356,17128,25000,16126,27415,15555,14913,16092,19637,11959,NA,20727
"STU001431",11779,12486,8799,11212,10191,5910,NA,NA,NA,NA,NA,NA,NA,NA,NA,14509,NA,13877,8869,8316,17819,NA,NA,32837,17596,13845,NA,NA
"STU001432",NA,NA,NA,NA,NA,NA,NA,NA,NA,NA,NA,NA,NA,NA,NA,NA,NA,NA,NA,NA,NA,NA,NA,NA,25409,19582,NA,NA
"STU001433",10467,8585,7863,10926,12461,6553,8192,NA,8417,14063,NA,NA,NA,NA,NA,NA,NA,6451,8282,NA,NA,10235,9368,10604,13594,18370,9008,16610
"STU001434",NA,NA,NA,NA,4111,NA,6503,4502,8446,12166,5807,12272,10298,4996,18349,5296,NA,NA,NA,NA,NA,14129,7375,NA,NA,15918,12708,8500
"STU001435",NA,NA,NA,NA,NA,7550,6184,5086,4234,NA,NA,NA,NA,NA,18309,11505,9849,11370,8547,10760,16377,10709,20330,9765,16380,7540,12752,11704
"STU001436",NA,NA,7023,7139,NA,NA,NA,NA,5570,8422,10129,10729,5469,6917,11276,NA,NA,NA,NA,9922,NA,NA,NA,NA,15543,15318,NA,13958
"STU001437",10193,10167,11783,9917,NA,7823,12970,NA,NA,12529,11832,12187,NA,NA,NA,14807,14497,8141,13946,16200,22584,NA,14403,19738,11521,13832,12750,22138
"STU001438",NA,9128,7560,NA,NA,11130,4330,9064,8709,NA,NA,NA,NA,NA,18192,20965,NA,NA,NA,18377,26649,29254,27724,NA,NA,NA,NA,NA
"STU001439",NA,NA,NA,NA,8835,6577,9290,8987,9447,6364,9939,5972,9193,12719,6507,8430,11869,11011,11093,18028,11899,10000,NA,NA,NA,6744,12095,10105
"STU001440",9216,8560,12404,13677,12442,10884,14724,17043,19527,8170,12218,15665,26618,14260,8100,16701,NA,NA,NA,32549,17144,34179,NA,NA,NA,42106,33723,22075
"STU001441",NA,NA,NA,NA,6316,NA,NA,NA,12221,10381,9379,9573,11718,NA,10396,NA,NA,NA,11068,11922,11307,9007,10941,11985,8855,10169,9039,22354
"STU001442",NA,NA,NA,NA,NA,NA,NA,NA,NA,NA,NA,NA,NA,NA,NA,NA,NA,NA,NA,NA,NA,NA,NA,NA,NA,NA,NA,NA
"STU001443",15776,16051,NA,NA,NA,NA,NA,25410,23137,NA,NA,11943,14919,14741,20456,12814,16194,14681,NA,NA,NA,NA,NA,15191,14481,20041,11603,NA
"STU001444",9974,8048,4922,NA,NA,NA,NA,NA,NA,NA,NA,NA,NA,NA,12684,NA,NA,NA,NA,9184,10141,4838,7748,8234,6665,NA,9045,7404
"STU001445",NA,NA,NA,NA,NA,NA,NA,NA,NA,NA,NA,13100,17606,19676,17575,NA,12865,15845,13031,12043,NA,NA,14151,NA,NA,NA,NA,NA
"STU001446",6753,NA,5459,9215,5408,NA,5414,9633,9000,5705,6761,16629,10597,10812,9759,5988,6735,12003,10445,9279,9349,8618,8426,NA,NA,NA,NA,NA
"STU001447",8753,15424,6192,13565,NA,8863,14185,8022,9871,NA,NA,NA,NA,NA,NA,17411,9933,13467,13894,8954,15687,10221,NA,NA,NA,NA,NA,NA
"STU001448",6880,NA,NA,NA,NA,3483,NA,NA,NA,19157,NA,NA,NA,11497,NA,NA,16111,16299,16996,NA,NA,NA,12080,13194,15993,14924,NA,NA
"STU001449",NA,NA,NA,NA,NA,NA,NA,9260,13258,12262,NA,NA,NA,NA,19062,13021,9939,9308,NA,NA,NA,13139,24584,15758,13626,13279,11530,10841
"STU001450",NA,NA,NA,NA,NA,8975,7568,5875,8175,9582,15125,14672,10624,12700,9123,NA,NA,NA,NA,NA,NA,11218,NA,NA,19529,NA,NA,NA
"STU001451",7963,6121,8192,9843,9513,11264,NA,NA,NA,4615,5377,NA,NA,NA,11285,10198,8259,10902,11244,NA,NA,NA,NA,NA,9534,12963,8865,NA
"STU001452",NA,NA,NA,NA,NA,6444,7557,10909,NA,NA,NA,NA,17333,12319,15152,13006,13472,15021,13132,16693,NA,NA,14592,13762,29188,16788,15435,16365
"STU001453",6686,4767,3963,NA,3689,6807,6533,NA,NA,8075,7622,9691,7951,NA,NA,NA,13901,9690,7494,9469,16854,6829,13879,8885,NA,13348,13271,NA
"STU001454",NA,NA,5936,NA,4071,6593,9842,5948,NA,NA,NA,NA,8160,NA,NA,NA,5982,4539,9479,4881,4592,5969,8984,5170,8085,13402,10244,13975
"STU001455",NA,NA,NA,NA,9061,6845,8085,NA,NA,NA,NA,NA,NA,NA,NA,NA,NA,NA,NA,NA,NA,NA,6637,12043,10610,16847,13800,11977
"STU001456",9679,14315,5741,7922,13644,6144,7168,10378,NA,NA,20269,4883,8146,NA,10422,14131,NA,NA,NA,NA,NA,NA,NA,17742,17219,14308,NA,16720
"STU001457",NA,NA,NA,NA,NA,NA,NA,NA,NA,NA,NA,NA,NA,NA,NA,NA,NA,NA,NA,NA,NA,NA,NA,NA,NA,NA,NA,19136
"STU001458",NA,NA,NA,NA,NA,NA,NA,NA,NA,NA,17472,NA,NA,NA,7528,5363,7829,NA,NA,8994,17907,10966,13559,64260,10915,19791,22124,NA
"STU001459",NA,NA,NA,NA,NA,NA,NA,NA,NA,NA,NA,NA,NA,NA,NA,NA,NA,NA,NA,16685,NA,NA,NA,8758,13281,8911,NA,NA
"STU001460",5643,8691,7671,4627,6802,13068,14057,NA,NA,NA,NA,NA,7497,8538,9205,15259,11769,6229,12718,13637,NA,NA,15686,20036,10728,21158,31436,NA
"STU001461",NA,NA,NA,NA,NA,NA,NA,24919,NA,NA,NA,6393,NA,NA,NA,32171,18833,22324,18212,29067,21093,16174,32186,27850,34193,21960,19637,29413
"STU001462",NA,NA,NA,NA,NA,NA,NA,NA,NA,NA,NA,NA,NA,NA,NA,NA,NA,NA,NA,NA,NA,NA,NA,NA,NA,NA,NA,NA
"STU001463",7918,5409,NA,NA,6814,8127,5465,NA,10361,NA,NA,NA,NA,11993,NA,NA,12379,6627,9859,10334,10924,15796,7739,NA,11748,8613,14273,9452
"STU001464",7507,17798,12684,9675,14739,10078,NA,NA,NA,NA,14247,13700,NA,NA,7759,21785,30036,NA,NA,30780,19166,27646,24736,36988,18075,29281,28178,25638
"STU001465",9295,19101,16035,10722,11211,NA,17077,20400,NA,NA,NA,18573,11007,NA,13678,36198,21797,20068,22355,23380,20916,29426,18884,31466,28252,35962,NA,NA
"STU001466",11835,NA,NA,NA,NA,10390,13890,10475,17154,9699,NA,12671,8789,11010,15410,17355,10536,NA,NA,NA,11312,9659,NA,NA,15836,8838,8198,NA
"STU001467",18527,NA,10991,12816,13179,14435,9224,14471,10392,NA,11077,13572,15080,12008,10943,8418,10305,14868,6788,17337,NA,NA,NA,NA,7914,9411,12797,9207
"STU001468",NA,NA,NA,NA,NA,NA,NA,NA,NA,NA,NA,NA,NA,NA,NA,NA,NA,NA,NA,NA,NA,NA,NA,NA,NA,NA,NA,NA
"STU001469",7785,NA,NA,12026,8042,NA,NA,NA,NA,NA,NA,18608,18029,22332,12645,NA,NA,NA,8312,NA,16939,NA,23105,14056,15019,NA,NA,NA
"STU001470",NA,NA,10134,NA,NA,6363,10330,NA,NA,NA,NA,17173,18789,19912,12761,NA,NA,12930,14505,14707,15242,15035,12661,22237,18925,17189,10923,15893
"STU001471",13305,13941,NA,NA,8876,11665,13354,15308,19599,10795,13709,9484,8458,11076,12695,13107,17214,10598,9053,NA,NA,14233,12949,NA,NA,NA,16343,9336
"STU001472",8464,NA,NA,NA,NA,NA,NA,NA,NA,13323,7044,6843,11171,NA,NA,10813,10086,NA,NA,NA,NA,NA,NA,NA,NA,NA,NA,12899
"STU001473",13356,8893,7304,NA,NA,NA,NA,NA,10407,18009,9271,11171,12207,17825,13672,10076,19967,13579,11595,17764,15314,10075,15378,NA,NA,NA,NA,NA
"STU001474",10298,6678,16488,8489,10738,7636,NA,10850,15348,21159,11736,12132,NA,NA,NA,24873,18230,24873,19031,14266,23438,NA,NA,NA,NA,NA,NA,29774
"STU001475",NA,NA,NA,NA,NA,NA,NA,NA,NA,NA,11201,4800,6701,7435,7290,4725,11688,14611,NA,18185,12903,12679,NA,NA,19171,NA,NA,NA
"STU001476",NA,NA,NA,12619,NA,NA,NA,NA,13083,12311,8298,NA,20100,12363,14795,7684,13623,7868,NA,NA,12787,NA,NA,NA,18560,12422,NA,NA
"STU001477",12131,13144,6987,NA,NA,NA,9182,8286,5612,9074,14177,9780,10098,9483,7837,17690,NA,NA,12194,NA,NA,NA,NA,NA,NA,NA,NA,NA
"STU001478",8830,11752,10790,NA,NA,NA,NA,NA,7488,6963,9143,10224,17322,12869,11965,12920,12584,NA,NA,NA,NA,17080,16301,NA,19370,10932,NA,NA
"STU001479",15881,12504,14037,7513,NA,4448,NA,8811,NA,NA,NA,NA,NA,NA,NA,11384,13993,12340,10696,12472,NA,9866,NA,7349,NA,NA,10119,11922
"STU001480",4467,4306,6577,7268,6217,5422,NA,NA,NA,13569,NA,5401,NA,7294,7048,4169,6570,7874,16138,NA,NA,NA,NA,NA,NA,NA,NA,3654
"STU001481",NA,NA,NA,NA,NA,6157,12235,7078,7111,10096,7396,12203,19219,NA,9474,NA,NA,NA,8619,6986,9281,9209,9529,NA,16669,7490,9723,15589
"STU001482",NA,NA,7093,NA,5690,NA,7454,9592,3755,10015,NA,NA,NA,NA,4378,NA,NA,NA,NA,NA,NA,NA,7707,10302,NA,NA,NA,NA
"STU001483",NA,NA,NA,NA,5160,NA,NA,NA,NA,NA,NA,NA,8219,9013,10014,6552,7076,9029,9024,8486,7346,11385,17370,13254,NA,NA,14222,13881
"STU001484",NA,12314,NA,NA,NA,NA,NA,NA,12768,11544,9659,11317,15011,NA,NA,9107,10624,20042,24071,13701,16187,NA,9612,20689,NA,NA,NA,NA
"STU001485",8336,NA,NA,NA,NA,NA,NA,NA,NA,NA,19803,NA,NA,NA,NA,NA,20439,13089,32239,NA,NA,NA,NA,NA,NA,NA,NA,23145
"STU001486",6385,5060,7805,12147,9133,NA,11173,9204,NA,NA,10506,8380,7206,10974,11761,NA,10894,7006,11280,10097,15507,NA,NA,NA,NA,8953,8306,9629
"STU001487",NA,NA,NA,21918,8401,NA,NA,7858,10371,7834,17902,11610,9671,15007,9491,NA,20603,17637,13927,NA,13158,18964,19123,NA,NA,NA,NA,NA
"STU001488",8123,10276,7169,NA,NA,NA,NA,9944,3468,6245,NA,11562,7639,8844,7446,10686,15309,NA,NA,NA,NA,NA,NA,NA,NA,6897,NA,NA
"STU001489",10522,7180,6488,8185,5283,NA,NA,NA,NA,NA,NA,NA,NA,NA,NA,9307,NA,NA,18833,10853,13280,NA,NA,19601,12838,13396,18082,24062
"STU001490",NA,7534,6013,6509,NA,NA,6314,4615,NA,NA,8241,10430,13081,14681,NA,NA,NA,NA,10699,7410,16161,10542,18773,10099,NA,10602,NA,24958
"STU001491",NA,NA,7703,10105,NA,NA,NA,NA,NA,NA,8539,NA,NA,5869,10732,10883,NA,NA,NA,NA,NA,NA,NA,NA,NA,NA,NA,NA
"STU001492",NA,NA,6422,4981,8159,3758,NA,NA,5183,4139,5410,6030,12959,NA,NA,NA,NA,NA,NA,NA,NA,NA,11255,NA,11008,8839,6993,12053
"STU001493",NA,NA,NA,NA,NA,NA,NA,NA,NA,NA,NA,NA,NA,NA,NA,NA,NA,NA,NA,NA,NA,NA,NA,NA,NA,17951,11191,22433
"STU001494",NA,NA,NA,NA,NA,NA,NA,NA,NA,NA,11756,8687,9858,11940,7256,10121,21623,NA,NA,NA,NA,NA,NA,NA,NA,NA,NA,NA
"STU001495",11170,9914,9498,11260,6771,7940,13610,NA,NA,12745,6478,11545,7970,NA,NA,6268,11819,NA,NA,NA,8869,13369,8995,NA,NA,14096,15967,11016
"STU001496",10704,NA,NA,NA,7934,7765,9790,4999,15130,10459,14924,10654,NA,NA,NA,NA,NA,10071,11635,6378,13470,9784,11867,NA,NA,NA,NA,NA
"STU001497",7688,10763,10300,6519,17235,19313,12452,21031,14118,15046,13158,12186,14218,15033,21493,19376,11511,16843,10825,16954,25958,NA,NA,NA,12146,NA,NA,NA
"STU001498",NA,NA,NA,10700,6127,9436,NA,NA,NA,NA,NA,22680,15602,9538,14480,11864,9739,NA,NA,NA,NA,12548,11217,15418,NA,NA,NA,NA
"STU001499",6717,9415,6909,11283,6394,10142,17693,NA,NA,6145,7787,13403,8119,8182,9825,18944,12631,33242,19463,NA,NA,NA,NA,8897,12419,13226,17381,16149
"STU001500",7014,NA,NA,NA,NA,NA,NA,5931,10216,14089,11480,9625,8550,8779,7523,7639,20206,NA,NA,12018,12230,6747,10036,14844,15617,12614,11855,NA
"STU001501",8294,4277,3893,5080,NA,NA,NA,8597,14176,NA,8709,8956,6075,NA,6534,11153,NA,NA,NA,NA,13961,12894,10556,NA,12478,NA,NA,NA
"STU001502",NA,NA,NA,NA,NA,9365,12953,10823,9484,14189,15095,17369,12955,16458,20413,NA,NA,22822,31960,12977,13438,22052,11410,14145,13091,10509,NA,NA
"STU001503",6409,4585,7262,9739,NA,NA,5713,NA,7540,NA,13296,9683,NA,NA,NA,NA,NA,NA,NA,NA,12757,17646,17515,NA,NA,NA,10125,12942
"STU001504",3774,NA,NA,11324,10281,5254,6847,6332,5752,6759,NA,NA,NA,NA,NA,NA,14654,NA,NA,NA,NA,NA,NA,NA,12639,15446,10272,8139
"STU001505",4266,10560,11491,7494,10322,NA,9264,7201,7086,NA,8196,7116,8006,NA,NA,13858,17976,16875,12967,10492,NA,NA,NA,9478,NA,NA,NA,20447
"STU001506",NA,NA,NA,NA,NA,NA,NA,5137,NA,NA,NA,NA,NA,NA,NA,7715,5427,NA,NA,NA,NA,7222,NA,NA,NA,NA,12890,9558
"STU001507",NA,NA,NA,22847,10261,NA,15099,NA,13111,9894,8285,14192,15929,11585,15018,18765,10079,NA,NA,18916,14956,18774,9055,16273,17590,9065,14588,9120
"STU001508",9776,8124,8851,5722,8885,3982,6363,3970,9573,10919,NA,8398,NA,10685,9372,14580,NA,11199,NA,NA,NA,NA,9210,10467,12766,26363,NA,NA
"STU001509",11320,11475,10135,12741,13597,9247,NA,NA,9886,7435,9214,18283,12967,NA,10858,10549,11408,8888,7321,NA,NA,9138,13878,11761,10459,9268,NA,NA
"STU001510",8845,8441,11780,14645,8009,NA,NA,NA,NA,NA,NA,20176,9323,18726,20621,8704,14508,12236,12557,8739,16726,NA,NA,NA,12875,NA,NA,21244
"STU001511",NA,NA,NA,NA,NA,NA,NA,NA,NA,NA,NA,8772,9931,13015,7147,12333,11407,8135,8877,NA,NA,NA,NA,NA,NA,NA,NA,15921
"STU001512",13034,NA,NA,8404,5515,NA,6598,10475,5497,7741,NA,NA,NA,NA,NA,NA,NA,NA,NA,12401,10237,NA,12105,11201,16533,9956,9139,10432
"STU001513",13977,15422,NA,NA,NA,NA,NA,11014,12187,9144,13923,14152,12914,15886,23764,29115,29419,18597,17802,28270,20516,20756,21993,17496,39164,37474,19363,36635
"STU001514",NA,NA,NA,NA,NA,NA,NA,NA,NA,NA,NA,NA,NA,11884,NA,NA,7562,12012,10318,23001,NA,NA,NA,NA,NA,NA,32855,NA
"STU001515",11078,13560,10585,8935,8810,NA,NA,19538,13309,11772,12049,7576,7869,7685,11718,6521,18736,NA,NA,NA,NA,13926,11217,17544,NA,NA,NA,NA
"STU001516",NA,NA,NA,NA,NA,NA,NA,NA,NA,NA,NA,NA,NA,NA,NA,NA,NA,NA,NA,NA,NA,NA,NA,NA,NA,NA,NA,NA
"STU001517",7040,10241,NA,NA,NA,8034,9604,11870,NA,NA,16455,NA,NA,NA,NA,13510,NA,NA,15236,16146,13706,NA,NA,NA,NA,NA,17825,NA
"STU001518",NA,NA,NA,NA,6383,NA,NA,13784,NA,16974,9591,15691,NA,NA,16320,20834,NA,NA,15086,14532,15763,NA,13675,13229,16636,20435,13062,16820
"STU001519",NA,NA,NA,NA,NA,3978,7729,3548,8216,NA,NA,NA,4971,NA,NA,8152,NA,NA,NA,NA,NA,NA,NA,4529,5002,4330,NA,NA
"STU001520",NA,NA,NA,NA,NA,NA,NA,NA,NA,NA,NA,NA,NA,NA,NA,NA,NA,NA,NA,NA,NA,NA,NA,NA,NA,NA,NA,NA
"STU001521",20451,10603,12842,10419,NA,NA,11748,15435,NA,NA,NA,NA,NA,NA,10044,23086,NA,NA,NA,NA,NA,14428,11426,NA,NA,NA,12343,26733
"STU001522",10661,7276,NA,NA,6189,7177,6248,5412,NA,NA,9155,12118,11156,11626,13637,8431,NA,16360,NA,NA,10489,14429,8796,15015,10623,15347,12872,NA
"STU001523",NA,NA,NA,NA,NA,NA,NA,NA,NA,NA,NA,NA,NA,NA,NA,NA,NA,NA,NA,NA,9007,27870,16327,11902,10657,27185,NA,20224
"STU001524",15611,9293,4826,7050,6840,NA,11905,NA,NA,11897,14818,11498,19609,16191,15676,12927,13462,15019,NA,NA,20852,17106,14439,15079,14356,16250,NA,NA
"STU001525",11657,NA,NA,4484,7312,8692,7498,4144,NA,NA,NA,NA,8259,4691,9770,NA,NA,NA,NA,NA,16511,NA,NA,NA,NA,13457,16266,13634
"STU001526",4762,NA,NA,NA,NA,10032,12461,8294,8836,7962,8262,NA,NA,NA,NA,NA,NA,NA,11142,8454,6801,NA,NA,NA,NA,5862,8498,15818
"STU001527",NA,NA,NA,NA,NA,NA,NA,NA,NA,NA,NA,NA,NA,12197,5986,11694,NA,NA,NA,NA,19291,NA,NA,NA,9990,NA,13024,13360
"STU001528",NA,NA,NA,NA,NA,NA,NA,13060,18387,NA,14958,14746,19631,7528,12887,16281,17052,11963,10591,24070,NA,NA,NA,11570,NA,14496,15181,NA
"STU001529",NA,NA,NA,11571,NA,NA,NA,7344,9341,NA,7700,10056,NA,11379,13385,NA,12383,12105,8055,17796,17032,13841,NA,NA,NA,NA,NA,NA
"STU001530",11012,4612,10491,9287,10737,11344,13532,NA,NA,NA,NA,NA,NA,NA,NA,14057,13198,7661,8039,7987,NA,NA,9577,7280,9159,13329,10832,12159
"STU001531",NA,NA,NA,NA,NA,NA,NA,4993,7620,NA,NA,NA,NA,NA,7586,NA,4850,NA,13336,7625,15767,NA,NA,NA,NA,NA,15411,16573
"STU001532",NA,NA,NA,NA,NA,NA,9032,NA,NA,8388,16386,14104,9282,11055,8733,NA,NA,7856,NA,NA,NA,NA,NA,NA,NA,10559,10120,6498
"STU001533",NA,NA,NA,NA,NA,NA,NA,NA,NA,NA,NA,NA,NA,NA,NA,NA,NA,NA,NA,NA,NA,NA,NA,NA,NA,NA,NA,NA
"STU001534",NA,NA,7065,6531,6448,NA,NA,10445,8016,7386,6343,10223,10960,8095,NA,NA,NA,NA,NA,14921,NA,NA,NA,NA,NA,NA,NA,NA
"STU001535",NA,NA,NA,NA,NA,NA,NA,NA,NA,NA,NA,NA,NA,NA,NA,NA,NA,NA,NA,NA,NA,NA,NA,NA,NA,20638,12204,21140
"STU001536",NA,NA,NA,NA,NA,NA,NA,NA,NA,NA,NA,NA,NA,NA,NA,NA,NA,NA,12836,14884,9328,11046,NA,20354,20380,12237,15284,11941
"STU001537",9669,8592,NA,9117,8726,7862,6421,8475,14639,NA,7088,11420,9187,6220,7942,NA,NA,NA,15666,16867,10539,6284,17963,17935,9566,8675,6889,16056
"STU001538",8343,NA,8293,14412,13123,9531,11961,5291,NA,12093,NA,13060,10022,NA,18568,8945,30700,NA,NA,18864,20111,22260,18586,NA,NA,NA,NA,NA
"STU001539",11340,NA,12271,9606,10928,NA,NA,NA,NA,NA,NA,NA,NA,NA,NA,NA,NA,NA,NA,NA,NA,8947,11633,13025,10984,8573,13895,15585
"STU001540",7545,NA,4573,NA,NA,NA,NA,NA,NA,NA,NA,NA,8253,4560,6331,6844,4021,NA,NA,NA,NA,16280,13438,13057,9465,8906,9077,7216
"STU001541",7702,13059,13489,NA,NA,NA,NA,6239,NA,16277,9021,6969,NA,NA,NA,NA,14722,11322,12392,19911,NA,NA,15712,11886,8496,10829,11117,15115
"STU001542",NA,NA,NA,NA,NA,NA,NA,NA,NA,NA,NA,NA,14875,NA,NA,NA,11150,10737,NA,14106,31838,22827,16817,NA,NA,18412,21263,29338
"STU001543",NA,NA,NA,NA,NA,NA,NA,NA,8796,NA,NA,NA,NA,11442,18332,20220,25002,32001,14872,NA,NA,NA,NA,NA,NA,NA,NA,NA
"STU001544",NA,NA,NA,NA,NA,NA,NA,NA,NA,NA,NA,NA,NA,NA,NA,NA,NA,NA,NA,NA,NA,NA,NA,NA,NA,13252,24511,8021
"STU001545",8148,NA,9033,8004,8284,24827,17466,NA,9639,14915,17465,16398,NA,NA,14426,16559,14339,16022,20108,15836,25299,NA,NA,NA,14630,22447,NA,NA
"STU001546",NA,NA,NA,NA,5258,10398,9882,11529,19388,10540,9411,9063,10432,14878,6723,13435,9571,10465,11843,NA,6476,14231,13048,9726,7498,9344,13044,11848
"STU001547",9882,NA,NA,NA,NA,NA,NA,NA,NA,NA,NA,19250,18468,NA,NA,NA,NA,5147,NA,NA,NA,9450,16727,7171,9029,8053,11333,16218
"STU001548",9199,5451,7438,NA,NA,NA,NA,NA,NA,NA,NA,NA,NA,NA,NA,NA,NA,NA,6487,9494,10530,7122,NA,NA,NA,NA,NA,11042
"STU001549",NA,NA,NA,NA,8108,6199,5867,11706,16805,13786,NA,NA,14881,NA,NA,16367,11488,NA,NA,NA,NA,NA,19764,19373,14110,13637,15047,15145
"STU001550",NA,NA,NA,NA,NA,NA,NA,NA,NA,NA,NA,NA,NA,NA,NA,NA,NA,NA,NA,NA,NA,NA,NA,NA,NA,NA,NA,NA
"STU001551",8287,8648,7067,8220,NA,NA,NA,NA,25392,12846,16076,12415,18851,21016,15973,18209,NA,19097,NA,NA,15837,9706,23209,15247,13092,27689,28058,NA
"STU001552",19611,11297,9432,8357,NA,NA,16666,19931,26306,14292,19616,24674,15868,14760,20729,14101,13680,23174,24731,19252,29294,25461,21869,17380,NA,20581,20417,26450
"STU001553",8611,9928,9635,8336,9764,NA,11978,11171,9888,NA,NA,NA,NA,6052,10181,6190,18431,11312,NA,NA,NA,8943,NA,6373,NA,8747,NA,NA
"STU001554",NA,NA,NA,NA,NA,14275,7239,NA,NA,NA,NA,NA,NA,NA,NA,NA,9462,8575,9984,11178,13741,NA,NA,10699,17184,14724,8952,NA
"STU001555",12190,7875,NA,NA,18771,NA,NA,NA,NA,5358,7393,NA,NA,5632,NA,NA,NA,NA,12332,12007,22107,NA,NA,NA,NA,18981,17841,NA
"STU001556",8388,10607,5346,9913,NA,NA,NA,11405,22417,11706,NA,NA,NA,NA,NA,NA,NA,NA,11859,11919,13707,8687,8351,13997,10164,10788,17266,12932
"STU001557",NA,NA,NA,NA,NA,5282,6598,9984,NA,NA,NA,NA,8421,NA,NA,10367,6035,NA,NA,NA,8590,NA,NA,NA,NA,NA,11719,13686
"STU001558",7925,7293,6389,11712,9097,7183,NA,11634,7848,9840,11488,9839,12202,15321,7632,10700,18444,NA,NA,NA,20412,10048,10631,10981,18491,17267,19038,NA
"STU001559",NA,NA,NA,NA,NA,NA,NA,NA,NA,13143,16019,12894,NA,NA,NA,NA,NA,27706,27647,17248,27854,13260,NA,NA,26191,15202,19751,28190
"STU001560",NA,NA,10746,6747,4219,8646,9040,15239,11082,5850,10575,6415,6871,6876,14962,15728,NA,20601,14833,11667,10522,NA,NA,NA,NA,NA,NA,16099
"STU001561",NA,NA,NA,NA,NA,NA,NA,6374,6322,NA,8836,8393,5610,12519,12476,6874,6075,8617,7344,17400,18402,NA,NA,NA,NA,NA,NA,15552
"STU001562",7195,NA,NA,4098,2683,5333,7298,16061,NA,NA,6399,7961,NA,NA,NA,NA,3350,6984,14630,10927,NA,NA,5978,10622,NA,13970,8899,8555
"STU001563",NA,NA,NA,NA,NA,NA,NA,NA,NA,NA,NA,NA,NA,NA,NA,NA,NA,NA,NA,NA,NA,NA,NA,NA,NA,NA,21335,26615
"STU001564",6419,5160,NA,NA,NA,NA,18004,7264,15938,NA,NA,11026,8608,21871,18668,15399,16359,9680,NA,12715,12762,12052,15147,19965,NA,NA,NA,NA
"STU001565",4753,3395,NA,5871,3764,6267,5225,4076,5674,NA,NA,NA,NA,NA,NA,NA,NA,NA,NA,9958,NA,NA,NA,NA,NA,NA,13065,NA
"STU001566",6568,NA,NA,NA,NA,14892,16679,NA,NA,21267,9426,18168,NA,NA,NA,NA,NA,NA,16663,NA,14870,12783,17513,26659,17553,17647,9455,14580
"STU001567",NA,NA,NA,NA,NA,NA,NA,10403,9964,NA,NA,11481,12033,10707,12342,NA,NA,NA,NA,NA,NA,14897,NA,NA,11993,11455,9312,11244
"STU001568",NA,NA,NA,NA,NA,NA,NA,NA,NA,NA,NA,6285,9394,5765,NA,7452,10670,5145,7250,12705,9646,10273,9726,8696,10477,13959,9555,11499
"STU001569",7386,6228,7733,NA,NA,5884,7303,9357,NA,NA,NA,NA,8322,10394,7078,NA,NA,8908,11287,10616,14748,10460,NA,8123,16549,8508,NA,10296
"STU001570",NA,NA,NA,NA,NA,5576,6138,NA,NA,NA,8107,NA,NA,NA,NA,8214,NA,NA,NA,NA,NA,NA,NA,NA,NA,NA,NA,NA
"STU001571",NA,NA,NA,NA,NA,NA,NA,NA,NA,NA,NA,NA,NA,NA,NA,NA,NA,NA,NA,NA,NA,NA,NA,NA,NA,NA,NA,NA
"STU001572",NA,NA,4083,12002,NA,NA,9192,NA,NA,NA,NA,NA,5362,6755,7777,9790,NA,NA,11045,NA,10533,10314,11855,15517,9591,9958,17574,11785
"STU001573",NA,NA,NA,NA,NA,NA,11171,12894,NA,13483,NA,14336,NA,NA,NA,NA,16534,NA,14649,16046,21971,NA,NA,NA,NA,10520,27078,26776
"STU001574",NA,NA,NA,4336,5361,5122,NA,NA,NA,NA,3173,5252,5996,8977,9658,8165,12391,NA,NA,NA,9293,6501,NA,NA,NA,NA,7360,NA
"STU001575",NA,NA,NA,NA,NA,NA,NA,NA,NA,NA,NA,NA,NA,NA,NA,NA,NA,NA,NA,NA,NA,NA,10137,12437,NA,NA,NA,NA
"STU001576",8301,7289,12733,8354,5180,NA,7219,7005,7534,NA,NA,NA,NA,11257,14623,9708,15382,29890,12626,29431,19514,10686,NA,NA,NA,NA,NA,NA
"STU001577",NA,NA,NA,NA,NA,NA,NA,NA,NA,NA,NA,NA,NA,NA,NA,NA,NA,NA,NA,NA,NA,NA,NA,NA,NA,NA,NA,NA
"STU001578",NA,NA,NA,NA,NA,NA,NA,NA,NA,NA,NA,NA,NA,NA,NA,NA,NA,NA,NA,NA,8277,13337,16640,9951,15619,9565,10259,17263
"STU001579",NA,NA,6060,6720,7865,8794,13720,7977,NA,11094,10736,10343,13424,NA,NA,NA,8566,NA,14327,NA,NA,NA,NA,NA,8023,10618,10635,8225
"STU001580",NA,NA,NA,NA,NA,NA,NA,NA,NA,NA,NA,NA,NA,NA,NA,NA,NA,NA,NA,NA,NA,NA,NA,NA,NA,NA,NA,NA
"STU001581",10438,4110,9883,2599,4099,6222,NA,NA,NA,NA,NA,NA,NA,10494,6445,NA,NA,NA,9098,7093,NA,NA,9124,5786,12655,13813,8452,6747
"STU001582",NA,NA,NA,NA,NA,10413,9312,15533,7684,NA,8971,16512,18084,11297,11623,6925,NA,10394,10228,NA,NA,11703,NA,NA,NA,NA,NA,NA
"STU001583",NA,NA,NA,NA,NA,NA,20467,13524,12788,9605,14090,16338,22457,15659,NA,NA,16019,NA,NA,NA,NA,NA,NA,21942,21498,27248,15926,16849
"STU001584",3602,2978,5722,5135,NA,7974,10473,12165,10043,NA,NA,NA,NA,NA,NA,NA,NA,8306,22811,16042,NA,NA,NA,19384,7879,12751,13928,14017
"STU001585",NA,NA,NA,NA,NA,NA,NA,NA,NA,NA,NA,NA,NA,NA,NA,NA,NA,NA,NA,NA,10110,NA,NA,NA,NA,NA,19060,NA
"STU001586",5201,5788,NA,NA,5813,NA,NA,12678,9169,9263,7486,9417,7513,NA,10915,7688,NA,NA,12197,NA,NA,6050,NA,NA,NA,NA,NA,NA
"STU001587",NA,NA,NA,NA,NA,NA,NA,NA,NA,NA,NA,NA,NA,20334,NA,15964,10324,NA,13938,18641,16480,19337,8479,NA,NA,10697,8976,21480
"STU001588",NA,6877,8901,7973,6020,NA,NA,6206,NA,NA,NA,NA,NA,NA,NA,NA,10678,8030,17666,11388,14005,9379,NA,10014,11301,NA,NA,NA
"STU001589",NA,NA,NA,6945,18240,NA,NA,10285,16676,11122,8087,8327,14004,9904,17300,11606,22739,21198,15950,13703,16756,NA,NA,NA,13356,18744,14564,19691
"STU001590",4829,NA,NA,NA,5332,11106,NA,6206,8113,NA,NA,18883,5319,6690,NA,10096,8411,15692,8593,6161,NA,NA,11415,9885,5698,10765,18977,9808
"STU001591",15005,10959,12419,11649,10053,NA,NA,NA,NA,9646,9679,NA,14781,7116,NA,13508,36356,9734,10888,17086,10634,16389,NA,10720,9705,8910,12312,12107
"STU001592",9568,3336,6629,7278,NA,NA,NA,NA,NA,7564,6820,6616,NA,NA,NA,NA,NA,10610,7597,NA,NA,13203,NA,NA,7937,8078,NA,7806
"STU001593",7605,13552,8252,5203,9126,NA,NA,NA,8322,8331,10667,9337,13187,NA,13146,11924,8439,NA,NA,NA,NA,NA,NA,NA,NA,NA,NA,NA
"STU001594",3583,NA,3712,5948,NA,NA,NA,11738,8639,9941,NA,NA,6825,12368,5186,7718,11199,10475,11722,NA,NA,NA,NA,7471,13754,NA,15150,9934
"STU001595",4328,8373,5445,5079,8691,6256,10893,7834,NA,7369,NA,NA,NA,NA,NA,NA,NA,NA,NA,NA,12056,15469,12147,NA,NA,NA,NA,NA
"STU001596",7935,3022,8949,NA,NA,NA,NA,NA,4298,4603,3812,4485,6121,5506,NA,NA,NA,NA,11554,9211,13529,12456,11113,15660,NA,NA,NA,NA
"STU001597",NA,NA,NA,NA,NA,NA,NA,NA,NA,NA,NA,NA,NA,NA,NA,NA,NA,NA,NA,NA,NA,NA,NA,NA,NA,NA,NA,32853
"STU001598",6814,14536,NA,NA,NA,NA,9174,6353,NA,11369,5269,5823,18455,10789,11743,22872,26473,20018,16792,26070,12668,NA,NA,NA,20179,24061,NA,NA
"STU001599",16051,12472,17277,12851,13589,12633,11251,11764,12544,23066,12959,11304,NA,NA,NA,NA,NA,NA,NA,NA,NA,NA,9447,14488,11775,24230,17344,NA
"STU001600",4424,7066,NA,NA,NA,9038,10046,NA,7204,NA,6065,10196,10616,6168,5986,NA,NA,8264,9188,NA,NA,NA,10462,17043,8529,13623,7770,11396
"STU001601",NA,NA,NA,NA,6000,5937,6747,8485,6598,NA,NA,10132,16219,14235,15191,8641,25854,8831,NA,15107,12100,9822,NA,NA,NA,11918,13131,NA
"STU001602",NA,NA,NA,NA,NA,NA,NA,NA,NA,NA,NA,NA,NA,NA,NA,NA,NA,NA,NA,NA,NA,NA,NA,NA,NA,NA,NA,NA
"STU001603",6235,NA,NA,11035,7443,9340,16513,8468,11425,12781,NA,11862,8243,NA,NA,NA,20412,NA,NA,NA,22455,NA,NA,NA,NA,NA,NA,NA
"STU001604",NA,NA,3582,5756,6272,7634,16812,NA,14414,22022,8632,18846,9743,26844,14907,9243,10454,8532,NA,23387,14745,NA,12392,10925,15836,NA,NA,NA
"STU001605",NA,NA,NA,NA,8026,5288,7020,9591,10187,9171,12578,12758,10030,7931,8005,7896,NA,NA,NA,NA,NA,13220,12847,11257,13803,9342,12642,14089
"STU001606",15879,8703,9077,8061,8804,NA,7176,7038,NA,NA,NA,NA,NA,NA,NA,NA,13351,13965,6859,6140,NA,NA,NA,NA,NA,NA,23110,29631
"STU001607",NA,NA,NA,NA,NA,NA,NA,NA,NA,NA,NA,NA,NA,NA,NA,NA,NA,NA,NA,NA,NA,NA,NA,NA,NA,NA,NA,NA
"STU001608",NA,NA,NA,10845,NA,6700,NA,NA,NA,6697,6774,16910,6947,7094,12889,8468,12664,16471,12527,14629,16301,8315,14776,14204,18155,NA,12105,21409
"STU001609",19462,5949,12779,NA,5198,6037,6897,6799,16498,NA,NA,NA,NA,NA,10234,16675,18943,22156,13113,NA,18210,17564,14630,23410,NA,14825,15288,12949
"STU001610",NA,NA,NA,NA,NA,7563,NA,NA,NA,NA,8444,7552,12653,10736,NA,NA,NA,NA,17696,8620,NA,NA,13624,11816,13835,10878,NA,11007
"STU001611",10946,11067,6595,NA,NA,6109,NA,NA,NA,6607,8433,10415,7057,17773,6910,12990,NA,7332,6613,5862,9474,11338,7834,13678,10324,9934,13153,10413
"STU001612",NA,NA,NA,NA,NA,NA,NA,NA,NA,NA,NA,NA,NA,NA,NA,NA,NA,NA,NA,NA,NA,NA,NA,NA,NA,NA,NA,NA
"STU001613",NA,NA,NA,NA,NA,NA,NA,NA,NA,NA,NA,NA,NA,NA,NA,NA,NA,NA,NA,NA,NA,NA,NA,NA,NA,NA,NA,NA
"STU001614",NA,NA,NA,NA,NA,NA,NA,NA,NA,NA,NA,NA,NA,NA,NA,NA,NA,NA,NA,NA,NA,NA,NA,NA,NA,NA,14559,15239
"STU001615",NA,NA,NA,NA,NA,NA,NA,NA,NA,NA,NA,NA,NA,NA,8151,6636,NA,NA,9363,NA,18681,9001,14501,NA,17576,17664,17681,NA
"STU001616",10201,NA,7200,NA,8891,NA,NA,NA,NA,10786,8073,16094,7106,9184,18087,8508,NA,NA,NA,NA,NA,11896,11588,NA,NA,NA,NA,NA
"STU001617",6000,NA,5442,NA,NA,NA,NA,NA,7562,5541,7173,7482,12647,NA,NA,NA,NA,6377,6089,13111,NA,NA,NA,NA,NA,11729,7573,16869
"STU001618",4663,2813,6888,8560,8156,NA,NA,NA,NA,4784,NA,7930,8748,4731,14217,7130,9434,5171,5733,8611,16908,NA,NA,NA,NA,NA,10723,10820
"STU001619",7032,9717,15937,9662,11112,NA,NA,NA,13500,NA,NA,NA,NA,NA,NA,NA,NA,9981,11230,NA,NA,NA,11491,14170,7544,10658,9759,13308
"STU001620",8000,NA,NA,NA,NA,NA,NA,NA,NA,NA,NA,NA,NA,15871,NA,NA,NA,NA,8479,NA,NA,NA,NA,8351,13309,19961,32068,NA
"STU001621",7345,NA,NA,11167,12191,13371,8591,13047,12233,NA,NA,NA,NA,16732,16764,26184,23439,25177,NA,NA,NA,NA,NA,22154,41053,20420,21437,25923
"STU001622",NA,NA,NA,NA,NA,NA,NA,NA,NA,NA,NA,NA,NA,16303,17963,16571,NA,NA,NA,NA,16719,22579,11079,17957,28527,14373,NA,NA
"STU001623",NA,NA,NA,14603,10143,19243,10713,17914,8098,12963,NA,9283,NA,NA,NA,10200,NA,NA,12504,NA,10362,10969,7834,NA,NA,NA,NA,12571
"STU001624",NA,NA,6713,6267,4439,NA,5918,4635,7393,14771,NA,NA,8581,6037,NA,NA,9583,11350,NA,NA,13968,NA,NA,NA,NA,NA,NA,NA
"STU001625",NA,NA,8942,11789,9235,5775,10761,4746,8117,8015,NA,NA,NA,16017,6352,NA,5603,NA,7482,NA,NA,14995,24391,10000,30950,13179,13455,12899
"STU001626",NA,NA,NA,NA,NA,15100,16617,NA,NA,NA,NA,NA,NA,22432,14170,22125,15063,NA,NA,NA,NA,NA,NA,13157,23436,NA,24329,NA
"STU001627",NA,NA,NA,NA,NA,NA,NA,NA,NA,NA,NA,NA,NA,NA,NA,NA,NA,NA,NA,NA,NA,NA,NA,NA,NA,NA,NA,NA
"STU001628",10974,6571,4775,5696,9040,NA,NA,14312,4988,NA,NA,NA,NA,NA,9651,8022,10415,8034,8285,NA,8288,10332,8290,10929,9316,NA,11292,12309
"STU001629",15093,11920,19489,NA,NA,NA,11671,11963,14011,16800,12619,NA,NA,15336,16543,17511,11946,NA,NA,NA,12756,27840,18232,10225,15699,16168,14896,23364
"STU001630",6468,10492,NA,6679,8524,7655,NA,NA,6995,10488,6357,7396,NA,6623,7473,9936,7852,8027,9267,19265,NA,NA,NA,NA,12347,11944,NA,NA
"STU001631",5511,6689,6512,7287,8339,5858,15752,NA,20673,6443,NA,9634,NA,NA,7587,16898,6610,7050,19538,18827,7217,NA,27428,14703,NA,NA,NA,NA
"STU001632",NA,NA,NA,NA,NA,NA,NA,NA,NA,NA,NA,NA,NA,7528,8729,5572,6989,10455,5982,6510,5728,6544,7147,7521,13059,5161,NA,NA
"STU001633",8730,3964,15835,5499,NA,NA,NA,NA,8336,16222,11566,12872,10376,NA,NA,NA,NA,8815,10364,17848,9130,10786,15730,17679,21508,NA,12703,11395
"STU001634",8066,8137,7863,5512,8729,5413,8030,NA,NA,NA,NA,NA,NA,NA,NA,NA,NA,NA,24620,NA,17414,18622,NA,NA,NA,NA,NA,NA
"STU001635",12816,14363,12150,NA,10948,NA,NA,NA,NA,NA,6854,10913,NA,9536,13985,7206,NA,8684,8428,10327,11333,NA,NA,11020,16607,9417,9650,9175
"STU001636",16065,7729,7448,9912,19634,10798,NA,NA,15718,NA,14506,29223,19387,15943,NA,NA,15275,21724,14531,17300,34229,14113,17067,22428,34737,15834,16494,22216
"STU001637",NA,NA,NA,NA,7510,8450,5388,7723,5053,4794,6146,NA,NA,11666,10973,11103,11015,11483,6257,14980,8404,10504,9744,10277,12604,9855,11820,8635
"STU001638",NA,NA,NA,NA,NA,NA,NA,NA,NA,NA,NA,NA,NA,NA,NA,NA,NA,NA,NA,NA,NA,NA,NA,NA,NA,8808,18399,9136
"STU001639",NA,NA,NA,NA,9238,8491,9070,9928,9697,NA,NA,NA,4975,6732,11343,10938,9861,12721,NA,NA,NA,11209,10109,11986,9850,15861,8221,NA
"STU001640",NA,NA,NA,NA,NA,NA,NA,NA,NA,NA,NA,NA,NA,NA,NA,NA,NA,NA,NA,NA,NA,NA,9430,26142,23183,10566,15297,22129
"STU001641",NA,7321,7491,7669,4667,NA,NA,NA,NA,NA,5071,15819,7415,NA,NA,NA,NA,17270,14016,13857,15089,26056,27182,NA,NA,26682,26042,15933
"STU001642",NA,NA,NA,NA,NA,NA,NA,NA,NA,NA,NA,NA,NA,NA,NA,NA,NA,NA,NA,NA,NA,NA,NA,NA,NA,NA,NA,NA
"STU001643",7723,10083,NA,NA,NA,8454,5552,12168,11551,22729,12343,8262,NA,NA,NA,NA,10959,18904,13186,NA,NA,NA,17544,11165,NA,NA,16242,17461
"STU001644",13236,10895,NA,NA,NA,9053,NA,25212,17907,NA,NA,19819,14041,15635,23125,17879,27199,26235,12429,19343,NA,NA,NA,NA,NA,NA,NA,NA
"STU001645",11122,9232,NA,NA,NA,19049,NA,10218,12633,7518,8008,13992,8550,9348,12369,NA,NA,8494,13116,NA,NA,NA,11397,NA,23238,14524,16573,13016
"STU001646",10809,11668,10808,6746,6657,NA,NA,NA,NA,NA,5130,NA,7735,9075,10374,NA,NA,12229,6657,9505,11022,14055,9139,15907,NA,NA,11746,13312
"STU001647",6254,NA,NA,NA,8098,6832,NA,8346,17723,NA,NA,6968,NA,10967,NA,NA,NA,NA,NA,NA,NA,NA,NA,NA,NA,NA,NA,NA
"STU001648",NA,NA,NA,NA,NA,NA,NA,NA,NA,NA,NA,NA,NA,NA,NA,NA,NA,11562,9580,5829,NA,NA,NA,17195,13057,9426,22482,NA
"STU001649",9535,NA,NA,NA,NA,NA,NA,NA,NA,10515,8851,7986,11698,9845,5900,7163,12433,6776,NA,7965,9089,11223,NA,12354,10219,9128,14150,12885
"STU001650",9044,8291,NA,9263,5276,9449,NA,NA,NA,NA,NA,NA,NA,12450,12487,15266,11964,15284,NA,NA,NA,NA,NA,NA,NA,10470,13971,14177
"STU001651",10074,9389,12846,9248,8582,NA,NA,NA,NA,NA,6516,10581,20496,11642,10943,9529,NA,15241,11581,26640,15239,16481,14654,12792,16787,NA,NA,8197
"STU001652",6790,7542,11489,5061,NA,7403,NA,6076,8963,9888,6769,NA,7933,NA,NA,8369,NA,NA,NA,7655,9137,25552,18663,22469,18067,15733,15649,21586
"STU001653",NA,9494,6027,15494,9485,NA,8327,13360,7262,11686,12176,NA,NA,NA,NA,NA,8855,12578,NA,14594,11071,NA,NA,8549,18561,13470,14034,17413
"STU001654",10301,9959,NA,NA,NA,5009,NA,NA,NA,NA,NA,NA,NA,NA,NA,25660,14448,17257,15943,15022,14640,NA,NA,NA,17184,20002,NA,NA
"STU001655",NA,NA,NA,NA,NA,NA,NA,NA,NA,7123,7400,NA,11241,NA,NA,14892,18787,NA,NA,8001,9537,12974,12431,15329,19682,24261,14068,14563
"STU001656",10956,NA,NA,NA,6998,5036,7631,7533,9075,NA,NA,NA,NA,7158,11394,9372,9308,9265,8810,9662,10473,8759,NA,NA,8749,NA,9833,NA
"STU001657",9285,NA,NA,NA,NA,NA,NA,NA,NA,10701,10469,11576,12470,10874,NA,NA,NA,NA,NA,NA,NA,NA,11932,10886,8626,17186,NA,NA
"STU001658",NA,NA,NA,NA,NA,NA,NA,NA,NA,NA,NA,NA,NA,NA,NA,NA,NA,NA,NA,25452,14835,14792,15206,12690,11707,12351,17244,12255
"STU001659",9775,10418,17512,NA,NA,NA,12324,10720,11840,NA,NA,10835,NA,NA,11645,11049,6464,12686,13153,NA,NA,NA,11361,10895,9941,12139,18780,12272
"STU001660",NA,9228,13114,NA,11544,NA,NA,8230,12483,NA,11215,NA,17244,13179,16423,11010,12421,10083,8927,11318,16267,9886,12094,12507,NA,NA,10264,13625
"STU001661",6586,4457,9555,7252,6021,5771,11164,13709,6383,NA,NA,8202,8225,13582,5578,NA,NA,NA,NA,NA,NA,11180,NA,25500,NA,NA,19671,NA
"STU001662",NA,NA,NA,NA,NA,NA,NA,NA,NA,NA,NA,10994,13044,12673,11019,10073,19624,NA,NA,NA,NA,NA,NA,NA,NA,NA,NA,11560
"STU001663",NA,NA,NA,NA,NA,NA,NA,NA,NA,NA,NA,NA,NA,NA,NA,NA,NA,NA,NA,NA,NA,NA,NA,NA,NA,NA,NA,11199
"STU001664",6273,NA,NA,NA,NA,NA,NA,NA,NA,NA,11667,13613,11489,15682,15379,11750,13611,15123,14729,12948,NA,10658,NA,12715,NA,NA,NA,12678
"STU001665",7849,8396,8325,NA,7193,3866,5391,8744,7362,NA,15376,8007,4041,NA,5145,9872,NA,NA,NA,NA,9126,9730,9954,12876,11720,9597,15228,16916
"STU001666",NA,NA,NA,NA,13152,7116,9978,NA,NA,NA,NA,NA,NA,NA,NA,NA,NA,NA,14065,13626,14138,14544,NA,13882,NA,NA,NA,NA
"STU001667",NA,NA,NA,NA,NA,NA,NA,NA,NA,NA,NA,NA,NA,NA,NA,NA,NA,NA,NA,NA,NA,NA,23683,NA,19413,24176,NA,NA
"STU001668",NA,NA,NA,NA,NA,NA,NA,NA,NA,NA,NA,NA,NA,NA,NA,NA,NA,NA,NA,NA,NA,NA,NA,NA,NA,NA,NA,NA
"STU001669",NA,NA,NA,NA,NA,NA,NA,NA,NA,NA,NA,NA,NA,NA,NA,NA,NA,NA,NA,NA,NA,NA,NA,NA,NA,NA,NA,NA
"STU001670",NA,NA,NA,NA,NA,NA,NA,NA,NA,NA,NA,NA,NA,NA,NA,NA,NA,NA,NA,NA,NA,NA,NA,NA,NA,NA,NA,NA
"STU001671",8615,9215,16356,9865,6092,13264,11136,8915,8336,10361,11226,NA,NA,NA,NA,NA,7765,7901,19164,12956,8368,9851,10373,12113,NA,NA,NA,NA
"STU001672",NA,NA,NA,NA,NA,11363,NA,NA,NA,10278,10855,12852,12126,15867,18695,NA,NA,NA,11760,14119,18490,11928,13120,11020,21951,NA,NA,NA
"STU001673",NA,11423,14390,13830,11257,8700,8448,15006,11180,12300,12777,11279,NA,NA,NA,13467,NA,12040,20324,14486,13783,19036,22890,11461,NA,NA,NA,18976
"STU001674",6167,6366,15711,5132,6460,6851,5797,NA,NA,NA,NA,NA,NA,9885,10740,11334,17447,NA,NA,NA,8667,NA,NA,13630,11675,15325,16477,6214
"STU001675",9216,NA,NA,NA,NA,NA,NA,NA,NA,NA,NA,8041,11776,6506,7155,6918,7994,21733,11995,17108,13659,10640,23892,9096,NA,NA,NA,NA
"STU001676",NA,NA,NA,NA,NA,NA,NA,NA,NA,NA,NA,NA,NA,NA,NA,NA,NA,NA,NA,NA,NA,NA,NA,NA,NA,NA,NA,NA
"STU001677",NA,NA,NA,NA,NA,10831,8881,11508,8644,NA,NA,NA,NA,NA,NA,15684,13632,10141,10973,12029,14412,11663,14703,11188,NA,11489,7437,15316
"STU001678",10292,NA,NA,7317,8333,NA,NA,NA,19499,NA,10721,10721,11046,15788,NA,NA,NA,NA,NA,NA,NA,NA,NA,13003,21451,12752,16848,NA
"STU001679",4785,5518,5691,5169,4402,2819,8984,6898,NA,NA,8796,8381,9779,NA,8494,12075,NA,18908,11683,10050,22764,18187,NA,14076,12965,8876,10382,NA
"STU001680",6130,3893,NA,4723,9021,3538,NA,NA,NA,NA,NA,NA,NA,NA,NA,3029,5181,NA,5040,10258,10052,7773,NA,NA,NA,NA,NA,NA
"STU001681",9546,8698,NA,8925,NA,NA,NA,8958,15219,12701,9079,7699,9569,17585,NA,NA,NA,13809,15475,11161,12459,13361,9517,16775,16906,9909,13396,NA
"STU001682",NA,NA,NA,NA,NA,NA,NA,NA,NA,NA,NA,NA,NA,NA,NA,NA,NA,NA,NA,NA,NA,NA,NA,NA,NA,16045,29216,16692
"STU001683",NA,NA,NA,NA,NA,NA,NA,NA,NA,NA,NA,NA,NA,NA,NA,NA,NA,NA,NA,NA,NA,NA,NA,NA,NA,NA,NA,NA
"STU001684",NA,NA,NA,6013,NA,NA,NA,NA,7566,5836,10935,9032,7603,6608,10326,NA,NA,NA,NA,NA,NA,7188,9102,12103,NA,9656,NA,NA
"STU001685",4578,NA,NA,NA,NA,NA,NA,NA,12176,10330,8195,13641,10000,NA,NA,NA,NA,13659,NA,11700,9180,12014,21585,18812,13271,NA,NA,NA
"STU001686",NA,NA,NA,NA,NA,NA,NA,NA,NA,NA,NA,NA,NA,NA,NA,NA,NA,NA,NA,NA,NA,13881,21229,16852,29013,NA,NA,NA
"STU001687",8361,12875,11927,NA,NA,15191,11822,11001,NA,NA,15080,10835,20773,NA,10518,22987,22303,13964,23086,NA,39192,31705,16172,16004,NA,NA,NA,NA
"STU001688",5979,NA,11179,NA,NA,NA,NA,NA,NA,NA,12326,12742,8187,6951,8417,11831,NA,11781,7600,10955,8799,10902,14809,NA,15619,14564,11402,10457
"STU001689",9057,NA,NA,6833,8801,8410,6339,7860,16579,14749,NA,NA,NA,12394,NA,19284,9437,12063,23066,12756,12275,11143,14056,NA,9442,12775,NA,30638
"STU001690",NA,NA,NA,NA,6605,14743,NA,NA,NA,NA,NA,14878,10426,12726,14870,9131,12494,13738,15250,18028,14035,16118,NA,13784,13048,7787,12570,20358
"STU001691",4937,NA,5865,10624,4899,4846,NA,NA,NA,NA,NA,NA,6876,7858,9519,10075,6451,11215,7778,7779,NA,NA,NA,NA,NA,7265,9964,6917
"STU001692",14942,8621,NA,NA,7953,7248,5790,6377,4009,8913,NA,12744,8704,20302,10557,15748,14446,7443,12534,NA,NA,NA,NA,12966,NA,NA,NA,NA
"STU001693",9823,10138,14677,8648,17086,NA,9741,11203,20838,16836,10612,18548,13150,12316,11074,31025,15530,22156,23587,16422,18535,20007,23725,NA,22835,17687,NA,NA
"STU001694",NA,NA,NA,NA,NA,NA,NA,NA,NA,31465,13301,NA,NA,NA,32253,NA,NA,23076,18053,NA,NA,29662,20939,32227,23374,17675,24648,31288
"STU001695",NA,NA,NA,NA,NA,NA,NA,NA,NA,NA,NA,NA,NA,NA,NA,NA,NA,NA,11235,13815,NA,NA,NA,8823,NA,NA,NA,NA
"STU001696",NA,20085,11519,16121,18949,16929,NA,24230,10517,19461,14453,15539,18633,15722,NA,NA,NA,18232,20046,NA,NA,NA,12645,14039,18439,14828,22831,14697
"STU001697",NA,NA,NA,NA,12965,8725,NA,NA,NA,NA,NA,NA,16491,14382,11071,14970,11954,12654,10514,NA,NA,NA,NA,NA,11374,16602,11398,9174
"STU001698",13256,NA,NA,9965,8961,9557,NA,NA,7554,7666,9836,20283,14416,9141,6456,6506,10818,15600,NA,19770,11494,20310,26381,12033,NA,NA,13858,20002
"STU001699",NA,NA,NA,NA,NA,NA,NA,NA,NA,NA,NA,NA,18245,15791,NA,13975,13839,12679,NA,10570,16942,11453,NA,NA,12983,9029,NA,NA
"STU001700",NA,NA,NA,NA,NA,NA,NA,NA,NA,NA,NA,NA,NA,NA,NA,13485,NA,NA,17299,11919,NA,NA,NA,24603,NA,NA,NA,NA
"STU001701",NA,NA,NA,NA,NA,8566,8248,9515,16514,9684,NA,NA,9442,11564,NA,NA,NA,NA,13810,12767,22935,9501,14508,11911,7921,15145,11668,11250
"STU001702",6336,8151,10489,NA,NA,NA,NA,NA,NA,9591,6099,11057,6701,6330,NA,9496,6884,NA,9727,10343,6563,7234,10874,10082,7273,10561,10309,12051
"STU001703",15518,11706,11555,8977,NA,NA,NA,NA,NA,NA,NA,NA,NA,NA,NA,NA,12260,11570,NA,NA,NA,12087,10478,21550,14234,11543,NA,12955
"STU001704",NA,NA,4681,6568,5646,6859,9918,13460,15520,11120,12364,13475,6016,NA,NA,NA,NA,NA,NA,NA,12581,13635,14339,6971,12113,5239,10021,9594
"STU001705",NA,NA,NA,NA,NA,NA,NA,NA,NA,NA,NA,NA,NA,NA,NA,NA,NA,NA,NA,NA,NA,NA,NA,NA,NA,19605,22673,NA
"STU001706",9726,14513,12402,13981,NA,9380,13353,13674,10662,21553,13366,13071,18465,NA,NA,NA,NA,NA,NA,NA,13925,14678,19324,NA,NA,NA,NA,NA
"STU001707",NA,NA,NA,NA,NA,NA,NA,NA,NA,NA,NA,NA,NA,NA,NA,NA,NA,NA,NA,NA,NA,NA,NA,NA,NA,NA,NA,NA
"STU001708",NA,NA,6355,7901,9950,11954,7383,9545,8567,7710,7914,6870,7290,9914,8855,13370,NA,NA,NA,NA,NA,3254,10232,10291,11617,NA,11420,NA
"STU001709",NA,NA,NA,NA,NA,4028,NA,NA,NA,NA,NA,NA,NA,NA,NA,NA,NA,NA,9349,8808,15075,10164,9299,NA,16158,9417,12746,14209
"STU001710",NA,NA,NA,NA,NA,NA,NA,NA,NA,NA,NA,NA,NA,NA,NA,NA,NA,NA,NA,NA,NA,NA,NA,NA,NA,NA,NA,NA
"STU001711",NA,NA,NA,NA,NA,NA,NA,NA,NA,NA,NA,NA,NA,NA,NA,NA,NA,NA,NA,NA,NA,NA,NA,NA,NA,NA,NA,NA
"STU001712",9062,12767,7178,13162,6378,5836,12632,15648,13705,NA,NA,14218,13208,17846,17791,8322,12211,13736,14801,15811,NA,NA,15134,10281,13717,19498,9308,14161
"STU001713",NA,NA,NA,NA,8468,7488,15540,8412,15471,14611,10335,7014,8876,6461,NA,NA,9703,9549,14086,13938,10483,11152,NA,8534,12610,23056,9949,12633
"STU001714",9316,NA,NA,NA,NA,NA,NA,NA,NA,9537,16222,15480,20785,NA,NA,NA,NA,18500,8516,10930,19247,13796,14522,10965,11651,16496,8443,13057
"STU001715",5792,14491,14691,NA,NA,5940,6168,6330,NA,NA,NA,5280,15893,NA,NA,NA,NA,7019,16854,13822,12624,16890,NA,11606,8194,7535,13981,21770
"STU001716",NA,NA,NA,NA,NA,NA,NA,NA,NA,NA,NA,NA,NA,NA,NA,NA,NA,NA,NA,NA,NA,NA,NA,NA,NA,NA,NA,NA
"STU001717",6809,12068,NA,NA,NA,3558,10621,6322,NA,NA,6750,6565,NA,NA,10175,13432,10631,NA,12149,NA,NA,NA,NA,NA,NA,NA,12855,NA
"STU001718",NA,NA,NA,4750,5191,NA,NA,NA,NA,NA,NA,NA,NA,NA,7038,10678,12067,12050,16528,7124,10246,17687,NA,NA,8426,9690,7356,14541
"STU001719",NA,NA,NA,NA,NA,NA,NA,NA,NA,NA,NA,NA,11690,17710,NA,NA,NA,NA,12622,NA,NA,15195,21713,NA,22511,15272,11037,11365
"STU001720",9871,NA,NA,6147,7908,7905,16813,10105,8027,8694,15198,9890,9784,12401,NA,8126,13046,8463,12272,12299,NA,9815,13155,NA,NA,NA,NA,12550
"STU001721",NA,NA,5840,8816,7915,8371,7100,6116,7296,8093,5301,9119,14062,15388,12682,12585,14662,24962,12407,18817,12673,12634,13929,11425,9827,11797,11124,13396
"STU001722",NA,7548,5866,NA,11369,NA,13620,10876,9649,NA,NA,10757,7915,11172,15662,11384,13129,NA,NA,15059,23770,NA,NA,NA,NA,NA,NA,NA
"STU001723",NA,NA,NA,NA,NA,NA,NA,NA,NA,NA,NA,NA,NA,NA,NA,NA,NA,NA,NA,NA,NA,NA,NA,NA,NA,NA,NA,NA
"STU001724",NA,NA,NA,NA,NA,NA,NA,NA,NA,NA,NA,8783,NA,10060,NA,NA,NA,5775,10882,21471,NA,NA,NA,NA,NA,NA,NA,19113
"STU001725",NA,NA,NA,NA,8497,6267,5979,NA,NA,7673,10443,14470,13308,10961,13012,16507,12879,18019,13231,10469,14960,17185,13525,10638,NA,NA,NA,NA
"STU001726",7876,NA,NA,6041,14142,5907,12895,NA,NA,NA,NA,NA,12734,9161,12813,6308,7673,NA,11034,6989,9450,7087,10744,8669,32497,24307,18531,15851
"STU001727",NA,NA,NA,9453,7675,7758,NA,NA,8881,9588,8122,18602,10113,19684,11751,NA,NA,NA,NA,NA,NA,NA,NA,15213,NA,10563,15817,NA
"STU001728",12025,14054,9373,NA,NA,NA,19486,NA,13249,13618,10186,9592,8768,NA,NA,NA,23680,NA,NA,NA,NA,12511,28002,23077,23654,22917,NA,NA
"STU001729",NA,NA,NA,NA,NA,6777,5492,7441,NA,NA,11165,12975,11758,10828,10925,13444,8948,10999,12208,11314,8647,10200,NA,16237,NA,NA,NA,9645
"STU001730",NA,NA,NA,14404,5567,6209,NA,4617,13192,15566,8800,14938,13223,NA,NA,NA,NA,NA,NA,12100,NA,NA,NA,10014,17467,NA,14719,14193
"STU001731",7248,4679,NA,6380,NA,NA,6950,7574,NA,9615,14545,NA,NA,4636,NA,9241,NA,NA,13758,NA,NA,12163,10377,NA,NA,NA,12605,NA
"STU001732",NA,NA,NA,NA,8694,8062,7425,NA,NA,NA,6900,NA,NA,NA,NA,12294,7794,9950,9138,14202,11316,17130,21359,NA,15295,7738,14328,NA
"STU001733",NA,NA,NA,NA,NA,NA,NA,NA,NA,NA,NA,NA,NA,NA,NA,NA,NA,NA,NA,NA,NA,NA,NA,NA,NA,NA,NA,NA
"STU001734",12481,8755,13916,12766,6557,14099,11205,12697,13724,22095,17932,14150,NA,NA,NA,NA,NA,14759,14035,11645,12810,NA,NA,11471,13842,12757,10610,13458
"STU001735",NA,NA,NA,NA,NA,5658,5320,6137,NA,NA,NA,NA,6855,6834,13144,7534,15956,13512,10474,12870,10352,8965,NA,NA,NA,NA,NA,7987
"STU001736",NA,NA,NA,NA,NA,NA,NA,NA,NA,NA,NA,NA,NA,NA,NA,NA,NA,NA,NA,NA,NA,NA,NA,NA,NA,NA,NA,NA
"STU001737",6402,5507,9138,NA,NA,NA,6144,7010,5986,8706,NA,NA,NA,NA,NA,11022,8622,NA,8178,10369,NA,NA,NA,NA,13576,6626,10095,9371
"STU001738",5609,7408,8678,NA,NA,NA,NA,NA,NA,12485,5088,11089,NA,NA,6824,NA,7116,NA,15074,7937,9515,8339,NA,NA,11600,16409,NA,NA
"STU001739",13450,6620,4880,NA,4140,NA,6688,6537,15666,15581,16522,15255,11698,NA,NA,11055,NA,9398,23614,16443,22440,NA,11554,8652,14040,25895,26529,16314
"STU001740",6075,NA,5908,NA,NA,7000,14381,6053,NA,NA,4291,2955,8866,7062,NA,6261,NA,NA,NA,NA,9450,NA,15608,9928,14714,23184,NA,NA
"STU001741",16857,10284,9450,NA,9775,5579,NA,NA,14253,NA,7436,8294,NA,NA,NA,NA,11117,NA,16428,12736,8784,10221,9815,15631,NA,NA,NA,NA
"STU001742",12549,7288,6592,7156,8262,7632,13133,9665,8552,9160,NA,NA,6393,6927,8572,7233,8564,8653,6996,NA,NA,NA,14708,NA,NA,NA,24859,NA
"STU001743",5679,6948,12862,NA,13991,NA,NA,6228,10662,16093,NA,14106,16410,7010,17943,NA,NA,NA,NA,NA,NA,NA,NA,NA,NA,16467,19192,NA
"STU001744",NA,NA,NA,4401,5898,11326,13381,NA,NA,14116,12972,12450,16288,11771,13554,14367,NA,NA,12126,8739,16110,10726,14101,8243,NA,NA,NA,27120
"STU001745",6825,8894,NA,NA,NA,11309,9110,12716,9550,11408,17456,11658,7966,9244,11685,11301,10753,18332,NA,NA,NA,10122,14824,13040,9286,12217,13463,12383
"STU001746",8653,5654,NA,NA,NA,NA,NA,NA,NA,NA,NA,NA,4553,3982,8759,NA,NA,5780,3852,8976,4348,9103,10447,8585,NA,NA,NA,13617
"STU001747",5777,NA,NA,NA,NA,11027,6061,6226,11327,NA,NA,NA,NA,13836,8972,NA,NA,NA,NA,NA,NA,NA,18981,NA,9053,10312,8557,16879
"STU001748",11712,8231,7731,12371,NA,11424,11901,12264,10958,14713,12515,10885,7369,NA,NA,NA,NA,NA,NA,NA,NA,NA,18373,21112,14181,24396,23487,29445
"STU001749",19113,17808,13355,9828,16548,NA,NA,NA,NA,NA,NA,NA,NA,15673,30825,33815,26017,NA,34811,NA,33533,23434,42050,22785,25595,21255,34346,24211
"STU001750",NA,NA,NA,NA,NA,NA,NA,NA,NA,NA,NA,NA,NA,NA,NA,NA,NA,NA,NA,NA,NA,NA,NA,17179,25252,NA,NA,15351
"STU001751",8806,NA,NA,5935,7437,9145,6247,5379,NA,NA,NA,7803,NA,NA,NA,NA,7650,16112,14187,11762,17256,9776,11188,9630,10240,11073,9053,12889
"STU001752",9911,9015,9382,9808,13990,8559,8949,5644,NA,NA,16572,6300,NA,NA,NA,14291,19742,NA,NA,NA,NA,NA,NA,NA,19403,16199,NA,16494
"STU001753",12150,NA,NA,NA,5467,8674,6104,11161,NA,13810,NA,NA,NA,NA,15485,12205,7072,NA,4531,NA,NA,NA,NA,NA,NA,NA,NA,NA
"STU001754",8052,9560,7512,NA,NA,NA,NA,NA,8422,5074,NA,10015,NA,NA,15662,7254,17398,10014,12113,11781,NA,NA,NA,NA,NA,14214,8717,12131
"STU001755",NA,NA,NA,7967,7027,11626,NA,NA,NA,NA,10821,13806,NA,NA,NA,NA,14758,14303,6270,NA,NA,NA,10758,15278,16761,18918,NA,18008
"STU001756",11208,9008,NA,3638,6328,NA,NA,NA,6875,10647,NA,NA,NA,NA,8440,NA,NA,NA,NA,NA,NA,NA,NA,NA,NA,NA,16632,8584
"STU001757",8465,8309,NA,NA,10802,11531,NA,8642,NA,8287,NA,NA,18167,18854,22077,NA,15132,14739,NA,NA,17090,15867,NA,NA,NA,NA,16826,15642
"STU001758",NA,NA,NA,NA,NA,NA,NA,NA,NA,24503,14238,27368,9499,20748,13916,NA,NA,NA,NA,NA,22985,26859,23334,23246,20295,NA,NA,19843
"STU001759",NA,10169,9038,9936,NA,10805,14776,NA,NA,NA,NA,15459,26614,16311,14087,28110,15439,NA,NA,NA,NA,NA,NA,NA,NA,NA,NA,22566
"STU001760",NA,NA,NA,NA,NA,NA,NA,NA,NA,NA,NA,NA,NA,NA,NA,NA,8149,7416,NA,20996,NA,11814,NA,NA,16519,12684,14276,11339
"STU001761",9998,13301,5211,NA,NA,NA,NA,NA,NA,NA,10406,15765,11669,NA,14299,15016,11677,14748,10732,14895,12151,12614,7106,8507,9452,16579,12980,17453
"STU001762",10440,NA,NA,9925,10454,10439,7505,14616,12564,NA,10965,NA,NA,NA,NA,NA,NA,NA,NA,8599,10046,17455,7139,NA,NA,16557,NA,NA
"STU001763",NA,NA,NA,NA,NA,8137,NA,10241,NA,12483,NA,NA,10660,10944,9881,7467,6927,10436,NA,11944,12009,8762,12227,14991,10237,10998,NA,NA
"STU001764",NA,NA,NA,NA,NA,NA,NA,NA,NA,NA,NA,NA,NA,NA,NA,22939,NA,NA,NA,15881,14465,19971,25486,18048,26161,30645,19024,NA
"STU001765",10465,NA,NA,10154,6159,11506,6526,NA,NA,NA,NA,NA,NA,13739,12579,16112,13448,12864,17950,10016,15510,12633,NA,8059,12932,8023,20802,NA
"STU001766",NA,NA,NA,NA,NA,NA,NA,NA,NA,NA,NA,NA,NA,NA,NA,NA,NA,NA,NA,NA,NA,NA,NA,NA,NA,NA,NA,NA
"STU001767",NA,NA,NA,NA,NA,NA,NA,NA,NA,NA,NA,NA,NA,NA,NA,NA,NA,NA,NA,NA,NA,NA,NA,NA,NA,NA,NA,NA
"STU001768",NA,NA,NA,NA,6046,8372,8060,10966,10672,7513,NA,NA,7687,7358,6416,8910,9649,10401,NA,NA,12518,10405,7552,NA,NA,NA,9157,10910
"STU001769",9279,NA,NA,NA,NA,6140,10020,5843,NA,6044,10581,6393,NA,18012,NA,NA,NA,15336,5653,15765,18506,8772,NA,NA,NA,NA,NA,NA
"STU001770",NA,NA,NA,NA,NA,NA,NA,NA,NA,NA,NA,NA,NA,NA,10376,5367,NA,18075,NA,NA,NA,20061,31037,20105,18103,24306,NA,NA
"STU001771",5843,6472,5070,7469,12434,4732,10115,7677,6166,11858,NA,NA,NA,NA,NA,11386,NA,7326,9148,11285,9203,15330,9990,14206,9357,18028,9596,NA
"STU001772",NA,NA,NA,NA,NA,9096,11783,19064,11127,8098,17546,14117,11495,12221,NA,NA,NA,NA,NA,9754,13294,14742,NA,12627,12305,7420,12349,14040
"STU001773",NA,NA,NA,NA,NA,NA,NA,NA,NA,NA,NA,NA,NA,NA,NA,NA,NA,NA,NA,NA,NA,NA,NA,NA,NA,NA,NA,NA
"STU001774",9334,7011,5503,NA,5449,NA,7724,5141,5533,NA,NA,6280,NA,NA,NA,10490,NA,NA,18542,10301,8480,12816,NA,11324,9143,8115,11619,13072
"STU001775",8534,9547,10965,NA,9250,10703,9022,NA,NA,NA,13016,12980,7952,10532,4599,4960,8480,8770,NA,7671,NA,10693,9418,NA,10987,11627,8171,14120
"STU001776",15634,NA,8966,12419,NA,NA,NA,10004,9232,NA,NA,NA,18661,7931,14461,21633,21126,NA,NA,NA,NA,NA,NA,NA,NA,NA,NA,NA
"STU001777",7308,12639,NA,NA,NA,8096,NA,NA,8531,8183,7689,12050,7380,6538,NA,6808,7279,14243,NA,NA,10070,NA,NA,NA,NA,NA,10393,19662
"STU001778",5511,11133,7066,6330,10852,12836,11607,11361,7448,8316,11710,13271,7335,9366,6861,10196,NA,NA,NA,7547,20548,7788,8020,7627,20279,6991,NA,9011
"STU001779",11862,10817,12228,11254,17623,15451,9996,9180,NA,14613,11605,NA,NA,NA,NA,NA,NA,9942,11316,18691,15002,10626,NA,NA,NA,16185,15867,8593
"STU001780",17178,8129,6894,8577,9348,8686,NA,NA,NA,NA,NA,NA,NA,9471,14019,19034,NA,NA,NA,17245,13068,9542,NA,NA,NA,16913,NA,24334
"STU001781",NA,11426,9479,8366,NA,NA,NA,NA,NA,6301,4118,6065,5560,7101,13109,13122,17029,7126,10573,10613,10531,17407,10998,10930,17265,17177,11572,16584
"STU001782",6413,10957,17830,NA,NA,NA,9523,9064,8582,12525,9989,9528,14002,10420,NA,13230,12740,11501,16642,9585,12649,NA,NA,7603,19051,11190,NA,NA
"STU001783",NA,NA,NA,NA,NA,6240,5222,5532,5899,6091,7879,NA,NA,NA,NA,NA,9628,10470,8528,8035,9754,13584,8829,7401,NA,11738,14522,8246
"STU001784",5358,16125,8765,9928,6583,12391,NA,6136,6680,6854,7340,9046,NA,NA,NA,NA,7345,13879,14506,NA,NA,NA,NA,NA,NA,NA,9844,9575
"STU001785",NA,NA,NA,NA,NA,NA,NA,NA,NA,NA,NA,NA,NA,NA,NA,NA,NA,NA,NA,NA,NA,NA,NA,NA,NA,NA,NA,NA
"STU001786",NA,NA,NA,NA,NA,NA,NA,NA,NA,NA,NA,NA,NA,NA,NA,NA,NA,NA,NA,NA,NA,NA,NA,NA,NA,NA,NA,NA
"STU001787",NA,NA,NA,NA,NA,10173,9644,9299,15504,9908,8784,NA,NA,NA,NA,12155,12012,9978,11999,8717,NA,21495,14609,7158,15512,14053,6788,NA
"STU001788",NA,NA,NA,NA,NA,NA,NA,NA,NA,6117,5174,3221,5903,6051,6125,13929,NA,9025,12806,NA,NA,6557,5699,6765,NA,18419,NA,NA
"STU001789",11377,14735,13252,14199,15481,13280,NA,9342,NA,NA,NA,12691,15490,18543,14328,15916,12797,12232,10682,21701,16721,12511,NA,NA,18766,9618,NA,NA
"STU001790",4132,6264,4512,9941,NA,NA,10131,11895,6155,NA,NA,NA,NA,4662,5039,NA,NA,19087,NA,10477,16887,9680,17585,12469,10079,20128,13429,16709
"STU001791",14676,7113,19789,19415,NA,NA,12280,15942,19071,13757,NA,NA,NA,NA,NA,NA,9809,NA,NA,NA,16225,15858,10140,8687,NA,NA,NA,14542
"STU001792",12211,NA,NA,9435,13397,9561,8317,14368,7231,NA,NA,NA,NA,8761,10527,13065,12414,NA,24966,19418,17721,15390,NA,NA,NA,NA,NA,NA
"STU001793",NA,NA,NA,NA,NA,11339,8868,11844,7588,6638,NA,NA,6966,14088,10048,8788,10857,11069,10313,12968,7807,9277,10673,15944,9532,7333,9262,NA
"STU001794",4430,5462,7915,NA,NA,8676,NA,NA,10215,14497,21103,10780,17242,NA,NA,NA,NA,15359,8350,10304,10049,NA,16255,11102,13361,15819,29398,28107
"STU001795",NA,NA,NA,NA,NA,NA,NA,NA,NA,NA,20195,18254,13654,20364,NA,NA,NA,NA,23920,15945,13517,13250,17508,19424,23319,15464,22929,13523
"STU001796",NA,NA,NA,NA,NA,NA,NA,NA,NA,NA,NA,NA,NA,NA,NA,NA,NA,NA,NA,NA,NA,NA,NA,NA,NA,NA,NA,NA
"STU001797",7076,10002,5445,NA,4909,8767,6967,6823,8768,4296,4819,NA,9230,14929,13717,8238,4974,NA,NA,NA,13388,5777,8338,NA,NA,NA,NA,NA
"STU001798",4369,NA,NA,NA,NA,5412,NA,NA,NA,NA,NA,13838,11611,9684,10239,7943,5000,8917,10671,7035,10956,8861,13814,NA,NA,NA,NA,NA
"STU001799",7860,NA,9357,10622,11805,8437,12327,NA,9280,9572,9077,5714,NA,NA,NA,20012,15505,14881,9564,13356,NA,NA,NA,NA,NA,NA,10094,NA
"STU001800",10566,8336,NA,NA,NA,NA,NA,5337,5777,NA,NA,NA,NA,8473,NA,NA,NA,NA,NA,NA,NA,NA,15556,16357,17935,9382,9735,13543
"STU001801",6002,6435,4845,6318,NA,NA,NA,NA,NA,NA,NA,NA,5610,NA,NA,NA,5445,NA,5666,7726,8815,NA,7534,9680,8928,10747,9570,11028
"STU001802",NA,NA,NA,NA,NA,NA,NA,NA,NA,NA,NA,NA,NA,NA,NA,NA,NA,NA,NA,NA,NA,NA,NA,NA,NA,NA,NA,NA
"STU001803",8931,7018,NA,9037,7654,4251,NA,NA,7210,8623,7673,7805,7953,5125,5979,7549,NA,NA,NA,NA,NA,10320,6658,8398,8193,NA,NA,12568
"STU001804",NA,NA,NA,NA,NA,NA,NA,NA,NA,NA,NA,NA,NA,NA,NA,NA,NA,NA,11840,NA,NA,NA,NA,5661,6248,7493,19233,NA
"STU001805",6365,3985,NA,NA,NA,NA,NA,5350,NA,9999,NA,NA,NA,NA,10896,8451,11646,15315,22842,9395,11601,16984,NA,17007,23019,17428,18264,NA
"STU001806",NA,NA,NA,NA,NA,NA,NA,11876,13283,NA,NA,NA,NA,9461,NA,NA,11802,11168,7807,12056,16846,14891,14172,15241,14888,12390,10809,NA
"STU001807",8051,6184,7035,7874,5696,12865,NA,13520,18535,NA,14405,17325,NA,NA,12209,NA,NA,NA,NA,16111,13812,22613,18339,NA,NA,NA,NA,NA
"STU001808",5335,7050,NA,13508,NA,NA,NA,NA,NA,6320,6690,NA,NA,NA,NA,NA,NA,NA,10609,NA,NA,NA,NA,NA,17098,NA,NA,NA
"STU001809",7152,10011,11949,10508,13182,10597,12753,13421,NA,7762,13535,9384,17431,11606,9199,9683,10289,8750,21940,15440,NA,NA,NA,NA,NA,18701,NA,NA
"STU001810",6051,12941,9896,15769,21184,18760,20860,15454,18220,15293,10784,14302,13422,14464,14130,15913,NA,NA,9559,NA,NA,NA,NA,20164,20913,17925,9944,21592
"STU001811",NA,NA,NA,NA,NA,NA,NA,NA,NA,NA,NA,NA,NA,NA,NA,NA,NA,NA,NA,NA,NA,NA,NA,NA,NA,NA,NA,NA
"STU001812",9756,8623,6894,NA,NA,NA,NA,NA,NA,NA,NA,NA,11000,NA,NA,NA,17922,8816,12228,8702,10905,10573,7844,10910,11858,10463,10053,NA
"STU001813",6625,NA,NA,NA,NA,NA,NA,14106,NA,NA,18583,22022,NA,NA,NA,NA,9219,17977,24570,9453,10510,21529,22424,23738,36464,14508,NA,22388
"STU001814",8256,NA,NA,NA,5860,5983,5786,5513,11209,9215,9772,11073,7045,NA,NA,NA,NA,NA,NA,NA,12554,14678,9445,12521,10638,11874,12498,15217
"STU001815",NA,NA,8129,11025,18560,13243,8488,11137,10121,8977,11714,16993,11617,NA,NA,NA,NA,11517,13648,16878,14401,12148,23569,10096,11970,11723,18139,12883
"STU001816",11425,NA,6542,NA,NA,NA,NA,NA,5686,NA,NA,NA,NA,NA,NA,NA,NA,NA,NA,NA,21438,NA,NA,NA,NA,NA,18823,NA
"STU001817",9147,13952,8124,11546,NA,NA,NA,NA,NA,NA,NA,NA,10456,10954,12301,21239,NA,NA,NA,10175,13302,7284,16636,11091,NA,NA,NA,NA
"STU001818",8792,12860,NA,NA,NA,7910,3865,4539,5950,NA,7409,3982,12478,NA,NA,NA,NA,9654,NA,NA,NA,NA,NA,16680,17270,15580,17053,NA
"STU001819",NA,NA,NA,NA,NA,NA,NA,NA,NA,NA,15739,18397,NA,NA,NA,33607,28556,NA,NA,NA,NA,25816,28353,25750,37565,27904,36852,25613
"STU001820",9188,4247,9882,NA,NA,NA,NA,5892,25784,17154,15830,8946,12415,12142,16387,NA,13374,14542,13497,NA,NA,NA,NA,NA,NA,NA,NA,17919
"STU001821",8532,9542,11689,NA,NA,NA,NA,NA,NA,15002,20480,12605,11210,12927,16096,NA,NA,NA,NA,NA,8981,24949,17460,19049,21497,NA,NA,NA
"STU001822",NA,12120,NA,NA,NA,NA,11383,9580,13604,8731,9657,NA,NA,NA,NA,10392,7682,10636,7019,12126,9743,10919,12564,5959,8910,NA,NA,NA
"STU001823",7833,4882,7082,NA,NA,NA,NA,19905,9835,16516,14452,10942,15918,22119,10706,10491,9486,12402,10576,15442,14781,10840,10518,17041,14840,15864,10668,22190
"STU001824",9037,9974,10239,13832,14191,10186,14800,16798,21152,18519,17167,22282,14950,11188,22507,17767,16296,18301,27293,14327,26965,24182,17662,16512,22497,17427,NA,NA
"STU001825",11376,6311,14554,16536,14822,NA,NA,17498,14365,21408,NA,NA,16928,20375,29366,22017,17226,19458,22294,18721,21901,27544,16309,18620,16918,28121,21514,NA
"STU001826",8858,12846,10017,11351,8244,NA,NA,NA,14604,8696,9032,5130,NA,NA,NA,NA,NA,NA,NA,NA,NA,NA,NA,NA,12502,NA,NA,NA
"STU001827",11377,13040,NA,NA,NA,NA,14419,8976,NA,NA,12443,NA,10530,NA,21658,14026,15970,9675,NA,NA,NA,NA,NA,NA,NA,NA,NA,NA
"STU001828",6130,6473,5264,6309,NA,NA,6234,5815,6592,7198,NA,NA,9955,NA,6619,NA,NA,NA,9186,NA,NA,17429,5648,7841,24958,15219,14026,12481
"STU001829",NA,NA,NA,NA,NA,NA,NA,NA,NA,NA,NA,NA,NA,NA,NA,NA,16702,8892,15294,10899,20423,22470,NA,NA,NA,12371,NA,19759
"STU001830",8744,9119,NA,NA,3655,NA,NA,NA,NA,NA,NA,NA,NA,NA,NA,NA,NA,NA,NA,8466,12079,NA,NA,NA,11632,9415,7218,NA
"STU001831",17392,16124,7739,NA,NA,NA,NA,6853,NA,NA,NA,NA,NA,NA,NA,NA,14903,NA,NA,15302,17440,11138,16571,16459,NA,NA,NA,12344
"STU001832",10912,NA,5875,5836,4430,11727,5035,6378,7551,NA,NA,NA,9147,8495,NA,5539,7515,NA,NA,NA,NA,NA,11076,13417,12291,11263,NA,NA
"STU001833",24047,13969,19082,11715,10293,10052,12352,27334,NA,NA,NA,16943,20985,15135,16843,15093,NA,NA,11089,NA,11712,10796,NA,NA,NA,17736,NA,NA
"STU001834",NA,NA,NA,NA,NA,NA,NA,NA,NA,13440,NA,NA,14924,17245,17879,22305,12287,15867,16023,15653,12892,11769,7656,11345,10517,16738,13162,6002
"STU001835",NA,NA,NA,NA,NA,NA,NA,NA,NA,NA,NA,NA,NA,NA,NA,NA,NA,NA,NA,NA,NA,NA,NA,NA,NA,NA,NA,NA
"STU001836",7987,11532,13895,16156,8795,NA,NA,NA,NA,12182,NA,NA,NA,NA,NA,NA,NA,NA,NA,NA,NA,10386,7842,13569,16920,11389,NA,NA
"STU001837",4935,9673,10394,9619,21251,6472,5748,12367,7793,NA,NA,NA,NA,NA,15741,18413,19672,16684,13830,12180,NA,13421,NA,NA,17949,19934,10050,22838
"STU001838",NA,NA,NA,NA,NA,NA,NA,NA,NA,NA,NA,NA,NA,NA,NA,NA,NA,NA,NA,NA,NA,NA,NA,NA,NA,NA,NA,NA
"STU001839",NA,NA,NA,NA,NA,NA,NA,NA,NA,NA,NA,NA,NA,NA,NA,NA,NA,NA,NA,NA,NA,NA,NA,NA,NA,NA,NA,NA
"STU001840",NA,NA,NA,NA,NA,15579,NA,NA,NA,NA,NA,18104,11360,16471,22559,18814,10055,10786,13114,11173,25600,NA,12167,NA,NA,NA,NA,NA
"STU001841",NA,NA,NA,NA,NA,17061,10341,NA,NA,NA,NA,NA,8776,27521,15228,18389,10607,23220,17919,13050,12245,12898,17403,18516,21327,20638,16353,15653
"STU001842",NA,NA,NA,NA,NA,NA,NA,NA,NA,NA,NA,NA,NA,NA,NA,NA,NA,NA,NA,NA,NA,NA,NA,NA,NA,NA,NA,NA
"STU001843",NA,NA,NA,NA,6194,5892,7563,10853,11372,6139,NA,15234,12099,8828,NA,NA,NA,5245,8624,5638,9290,5554,8610,14886,9324,NA,NA,NA
"STU001844",NA,NA,NA,NA,NA,NA,NA,NA,NA,NA,NA,NA,NA,NA,NA,NA,NA,NA,NA,NA,NA,10219,14720,17097,12607,20194,13994,11337
"STU001845",9377,11545,11179,11379,NA,NA,NA,NA,NA,15027,12347,12749,NA,18167,NA,15447,17735,11229,NA,NA,NA,8721,22965,11900,9387,NA,NA,19070
"STU001846",6809,7892,NA,8689,NA,NA,NA,5478,7929,NA,NA,NA,NA,NA,NA,NA,NA,NA,NA,15115,23925,25314,10178,18110,11575,NA,NA,NA
"STU001847",NA,NA,11502,NA,NA,NA,7385,10056,NA,13903,9596,5298,7612,19165,10658,16901,18433,NA,17097,NA,NA,17749,21799,16633,NA,NA,NA,17979
"STU001848",12906,7708,12145,NA,NA,NA,NA,9046,10246,NA,NA,NA,NA,NA,NA,12792,11901,15359,10822,13395,18243,11974,11806,15840,11185,11630,10979,NA
"STU001849",6432,NA,5386,5602,5750,2774,5750,NA,9709,5898,NA,NA,NA,NA,NA,NA,NA,NA,NA,15863,9560,6883,6502,8301,12735,7887,8391,6433
"STU001850",10752,5912,8154,6683,NA,NA,NA,NA,NA,8953,NA,NA,NA,NA,NA,NA,NA,15879,14418,NA,18472,NA,NA,34265,25506,14661,13900,NA
"STU001851",NA,NA,12409,5273,NA,NA,NA,NA,6399,8031,13149,10594,NA,NA,NA,6812,6133,NA,NA,7447,14033,NA,NA,19359,11568,20397,17774,17458
"STU001852",9785,11994,7566,NA,7227,6418,6129,7666,7511,NA,NA,9970,9242,NA,NA,NA,NA,NA,15922,8174,NA,11241,NA,NA,NA,NA,NA,17606
"STU001853",12305,7217,NA,7674,NA,NA,11715,10249,NA,NA,15133,20724,8756,12045,NA,27762,24853,21739,NA,NA,NA,NA,NA,NA,NA,NA,22574,27652
"STU001854",9607,6496,6487,NA,5884,6716,NA,7541,5519,6737,6267,NA,NA,NA,7576,NA,NA,NA,NA,NA,NA,NA,10538,10054,9711,15027,16896,5579
"STU001855",NA,NA,NA,NA,6158,8853,9188,9183,8170,10906,9266,10488,5843,8082,7275,6621,11026,9801,13822,12909,7647,10118,9713,11855,16372,13514,10606,NA
"STU001856",10685,7542,10112,13447,16108,NA,NA,16272,14758,9667,13124,15654,25759,15067,19399,15671,NA,NA,NA,NA,NA,NA,13053,15702,17230,21035,19449,NA
"STU001857",NA,NA,NA,NA,NA,NA,NA,NA,NA,NA,NA,NA,NA,NA,NA,NA,19359,10460,NA,NA,NA,NA,NA,NA,11526,NA,15742,13995
"STU001858",NA,NA,NA,NA,NA,11028,6228,12769,NA,NA,NA,NA,NA,8833,12342,21559,11006,12285,NA,NA,20866,15328,NA,NA,NA,NA,NA,NA
"STU001859",NA,NA,6363,NA,NA,NA,NA,NA,6555,NA,8552,4477,7091,NA,10075,10482,NA,NA,NA,NA,NA,NA,7240,7351,8524,NA,NA,11620
"STU001860",NA,NA,NA,11221,5761,7237,6117,13198,9941,7928,10475,NA,NA,9249,10079,14733,12272,12469,NA,NA,8172,15151,10217,11011,13944,12540,9061,NA
"STU001861",NA,NA,NA,NA,NA,NA,NA,NA,NA,NA,NA,10627,9597,9648,NA,NA,NA,NA,17617,13241,18164,NA,NA,NA,NA,NA,NA,NA
"STU001862",6922,NA,5679,7837,8683,NA,NA,6697,NA,12986,22395,NA,24852,21112,6077,22546,10651,18402,NA,17143,10820,14125,10493,10505,7183,15908,NA,NA
"STU001863",6801,7647,8220,13799,10189,7206,7815,5247,NA,NA,NA,NA,NA,10643,8495,8702,7297,9419,NA,12694,NA,11146,9636,10030,12276,9665,11377,15777
"STU001864",NA,NA,NA,NA,NA,7402,13932,NA,18138,9981,11927,13421,NA,NA,9806,13635,13043,NA,NA,NA,14962,11386,15305,12274,11678,NA,NA,NA
"STU001865",8044,14574,7495,7454,NA,7426,NA,NA,11216,7042,6886,11711,8764,NA,NA,NA,NA,NA,NA,NA,NA,19541,NA,NA,NA,NA,NA,NA
"STU001866",NA,NA,NA,8611,8056,NA,NA,NA,NA,NA,NA,9756,6262,7796,7346,5560,11321,11676,8220,10785,10201,NA,6176,8836,12389,6657,7791,9176
"STU001867",11325,11177,8310,5225,NA,NA,NA,NA,NA,NA,NA,3822,6193,NA,NA,NA,NA,13454,13707,7577,11136,13998,12821,17822,NA,NA,11557,11029
"STU001868",8550,12407,7224,21342,NA,NA,NA,NA,NA,NA,16418,13195,NA,NA,NA,18362,NA,16434,NA,NA,NA,NA,NA,NA,29261,NA,NA,NA
"STU001869",6009,NA,7902,NA,6460,11612,9423,6420,6708,10484,10874,9315,NA,NA,NA,NA,13128,9688,5721,9764,10226,14494,7942,NA,NA,NA,NA,11836
"STU001870",NA,NA,2976,6101,6237,5622,6429,3299,6913,6888,6458,3957,6725,NA,NA,NA,NA,NA,NA,NA,NA,14830,NA,NA,NA,16489,9105,12254
"STU001871",6799,13482,16164,7390,4856,5710,NA,NA,NA,NA,NA,NA,NA,NA,NA,NA,NA,NA,NA,12871,9603,17469,14518,NA,NA,NA,NA,NA
"STU001872",6405,NA,9580,NA,7150,23560,32039,19294,13375,19560,15900,20266,16919,23814,12337,NA,NA,18125,12984,9624,14939,NA,13613,11572,17435,15749,17169,20706
"STU001873",10541,10227,7029,10997,NA,NA,NA,4182,7080,11237,NA,NA,NA,NA,NA,NA,NA,NA,NA,NA,NA,9750,19824,21579,13680,NA,NA,NA
"STU001874",3713,NA,NA,NA,6133,11803,8154,12698,4140,5371,NA,NA,NA,NA,NA,NA,NA,NA,NA,NA,NA,11567,6522,16001,9393,16843,18029,10484
"STU001875",NA,NA,NA,NA,NA,NA,NA,NA,NA,NA,NA,NA,NA,NA,NA,NA,NA,14125,19691,8842,12414,21327,NA,NA,NA,NA,NA,NA
"STU001876",NA,NA,NA,NA,NA,NA,NA,NA,NA,NA,NA,NA,NA,NA,NA,19185,19968,7871,10323,20428,10666,10538,19255,NA,18020,17676,NA,NA
"STU001877",NA,NA,NA,NA,NA,NA,NA,NA,NA,NA,9805,NA,NA,NA,NA,41492,28147,15489,18972,15999,21508,19967,26992,NA,NA,NA,NA,36857
"STU001878",9975,NA,6999,NA,NA,NA,7433,3949,5856,10818,7854,15324,6137,12210,NA,NA,7022,8288,5868,NA,10152,6988,NA,11236,10627,15648,9921,8695
"STU001879",NA,NA,NA,NA,NA,NA,NA,NA,NA,NA,NA,NA,NA,NA,NA,16341,11708,27586,18388,17050,15561,NA,NA,27715,NA,NA,25001,25264
"STU001880",9177,9762,NA,NA,8457,5376,3557,9007,NA,7706,6376,9679,9451,10598,9994,13148,NA,12956,10150,8725,NA,NA,NA,12600,11785,NA,NA,NA
"STU001881",11193,10192,6747,7749,5750,5796,12342,NA,16404,8041,3768,NA,NA,NA,NA,3883,13525,11090,NA,14921,16095,16017,NA,NA,NA,NA,NA,NA
"STU001882",10089,8834,10998,4771,7096,7541,9124,7320,9661,6641,7973,NA,13300,16375,NA,NA,NA,8965,11090,NA,NA,NA,NA,NA,NA,14075,16334,NA
"STU001883",2661,10529,6080,4725,NA,NA,10176,5156,NA,NA,NA,NA,NA,NA,8060,6876,10728,6519,8298,3953,4720,3580,5564,4997,6402,6809,12354,11615
"STU001884",5003,8163,4756,NA,NA,NA,NA,NA,NA,NA,5389,7572,9883,4651,4780,9223,6205,5604,9378,9783,10858,6409,NA,NA,13199,8661,17230,10089
"STU001885",9517,NA,NA,NA,NA,NA,NA,NA,NA,NA,NA,NA,14085,8808,6861,17720,10465,NA,NA,NA,NA,NA,9283,8724,9368,10808,15829,14069
"STU001886",5668,8256,NA,NA,NA,NA,NA,NA,NA,17907,19079,14087,13611,15484,10980,NA,NA,NA,NA,NA,NA,NA,16331,NA,9412,21754,NA,NA
"STU001887",NA,NA,NA,NA,NA,NA,NA,NA,NA,NA,NA,NA,NA,NA,NA,NA,NA,NA,NA,NA,NA,NA,NA,NA,NA,NA,NA,NA
"STU001888",NA,NA,NA,NA,NA,NA,NA,NA,NA,NA,NA,NA,NA,NA,NA,NA,NA,NA,NA,NA,NA,NA,NA,NA,NA,NA,NA,NA
"STU001889",11620,6082,8385,14693,7535,NA,6201,4997,6354,NA,NA,NA,NA,10333,19587,11722,18633,15826,18388,15760,NA,9963,13113,NA,NA,NA,NA,NA
"STU001890",8463,NA,7097,7562,3020,7054,NA,NA,NA,8194,NA,NA,11039,NA,NA,NA,15593,NA,7276,9240,NA,7781,15492,12881,11649,8536,11420,13177
"STU001891",15702,11086,15327,18686,15348,NA,NA,19059,16068,10280,NA,NA,NA,NA,20262,21399,NA,NA,22317,NA,NA,21628,13443,23345,20123,18270,NA,18383
"STU001892",NA,NA,NA,NA,NA,NA,NA,NA,NA,NA,NA,NA,NA,NA,NA,NA,6858,11195,6742,7532,10574,14270,12374,14369,19181,14083,4512,24816
"STU001893",NA,NA,16591,NA,NA,NA,NA,NA,NA,10042,14843,14002,12889,14893,13267,NA,14064,17831,13780,10920,10799,9548,9209,NA,NA,13816,13717,12313
"STU001894",NA,NA,NA,NA,NA,NA,NA,NA,NA,NA,NA,NA,NA,NA,NA,NA,NA,NA,NA,NA,NA,NA,NA,NA,NA,NA,NA,NA
"STU001895",NA,NA,NA,NA,NA,NA,NA,NA,NA,NA,NA,NA,6773,7036,17658,14027,9890,12960,19331,19056,11250,16377,13489,NA,NA,14409,13131,NA
"STU001896",NA,NA,NA,NA,NA,NA,NA,NA,NA,NA,NA,3945,5164,5490,NA,NA,NA,NA,8847,11134,16877,16076,NA,10908,10895,NA,NA,NA
"STU001897",5164,5873,3922,NA,NA,4553,4025,4437,NA,NA,7089,5827,7796,9840,4966,14748,NA,NA,NA,NA,11343,10473,15705,NA,NA,NA,8205,10227
"STU001898",10095,4880,8643,5754,7371,15215,NA,NA,NA,NA,8529,14865,8902,7612,NA,6812,8271,NA,NA,NA,NA,NA,NA,NA,NA,NA,NA,NA
"STU001899",9911,NA,12906,9427,NA,7523,10591,12301,10475,13310,NA,9843,8751,12069,NA,14915,10317,12944,12516,8001,NA,NA,NA,NA,NA,NA,NA,NA
"STU001900",8232,10534,8029,13750,6414,9102,NA,NA,4798,5195,NA,NA,6631,10956,NA,NA,NA,NA,9719,9773,13949,12234,11985,8905,9713,13202,NA,11444
"STU001901",NA,NA,NA,NA,8795,7196,8880,11004,12366,NA,NA,NA,7331,NA,NA,NA,NA,NA,NA,NA,NA,NA,NA,NA,NA,NA,9914,11045
"STU001902",NA,NA,NA,NA,NA,NA,NA,NA,9641,4556,NA,NA,NA,NA,8448,14294,NA,9184,8996,11363,8167,4359,13357,17036,9279,8486,10441,13104
"STU001903",NA,NA,NA,NA,NA,NA,NA,NA,NA,NA,NA,NA,NA,NA,NA,NA,NA,NA,NA,NA,NA,NA,NA,NA,NA,NA,NA,NA
"STU001904",13071,14593,9856,11243,14031,8017,12032,16861,38545,15895,NA,NA,NA,24740,22289,13826,NA,16319,28083,35907,25561,13359,NA,22164,NA,NA,14087,NA
"STU001905",NA,NA,NA,NA,NA,NA,NA,NA,NA,NA,NA,NA,NA,NA,NA,NA,NA,NA,NA,NA,NA,14508,NA,NA,14612,NA,26407,12942
"STU001906",NA,NA,NA,NA,NA,NA,NA,NA,NA,NA,NA,NA,NA,NA,NA,NA,NA,NA,NA,NA,NA,NA,NA,NA,NA,NA,NA,NA
"STU001907",9196,NA,NA,NA,NA,7675,7818,NA,NA,5103,7706,NA,NA,NA,NA,NA,NA,7635,7663,5918,17112,NA,NA,NA,9112,10236,9586,14902
"STU001908",NA,NA,NA,NA,7969,5837,5461,7273,NA,NA,NA,10478,NA,9923,NA,NA,NA,NA,NA,NA,9386,8271,NA,NA,NA,NA,NA,9646
"STU001909",NA,10153,11554,10623,12908,13619,14213,13896,10094,14072,8552,9689,13444,10492,18674,NA,18413,9221,NA,NA,NA,NA,NA,14220,13595,NA,15460,NA
"STU001910",6135,NA,NA,NA,NA,NA,NA,NA,6368,NA,8575,8170,7881,NA,NA,13115,12791,12076,15708,6854,12343,14676,13913,NA,NA,NA,NA,NA
"STU001911",4136,9367,NA,16365,5064,5688,NA,12792,10734,NA,20188,19917,11662,13253,16141,13908,NA,NA,19517,10780,18358,21680,12245,16764,12796,21520,9976,14391
"STU001912",NA,NA,NA,NA,NA,NA,NA,4173,5001,4658,3650,NA,NA,2726,4748,8278,6653,NA,NA,NA,NA,NA,NA,6099,10125,NA,NA,11002
"STU001913",5486,NA,8225,7231,22531,11418,11137,NA,NA,NA,19305,13088,21962,31993,15511,14435,17203,20632,16924,26808,22368,16334,15421,18320,21251,24251,20092,22967
"STU001914",NA,NA,NA,NA,NA,NA,NA,NA,NA,24797,NA,NA,NA,NA,11980,9807,12077,NA,NA,NA,17813,30778,NA,17108,NA,15971,NA,NA
"STU001915",10428,11336,NA,NA,NA,NA,NA,NA,NA,NA,9410,14735,14142,NA,NA,14257,17687,NA,20352,NA,18853,21689,NA,NA,NA,NA,22897,19801
"STU001916",7780,4408,NA,NA,4755,NA,NA,10424,8918,5096,11086,9590,NA,NA,9211,9676,NA,12611,NA,10180,9971,7449,NA,11327,NA,10807,NA,NA
"STU001917",NA,NA,10109,12458,12742,NA,NA,NA,11984,NA,19805,6283,5770,10566,NA,NA,NA,NA,22290,NA,17036,13565,16831,NA,NA,NA,13186,NA
"STU001918",11160,14423,8525,4868,6055,5808,NA,NA,NA,NA,NA,NA,NA,11585,14421,6439,11284,11032,7085,12976,NA,NA,NA,NA,14566,11111,17039,12555
"STU001919",13626,7329,10191,6766,8311,13403,8480,11352,11911,13988,NA,NA,NA,NA,NA,NA,19836,17075,NA,NA,NA,NA,NA,31133,39289,28635,21147,NA
"STU001920",NA,NA,NA,6576,4478,7832,NA,11026,7909,8309,4278,4092,9168,6983,NA,NA,NA,10258,14575,10640,8760,9591,11652,8059,16209,8993,NA,NA
"STU001921",NA,NA,NA,6684,11712,NA,NA,NA,NA,NA,NA,NA,NA,NA,NA,NA,NA,NA,8345,NA,NA,NA,NA,NA,NA,NA,13023,9292
"STU001922",6538,11387,10071,NA,NA,NA,8347,NA,8326,10349,NA,NA,NA,NA,17743,11963,14821,15311,9032,NA,NA,NA,NA,NA,NA,NA,10769,11658
"STU001923",NA,NA,NA,NA,NA,NA,NA,NA,NA,NA,NA,NA,NA,NA,NA,NA,NA,NA,8507,18055,16702,14631,19777,NA,NA,19318,NA,20432
"STU001924",NA,NA,NA,NA,NA,NA,NA,NA,NA,NA,NA,NA,NA,NA,NA,NA,NA,9223,13065,14833,14568,10799,NA,12520,22146,7540,9226,14730
"STU001925",9181,15051,NA,NA,NA,NA,NA,8205,17149,11468,13905,9801,12419,14472,10938,13367,10351,7745,12993,NA,NA,NA,10221,NA,NA,NA,NA,NA
"STU001926",NA,NA,NA,NA,NA,NA,NA,NA,NA,NA,NA,NA,NA,NA,12189,11559,NA,10622,5763,17012,15361,NA,NA,NA,29477,NA,18728,27203
"STU001927",7647,7856,NA,6702,5159,7909,NA,NA,NA,NA,NA,NA,NA,NA,NA,6319,NA,12778,7888,NA,NA,17703,NA,NA,NA,NA,NA,NA
"STU001928",5139,6749,6858,8405,6395,6567,NA,7922,NA,NA,NA,NA,4824,5552,6071,5486,6919,9867,NA,NA,NA,9946,7978,12819,5429,4793,3786,6536
"STU001929",NA,NA,NA,NA,NA,NA,13685,10773,14337,7817,12367,7887,12324,6954,12191,10129,14128,NA,NA,NA,NA,11407,13617,10085,NA,NA,NA,NA
"STU001930",NA,NA,11783,7513,NA,10568,16636,8581,7739,9669,9758,NA,NA,NA,10490,15605,NA,NA,12778,NA,NA,NA,NA,19480,10288,NA,NA,NA
"STU001931",NA,NA,NA,NA,NA,NA,NA,NA,NA,NA,NA,NA,NA,NA,NA,NA,NA,NA,NA,NA,NA,24107,20793,20337,NA,NA,NA,30655
"STU001932",NA,10932,6314,4581,5256,5792,4904,4669,NA,NA,6509,7570,5136,11364,NA,NA,11598,11372,NA,NA,NA,NA,12368,9199,NA,NA,NA,NA
"STU001933",NA,NA,NA,NA,NA,NA,NA,NA,NA,10044,NA,NA,NA,NA,NA,13351,NA,NA,9704,8425,9358,8552,22179,18711,11374,15155,8726,15358
"STU001934",NA,NA,NA,NA,4118,6680,4886,NA,NA,NA,NA,NA,2629,NA,7089,8857,NA,NA,NA,NA,NA,NA,NA,NA,NA,8883,9996,9565
"STU001935",NA,NA,NA,NA,NA,NA,NA,NA,NA,NA,NA,NA,NA,NA,NA,7951,10940,NA,NA,10565,5893,11059,NA,NA,6967,NA,NA,26542
"STU001936",10235,NA,NA,8956,10384,9197,7169,7711,16389,NA,6578,9360,NA,NA,NA,NA,16684,NA,NA,NA,NA,NA,16306,10098,17754,11320,14615,12988
"STU001937",7753,13245,7273,5801,5469,NA,6697,NA,NA,NA,NA,12428,NA,10372,7351,5250,5095,10924,NA,NA,20662,12262,8809,14557,14895,NA,12301,15275
"STU001938",NA,6320,7572,11759,8728,12621,NA,NA,NA,13236,14527,NA,NA,NA,NA,NA,NA,NA,38043,23934,23481,NA,NA,NA,NA,NA,29700,13149
"STU001939",NA,NA,8843,5934,6807,NA,4278,8693,6722,9687,NA,NA,NA,NA,9749,8894,6968,9389,14182,NA,14793,10676,7379,11444,10369,11421,16726,21944
"STU001940",NA,5805,15446,NA,7152,6250,NA,NA,NA,NA,NA,NA,12442,NA,8952,11908,9246,8766,NA,NA,12577,12417,13600,13289,8477,10676,15466,NA
"STU001941",NA,NA,NA,NA,NA,NA,NA,NA,NA,NA,NA,NA,NA,NA,NA,NA,NA,NA,NA,NA,NA,NA,NA,NA,NA,NA,NA,18850
"STU001942",11664,8101,8073,7776,9082,18295,8065,14868,12481,NA,NA,NA,8500,NA,NA,NA,15846,19589,10019,11796,9588,7830,10186,17622,8581,11458,12558,18558
"STU001943",NA,NA,NA,NA,NA,NA,NA,NA,NA,NA,NA,NA,NA,NA,NA,NA,NA,NA,NA,NA,NA,NA,NA,14708,20138,NA,NA,21730
"STU001944",21829,8942,6552,NA,NA,NA,NA,7536,15942,10897,9856,11422,12849,10968,11222,12632,12765,14548,NA,NA,12974,NA,NA,NA,NA,11179,23893,15942
"STU001945",NA,NA,NA,NA,NA,NA,NA,7418,25810,NA,NA,NA,11823,24444,13249,28090,12869,NA,25463,20422,18421,19107,24016,21467,27768,NA,NA,NA
"STU001946",8140,12969,NA,7901,9389,9925,NA,NA,NA,NA,6719,6478,8319,NA,8870,5729,10566,6993,NA,15326,11099,9760,7035,9305,7121,9252,5224,NA
"STU001947",NA,11799,NA,NA,NA,NA,NA,NA,11224,12307,16014,12928,13294,10735,NA,13345,NA,18486,15390,15694,11774,NA,15492,14971,19383,20066,16270,11499
"STU001948",6725,10775,8410,8306,NA,NA,NA,9364,7757,9647,6876,5972,18337,8195,NA,NA,13300,NA,NA,NA,NA,10481,8437,10967,11646,8024,NA,NA
"STU001949",9575,NA,NA,NA,NA,NA,7530,7632,8562,9258,NA,9071,6407,9829,11198,6650,NA,7020,NA,NA,NA,NA,NA,17725,12038,9948,14436,8221
"STU001950",9140,7377,8493,7172,13691,9576,10135,8681,NA,6191,7718,7706,8593,9679,10405,9522,12315,NA,9994,6204,10915,NA,NA,NA,NA,13013,11917,12887
"STU001951",10656,7012,8932,7159,6761,4505,10279,10721,8402,9485,14342,6250,11202,6609,8030,NA,NA,NA,10232,NA,NA,11307,7976,8457,8992,NA,NA,11833
"STU001952",NA,NA,NA,NA,NA,NA,NA,NA,NA,NA,NA,NA,NA,NA,NA,NA,NA,NA,NA,NA,NA,NA,NA,NA,NA,NA,13389,12362
"STU001953",NA,NA,NA,NA,NA,NA,NA,NA,NA,NA,NA,NA,10941,5916,13606,10880,14422,NA,NA,NA,NA,NA,NA,NA,NA,NA,14343,12848
"STU001954",NA,NA,NA,6777,6110,8926,9104,10272,5832,NA,NA,NA,NA,NA,NA,NA,7302,6602,4998,5466,7721,NA,NA,7482,7934,7488,7128,NA
"STU001955",9619,7539,11644,11612,8337,NA,NA,11374,NA,NA,NA,NA,NA,NA,NA,14246,22145,19241,NA,NA,NA,NA,NA,NA,NA,17918,19654,NA
"STU001956",12056,9649,5020,NA,5564,13802,16949,10870,NA,NA,NA,NA,NA,NA,6531,10587,15860,NA,14359,16702,14188,15340,23589,13907,19115,18887,33260,NA
"STU001957",9059,9857,12251,10932,NA,NA,NA,NA,11131,18295,NA,NA,14374,15697,16108,15251,6259,NA,NA,NA,NA,NA,NA,NA,38784,33475,NA,NA
"STU001958",NA,NA,NA,NA,NA,12761,16262,12121,NA,NA,NA,NA,NA,12840,NA,NA,NA,8783,8128,5078,16821,NA,12454,10786,12734,9058,18997,14870
"STU001959",5988,6597,8883,NA,5730,NA,11251,8624,NA,7476,7239,5529,4850,NA,9374,8750,NA,NA,NA,NA,NA,NA,13276,16426,7273,20085,NA,9500
"STU001960",5893,4780,8327,5791,5048,NA,NA,NA,NA,NA,NA,10880,10500,14084,11792,7638,10246,15240,10566,9852,16366,10966,15543,8517,15701,NA,NA,NA
"STU001961",12188,NA,NA,NA,13321,16954,22721,9443,7429,10016,NA,13261,12116,15155,23580,13262,15999,12037,NA,10237,11264,11933,15097,19953,16041,NA,NA,NA
"STU001962",7268,10242,NA,NA,NA,NA,13800,10202,NA,NA,12712,5808,10432,13652,14041,10739,10733,9913,11410,NA,10547,8845,11853,17870,14580,NA,12237,NA
"STU001963",11117,8602,10393,15611,NA,NA,18282,15178,21236,9793,16323,15617,20105,NA,NA,25684,NA,NA,NA,16317,13040,20541,19505,NA,13990,23846,16616,21268
"STU001964",8235,7876,12154,7207,NA,NA,NA,NA,NA,NA,NA,9862,17444,11283,12412,9062,15766,13230,NA,21279,27148,NA,26738,NA,NA,NA,16145,33364
"STU001965",6811,15332,12303,10294,10257,13672,12163,NA,NA,NA,12369,NA,NA,9659,12150,23223,11050,11249,21807,17954,13731,11587,NA,NA,16423,NA,9918,14133
"STU001966",NA,NA,NA,NA,NA,NA,NA,NA,NA,NA,NA,NA,NA,NA,NA,NA,NA,NA,NA,NA,NA,NA,NA,NA,NA,8308,11340,14712
"STU001967",NA,NA,NA,NA,NA,NA,NA,NA,NA,NA,NA,NA,NA,NA,NA,NA,NA,NA,NA,NA,NA,NA,NA,NA,NA,NA,NA,NA
"STU001968",7804,9550,15002,8093,NA,NA,NA,NA,8509,12888,10899,12878,NA,14390,12167,12442,NA,9770,11835,NA,NA,NA,11577,NA,12670,11727,12659,18659
"STU001969",11004,9997,6097,6766,4731,8633,4684,7653,NA,NA,13068,15212,14090,NA,NA,NA,NA,13041,NA,8601,17305,10318,15008,13710,NA,NA,25628,9875
"STU001970",10603,15731,16172,4350,NA,6274,NA,6188,7477,NA,NA,14325,10935,7238,11954,NA,NA,NA,6279,13576,NA,NA,6470,NA,NA,NA,NA,11546
"STU001971",NA,NA,NA,NA,NA,7578,NA,NA,NA,NA,NA,19799,12989,19419,15288,23090,23203,NA,NA,17485,23865,NA,NA,NA,12858,23451,NA,NA
"STU001972",NA,NA,NA,NA,NA,NA,NA,NA,NA,NA,NA,NA,NA,NA,NA,NA,NA,NA,NA,NA,NA,NA,24751,NA,NA,NA,NA,NA
"STU001973",8780,NA,9368,13584,11503,39378,10559,13487,20688,11163,NA,NA,17767,15495,16478,23988,24039,NA,17832,16014,NA,21956,20780,16775,13281,24858,NA,16524
"STU001974",8808,5810,3951,4333,NA,NA,8992,5220,6662,5920,4510,8012,5346,NA,NA,10145,7736,7889,4663,10676,5974,6511,NA,11311,14567,9389,14605,11850
"STU001975",NA,NA,7637,10057,11772,4431,NA,NA,14165,NA,NA,NA,NA,13403,12968,NA,NA,NA,17508,15219,17506,12989,15395,13917,45519,8453,21562,10772
"STU001976",NA,NA,NA,NA,NA,NA,NA,NA,NA,NA,NA,NA,NA,NA,NA,NA,NA,NA,NA,NA,22916,17034,14787,25117,15772,NA,NA,NA
"STU001977",10198,4876,5795,6099,4627,6405,5788,9070,5507,5332,NA,NA,NA,10000,15619,10133,10410,11481,9200,9221,12290,NA,10071,NA,NA,NA,NA,NA
"STU001978",NA,7960,13412,NA,NA,NA,NA,NA,11873,4987,6732,11574,8573,13196,13446,11450,14052,6661,10774,21420,13075,11153,NA,NA,NA,NA,NA,10264
"STU001979",10585,NA,NA,6873,9522,10428,8740,7113,7683,NA,5364,10300,5029,NA,3540,5507,NA,NA,4598,7784,NA,NA,NA,NA,NA,NA,NA,NA
"STU001980",7123,7138,5911,7331,NA,NA,NA,NA,8647,8304,10912,8319,16436,8765,6877,11201,12774,9646,8489,15210,11559,14328,10857,10276,10208,13101,10158,7781
"STU001981",7108,7769,10248,NA,NA,15016,NA,NA,NA,NA,12028,13789,NA,7971,NA,7669,9693,10948,10874,8749,9884,10702,9141,9114,NA,NA,8548,14047
"STU001982",NA,NA,NA,5758,8575,4573,NA,NA,NA,NA,NA,NA,NA,5977,9652,NA,NA,NA,NA,NA,NA,NA,11391,13000,11166,13632,16764,13402
"STU001983",NA,NA,NA,NA,NA,NA,NA,NA,NA,NA,NA,NA,NA,NA,NA,NA,NA,NA,NA,NA,NA,NA,NA,NA,NA,NA,NA,10691
"STU001984",9774,8893,10010,NA,7314,6920,8251,13784,8804,4472,6472,11553,9994,NA,NA,NA,NA,NA,NA,NA,NA,NA,16200,NA,NA,NA,NA,14995
"STU001985",16262,8292,NA,NA,NA,NA,NA,NA,NA,12797,21838,14961,14331,27578,26818,NA,16512,18025,15607,9465,26490,20462,NA,29925,26045,20109,35651,12790
"STU001986",NA,NA,NA,NA,NA,NA,NA,NA,NA,NA,NA,NA,NA,NA,NA,NA,NA,NA,NA,NA,NA,NA,NA,NA,NA,NA,NA,NA
"STU001987",NA,NA,NA,9465,NA,12648,NA,NA,NA,NA,NA,7959,NA,NA,NA,NA,NA,11311,13880,18975,19038,14887,16506,NA,NA,NA,NA,22689
"STU001988",10165,9176,NA,NA,5264,NA,NA,NA,NA,NA,5014,4439,3139,6365,14095,NA,9821,21613,10281,10009,NA,NA,10209,11936,9741,9386,8076,8378
"STU001989",NA,NA,NA,NA,NA,NA,NA,NA,NA,NA,NA,14442,12814,8969,17488,11062,12134,9997,NA,15568,17025,10086,9104,20100,12181,8938,14012,NA
"STU001990",9685,5711,9095,11590,3779,8082,7558,7371,8098,12020,9197,NA,NA,5026,NA,NA,16772,15430,11684,NA,12857,10917,18509,22955,25281,22723,12189,19374
"STU001991",NA,NA,NA,NA,NA,NA,NA,NA,NA,NA,NA,NA,NA,NA,NA,NA,NA,NA,NA,NA,NA,NA,NA,16843,13054,16548,NA,NA
"STU001992",4686,8514,5171,9477,12350,6750,9522,8095,11485,NA,NA,NA,NA,4721,10265,6770,9186,NA,NA,NA,NA,NA,NA,NA,NA,NA,NA,12059
"STU001993",NA,9186,NA,10058,11897,NA,NA,NA,8107,NA,10820,NA,NA,11902,19878,13760,12743,17583,14867,11036,NA,NA,NA,NA,16729,22984,19579,10007
"STU001994",14104,12064,10030,15170,6388,NA,NA,NA,8416,8305,NA,14562,6292,NA,5519,7389,NA,NA,NA,NA,8678,7808,10109,13994,9364,10702,14820,13013
"STU001995",2348,4426,2855,4374,NA,NA,NA,4683,NA,NA,NA,NA,4333,4299,5919,NA,5421,NA,NA,NA,9207,8327,13101,9237,NA,12693,8720,11905
"STU001996",7950,9643,NA,NA,6167,12422,7001,8480,10675,5706,10832,16464,NA,19412,NA,NA,NA,NA,NA,NA,NA,NA,NA,8054,10369,13225,9747,14644
"STU001997",9659,12670,6943,NA,NA,NA,7799,4908,11814,12230,NA,NA,NA,10810,5112,NA,NA,NA,15893,13959,15419,10693,NA,NA,NA,NA,NA,NA
"STU001998",12661,6313,8753,NA,NA,NA,NA,NA,NA,11246,5599,6823,NA,NA,13755,9258,6174,13219,9378,13643,12293,NA,9994,13705,NA,NA,13463,7886
"STU001999",6951,4196,4101,5116,6404,7809,NA,6545,NA,NA,NA,4930,7469,10654,10297,8634,3128,11257,12665,7252,17560,8178,9219,NA,NA,NA,15953,7797
"STU002000",NA,NA,NA,NA,NA,NA,NA,NA,NA,NA,NA,NA,NA,NA,NA,NA,NA,NA,NA,NA,NA,10649,9386,NA,NA,10104,20086,12761
"STU002001",6432,NA,NA,NA,NA,NA,NA,10349,10144,19736,NA,NA,NA,NA,NA,NA,13370,15039,19847,NA,NA,25056,NA,NA,NA,NA,NA,16749
"STU002002",NA,NA,NA,NA,NA,NA,NA,NA,NA,NA,NA,NA,NA,NA,NA,NA,NA,NA,NA,NA,NA,NA,19539,19028,NA,NA,NA,NA
"STU002003",6740,10654,NA,9427,NA,7907,NA,13721,14871,NA,NA,NA,NA,NA,13757,17591,15185,NA,NA,31299,15840,12270,12603,13348,16043,14428,NA,NA
"STU002004",NA,NA,NA,NA,NA,NA,NA,NA,NA,NA,NA,NA,NA,NA,17048,16969,18359,19531,22390,27959,33016,23872,23521,27433,27050,15800,NA,37222
"STU002005",NA,NA,NA,NA,NA,NA,NA,NA,NA,NA,NA,NA,NA,NA,NA,NA,NA,NA,NA,NA,NA,20967,NA,NA,NA,NA,NA,21926
"STU002006",5636,6314,8233,NA,NA,6400,6708,5714,NA,NA,NA,8183,NA,NA,NA,NA,NA,NA,7520,9023,6763,18788,10587,5478,13701,12592,17843,15649
"STU002007",16035,9154,11330,6656,8745,NA,NA,NA,NA,NA,9366,10306,NA,NA,NA,NA,NA,9210,NA,NA,NA,12625,NA,NA,NA,NA,NA,14158
"STU002008",NA,NA,NA,3978,11078,12178,4835,5233,4874,16094,NA,7300,NA,NA,NA,NA,NA,NA,7633,NA,NA,NA,NA,NA,NA,NA,NA,NA
"STU002009",10442,8624,6045,NA,2965,4630,NA,NA,NA,NA,9556,10022,7771,6575,7809,14439,NA,7928,5062,8522,5199,4090,7302,10775,9505,6737,6578,10889
"STU002010",NA,NA,NA,NA,NA,NA,NA,NA,NA,NA,NA,NA,NA,NA,NA,NA,NA,NA,NA,NA,NA,NA,NA,NA,NA,14338,21882,18382
"STU002011",6593,5930,8789,NA,19378,12427,9102,NA,NA,17534,12313,9733,13078,15335,8173,9659,8850,14842,NA,NA,NA,NA,NA,NA,NA,NA,NA,NA
"STU002012",NA,NA,NA,NA,4006,NA,NA,NA,10271,NA,9729,15439,9808,6167,NA,13866,10245,9253,NA,NA,NA,12738,12203,7541,8907,NA,NA,NA
"STU002013",6903,NA,NA,NA,NA,NA,NA,NA,NA,NA,5664,7688,2884,5140,NA,NA,8669,8097,9099,13377,13133,7516,13309,12985,NA,NA,7541,9872
"STU002014",8134,25487,14924,15163,NA,18059,11122,13774,38749,17732,NA,NA,25524,20164,13557,NA,NA,NA,NA,21855,25219,NA,23103,34450,15421,21982,20842,17705
"STU002015",5942,NA,NA,NA,NA,5622,5706,4854,4096,5796,5493,5490,9695,6435,12298,11230,10476,NA,14486,9109,NA,NA,NA,14902,8591,7376,15368,NA
"STU002016",NA,NA,NA,NA,NA,7939,9503,18556,8247,5219,17553,12824,NA,NA,NA,NA,NA,NA,NA,NA,NA,NA,NA,NA,NA,9298,13789,NA
"STU002017",NA,NA,NA,NA,NA,NA,NA,NA,8178,9668,10822,6982,10260,8915,14202,10853,30943,19061,NA,NA,NA,NA,NA,14511,19674,14608,24852,NA
"STU002018",NA,NA,NA,NA,NA,9314,NA,9780,7001,6905,NA,NA,NA,NA,NA,10954,13683,7491,9758,7301,8496,5769,11632,10806,NA,9658,8683,10059
"STU002019",12047,13934,11132,11957,15082,10356,NA,NA,NA,NA,NA,13349,NA,NA,10696,13139,21155,9830,18267,15450,20769,20035,11476,NA,NA,17928,10211,14856
"STU002020",5972,8969,10175,4857,6270,7749,5804,7507,NA,6077,5914,NA,NA,8584,12786,9171,7628,8498,5412,13134,9060,7803,8572,13138,9313,10466,8973,10178
"STU002021",9088,NA,NA,NA,NA,9123,11320,8944,11716,NA,NA,NA,NA,NA,16270,13099,8912,NA,18827,15873,21381,15814,9819,NA,NA,NA,NA,9144
"STU002022",NA,8749,12999,15625,NA,NA,NA,11350,NA,NA,NA,9422,12724,9629,11109,10697,14378,NA,NA,NA,8298,8035,8458,13540,13929,15808,13707,16575
"STU002023",3337,8119,5053,9409,7642,4516,4354,8828,NA,NA,NA,NA,NA,NA,12375,11400,16458,11767,NA,NA,NA,NA,NA,NA,17003,12791,12485,8752
"STU002024",8696,NA,NA,NA,12605,8543,11751,14872,10015,13039,18987,13877,19089,11724,13133,8750,10688,10708,13607,10485,9592,NA,NA,NA,NA,NA,NA,NA
"STU002025",NA,NA,NA,NA,NA,NA,NA,NA,NA,NA,NA,19071,22867,21130,NA,NA,NA,NA,14192,NA,14871,27953,19228,NA,NA,NA,22823,NA
"STU002026",12231,17542,7998,NA,NA,NA,NA,NA,NA,NA,NA,7511,17282,11428,13110,18266,15052,17091,23431,NA,NA,NA,15907,14324,20648,19941,9783,25542
"STU002027",19427,10435,12559,18912,17745,NA,NA,NA,13211,11408,NA,NA,NA,20470,13450,23760,21252,27957,31756,23968,17998,44335,24598,25484,28516,29466,NA,NA
"STU002028",12837,8644,6101,NA,10767,9924,9967,6515,14565,11608,8306,7750,18007,14672,NA,8141,9840,13052,NA,NA,NA,NA,9554,NA,NA,10873,NA,8584
"STU002029",7414,NA,7429,NA,5366,7878,8144,9802,8287,10933,6536,NA,NA,12578,NA,10632,6143,11195,10424,9183,9583,NA,5976,12815,12502,11358,15395,11746
"STU002030",15194,NA,11659,NA,16514,9124,NA,NA,NA,NA,NA,NA,11973,NA,NA,NA,NA,NA,16473,7855,8478,NA,NA,NA,NA,NA,18192,11375
"STU002031",NA,NA,NA,NA,NA,NA,NA,NA,NA,NA,NA,NA,NA,NA,NA,NA,NA,13591,NA,11820,8845,16733,NA,NA,NA,NA,NA,NA
"STU002032",NA,NA,NA,NA,NA,NA,NA,NA,NA,NA,NA,NA,NA,NA,NA,NA,NA,NA,NA,NA,NA,NA,NA,19215,NA,NA,NA,NA
"STU002033",8168,14515,8791,11304,8999,12791,NA,NA,NA,12914,7732,8768,10146,NA,14936,13923,8519,NA,NA,NA,NA,NA,NA,12783,NA,NA,NA,NA
"STU002034",NA,NA,NA,NA,NA,NA,NA,NA,NA,NA,NA,NA,NA,NA,NA,NA,NA,9452,10714,NA,14217,NA,12812,NA,12979,15541,10929,17003
"STU002035",10279,10035,12832,NA,10182,NA,NA,NA,9839,6889,13681,11928,NA,8849,18906,NA,NA,17584,11825,17798,30944,19970,22853,14489,15728,NA,NA,NA
"STU002036",9862,12943,8712,NA,NA,NA,12288,10615,7139,7477,12002,NA,NA,NA,NA,NA,15578,10605,8592,14547,15912,7692,8583,9893,15028,8985,NA,16763
"STU002037",NA,NA,NA,NA,NA,7321,NA,9107,11113,8046,NA,NA,10999,NA,NA,NA,25062,12496,NA,NA,NA,14137,NA,14710,11111,15126,8719,NA
"STU002038",NA,NA,6342,5849,10307,NA,NA,7962,7975,NA,8144,18083,14470,NA,7351,27728,16308,17167,19008,14157,23051,15454,19654,18724,15461,7641,18808,10819
"STU002039",17797,11966,10145,11483,NA,NA,NA,NA,NA,15098,20629,16898,NA,12981,17543,35925,9092,18754,16097,14497,10521,18228,23706,15233,NA,NA,NA,22962
"STU002040",7731,NA,NA,13996,16064,NA,22456,15460,NA,NA,NA,NA,NA,NA,NA,NA,22478,NA,NA,NA,NA,NA,NA,NA,21673,15766,25979,15714
"STU002041",6045,NA,NA,NA,10185,9215,11680,9960,12965,12131,13381,17949,13277,10263,12089,14982,13148,20060,18294,10618,NA,15509,15167,NA,NA,NA,NA,NA
"STU002042",10027,6676,4605,NA,NA,NA,NA,NA,NA,NA,NA,NA,NA,NA,NA,11081,6720,NA,NA,12496,NA,NA,NA,NA,NA,NA,9994,11889
"STU002043",9948,NA,5193,6991,NA,NA,NA,NA,NA,NA,NA,NA,NA,NA,NA,NA,10078,NA,9100,11338,8685,8353,7681,11313,9889,13714,8677,7587
"STU002044",NA,NA,7212,8724,7987,NA,NA,11591,12684,7717,NA,NA,NA,NA,NA,NA,11043,8613,11747,NA,NA,NA,8698,13674,13153,8399,8576,NA
"STU002045",NA,NA,NA,NA,NA,NA,NA,NA,NA,NA,NA,NA,NA,NA,NA,NA,NA,NA,NA,NA,NA,NA,NA,NA,15329,9421,10604,12950
"STU002046",NA,NA,NA,6467,9054,NA,NA,NA,5575,NA,NA,5633,6767,15718,12586,10745,NA,NA,NA,NA,NA,NA,NA,23122,10821,12695,14650,13274
"STU002047",8137,NA,NA,NA,3556,NA,NA,8100,NA,10274,14908,NA,NA,NA,8851,11798,NA,NA,NA,NA,NA,NA,NA,NA,NA,6788,9795,14207
"STU002048",7121,7159,5177,8886,12871,7070,9515,7087,9513,8693,6673,NA,NA,8235,NA,NA,NA,NA,NA,NA,NA,12740,NA,27329,16862,20815,20302,19009
"STU002049",NA,NA,NA,NA,NA,NA,NA,NA,NA,NA,NA,NA,NA,NA,NA,NA,NA,NA,NA,NA,NA,NA,NA,NA,NA,NA,NA,NA
"STU002050",9149,NA,7551,NA,NA,NA,NA,NA,21972,13695,18257,17367,NA,NA,26248,20332,NA,17033,14016,13794,13987,13712,14850,26569,NA,NA,NA,19624
"STU002051",NA,NA,NA,NA,NA,NA,NA,NA,NA,13163,11795,7548,9035,8333,12012,15637,13273,13833,15822,23408,15521,17251,NA,NA,NA,20292,8699,16188
"STU002052",7346,3651,5797,14047,8409,3047,NA,NA,7750,6050,5645,8562,7671,NA,NA,NA,NA,NA,10793,3374,18215,8687,17551,NA,10617,10689,13552,14549
"STU002053",14644,NA,NA,12046,9488,9914,11800,10033,13335,14264,10942,12542,7583,11303,14249,9803,13388,9686,19043,10033,16240,12754,NA,NA,NA,NA,NA,17437
"STU002054",NA,NA,NA,NA,NA,16163,NA,NA,NA,NA,7797,NA,NA,NA,NA,NA,NA,NA,NA,12278,9811,10855,9769,15806,NA,13636,12129,15985
"STU002055",NA,NA,NA,NA,NA,NA,NA,NA,NA,NA,NA,NA,NA,NA,NA,NA,NA,NA,NA,NA,NA,NA,NA,NA,NA,NA,NA,NA
"STU002056",NA,NA,NA,NA,NA,NA,NA,NA,NA,NA,NA,NA,NA,NA,NA,NA,NA,NA,NA,NA,11287,NA,NA,NA,NA,NA,18391,NA
"STU002057",NA,NA,NA,NA,NA,7270,12882,11815,13144,8405,11253,8965,10673,10008,14323,10413,11727,11731,6462,9741,11865,12530,6402,NA,NA,NA,19749,NA
"STU002058",NA,NA,NA,7437,16296,NA,NA,11722,13953,11116,13748,18008,15316,NA,NA,11631,10670,NA,NA,15998,NA,8662,10849,12488,16193,9184,10191,NA
"STU002059",NA,NA,NA,NA,NA,NA,NA,NA,NA,NA,NA,NA,NA,NA,NA,NA,NA,NA,NA,NA,NA,NA,NA,NA,NA,NA,NA,NA
"STU002060",NA,NA,NA,NA,NA,NA,NA,NA,NA,NA,NA,NA,NA,NA,NA,NA,13266,14055,NA,NA,11905,NA,NA,NA,14398,27989,18031,20320
"STU002061",NA,NA,NA,NA,7534,8605,13476,9375,7856,8378,12408,11233,11045,14073,12239,17496,10241,13368,10903,15032,NA,NA,10386,13660,NA,8334,13012,11637
"STU002062",13827,7507,NA,6983,7738,6150,6694,5318,NA,NA,NA,NA,10002,NA,17066,15786,14200,NA,NA,NA,NA,NA,NA,NA,17430,16237,15264,15666
"STU002063",9896,NA,NA,9791,6580,12966,13424,8757,11964,NA,NA,NA,NA,18855,NA,12161,17230,15133,11723,10882,15348,14861,11262,21997,18272,16469,NA,12965
"STU002064",NA,NA,NA,NA,NA,NA,NA,NA,NA,NA,NA,NA,NA,NA,NA,NA,NA,NA,NA,NA,NA,NA,NA,NA,NA,NA,NA,NA
"STU002065",5657,5515,5474,4487,4825,NA,NA,NA,4702,3611,6112,11684,5454,10111,5210,NA,NA,8903,6719,10504,NA,NA,7356,NA,8520,6974,8947,8915
"STU002066",NA,12334,5744,9201,7663,8525,12861,6465,15895,13993,12342,21264,20449,18182,13254,11596,14895,35505,16917,18715,15046,20964,14187,18478,16530,22539,21558,14664
"STU002067",9250,7072,6972,12046,6055,NA,NA,NA,NA,NA,NA,10532,16222,NA,NA,NA,NA,NA,NA,13702,13658,13466,23266,NA,NA,NA,18354,15543
"STU002068",8962,NA,6709,3578,NA,NA,8965,10524,6231,7249,6344,5757,NA,NA,NA,6241,10314,8388,10225,13735,11922,7677,8521,NA,21371,11314,23462,18377
"STU002069",8693,5086,3388,5815,3410,7056,4595,7419,6185,5077,7890,NA,10627,5449,12165,4967,16153,8414,NA,9194,15076,7721,10661,13908,14141,12257,7693,NA
"STU002070",13668,7000,17626,14895,9786,13462,15785,10249,NA,NA,23450,16797,NA,NA,NA,NA,NA,NA,NA,NA,19007,35795,23514,NA,27174,NA,18339,29140
"STU002071",7168,NA,NA,NA,NA,NA,NA,NA,9542,17429,16694,11585,11853,12502,11514,NA,19202,NA,NA,NA,NA,NA,NA,21253,16842,18138,15291,NA
"STU002072",12926,8419,13270,15120,9658,NA,NA,16741,11292,11589,NA,NA,13628,15187,14660,17598,31443,11208,17608,NA,NA,14657,12529,NA,NA,NA,NA,12893
"STU002073",13316,NA,NA,NA,NA,NA,NA,NA,NA,NA,NA,NA,21393,NA,24225,11996,NA,NA,NA,NA,24177,NA,NA,19144,24485,NA,22093,28901
"STU002074",NA,NA,NA,NA,NA,NA,NA,NA,6085,8261,NA,NA,NA,NA,NA,7270,6259,11612,9120,15993,NA,NA,8515,NA,NA,NA,13588,NA
"STU002075",NA,NA,NA,NA,NA,NA,NA,NA,NA,5991,NA,7987,7168,12742,NA,11147,30184,18866,15001,15618,NA,NA,NA,5950,34457,10982,9963,9954
"STU002076",13127,22201,11509,12924,16347,NA,NA,NA,NA,8461,10428,10861,7633,10057,NA,NA,NA,NA,NA,14939,22519,22092,22683,14477,NA,NA,NA,NA
"STU002077",7458,7700,7189,NA,NA,5575,6471,17165,5083,6223,11947,NA,9385,NA,NA,13818,NA,NA,NA,13947,14515,17507,17596,19503,19378,12801,NA,NA
"STU002078",9111,4034,11049,3705,3659,5059,NA,NA,NA,NA,9394,9145,8090,10303,NA,NA,NA,NA,NA,NA,NA,NA,NA,11417,17759,11407,13167,18914
"STU002079",5411,7007,NA,NA,4942,4545,12226,10863,NA,NA,7462,4828,10720,7221,NA,NA,NA,NA,NA,11973,14376,13212,9867,11393,NA,17329,15334,21389
"STU002080",10221,8638,6879,NA,NA,NA,NA,NA,NA,NA,NA,9721,6963,4607,3958,19022,NA,NA,12426,12779,NA,NA,NA,9058,10813,10464,NA,NA
"STU002081",NA,NA,NA,NA,NA,NA,NA,NA,NA,NA,NA,NA,NA,4858,10118,NA,NA,NA,NA,NA,NA,NA,NA,9107,12915,12798,20250,16523
"STU002082",11344,13414,14124,NA,NA,NA,10606,15830,NA,6853,NA,8833,19103,NA,NA,NA,NA,NA,13381,11670,NA,6308,11171,NA,9554,19632,11908,8739
"STU002083",NA,NA,NA,NA,NA,NA,NA,NA,NA,14204,12529,9825,13644,NA,NA,25323,43383,13591,13297,NA,NA,NA,17909,20299,15656,24689,17366,8784
"STU002084",NA,NA,NA,11473,9024,NA,NA,7814,9020,7321,NA,8111,10283,4862,9662,8873,10100,9417,NA,NA,NA,9621,11692,8791,9960,10889,NA,9708
"STU002085",23135,14988,18003,NA,NA,14143,16162,9864,NA,20560,27259,9459,15607,15588,14700,NA,NA,NA,19772,20304,13412,12148,7345,13128,10804,11038,10645,18551
"STU002086",NA,NA,NA,NA,NA,NA,NA,NA,NA,NA,NA,NA,NA,NA,NA,NA,NA,NA,NA,NA,19056,13261,12922,NA,NA,NA,17134,16506
"STU002087",NA,NA,NA,NA,NA,NA,NA,NA,NA,NA,NA,NA,NA,NA,NA,NA,NA,NA,NA,NA,NA,NA,NA,NA,NA,NA,NA,NA
"STU002088",NA,NA,NA,NA,NA,NA,NA,NA,NA,NA,NA,NA,NA,NA,NA,NA,NA,NA,NA,NA,NA,NA,NA,NA,NA,NA,NA,NA
"STU002089",13538,10105,NA,11794,15975,NA,14333,NA,13555,NA,NA,NA,12711,18359,16689,20037,20098,11590,13828,15629,NA,NA,NA,22647,12036,14848,20407,24334
"STU002090",NA,5904,7930,NA,6367,8858,7399,NA,NA,5030,8911,7635,5886,NA,NA,6481,NA,NA,NA,NA,10092,11433,7940,NA,NA,NA,10127,NA
"STU002091",NA,NA,NA,NA,NA,6140,7818,5374,NA,NA,NA,NA,NA,NA,NA,NA,NA,9632,13657,7279,NA,NA,16594,8405,NA,NA,NA,10466
"STU002092",NA,NA,NA,NA,NA,4540,7581,13612,20088,NA,12395,10338,8225,21046,8651,NA,NA,17251,15953,NA,NA,NA,NA,NA,12255,NA,13679,14305
"STU002093",NA,NA,NA,NA,NA,NA,NA,NA,NA,4150,NA,4751,7508,9930,13723,5980,8892,11584,NA,NA,NA,8181,7733,7361,NA,10960,13422,10204
"STU002094",7970,NA,NA,15364,11431,8625,8878,7404,18537,NA,NA,15257,18386,13841,15137,16819,18903,NA,NA,NA,NA,NA,NA,14525,29200,17565,27539,NA
"STU002095",NA,NA,NA,NA,8008,12762,NA,NA,NA,NA,NA,NA,NA,NA,NA,NA,6127,6615,7773,9513,11052,5665,NA,6344,6893,13083,8681,5768
"STU002096",15913,5245,NA,3067,10776,5543,5135,8550,4643,NA,NA,NA,NA,NA,NA,4189,12948,NA,NA,8147,8922,12165,10149,8539,11744,9328,14400,14658
"STU002097",10369,7921,8723,9042,14549,9290,18153,7565,9414,11367,11337,17836,11830,8622,11075,NA,NA,NA,11698,NA,18033,14166,13405,NA,NA,NA,NA,NA
"STU002098",NA,NA,NA,NA,NA,NA,12742,16677,10771,10285,8606,7994,18440,NA,NA,19305,17854,18242,34174,14860,18321,22232,24087,24061,23669,27018,16136,NA
"STU002099",8464,11259,11331,12658,10228,11505,NA,8458,NA,NA,NA,11149,14465,10140,11748,NA,NA,23257,10435,14090,8964,12168,15656,11831,8982,12076,NA,NA
"STU002100",12152,5838,9172,6052,4577,NA,NA,NA,NA,NA,NA,4713,5342,6213,NA,NA,NA,12499,NA,14493,5954,12590,11342,14941,16408,10426,10409,12659
"STU002101",NA,NA,NA,6122,9484,7759,NA,12449,13346,NA,NA,12790,12657,6665,10028,17040,23406,9657,18496,27657,16414,NA,NA,15259,22175,NA,NA,NA
"STU002102",NA,NA,NA,NA,NA,NA,NA,NA,NA,NA,18313,19213,23776,27604,NA,NA,19537,19104,21690,17278,25845,13970,22891,NA,46354,32672,21093,33459
"STU002103",4500,6369,6625,5662,NA,NA,NA,NA,NA,NA,10858,NA,NA,NA,8000,6964,8060,12346,7488,11986,9321,NA,NA,NA,NA,NA,NA,NA
"STU002104",NA,NA,NA,NA,NA,NA,NA,NA,NA,NA,14323,18815,NA,12095,12961,7425,NA,NA,NA,NA,NA,20322,11291,12927,NA,12886,9654,19119
"STU002105",6757,NA,NA,NA,9492,6394,9419,4904,8606,6687,15798,NA,9751,6034,NA,NA,NA,NA,NA,NA,NA,12874,19430,14611,11225,17785,20727,10471
"STU002106",5667,NA,NA,NA,NA,NA,4588,9093,10305,5424,10181,NA,NA,NA,15208,11190,17866,11628,13496,13648,16164,NA,NA,14013,8844,15483,13606,8948
"STU002107",10426,5615,NA,12140,13170,15290,NA,NA,NA,9101,8205,NA,15893,10081,6764,10306,11134,12110,11252,9987,18393,NA,NA,NA,NA,NA,8638,9017
"STU002108",NA,NA,NA,NA,NA,NA,NA,NA,NA,NA,NA,14425,12860,41900,12516,12016,38213,34778,23644,23110,28258,27341,16622,20683,NA,NA,NA,NA
"STU002109",NA,NA,10796,19203,13210,9564,NA,8297,8313,NA,NA,7824,8171,20682,NA,NA,NA,NA,10001,NA,NA,20519,12541,17418,17013,21877,NA,NA
"STU002110",NA,NA,NA,NA,NA,9800,9918,6733,5098,9973,11023,9008,6891,NA,NA,NA,12658,NA,NA,12472,4638,7728,14003,10992,8759,7128,NA,NA
"STU002111",NA,NA,NA,NA,NA,NA,NA,NA,NA,NA,NA,NA,NA,NA,NA,NA,8687,14832,7738,7616,6770,8788,22297,14382,7628,10916,5869,11882
"STU002112",NA,NA,NA,NA,NA,7820,6180,NA,NA,5663,7064,NA,NA,19790,NA,NA,NA,NA,NA,NA,NA,10492,17980,12125,14779,11691,14160,NA
"STU002113",4457,5017,8051,NA,NA,5675,11457,8701,7506,NA,NA,NA,NA,NA,11518,NA,NA,9665,7642,6684,12343,NA,12332,8081,12080,NA,10436,NA
"STU002114",6234,NA,NA,NA,8506,NA,NA,6363,NA,7814,6631,8526,19313,6930,5283,10512,18857,6680,NA,NA,17340,29367,23839,NA,NA,NA,12772,NA
"STU002115",24773,11390,11823,16663,10810,8570,NA,NA,9312,NA,12659,13389,20192,20781,28975,24128,16966,25410,21472,25084,14553,20050,21194,15164,19825,16713,23252,22199
"STU002116",NA,9001,6839,7319,8649,NA,NA,9564,10706,NA,NA,NA,NA,NA,8474,13463,NA,NA,NA,NA,NA,NA,NA,NA,18124,14539,27428,12021
"STU002117",7442,17481,NA,NA,9341,NA,NA,NA,NA,NA,NA,13801,6418,5042,5287,3608,7709,9532,NA,12145,8990,NA,NA,NA,8900,14191,NA,NA
"STU002118",8018,10526,5995,NA,11506,NA,9752,10609,6206,11648,13476,9256,8950,12140,15075,16316,10357,NA,NA,9532,9994,NA,12122,11034,9961,NA,NA,NA
"STU002119",3400,5859,3746,3724,7571,NA,7937,12607,8307,8597,7075,NA,5816,6809,NA,5363,4747,7286,6285,5271,9925,18000,NA,9884,18760,12354,13700,21414
"STU002120",12601,7190,12466,4950,4151,7756,7368,10219,5376,NA,NA,NA,NA,NA,10100,NA,NA,NA,NA,20318,19035,6948,12306,22022,10982,11591,13182,12770
"STU002121",7097,7392,NA,NA,NA,NA,6889,6617,NA,7471,NA,NA,NA,NA,NA,NA,NA,6188,NA,NA,10610,10421,NA,NA,NA,NA,NA,NA
"STU002122",5608,NA,NA,5118,7166,NA,NA,NA,30174,14491,15009,12385,13496,11337,NA,NA,11224,13245,NA,NA,NA,16467,12678,9044,17175,13277,12992,NA
"STU002123",14090,9779,9993,NA,NA,9306,11445,9949,7810,8070,9704,9308,5290,5994,10888,6010,12958,15030,6632,8398,7594,10590,11033,11130,11559,NA,NA,11280
"STU002124",7752,NA,NA,NA,NA,NA,5830,NA,9729,NA,NA,NA,NA,NA,NA,NA,NA,16584,NA,NA,NA,NA,NA,NA,10891,12138,11979,19450
"STU002125",7361,14507,NA,13644,6417,6878,5999,8720,12908,10012,NA,18642,9358,13572,16880,15163,14744,14902,14914,12289,18692,8214,17152,16960,NA,19915,17025,20504
"STU002126",NA,NA,NA,NA,NA,NA,NA,NA,NA,NA,NA,NA,NA,30684,NA,NA,NA,NA,NA,NA,NA,15654,9449,NA,NA,NA,NA,NA
"STU002127",8598,11985,10859,7777,NA,10137,5195,NA,16136,9386,12967,NA,NA,18005,10693,10508,14835,11014,8456,18396,8665,10253,14416,15778,8079,11859,10292,12094
"STU002128",11044,7336,11111,7100,10060,5134,NA,NA,NA,12587,8916,11230,10652,NA,NA,11499,11774,13373,11369,12961,9297,10131,11137,12803,18759,12927,11219,13128
"STU002129",7397,13940,9127,19906,12411,NA,NA,NA,11475,7719,10341,11874,12929,NA,NA,NA,NA,NA,NA,13657,15161,8390,19728,11869,7953,15802,11958,11771
"STU002130",NA,NA,NA,NA,NA,NA,NA,NA,NA,NA,NA,NA,NA,NA,NA,NA,NA,NA,NA,NA,NA,NA,NA,24012,25806,12861,NA,26455
"STU002131",11246,11764,10580,8091,5149,5607,5975,5862,9616,7733,7223,8216,6202,9491,8689,NA,NA,NA,NA,NA,11274,11143,10682,11015,9644,9806,11547,10749
"STU002132",11401,12183,NA,9564,13523,NA,NA,9562,13564,11450,11250,NA,NA,NA,NA,7989,10512,11568,9869,10509,11720,NA,NA,13263,11063,14224,12119,16193
"STU002133",7718,10905,8566,7372,NA,7400,NA,NA,6496,NA,NA,16073,NA,NA,NA,14090,8247,10647,14631,8945,NA,NA,13266,10522,21614,8665,13045,8950
"STU002134",17444,10919,14019,12690,9436,8614,13665,10897,12269,15243,8238,8456,11796,NA,NA,NA,NA,15003,NA,NA,NA,12128,9971,NA,15868,15456,11256,18764
"STU002135",NA,NA,NA,NA,NA,NA,NA,NA,NA,NA,NA,NA,NA,NA,NA,NA,NA,NA,NA,NA,23606,NA,NA,NA,NA,NA,26932,26936
"STU002136",19150,16954,NA,NA,NA,NA,9783,10736,8990,8801,7205,10038,NA,NA,NA,16232,10107,23255,11377,16818,19839,24093,9380,18764,NA,NA,NA,23588
"STU002137",9425,9739,NA,NA,NA,7151,7180,7018,6702,6846,14970,9635,9306,NA,10135,11450,6191,10403,6271,12973,8076,NA,NA,NA,NA,NA,NA,NA
"STU002138",NA,NA,NA,NA,NA,NA,NA,NA,NA,NA,NA,NA,NA,NA,NA,NA,NA,NA,NA,NA,NA,NA,NA,NA,NA,17141,21448,16035
"STU002139",NA,NA,NA,NA,NA,NA,NA,NA,NA,NA,NA,NA,NA,19545,24217,NA,19653,15932,15414,18351,NA,21124,13680,9361,NA,NA,NA,NA
"STU002140",NA,NA,NA,NA,NA,NA,NA,NA,NA,NA,NA,NA,NA,NA,NA,NA,NA,NA,NA,NA,NA,NA,NA,NA,NA,NA,NA,NA
"STU002141",12121,6317,5342,10459,5771,8868,6349,4548,7753,7098,11055,9951,12992,NA,13002,NA,NA,NA,6465,23557,10493,NA,NA,NA,14551,7492,11290,14840
"STU002142",6474,NA,NA,NA,NA,11984,10593,2428,4845,NA,NA,NA,NA,8151,10160,6837,6603,12138,5652,15447,19377,18467,NA,NA,NA,14170,15961,11961
"STU002143",NA,NA,NA,NA,NA,NA,NA,NA,NA,NA,NA,NA,NA,NA,NA,NA,NA,NA,NA,NA,NA,NA,16986,26867,26349,18691,14000,NA
"STU002144",7185,6810,5449,6304,NA,NA,6706,5628,NA,9711,8733,NA,NA,10143,8071,12203,NA,NA,NA,5545,9834,15007,NA,12459,NA,NA,NA,13612
"STU002145",NA,7560,4820,4141,NA,NA,9241,NA,11625,NA,NA,NA,NA,9005,9145,9848,11220,NA,NA,11447,14174,13483,NA,12293,11917,9865,NA,NA
"STU002146",NA,NA,6775,4469,6382,NA,NA,12423,NA,NA,20097,18084,13997,21662,10446,7566,11653,25220,13337,13905,9840,13168,13788,19041,NA,20285,25619,14742
"STU002147",7430,6392,7008,13702,7334,NA,NA,NA,NA,NA,NA,15196,17126,21674,NA,12581,21508,12837,NA,NA,NA,NA,18036,17265,13311,17234,11585,23982
"STU002148",8632,NA,NA,NA,NA,5808,NA,NA,NA,NA,9925,NA,NA,NA,NA,NA,NA,NA,NA,8294,7642,12649,17296,13596,10757,NA,9239,7320
"STU002149",7566,NA,NA,NA,7411,NA,NA,NA,19001,13228,17691,15446,13947,22483,25390,NA,NA,NA,NA,NA,NA,16891,NA,22085,17079,23787,11344,17387
"STU002150",12720,NA,NA,NA,NA,NA,NA,NA,NA,NA,5765,NA,NA,NA,NA,10010,NA,NA,NA,NA,11616,13178,15421,17121,11516,16480,19437,19946
"STU002151",6287,10359,4959,NA,NA,NA,NA,11958,16355,14921,NA,NA,10638,9222,9607,10310,14839,15689,14230,11371,10566,19228,NA,17082,17132,21358,13356,12957
"STU002152",11997,7111,NA,NA,NA,5595,21077,15878,14606,NA,NA,NA,NA,NA,NA,NA,NA,NA,18931,14723,26705,14502,18977,13435,NA,NA,13991,18442
"STU002153",NA,NA,NA,NA,NA,NA,6398,6515,6350,8238,NA,5371,10366,13818,NA,NA,NA,10634,NA,16578,12387,13548,11250,11588,6469,24571,14959,NA
"STU002154",3747,5545,7916,4006,4834,NA,NA,NA,NA,NA,NA,NA,NA,NA,NA,NA,NA,NA,19423,NA,16194,18220,15176,18623,NA,NA,NA,18360
"STU002155",10354,NA,NA,12355,16087,5617,10412,11508,6381,12117,13474,11028,NA,NA,12876,15029,NA,11525,14372,23138,11143,NA,NA,NA,NA,NA,NA,NA
"STU002156",5590,8830,NA,7548,6619,3421,7990,5870,5139,7026,NA,NA,NA,5392,5435,4538,NA,NA,NA,NA,5714,5374,NA,NA,NA,NA,6534,10888
"STU002157",NA,NA,NA,9878,6253,8194,NA,NA,NA,NA,NA,NA,NA,NA,8943,NA,NA,NA,8848,11921,8649,11489,6255,8868,13208,12184,10695,7419
"STU002158",3964,4657,6148,5918,NA,4969,21205,NA,NA,NA,16019,9771,NA,NA,NA,13181,17550,12562,NA,10157,NA,NA,NA,23004,13878,13907,NA,NA
"STU002159",9068,NA,8910,12270,11328,9180,8352,NA,NA,NA,5802,10626,NA,8227,13704,10818,11113,11732,10132,11695,7006,6126,7341,10788,7271,10895,15008,NA
"STU002160",NA,NA,NA,NA,NA,NA,NA,NA,NA,NA,NA,NA,NA,NA,NA,NA,NA,NA,NA,NA,NA,NA,NA,NA,NA,NA,NA,NA
"STU002161",5448,10422,NA,NA,NA,NA,NA,NA,NA,NA,9017,9446,10030,7733,NA,NA,11741,8596,NA,12270,NA,9703,7966,6138,4960,7836,9751,8083
"STU002162",8080,NA,NA,NA,5900,7672,5946,4533,8295,NA,14736,NA,12090,10159,9396,6317,10818,13991,10929,11809,NA,9673,14078,15709,12362,NA,NA,NA
"STU002163",NA,NA,NA,NA,NA,11974,9489,12577,10866,8114,7302,10656,17924,10713,NA,NA,NA,15925,13538,12314,5474,11186,8274,11121,11384,NA,NA,NA
"STU002164",5569,4561,5873,2863,3138,4349,10449,6155,2573,NA,NA,7898,6259,NA,9416,7562,9463,NA,NA,NA,5062,8022,7634,3960,16554,NA,NA,NA
"STU002165",12382,9184,13141,7260,7354,11038,NA,15288,31313,28991,NA,NA,NA,NA,NA,NA,15739,NA,NA,18413,NA,NA,NA,NA,NA,NA,NA,NA
"STU002166",8128,10606,4753,8165,6981,12241,9594,7731,8808,5278,10980,9740,12852,NA,NA,NA,NA,8237,NA,9946,9315,13985,NA,NA,13798,16094,10027,NA
"STU002167",NA,NA,NA,NA,NA,NA,NA,NA,NA,NA,NA,NA,NA,NA,NA,NA,NA,23107,25981,23610,16548,16968,16699,20222,20843,22343,31794,23643
"STU002168",NA,NA,NA,11564,8627,9691,13242,14936,12282,13039,12013,13195,17295,13311,13178,9213,13226,14754,18795,11721,10782,12832,NA,14773,18137,14649,10602,NA
"STU002169",NA,NA,NA,NA,7504,NA,NA,NA,6625,26148,4602,10237,7508,7373,10051,NA,NA,7399,7654,10849,10338,9870,NA,NA,NA,NA,NA,11577
"STU002170",10276,NA,NA,13438,10839,22423,NA,15198,NA,NA,NA,NA,7352,12955,19467,11043,NA,NA,NA,16544,18070,20347,19434,11604,10979,11120,22699,15567
"STU002171",NA,NA,13666,18094,7795,NA,NA,13419,NA,NA,6034,10379,19056,16289,10612,20257,13380,6470,12969,12417,11875,20834,NA,NA,12088,NA,NA,16909
"STU002172",9406,6718,9760,11141,3612,4835,6650,5509,6947,11535,NA,14291,10771,14186,8261,14014,7161,12234,NA,NA,NA,14100,11668,14292,NA,9453,9157,7108
"STU002173",4049,3363,9447,9046,NA,NA,5451,11613,4625,7883,8043,NA,NA,NA,NA,8981,NA,6745,7435,7292,15797,5151,9996,5067,9715,5129,5662,NA
"STU002174",8613,7159,NA,NA,7057,5334,10165,10454,NA,NA,NA,NA,NA,NA,NA,NA,NA,NA,NA,NA,NA,NA,16919,28863,14131,NA,NA,9915
"STU002175",15373,20619,12697,13914,NA,18578,14735,11750,13195,18717,13791,16576,NA,NA,NA,NA,14746,17957,12069,12642,12247,18247,NA,20253,17301,14183,24343,13807
"STU002176",8247,4775,3744,4743,NA,NA,NA,5137,14535,15004,12451,NA,13213,9571,NA,NA,11889,11098,NA,9205,12848,12033,NA,NA,NA,NA,NA,NA
"STU002177",8053,6374,6184,6107,6893,NA,10753,10113,4274,3988,NA,NA,16135,6932,NA,NA,NA,NA,NA,18232,17009,NA,11874,10783,NA,23788,11407,16755
"STU002178",NA,NA,NA,NA,NA,NA,NA,10978,NA,NA,NA,NA,13420,NA,NA,NA,9516,13931,11408,21677,NA,NA,11427,17089,13085,NA,NA,15228
"STU002179",NA,9609,9743,8071,9147,7942,15325,8924,10499,16258,NA,NA,NA,NA,NA,10063,7869,14128,NA,NA,NA,NA,NA,NA,NA,NA,NA,NA
"STU002180",7220,12242,8223,5571,5009,NA,NA,NA,5756,4768,12208,12802,10191,11224,9280,10793,9233,NA,6467,10546,10703,NA,NA,NA,NA,10494,10415,9190
"STU002181",12043,14058,NA,4351,NA,NA,14826,13056,20042,NA,NA,15696,NA,18893,12913,17206,13452,23467,12305,12861,14740,23211,19202,11851,NA,NA,NA,NA
"STU002182",NA,NA,NA,NA,NA,6420,4459,6308,5699,7429,10691,4895,8673,NA,NA,13397,9402,9817,6899,12929,19361,14222,7696,24080,10495,10730,7705,11374
"STU002183",NA,NA,NA,NA,NA,NA,NA,NA,NA,NA,NA,NA,NA,NA,NA,NA,NA,NA,NA,NA,NA,NA,NA,NA,NA,31189,33560,22236
"STU002184",NA,NA,NA,NA,NA,NA,NA,NA,NA,NA,NA,NA,NA,NA,NA,NA,NA,NA,NA,NA,NA,NA,NA,NA,NA,NA,6543,NA
"STU002185",6955,3968,7464,4285,3252,NA,NA,NA,8351,NA,10204,NA,8939,10600,9411,10528,7417,NA,6188,7661,NA,11075,NA,NA,NA,6940,NA,NA
"STU002186",NA,NA,NA,NA,NA,NA,NA,NA,NA,NA,NA,NA,NA,NA,NA,NA,NA,NA,NA,NA,NA,23152,26854,NA,NA,15750,NA,25750
"STU002187",NA,NA,NA,5504,5563,5046,NA,NA,8755,9157,NA,NA,NA,NA,15431,17171,8290,13447,NA,NA,NA,NA,17134,19191,12513,20653,NA,NA
"STU002188",NA,NA,NA,NA,NA,NA,NA,NA,NA,NA,NA,NA,NA,NA,NA,NA,NA,NA,10283,NA,11447,11553,17284,14531,13429,NA,NA,NA
"STU002189",4983,NA,NA,NA,NA,NA,NA,7178,NA,NA,NA,9293,6952,5088,7847,4105,12962,10812,NA,NA,NA,NA,NA,NA,14532,18938,12936,11397
"STU002190",NA,7300,NA,NA,NA,11101,12330,5062,7972,9382,8284,10084,NA,NA,NA,8992,8137,11103,16411,NA,15815,NA,NA,NA,11538,12365,8273,11116
"STU002191",6751,8106,7845,5719,22380,4796,9226,NA,NA,NA,NA,NA,NA,NA,NA,34425,13586,13744,NA,19046,21264,NA,NA,NA,NA,13427,15399,16320
"STU002192",NA,NA,NA,NA,NA,9231,8048,11202,12697,11519,NA,NA,NA,NA,NA,NA,NA,NA,NA,NA,NA,NA,NA,20443,15603,NA,20354,11144
"STU002193",9635,7607,9712,7556,NA,NA,9829,6501,7200,8701,8822,16180,13768,10908,NA,NA,8659,7293,7381,6081,11372,5866,7898,7604,7822,7527,8869,8103
"STU002194",8295,10668,16620,3144,NA,NA,NA,9777,NA,NA,NA,NA,NA,17295,10474,13356,NA,NA,NA,NA,4749,6848,5404,14158,10375,NA,NA,13051
"STU002195",10141,4240,5647,NA,NA,6089,8549,NA,NA,15905,6403,7248,NA,16375,NA,NA,17928,9840,11773,13903,14252,9669,NA,10316,10744,NA,NA,NA
"STU002196",NA,NA,NA,NA,NA,NA,NA,NA,NA,NA,NA,NA,NA,13481,14099,17032,NA,NA,NA,32951,28235,19544,18587,17336,15810,28199,17936,23314
"STU002197",11331,8671,6948,11595,8480,NA,8121,11857,7818,10677,7311,8045,NA,NA,NA,7988,10268,11490,7739,9649,12528,7693,10212,15684,7130,7818,NA,NA
"STU002198",NA,NA,NA,NA,NA,NA,NA,NA,NA,NA,NA,NA,NA,NA,NA,NA,NA,NA,NA,NA,NA,NA,NA,NA,NA,NA,NA,NA
"STU002199",NA,NA,NA,NA,11300,NA,NA,18577,13183,NA,12441,9399,21465,20727,11594,13993,13610,21664,NA,NA,12044,16853,17087,15826,15037,11196,14211,13767
"STU002200",6612,4701,NA,NA,NA,4635,6448,5742,6442,NA,NA,8279,10527,10990,NA,NA,NA,16746,16985,12853,15353,14950,NA,NA,NA,NA,NA,NA
"STU002201",NA,NA,NA,6464,5284,NA,NA,5262,NA,NA,NA,10513,10783,10766,10850,7446,6931,12089,12920,11489,13242,13119,10062,NA,13573,16427,7598,10974
"STU002202",NA,NA,NA,NA,NA,NA,NA,NA,NA,NA,NA,NA,NA,NA,NA,NA,NA,NA,NA,NA,NA,19589,32543,23472,NA,17862,14329,17738
"STU002203",NA,NA,NA,NA,NA,NA,NA,NA,NA,NA,NA,NA,NA,NA,NA,NA,NA,NA,NA,NA,NA,NA,NA,NA,NA,NA,NA,NA
"STU002204",NA,NA,NA,NA,NA,NA,NA,NA,NA,NA,NA,NA,NA,NA,NA,NA,NA,NA,NA,NA,NA,27690,19671,19608,NA,NA,NA,NA
"STU002205",8922,13230,5002,7399,10288,NA,NA,NA,NA,10313,13660,11010,8506,7500,NA,NA,NA,10033,7906,9641,NA,NA,8379,12344,9017,10032,NA,NA
"STU002206",NA,NA,NA,13532,NA,NA,9778,16887,7326,14224,NA,9736,13802,13192,13563,8667,10905,14377,14777,9502,7050,NA,14015,13788,10192,13542,9464,15611
"STU002207",NA,NA,NA,NA,NA,NA,NA,NA,NA,NA,NA,NA,NA,NA,NA,NA,NA,NA,NA,NA,NA,NA,NA,34762,NA,NA,20559,NA
"STU002208",15303,8443,NA,NA,NA,NA,7419,NA,NA,NA,NA,NA,7460,5568,4521,5753,9077,NA,19702,NA,NA,16758,8207,8471,16680,6740,10261,5159
"STU002209",NA,NA,NA,NA,NA,NA,NA,NA,NA,NA,NA,NA,NA,NA,NA,NA,NA,NA,NA,NA,NA,NA,NA,NA,NA,NA,NA,NA
"STU002210",NA,NA,NA,NA,NA,NA,NA,NA,NA,NA,NA,NA,NA,NA,NA,NA,16021,NA,NA,NA,NA,21915,15354,19624,14956,16672,14204,15979
"STU002211",14125,NA,23942,8735,NA,8560,11209,10391,13729,11801,NA,NA,NA,13969,23885,NA,17839,24493,21841,16464,NA,NA,14964,16775,14436,NA,NA,14137
"STU002212",4146,7131,5509,NA,NA,NA,NA,NA,4756,9634,8202,NA,NA,NA,8334,8005,NA,NA,NA,8925,10949,10050,6168,10196,7978,11434,15499,13186
"STU002213",12777,2756,NA,NA,5522,NA,NA,NA,5281,6376,NA,14901,NA,NA,NA,NA,9338,NA,6810,NA,NA,12945,9412,13357,11796,9817,15581,8663
"STU002214",NA,NA,NA,NA,NA,NA,NA,11485,6866,NA,9804,5421,7681,4551,3253,10690,9637,7133,16398,16346,NA,NA,18412,11772,16824,NA,9323,17675
"STU002215",4607,3129,3295,8122,NA,5151,5667,2853,9193,4363,5444,NA,NA,NA,NA,NA,8272,NA,17887,NA,7424,12590,15141,NA,6051,12859,10035,NA
"STU002216",5966,7286,13816,14151,14319,11718,NA,11627,14902,18603,15921,11009,12536,9443,NA,NA,NA,NA,NA,NA,NA,14761,NA,NA,NA,NA,11710,9980
"STU002217",6476,6591,10089,10424,NA,NA,NA,NA,NA,NA,21443,17199,8757,16667,NA,12631,18646,17002,NA,NA,NA,NA,NA,NA,23712,15331,15641,26523
"STU002218",13670,7609,6347,7141,NA,18935,NA,NA,NA,NA,NA,18840,5178,8896,11017,NA,5803,17442,21987,NA,NA,27958,14803,16549,14081,11566,14373,13431
"STU002219",3762,7890,NA,NA,14185,10143,15039,10902,NA,NA,NA,NA,NA,12713,11107,NA,11422,NA,19670,17180,14076,7405,10787,12793,12982,NA,10649,15687
"STU002220",6587,7983,3762,5142,5546,3547,5089,6395,4865,13352,NA,NA,NA,6133,5553,NA,NA,NA,5656,NA,NA,NA,10360,14903,10855,13495,4981,12763
"STU002221",11259,8709,10103,10687,12478,NA,14516,22187,10922,11082,9003,NA,NA,NA,NA,NA,NA,NA,15664,9840,15195,11074,14647,14744,8977,10778,13356,11870
"STU002222",13834,NA,NA,8896,15564,19065,NA,NA,NA,NA,NA,NA,NA,14232,9134,NA,20595,32076,NA,25677,25463,38924,NA,32704,40572,26115,42887,39607
"STU002223",11685,14131,18294,NA,14009,8935,12241,9824,15876,12751,10320,12417,NA,NA,NA,18143,19119,25145,25419,22701,35726,22359,24544,NA,27040,18498,44811,25126
"STU002224",NA,NA,NA,NA,NA,NA,NA,NA,NA,NA,NA,NA,NA,NA,NA,NA,6753,7228,7607,8550,10043,7082,9000,9473,14142,NA,NA,18804
"STU002225",3165,5921,NA,4977,5615,7071,NA,5067,11249,9403,12098,9367,NA,NA,7422,8356,12807,NA,NA,NA,NA,12485,14734,12080,12437,16133,NA,9886
"STU002226",12531,7089,NA,NA,NA,NA,12471,8955,11132,NA,13017,10014,10025,NA,9561,NA,9959,NA,NA,7142,11847,10823,16354,9521,8324,13288,12066,19089
"STU002227",NA,NA,NA,NA,NA,NA,NA,NA,NA,NA,NA,NA,NA,NA,NA,NA,NA,NA,NA,14006,21992,9174,17088,23531,14749,27443,23640,30547
"STU002228",10008,8373,7126,NA,NA,NA,NA,NA,NA,NA,NA,8817,10630,7607,5481,8804,10226,8906,6489,7923,7773,11664,7996,7646,8161,7854,12615,8447
"STU002229",NA,5863,9167,4614,4347,3525,NA,NA,NA,NA,6151,10667,NA,NA,NA,NA,NA,NA,9581,9419,6214,17795,6164,11699,10330,NA,NA,13150
"STU002230",9371,5853,NA,NA,NA,7397,NA,NA,4860,4588,4515,8772,19167,NA,NA,5002,5404,5993,NA,NA,NA,NA,NA,NA,NA,NA,NA,12640
"STU002231",8960,3877,NA,NA,6328,NA,4898,6441,6656,7774,11789,NA,NA,NA,8785,7105,NA,NA,9707,11940,11276,11782,13644,11788,9515,7148,13080,8661
"STU002232",11268,8834,NA,NA,NA,NA,NA,33161,14554,21128,38075,NA,NA,NA,17036,16192,20689,17204,NA,NA,NA,NA,NA,20345,NA,NA,NA,NA
"STU002233",10015,11323,NA,7747,9980,5629,6730,14471,7657,8735,NA,NA,NA,NA,15553,9317,NA,NA,11823,8389,14752,NA,NA,NA,8351,12724,7725,12576
"STU002234",NA,8489,NA,7924,6480,7326,6140,7257,NA,NA,7739,5659,3561,5393,9113,7013,15058,NA,NA,7255,10218,11789,15035,9413,14024,11600,12120,10240
"STU002235",11785,NA,NA,NA,9296,11418,NA,NA,NA,NA,NA,13919,13662,9697,8756,20746,20771,51818,17761,18779,31302,30514,11106,16000,15362,17832,18315,17295
"STU002236",NA,NA,NA,NA,7337,NA,4747,9168,8224,8563,8233,8657,9481,6966,13741,8413,6957,9198,10623,7699,14034,9060,7784,11143,12339,13778,7951,NA
"STU002237",14280,NA,NA,6395,7470,10560,15070,NA,21033,11033,18047,21619,NA,NA,NA,NA,12634,17031,NA,NA,13296,13789,20128,18880,NA,NA,NA,17024
"STU002238",10344,9616,11174,7449,NA,NA,15440,14115,12017,NA,12610,14448,13489,13466,15493,15601,10930,10935,14496,11860,11731,10118,NA,NA,NA,NA,NA,NA
"STU002239",7514,9896,NA,7143,7694,5265,NA,7302,NA,NA,NA,NA,NA,13459,NA,NA,NA,NA,8063,8586,8825,NA,NA,NA,NA,12025,8835,11425
"STU002240",9620,NA,NA,NA,NA,NA,NA,NA,NA,NA,3621,9036,6453,5677,NA,6910,11588,8572,7059,NA,NA,NA,NA,11410,13467,9737,NA,11349
"STU002241",9187,11587,7490,NA,NA,NA,16924,11331,18916,14216,22653,15827,NA,NA,NA,NA,NA,NA,NA,NA,NA,NA,NA,NA,14638,12372,17819,NA
"STU002242",7242,NA,6565,8924,6242,NA,11617,8536,7006,9785,7809,9968,11800,7877,7581,7264,9788,NA,NA,NA,NA,12718,13962,NA,NA,11899,11761,NA
"STU002243",NA,15503,NA,NA,NA,8041,NA,NA,12379,NA,11556,11722,14304,15501,NA,9246,11989,7664,9208,14254,10667,5924,10686,9202,9189,12527,NA,7229
"STU002244",NA,NA,NA,NA,NA,9218,NA,NA,NA,NA,NA,NA,NA,NA,11600,NA,11457,11854,14346,8447,13785,13226,10416,20385,11714,18677,27455,13621
"STU002245",NA,NA,NA,NA,17791,NA,NA,17861,14007,NA,NA,NA,6735,8550,11153,17918,8297,13477,9948,14524,9867,9801,9896,10689,9680,12202,NA,NA
"STU002246",NA,NA,NA,NA,7212,5758,5224,NA,NA,NA,15551,12412,14597,10735,9001,14403,11945,NA,NA,NA,15207,12206,9680,9078,14739,12057,11567,NA
"STU002247",7940,NA,NA,9280,7652,12035,12395,13007,8034,9832,7905,NA,11458,8113,NA,10922,12863,NA,8873,12116,11517,11665,8015,10665,NA,8360,14162,11358
"STU002248",NA,NA,NA,NA,NA,NA,NA,NA,NA,NA,NA,NA,NA,NA,NA,NA,NA,NA,NA,NA,NA,23114,23416,11806,23619,24031,16167,15150
"STU002249",7464,8866,5681,8799,10754,NA,NA,8753,NA,NA,NA,NA,NA,12298,7568,12769,7528,NA,NA,7825,NA,11433,NA,NA,11376,15695,10683,12517
"STU002250",12240,9920,NA,NA,4622,3227,6399,NA,NA,NA,NA,NA,NA,NA,13861,6317,NA,NA,NA,12732,6339,9678,7930,6930,10605,NA,NA,NA
"STU002251",NA,NA,NA,NA,NA,NA,NA,NA,NA,NA,NA,NA,NA,NA,NA,NA,NA,NA,NA,NA,NA,NA,NA,4943,9745,13822,10210,19639
"STU002252",NA,NA,NA,NA,NA,NA,NA,NA,NA,NA,NA,NA,9043,8629,5878,5560,NA,NA,NA,11233,NA,13215,NA,NA,NA,10083,10864,12704
"STU002253",NA,NA,NA,NA,NA,NA,NA,NA,NA,NA,NA,NA,NA,NA,NA,NA,NA,NA,NA,NA,NA,NA,NA,NA,NA,NA,NA,NA
"STU002254",21882,13497,14306,NA,NA,NA,NA,17486,6759,15082,13008,NA,NA,NA,NA,NA,NA,NA,NA,10878,21946,11297,14163,15552,23185,NA,NA,NA
"STU002255",NA,NA,NA,NA,NA,8029,NA,13068,7321,NA,NA,NA,16632,10635,7701,NA,9235,12735,10825,8232,7412,16593,9095,13231,13434,NA,NA,NA
"STU002256",NA,NA,NA,NA,NA,NA,NA,NA,NA,NA,NA,NA,NA,NA,NA,NA,25714,11516,19817,17037,11005,16213,10577,19259,16067,20951,22052,14626
"STU002257",8806,14242,12815,NA,NA,NA,NA,NA,12244,11478,13557,NA,NA,NA,14485,NA,NA,NA,NA,NA,NA,NA,NA,NA,NA,NA,NA,12243
"STU002258",3243,5060,7517,3412,NA,NA,NA,4918,NA,NA,9202,4740,3498,9057,7094,5433,5721,NA,NA,NA,NA,10529,NA,NA,7310,13650,15489,9135
"STU002259",NA,NA,NA,NA,11597,9961,NA,NA,NA,NA,NA,NA,NA,NA,NA,16155,14527,11834,18314,13074,NA,NA,NA,NA,13756,NA,NA,NA
"STU002260",10540,5593,7985,9006,6940,5318,7548,10288,7042,NA,5607,5865,8894,11361,11745,NA,NA,8456,NA,NA,NA,NA,NA,NA,NA,NA,11240,15549
"STU002261",NA,NA,NA,NA,NA,NA,NA,NA,NA,NA,NA,NA,NA,NA,NA,NA,NA,NA,NA,NA,NA,NA,NA,NA,NA,NA,NA,NA
"STU002262",18706,12616,19194,NA,16541,10410,12526,13291,11261,14597,18795,14808,15674,NA,NA,NA,NA,NA,NA,12999,NA,NA,11887,14194,17609,NA,NA,NA
"STU002263",NA,9771,11912,13057,8942,NA,NA,NA,NA,NA,6082,14305,NA,NA,NA,13055,10804,14143,10777,11493,14650,15919,23974,11693,12342,16332,13841,10986
"STU002264",8450,15965,12018,11637,9728,13035,NA,12419,10039,NA,NA,NA,9648,10538,30666,NA,22684,20961,29486,NA,NA,31691,17459,NA,NA,29912,NA,NA
"STU002265",4261,4695,5105,NA,NA,11360,8720,8413,4950,3679,7008,7341,10582,9423,NA,NA,NA,5085,8613,6217,8266,7019,10089,15181,24507,7393,17693,16194
"STU002266",9289,NA,NA,4846,11270,8236,8155,6014,7895,NA,6796,9204,NA,NA,NA,NA,NA,7319,9181,19325,17303,14312,17314,NA,26270,15540,10410,NA
"STU002267",NA,8822,10834,7233,5055,9430,5801,NA,8643,NA,7883,6313,7883,NA,NA,8098,NA,NA,10457,13299,NA,NA,15000,10313,9794,11126,NA,9891
"STU002268",NA,NA,NA,NA,NA,NA,NA,NA,NA,NA,NA,NA,NA,NA,NA,NA,NA,NA,NA,NA,NA,NA,NA,NA,NA,NA,NA,NA
"STU002269",5472,NA,5961,NA,5803,5102,4910,NA,NA,NA,NA,NA,NA,NA,11048,13535,7766,6219,8317,7255,NA,NA,NA,NA,10923,10709,8899,15601
"STU002270",6306,13917,5680,5506,18327,15773,6460,6785,7935,7006,6770,11421,NA,NA,NA,NA,NA,NA,NA,NA,NA,NA,NA,NA,NA,13801,15449,9526
"STU002271",4686,4828,5033,11796,11426,10123,7037,6471,5067,6834,9685,8964,11350,NA,10437,10914,11186,9412,9425,NA,7694,10512,NA,NA,NA,NA,5428,11371
"STU002272",7543,13107,5747,6854,8727,8174,9029,NA,NA,10402,16091,NA,NA,NA,11040,13337,6661,NA,NA,22286,9721,6371,11489,12873,7928,14703,13859,15340
"STU002273",7547,6665,NA,4787,NA,NA,NA,NA,10929,14660,NA,NA,NA,15010,9583,19723,21268,13796,18021,18432,16130,11787,12381,12738,NA,NA,NA,NA
"STU002274",13375,NA,NA,6162,5602,6569,5348,8741,7339,15684,NA,NA,NA,NA,10033,8178,9076,NA,NA,NA,NA,NA,NA,NA,NA,9815,11917,13003
"STU002275",NA,7270,9245,6822,6304,7147,10814,11088,9661,8137,NA,6745,6699,11067,10959,NA,NA,NA,NA,NA,NA,4389,10888,11601,7983,9750,9404,9343
"STU002276",11370,11881,NA,NA,NA,NA,6486,NA,6856,13636,14447,NA,NA,NA,NA,NA,14512,10702,9152,10426,9755,NA,NA,NA,13677,14826,NA,NA
"STU002277",NA,NA,NA,NA,NA,NA,NA,NA,NA,NA,NA,NA,NA,NA,NA,NA,NA,NA,NA,NA,NA,17288,10570,13837,15013,12355,24184,20281
"STU002278",NA,NA,NA,NA,NA,NA,NA,NA,NA,5926,5534,5578,4248,NA,NA,NA,NA,NA,8906,16474,14205,13868,NA,NA,NA,9784,16600,NA
"STU002279",NA,NA,NA,NA,NA,NA,NA,NA,NA,NA,NA,NA,NA,NA,NA,NA,NA,NA,NA,NA,NA,NA,NA,15460,13282,21532,16504,NA
"STU002280",10414,NA,5297,7628,7930,NA,3672,NA,NA,NA,9843,11512,NA,NA,NA,8708,NA,6906,NA,NA,20943,NA,NA,14142,NA,NA,NA,NA
"STU002281",NA,NA,10089,7394,6714,7570,10865,8086,NA,8493,6999,9603,13799,9274,4836,10256,7720,10895,NA,NA,8749,NA,NA,9368,8502,NA,14086,10008
"STU002282",NA,NA,NA,NA,NA,NA,NA,NA,NA,NA,NA,NA,NA,NA,NA,NA,NA,NA,NA,NA,NA,NA,NA,NA,NA,NA,NA,NA
"STU002283",NA,NA,NA,NA,NA,NA,NA,NA,NA,NA,NA,NA,NA,NA,NA,NA,NA,NA,NA,NA,NA,NA,NA,NA,NA,NA,12887,28863
"STU002284",7555,NA,NA,NA,8547,4169,9562,11470,NA,8602,6705,10193,4571,10107,6747,NA,10905,12802,7657,17384,NA,NA,NA,NA,NA,NA,14191,29152
"STU002285",17525,NA,NA,8231,12967,13822,6627,9851,NA,7292,5231,10356,NA,NA,NA,NA,NA,7193,9454,8484,NA,NA,NA,13153,31315,23349,16376,14350
"STU002286",NA,NA,NA,NA,NA,NA,NA,NA,NA,NA,NA,14955,13411,13028,16968,19464,17465,18664,10597,19863,11700,15867,13690,29246,12634,18043,22241,15871
"STU002287",NA,NA,NA,NA,NA,NA,NA,NA,NA,NA,NA,NA,NA,NA,NA,18643,NA,NA,NA,NA,12703,15266,20268,37081,30058,18824,30039,NA
"STU002288",NA,NA,NA,NA,NA,NA,NA,NA,11855,14877,16622,8046,NA,NA,NA,15308,19307,17873,20506,NA,NA,12818,NA,NA,NA,21906,17718,27850
"STU002289",5199,6083,6003,9127,5562,6445,7888,9807,9681,NA,7538,6448,NA,NA,NA,9073,10555,6512,8705,9336,9316,13362,NA,NA,6631,9063,6084,7126
"STU002290",9316,NA,10275,9364,9638,NA,NA,NA,11193,10275,10756,NA,NA,9877,6734,15449,9463,13274,14708,9965,NA,12543,7477,9127,NA,10526,16708,9639
"STU002291",8264,6515,8046,9122,NA,6405,8790,5684,8999,17857,10788,7629,NA,NA,NA,NA,12285,12797,9349,10833,9979,NA,NA,NA,11269,NA,NA,NA
"STU002292",NA,NA,NA,NA,7755,NA,6155,13870,10460,15906,18163,7508,9116,8875,10913,16574,18068,16401,NA,NA,NA,NA,NA,NA,23786,22963,18145,15993
"STU002293",NA,NA,NA,NA,NA,NA,NA,6052,5138,NA,NA,NA,NA,NA,NA,NA,7637,6675,NA,NA,21494,NA,NA,18039,28870,NA,NA,NA
"STU002294",9152,13968,10336,NA,NA,NA,NA,8409,22655,13008,17030,9264,NA,10588,7285,9102,NA,NA,NA,NA,NA,NA,11835,15625,12809,11834,7586,11455
"STU002295",NA,NA,15196,NA,4251,7167,7374,4631,NA,6780,NA,9873,NA,6891,10112,9333,11894,NA,9630,10191,12496,15046,8638,18560,20684,11254,19651,NA
"STU002296",NA,NA,NA,NA,NA,7910,8731,NA,NA,NA,NA,15522,8574,8563,6197,12550,NA,NA,9543,8749,18581,21740,12324,16015,17423,8692,10734,10877
"STU002297",10601,8627,NA,NA,NA,4576,7096,10488,9817,NA,NA,5316,8790,NA,NA,NA,NA,7687,11631,8490,NA,NA,9929,NA,NA,NA,NA,7914
"STU002298",NA,NA,NA,NA,13686,14366,8906,11909,NA,10188,9566,NA,15446,13345,NA,NA,NA,15830,10102,13810,7065,NA,NA,10107,NA,NA,NA,17285
"STU002299",NA,NA,NA,NA,NA,NA,NA,NA,NA,NA,NA,NA,NA,NA,NA,NA,NA,NA,NA,NA,NA,NA,NA,NA,NA,NA,NA,NA
"STU002300",15378,NA,6806,8187,9632,9882,5594,13560,NA,NA,NA,NA,NA,11666,17177,NA,13080,20402,NA,NA,NA,NA,NA,11846,14357,14073,21339,28941
"STU002301",6795,5573,3776,NA,NA,NA,NA,4167,5845,NA,NA,20376,8411,NA,NA,NA,NA,12163,6563,9993,15011,12380,NA,17144,14806,5937,16044,NA
"STU002302",NA,8615,5999,6503,10400,6512,NA,NA,NA,NA,NA,NA,12586,10438,11079,10689,13354,NA,14736,10443,6419,8240,10753,10022,NA,NA,NA,NA
"STU002303",NA,NA,NA,NA,NA,NA,NA,NA,NA,NA,NA,NA,NA,NA,NA,NA,NA,NA,NA,NA,NA,NA,NA,NA,NA,NA,NA,NA
"STU002304",8887,5061,5891,5406,7087,7941,8007,5022,18056,NA,NA,8605,16360,NA,7399,8532,NA,11252,17922,13687,17576,38422,NA,NA,NA,19266,NA,9188
"STU002305",10297,8398,6289,6891,NA,NA,NA,NA,6196,NA,NA,NA,NA,NA,4714,24029,14733,NA,NA,NA,NA,NA,NA,NA,16624,26549,NA,NA
"STU002306",NA,NA,NA,NA,NA,NA,NA,NA,NA,6760,12852,14897,7152,19212,NA,NA,NA,23041,19921,NA,NA,NA,NA,NA,NA,NA,NA,NA
"STU002307",NA,NA,18902,11186,5938,10115,8859,NA,10984,10779,11103,16030,14052,NA,NA,NA,13923,8150,14553,11589,11800,10492,NA,NA,NA,NA,NA,NA
"STU002308",NA,11460,8156,NA,NA,NA,NA,NA,9859,11120,9117,NA,NA,NA,NA,6364,12917,8920,8133,15101,10849,9614,NA,NA,NA,15358,11910,13918
"STU002309",11729,12124,13187,NA,5674,NA,6402,4430,10801,7037,5021,NA,NA,NA,NA,NA,8505,12340,9534,19147,11296,NA,NA,24329,21114,11121,12935,NA
"STU002310",11898,NA,NA,NA,NA,NA,NA,NA,NA,NA,NA,NA,NA,NA,26999,24299,13224,13144,23280,15296,30764,19172,22897,24412,15882,NA,NA,NA
"STU002311",11922,NA,11373,6148,14524,10772,18020,10541,13689,13023,12043,NA,NA,NA,NA,NA,NA,14092,16458,NA,9615,13955,19193,NA,NA,NA,NA,NA
"STU002312",5751,NA,NA,NA,NA,5348,NA,NA,NA,NA,20104,8933,13832,NA,NA,NA,NA,15266,13947,14314,14829,19483,12240,12310,17641,13437,15619,13056
"STU002313",15907,NA,12218,12244,11904,15865,NA,8713,NA,NA,NA,NA,11563,11111,7943,9166,15829,NA,11814,13454,18080,NA,11927,13425,10424,9836,10348,11867
"STU002314",12468,NA,NA,NA,NA,NA,NA,NA,NA,14004,10572,11109,10851,11525,10945,8384,10005,10088,10096,11778,8205,NA,NA,NA,NA,NA,NA,11787
"STU002315",13565,12329,9366,10497,NA,8818,8964,8236,8786,13660,8418,8428,9415,10556,12900,13815,21743,14445,15693,NA,NA,NA,18309,16461,14764,19772,20779,17899
"STU002316",7970,9555,4082,5739,6286,7407,NA,NA,8545,7375,NA,NA,NA,5198,5678,8601,7521,8406,NA,8498,10567,17887,9199,NA,NA,NA,NA,NA
"STU002317",10485,6665,7319,13438,13285,NA,NA,NA,NA,NA,NA,22851,28940,26455,12630,23015,NA,NA,NA,NA,NA,18272,21144,32709,17649,8333,19995,25232
"STU002318",NA,NA,13785,NA,NA,7623,7141,7906,NA,NA,NA,NA,NA,NA,11550,10338,15048,13045,10847,20078,15325,12754,17537,NA,16038,11840,14669,12328
"STU002319",6416,9658,5232,8446,6456,NA,NA,NA,6570,16138,15618,5799,8160,8342,11925,8863,NA,NA,NA,NA,NA,NA,NA,NA,7207,7124,NA,NA
"STU002320",NA,NA,NA,NA,NA,NA,NA,NA,NA,NA,NA,15462,11250,12004,NA,NA,17962,NA,14029,14295,14386,23032,17922,12625,14425,12854,NA,NA
"STU002321",NA,7177,17480,7671,12037,11589,NA,NA,NA,NA,NA,8617,11821,11811,11953,5709,9860,14492,10521,11225,13194,16030,12316,NA,9992,11871,11031,10934
"STU002322",9479,9488,7033,NA,NA,9253,10308,15497,9623,11205,NA,11261,NA,NA,8004,10201,13459,14964,NA,NA,NA,NA,NA,NA,7725,11667,10710,10849
"STU002323",NA,NA,NA,NA,NA,NA,NA,NA,NA,NA,NA,NA,NA,NA,NA,NA,NA,NA,NA,NA,NA,NA,NA,NA,14620,16655,22684,22341
"STU002324",7014,NA,NA,NA,NA,21538,15819,11345,14406,12848,16576,14712,18440,13160,NA,19489,15767,12782,20752,24198,14765,22843,25996,15274,NA,NA,18833,27228
"STU002325",9184,10991,7906,4642,NA,NA,NA,NA,NA,NA,NA,NA,NA,9674,10560,7848,6282,7383,6089,8934,NA,NA,12450,10859,7989,14883,NA,NA
"STU002326",NA,NA,NA,NA,NA,NA,NA,NA,NA,NA,NA,NA,NA,NA,NA,NA,NA,NA,NA,NA,NA,NA,6284,NA,NA,9213,12998,5782
"STU002327",7826,6390,12152,6645,7500,8917,17590,NA,NA,NA,8365,12107,NA,9570,NA,NA,5322,8706,NA,NA,NA,NA,NA,14278,12669,14879,NA,NA
"STU002328",NA,NA,NA,NA,7961,12287,6683,6844,8375,NA,NA,NA,6989,10088,12047,NA,7782,9780,10295,9764,NA,NA,14642,7291,12404,8441,NA,NA
"STU002329",5752,4139,3724,6191,6218,4954,4652,3953,12685,NA,NA,10389,6738,7834,6611,7207,8322,18843,13558,NA,10271,7390,6512,9485,6431,NA,NA,NA
"STU002330",NA,NA,NA,NA,NA,NA,NA,NA,NA,NA,NA,NA,NA,NA,NA,NA,NA,NA,16836,18776,12972,NA,NA,14038,NA,NA,NA,NA
"STU002331",14092,18492,NA,NA,12306,9642,9297,NA,6442,NA,NA,NA,23130,14595,20303,NA,NA,NA,NA,NA,NA,NA,NA,NA,NA,14125,NA,9923
"STU002332",9927,9572,12353,10671,7797,7680,NA,11882,8812,10170,9931,10611,NA,8955,NA,8575,NA,NA,7139,7836,11688,NA,7070,11989,11463,10737,10173,NA
"STU002333",NA,NA,NA,NA,NA,NA,NA,NA,NA,NA,NA,NA,NA,NA,NA,NA,NA,NA,NA,NA,NA,NA,NA,12401,14076,21756,NA,NA
"STU002334",NA,NA,NA,NA,NA,NA,NA,NA,NA,NA,NA,14381,13223,NA,14876,14200,7613,7028,15849,15434,NA,NA,NA,11823,NA,NA,NA,NA
"STU002335",10282,6012,NA,14587,NA,NA,NA,13631,13879,NA,NA,18851,39185,NA,NA,NA,NA,NA,NA,NA,NA,NA,20212,16178,NA,NA,NA,NA
"STU002336",NA,NA,NA,NA,NA,NA,NA,NA,NA,NA,NA,NA,8567,NA,NA,10532,4678,NA,4461,8076,NA,NA,7958,9084,9799,NA,NA,NA
"STU002337",NA,NA,NA,NA,NA,NA,NA,9745,NA,NA,NA,NA,NA,NA,16357,11176,18935,11462,25543,NA,NA,NA,6173,23876,12815,15426,NA,15514
"STU002338",6635,5895,4214,NA,NA,NA,8689,5194,9652,8109,NA,7120,NA,NA,NA,NA,8451,10273,NA,NA,NA,NA,13818,29489,20522,28630,18086,16611
"STU002339",NA,NA,NA,NA,NA,9402,10538,15232,NA,5431,8801,NA,NA,NA,NA,7417,16369,8673,9303,7552,NA,NA,NA,NA,25297,21721,NA,NA
"STU002340",NA,NA,NA,NA,NA,8668,14748,NA,NA,NA,18511,9822,16255,NA,NA,11319,13455,15205,17781,16209,11158,11622,13416,13234,12197,17753,NA,NA
"STU002341",NA,NA,NA,NA,NA,NA,NA,NA,10726,15425,19250,NA,NA,NA,NA,21362,NA,NA,NA,20990,17383,15827,12859,10753,11097,23851,18580,17146
"STU002342",NA,9437,NA,NA,NA,NA,NA,NA,NA,NA,NA,NA,5580,12584,15634,9547,15524,8859,8791,7728,5772,13172,6564,7666,8887,10931,12459,7214
"STU002343",3803,8287,4423,6649,3118,7258,6562,12049,13250,NA,NA,NA,NA,NA,NA,NA,NA,11301,12969,11356,28576,15107,15425,14739,11019,NA,NA,11328
"STU002344",NA,NA,NA,NA,NA,NA,NA,NA,NA,NA,NA,NA,NA,NA,NA,NA,NA,NA,15910,11769,13106,24311,29317,16026,15118,18342,19818,10642
"STU002345",NA,NA,15868,15773,11848,10497,11246,NA,NA,NA,NA,NA,NA,21851,NA,NA,15265,23418,14741,7486,12489,14155,8878,22506,18703,12832,NA,13593
"STU002346",8076,19497,10661,8717,9730,9908,NA,NA,NA,15709,8554,11492,8686,NA,NA,NA,NA,11523,10035,NA,NA,NA,13820,11070,8691,18029,15319,18967
"STU002347",9935,13695,NA,NA,NA,NA,NA,NA,NA,NA,NA,NA,NA,15538,NA,NA,NA,10397,18594,17996,20302,10134,20505,22195,NA,13274,16715,18120
"STU002348",8235,NA,6888,4738,NA,NA,NA,9847,8219,14392,14054,NA,10150,13545,10483,13686,5737,9755,13427,8539,8752,NA,NA,11511,13166,12630,11971,12932
"STU002349",6272,6407,7775,14357,14687,NA,NA,13903,18090,12578,NA,17919,11166,NA,13276,13083,7550,NA,NA,NA,NA,NA,NA,18764,11069,NA,14079,18513
"STU002350",17412,10522,NA,NA,NA,15966,12244,11380,11834,14401,19629,13693,14543,NA,23989,14715,11174,11844,14433,11299,16514,10207,NA,NA,24763,9291,NA,15786
"STU002351",10167,9754,8868,9138,7535,8484,9773,6598,12029,8844,NA,NA,7289,7659,NA,NA,9849,NA,NA,8328,NA,NA,NA,NA,NA,NA,NA,12208
"STU002352",NA,NA,NA,NA,NA,NA,NA,NA,NA,NA,NA,NA,NA,NA,NA,NA,NA,NA,NA,NA,NA,NA,8598,10434,10748,NA,7864,12076
"STU002353",NA,NA,NA,9983,10221,16885,9944,13927,NA,NA,NA,NA,NA,NA,NA,20376,18780,20443,12702,12064,13855,10857,13384,12744,NA,NA,NA,12354
"STU002354",7346,5002,5445,5396,NA,NA,NA,9424,8557,10767,7106,13142,7337,9228,NA,NA,NA,6560,19072,7971,8151,8133,9826,10035,NA,NA,13576,15427
"STU002355",NA,NA,NA,NA,NA,NA,6898,3905,8172,6480,8279,8304,6091,NA,6562,6903,6913,NA,NA,NA,NA,11718,12817,13634,14023,NA,NA,NA
"STU002356",15086,10353,7088,14506,17319,NA,NA,12330,13891,7548,NA,NA,NA,7633,17775,NA,NA,NA,11095,9092,16635,NA,12574,11077,NA,9973,12956,NA
"STU002357",NA,NA,NA,NA,NA,NA,NA,NA,NA,NA,NA,NA,NA,NA,NA,NA,NA,NA,NA,NA,NA,NA,NA,NA,NA,NA,NA,NA
"STU002358",NA,NA,NA,NA,NA,NA,NA,NA,NA,NA,NA,NA,NA,NA,NA,NA,NA,NA,3897,6574,NA,NA,NA,NA,NA,2847,NA,NA
"STU002359",12572,NA,NA,16819,19496,17350,14022,10896,10573,NA,13598,14974,14450,17221,NA,NA,24374,19604,14760,NA,NA,16408,15145,22834,NA,27990,17463,24538
"STU002360",NA,NA,NA,NA,NA,15356,11595,8708,18064,22645,13300,15215,7959,17565,16446,NA,13096,15656,14085,16720,19149,19640,12803,NA,NA,NA,NA,NA
"STU002361",9945,8189,11234,8844,13282,7885,13465,19817,10745,NA,NA,10925,9716,11398,11199,10113,15009,19992,13017,15728,10940,19617,17547,NA,13191,14826,10893,8581
"STU002362",3352,NA,NA,5828,NA,8402,3658,NA,NA,15916,12339,NA,NA,15300,10696,NA,NA,NA,7395,11169,12803,18495,NA,NA,NA,NA,NA,NA
"STU002363",10404,11203,NA,7442,12360,8957,9406,11053,12086,12850,11579,NA,NA,15694,NA,NA,NA,NA,NA,14884,NA,14338,13191,13950,10666,NA,NA,NA
"STU002364",NA,NA,NA,NA,NA,NA,NA,NA,NA,NA,NA,NA,NA,NA,NA,NA,NA,NA,NA,NA,NA,NA,NA,NA,NA,10038,11027,19102
"STU002365",12749,6578,6391,NA,NA,NA,13602,NA,NA,NA,NA,NA,NA,NA,12819,NA,NA,NA,14306,11213,11868,10148,NA,NA,11815,10308,15038,11753
"STU002366",NA,NA,NA,NA,6539,2901,NA,NA,NA,5205,4766,5031,5990,6261,3623,NA,10286,13007,NA,12166,11010,NA,NA,NA,6038,10676,12404,9856
"STU002367",NA,NA,NA,NA,NA,NA,13096,NA,NA,NA,NA,14606,12436,22853,13365,13303,NA,NA,NA,NA,NA,NA,NA,NA,29590,22245,16736,27489
"STU002368",NA,NA,NA,NA,NA,NA,NA,NA,NA,NA,NA,6375,12089,11623,10947,13474,19684,16748,NA,NA,NA,NA,NA,20218,NA,NA,NA,NA
"STU002369",NA,NA,NA,NA,NA,11862,12157,NA,NA,NA,9025,9435,8578,8257,9691,11391,10345,6064,NA,NA,10207,10685,NA,NA,NA,NA,8385,16893
"STU002370",NA,NA,NA,NA,NA,4331,8894,10759,NA,NA,NA,NA,NA,19211,31343,NA,NA,NA,22742,19387,17737,NA,NA,NA,NA,NA,NA,21041
"STU002371",6812,10071,13160,10094,11483,10059,NA,NA,NA,10145,11138,10153,11481,6250,NA,8925,8163,8466,NA,9939,NA,NA,NA,NA,11932,NA,14711,15153
"STU002372",NA,NA,NA,NA,NA,NA,NA,NA,NA,NA,NA,NA,NA,NA,9437,NA,NA,NA,14200,8058,NA,NA,14437,NA,NA,NA,9985,9227
"STU002373",10620,17520,11052,15234,18860,12958,19801,8930,15305,12100,15161,13739,15143,NA,12280,17475,18069,NA,NA,14336,12458,8453,11505,14696,12586,17910,23881,22246
"STU002374",12757,NA,NA,NA,NA,NA,NA,6726,NA,NA,NA,NA,6611,NA,13892,NA,NA,NA,NA,NA,NA,NA,NA,24068,15532,NA,NA,9136
"STU002375",6880,6744,5543,NA,NA,NA,8772,NA,NA,NA,NA,9933,NA,NA,11257,NA,NA,14355,NA,13939,14661,24002,12984,19226,11931,11088,19573,16454
"STU002376",NA,NA,NA,NA,NA,NA,NA,NA,NA,NA,7934,10335,NA,7180,9213,NA,NA,NA,NA,11182,31336,21640,NA,NA,NA,14132,26633,16026
"STU002377",NA,NA,NA,NA,NA,6176,5979,7438,7488,NA,NA,12182,5516,NA,NA,NA,NA,NA,NA,12068,NA,NA,NA,NA,NA,NA,NA,20655
"STU002378",13817,13369,14023,10212,NA,NA,NA,NA,NA,17964,NA,NA,22653,22293,NA,8520,16552,20655,16360,26583,26760,26020,25219,16076,NA,NA,NA,NA
"STU002379",12246,NA,8816,8980,11043,7828,NA,NA,NA,20373,15452,18844,17871,21218,13052,23945,13759,15715,30015,15576,10133,9500,16382,16967,NA,19353,12364,15904
"STU002380",NA,NA,NA,NA,NA,NA,NA,NA,NA,NA,NA,NA,NA,NA,NA,NA,8772,NA,12262,19835,NA,NA,NA,9507,NA,21762,20132,12370
"STU002381",10995,NA,NA,NA,NA,NA,NA,NA,11943,13976,NA,NA,NA,NA,7384,8430,11206,9030,7852,9197,NA,NA,NA,11352,11282,10012,11468,8373
"STU002382",8358,16914,10573,6252,3676,5451,7317,9657,6645,4273,5993,NA,NA,9638,9774,8568,10089,NA,NA,NA,NA,13310,8999,NA,NA,NA,NA,9978
"STU002383",10932,9524,NA,8678,NA,NA,11202,10138,13627,8871,8932,11338,NA,NA,NA,NA,14664,13086,9489,13464,13398,21155,NA,NA,NA,NA,11014,11069
"STU002384",5214,10295,9798,10099,NA,NA,NA,NA,NA,NA,9367,NA,NA,8398,7521,NA,NA,NA,NA,NA,NA,NA,NA,NA,NA,17530,NA,NA
"STU002385",9950,NA,NA,6359,5900,9820,NA,NA,11832,NA,12647,NA,13039,11069,18284,10205,17555,10402,12521,12670,10179,NA,NA,NA,NA,11284,12783,8376
"STU002386",7045,4731,4547,3856,NA,NA,NA,NA,NA,NA,NA,5789,7970,4845,4257,9251,7509,NA,11085,9171,8188,7928,7718,12291,18609,8640,NA,10978
"STU002387",NA,NA,8646,7753,NA,11441,9074,6873,11246,7675,10888,6068,12372,NA,NA,NA,NA,17266,16882,21644,28800,NA,NA,NA,18325,28697,25304,NA
"STU002388",6961,NA,NA,6338,7240,7527,10766,8591,5316,4131,4911,7434,5921,8724,5472,7661,9117,NA,6326,11569,9494,NA,NA,NA,NA,12873,9804,12724
"STU002389",NA,NA,NA,NA,NA,NA,NA,NA,NA,NA,NA,NA,NA,NA,NA,NA,NA,NA,NA,NA,NA,NA,NA,NA,NA,NA,NA,NA
"STU002390",9231,NA,NA,NA,9241,8598,4979,6840,8499,NA,NA,NA,NA,7507,6638,9331,13667,NA,NA,NA,NA,13704,19515,NA,NA,NA,NA,17344
"STU002391",NA,NA,NA,NA,3551,5065,4394,NA,NA,NA,8848,NA,9365,NA,NA,9170,10483,8477,NA,NA,11370,13903,NA,NA,NA,11992,8556,8901
"STU002392",12215,NA,NA,10693,8316,7249,13882,6311,7383,NA,9437,12676,NA,9107,5790,13579,7805,13078,18948,12330,NA,NA,10503,11593,12912,8650,16447,9726
"STU002393",NA,NA,NA,NA,NA,NA,NA,NA,NA,NA,NA,NA,NA,NA,NA,NA,NA,NA,NA,NA,NA,NA,NA,NA,NA,NA,NA,NA
"STU002394",11313,NA,NA,10209,7924,4934,8839,11675,NA,NA,NA,NA,8906,NA,9077,8261,12638,NA,NA,NA,NA,8788,8531,9381,NA,NA,12055,14797
"STU002395",NA,NA,10887,NA,NA,NA,NA,11231,13525,NA,7155,NA,9345,9828,8660,10775,14551,NA,NA,9152,8077,7491,7534,NA,9203,13072,8706,7004
"STU002396",NA,NA,NA,NA,NA,NA,NA,NA,NA,NA,NA,NA,NA,NA,NA,NA,NA,NA,NA,NA,NA,NA,NA,NA,NA,15122,21046,27552
"STU002397",NA,NA,NA,NA,NA,15269,13215,12601,14398,12191,16734,8048,15018,11704,NA,NA,18653,12534,13727,13375,15568,14342,15007,15636,NA,NA,NA,17052
"STU002398",6107,10465,8845,8525,12239,9439,7945,6945,10615,NA,NA,NA,NA,NA,NA,NA,NA,9436,NA,NA,11642,10407,14041,11581,13056,7339,11536,10204
"STU002399",11623,NA,NA,5014,NA,7725,11717,7879,7275,NA,6201,NA,NA,NA,NA,12136,14205,7766,9857,8272,14140,11522,NA,14397,9457,13130,14612,8795
"STU002400",NA,NA,NA,NA,NA,NA,NA,NA,NA,NA,NA,NA,NA,NA,NA,NA,NA,NA,NA,NA,NA,NA,NA,NA,NA,NA,NA,NA
"STU002401",6693,14905,14088,13892,12589,11545,NA,NA,NA,NA,17523,10723,12973,10029,17929,9231,8258,10531,NA,NA,NA,NA,NA,NA,14394,16271,22908,16636
"STU002402",NA,6149,8531,8679,4936,5738,7986,NA,NA,NA,NA,NA,NA,NA,17045,5700,9980,5739,NA,9477,13975,9220,NA,9707,11734,11035,13482,NA
"STU002403",NA,NA,NA,6983,11826,6404,10828,10557,7202,10718,8011,10457,11036,6604,8847,9154,NA,NA,NA,NA,NA,11065,7788,NA,NA,9069,18995,8865
"STU002404",14073,NA,17238,12640,NA,8604,NA,NA,NA,NA,NA,NA,NA,NA,7755,13526,11009,7738,NA,7286,3792,4948,NA,NA,12397,13677,5765,15928
"STU002405",14061,5285,4877,16674,NA,16420,14428,NA,NA,NA,NA,NA,NA,NA,NA,NA,NA,NA,NA,NA,NA,11148,15330,21666,11393,17435,19389,18637
"STU002406",6838,NA,8097,7218,3774,NA,NA,5199,7872,4545,NA,NA,2750,8636,NA,NA,14164,NA,6692,6445,8343,8996,NA,NA,NA,7839,12992,NA
"STU002407",10938,9898,11095,14223,6460,9622,3553,6190,6911,9190,4439,NA,NA,NA,NA,15831,NA,NA,NA,7458,9630,11154,NA,NA,NA,10935,NA,NA
"STU002408",4850,NA,13504,7208,4041,5717,NA,NA,NA,NA,NA,NA,7225,4972,7116,18480,9946,6077,14163,17019,8394,NA,NA,8125,14678,12107,6461,7376
"STU002409",8210,10978,8786,12352,7669,NA,NA,NA,NA,NA,12317,10514,NA,NA,NA,NA,NA,NA,19132,23522,28497,24472,19672,29603,15318,34745,18172,17569
"STU002410",NA,NA,NA,NA,NA,NA,NA,NA,NA,NA,NA,NA,NA,NA,NA,NA,NA,NA,15216,13199,7332,12550,NA,NA,NA,10310,16331,NA
"STU002411",10267,8471,10865,NA,12695,8033,10157,5753,19261,NA,NA,15547,19200,8632,NA,NA,14788,6432,16514,9927,9079,8054,12967,9374,13029,13747,7362,NA
"STU002412",NA,NA,NA,NA,NA,NA,NA,NA,NA,NA,NA,NA,NA,NA,NA,NA,NA,NA,NA,NA,NA,NA,NA,NA,NA,NA,NA,NA
"STU002413",11633,7642,12350,11908,12884,7070,11215,8335,13558,NA,NA,NA,9420,14168,NA,NA,25317,18159,19606,9537,19011,NA,NA,NA,21673,17440,18647,16748
"STU002414",15315,7680,11248,11116,8060,NA,NA,NA,NA,NA,13574,12312,NA,11001,NA,NA,NA,NA,23912,13846,22045,13250,26055,20521,19136,15142,23302,25670
"STU002415",6410,NA,NA,NA,7643,NA,NA,NA,NA,NA,NA,NA,NA,5457,6901,3641,5524,NA,13834,10687,10032,13246,7580,8761,NA,11053,12600,NA
"STU002416",NA,NA,NA,13870,6876,9062,5417,7477,7356,6384,NA,NA,NA,NA,NA,NA,10527,11918,12663,16976,10439,13085,NA,NA,11389,17293,14550,NA
"STU002417",NA,NA,NA,NA,NA,NA,NA,NA,NA,NA,NA,NA,NA,NA,NA,NA,NA,NA,NA,NA,NA,NA,NA,NA,NA,NA,14374,14726
"STU002418",NA,NA,NA,NA,NA,NA,NA,NA,7286,5017,10315,6252,11401,8285,6856,7023,16507,13188,19099,19381,19952,27633,22925,15443,NA,20221,27443,21121
"STU002419",17628,NA,NA,NA,NA,7213,7256,12326,10554,8296,NA,NA,NA,11961,13191,NA,NA,NA,18542,NA,12405,NA,8425,14714,15798,13220,NA,11629
"STU002420",9975,4919,NA,NA,NA,4874,11133,NA,NA,9423,14536,7212,10890,12141,10643,13508,11457,13241,12405,11947,14760,12207,NA,NA,11196,9454,NA,NA
"STU002421",NA,NA,NA,NA,NA,NA,NA,NA,NA,NA,NA,NA,NA,NA,NA,NA,NA,NA,NA,NA,NA,NA,NA,NA,NA,NA,NA,NA
"STU002422",NA,NA,NA,NA,NA,NA,NA,NA,NA,NA,NA,NA,NA,NA,NA,NA,NA,NA,NA,NA,NA,NA,NA,NA,NA,NA,NA,NA
"STU002423",NA,NA,NA,NA,NA,NA,NA,NA,NA,NA,NA,NA,25453,28959,14958,18081,26003,18455,15336,25218,NA,19360,19363,9794,14825,17123,NA,NA
"STU002424",6247,NA,NA,NA,NA,NA,NA,NA,NA,NA,NA,NA,NA,NA,10630,NA,NA,NA,11162,6780,10134,15239,24893,8729,NA,NA,NA,NA
"STU002425",NA,NA,NA,NA,NA,NA,NA,NA,NA,NA,NA,NA,NA,NA,NA,NA,NA,NA,17575,NA,11960,14433,15991,22105,NA,NA,26915,NA
"STU002426",NA,NA,6313,NA,NA,NA,NA,NA,NA,NA,NA,16165,NA,NA,NA,NA,15959,NA,NA,14281,15476,12493,16458,17835,21544,12009,NA,NA
"STU002427",NA,7264,7986,NA,NA,NA,NA,NA,NA,NA,8286,NA,NA,NA,NA,NA,18976,NA,NA,14272,9021,NA,NA,NA,NA,18225,13577,11903
"STU002428",12498,5656,NA,NA,7106,6441,8762,NA,5353,7549,12801,NA,NA,NA,NA,NA,NA,6523,14474,9543,13123,11601,10466,16721,10881,15783,NA,NA
"STU002429",6398,11954,NA,NA,7241,6916,6807,7275,10818,10516,NA,NA,8510,8452,9833,NA,NA,NA,NA,10712,8898,12030,13974,8078,NA,NA,NA,NA
"STU002430",NA,7836,6179,NA,7551,7630,7743,8264,NA,NA,NA,NA,NA,NA,NA,NA,NA,NA,NA,NA,NA,19144,14787,17669,6082,19434,20699,13476
"STU002431",10499,9980,6620,17358,10449,NA,24452,17705,23295,NA,13223,18810,22258,NA,NA,30858,18136,15036,20732,NA,NA,21297,29958,26446,NA,NA,21912,NA
"STU002432",7691,NA,NA,10190,NA,NA,NA,NA,16973,20023,13159,NA,8040,9921,16954,14739,16269,13826,17387,NA,NA,17058,11523,NA,19730,15739,15156,14638
"STU002433",NA,NA,NA,NA,NA,NA,NA,NA,NA,NA,NA,NA,NA,NA,13508,16544,20848,16132,29287,35664,NA,NA,NA,NA,NA,NA,NA,NA
"STU002434",NA,NA,NA,NA,NA,NA,NA,NA,NA,NA,NA,NA,NA,NA,NA,NA,NA,NA,NA,NA,9350,NA,17242,19791,12199,12754,NA,18259
"STU002435",12819,13596,11419,10678,14821,7755,8311,15152,NA,5848,8696,NA,8219,9765,8819,8403,13057,10389,7042,NA,NA,NA,11390,15998,9465,NA,19541,11602
"STU002436",NA,10488,NA,NA,NA,7380,9069,6128,7809,7318,NA,NA,NA,NA,12958,11278,NA,NA,NA,5983,10216,NA,NA,NA,20282,13304,NA,18086
"STU002437",NA,7292,11230,9792,17864,12268,9895,11389,10412,7636,22712,7842,NA,NA,10875,NA,NA,NA,NA,NA,14532,14741,NA,NA,NA,NA,NA,NA
"STU002438",NA,NA,NA,NA,NA,NA,NA,NA,NA,NA,NA,10673,10175,9452,10606,11769,20984,12365,10362,14571,10795,8792,NA,NA,17352,NA,NA,7325
"STU002439",NA,NA,NA,NA,NA,NA,NA,3820,11085,7925,NA,18486,11150,11957,11737,NA,NA,NA,NA,14076,8584,19491,15372,NA,7047,NA,NA,NA
"STU002440",NA,NA,7288,8680,5465,8696,NA,NA,NA,NA,NA,NA,11644,9347,6124,12555,12376,12939,18394,21013,18929,NA,NA,8748,7759,29098,18549,NA
"STU002441",NA,NA,11537,12029,NA,NA,8611,4313,6538,NA,NA,NA,14421,7254,14403,13617,14789,11174,NA,NA,NA,NA,NA,NA,14063,NA,NA,NA
"STU002442",10615,8792,NA,14179,9136,NA,7168,11767,5455,10874,NA,NA,8616,NA,NA,NA,NA,7032,9765,12065,9928,8055,10299,7548,10726,13485,NA,NA
"STU002443",NA,NA,NA,NA,NA,NA,NA,NA,NA,NA,NA,NA,NA,NA,NA,NA,14045,20916,27517,11679,22531,19042,12908,10811,26993,14161,12242,27955
"STU002444",NA,NA,NA,NA,NA,NA,NA,NA,NA,NA,NA,NA,NA,NA,NA,NA,NA,NA,12981,NA,NA,NA,18669,15030,15098,11941,NA,NA
"STU002445",NA,NA,NA,NA,NA,NA,NA,NA,NA,NA,NA,NA,NA,NA,NA,NA,NA,NA,NA,NA,NA,NA,NA,NA,NA,NA,NA,NA
"STU002446",NA,NA,NA,11771,16116,NA,9434,NA,NA,6035,11739,14500,12798,NA,NA,NA,NA,NA,NA,NA,NA,NA,20025,NA,11403,15023,15046,NA
"STU002447",11572,7073,8872,NA,7159,9575,6491,NA,4642,5620,10834,8638,15589,8529,8282,NA,NA,NA,NA,NA,NA,9500,NA,NA,14966,13955,16627,13090
"STU002448",7321,NA,NA,NA,NA,4877,NA,NA,NA,NA,12411,10098,5709,10742,NA,NA,NA,6987,10346,6873,11464,9249,16501,NA,8755,7754,NA,NA
"STU002449",NA,NA,NA,NA,15080,8912,14257,12515,17006,NA,NA,7998,16127,NA,NA,NA,NA,NA,NA,NA,NA,NA,NA,8914,16305,17854,NA,NA
"STU002450",24300,14293,15324,18374,10021,11743,NA,9143,NA,NA,NA,22251,20842,14085,18979,11952,13431,16326,NA,NA,NA,14231,NA,NA,NA,16490,NA,NA
"STU002451",NA,NA,NA,6954,9972,4806,4992,7015,4573,NA,7037,11102,12583,13034,NA,12573,11195,9045,10112,13318,11775,11669,13298,11278,NA,NA,NA,13151
"STU002452",NA,NA,NA,NA,NA,NA,NA,NA,NA,NA,NA,NA,NA,NA,NA,NA,NA,NA,NA,NA,NA,NA,NA,NA,NA,NA,NA,NA
"STU002453",NA,NA,NA,NA,NA,NA,NA,NA,NA,NA,NA,NA,NA,NA,NA,NA,NA,NA,20991,20975,16794,14460,12715,13390,18135,15776,17309,NA
"STU002454",17914,11900,7384,10142,6291,8598,11593,10978,10296,12300,10622,15148,12115,NA,NA,NA,NA,NA,NA,9096,13987,11200,8241,14439,11651,12605,11814,9563
"STU002455",NA,NA,NA,NA,NA,NA,NA,3602,5611,5735,11106,9817,NA,NA,NA,NA,NA,NA,7542,6244,10844,22004,8996,9124,NA,NA,9442,6015
"STU002456",NA,NA,NA,NA,NA,NA,NA,NA,NA,NA,NA,NA,NA,NA,NA,NA,NA,NA,NA,NA,NA,NA,NA,NA,NA,NA,NA,NA
"STU002457",NA,NA,NA,NA,NA,NA,NA,NA,NA,NA,NA,NA,NA,NA,NA,NA,NA,NA,NA,NA,NA,NA,NA,NA,NA,NA,NA,NA
"STU002458",NA,NA,NA,NA,NA,NA,NA,NA,NA,NA,NA,NA,NA,NA,16073,26861,29304,NA,NA,NA,25359,NA,NA,NA,11608,NA,NA,NA
"STU002459",8559,6022,4332,NA,NA,13365,NA,NA,NA,14817,9974,7179,12179,12070,9890,11228,NA,8253,8470,NA,NA,NA,NA,NA,NA,12090,10688,10734
"STU002460",15158,NA,NA,NA,NA,NA,NA,NA,NA,NA,NA,10749,NA,NA,NA,NA,NA,NA,NA,15230,13330,6510,NA,6813,14296,NA,NA,NA
"STU002461",4722,NA,NA,NA,NA,14475,10665,10226,11429,6810,NA,NA,NA,10106,NA,NA,NA,15024,NA,9750,13438,12047,18872,NA,18900,NA,NA,13895
"STU002462",NA,NA,NA,5060,10020,6708,8969,8400,8317,10853,NA,NA,6401,11267,4058,12130,8097,7163,14447,4559,6068,9531,7293,9254,10379,NA,6251,NA
"STU002463",NA,NA,NA,NA,NA,NA,NA,NA,NA,NA,NA,NA,NA,NA,NA,NA,NA,NA,NA,NA,NA,NA,NA,20576,NA,NA,12559,NA
"STU002464",NA,NA,NA,NA,NA,11566,NA,5795,NA,NA,NA,4386,NA,3857,7473,6678,7524,8403,13448,8979,11054,13810,10998,NA,NA,NA,9619,15824
"STU002465",NA,NA,NA,6234,NA,NA,NA,NA,NA,NA,NA,NA,7581,9870,NA,NA,NA,NA,6180,NA,NA,NA,NA,NA,NA,8067,11923,NA
"STU002466",10109,7187,NA,9281,10170,5224,NA,NA,NA,NA,NA,NA,7105,12268,NA,8751,NA,10687,11209,7858,8893,12774,9436,12121,NA,NA,NA,NA
"STU002467",10859,NA,NA,9630,8313,7475,11521,8577,NA,9557,12374,15177,10524,17791,13700,NA,NA,7997,NA,NA,NA,NA,NA,NA,6908,10551,11960,NA
"STU002468",8024,8257,8143,12086,6754,NA,NA,NA,NA,NA,NA,NA,9938,6164,8669,10922,NA,NA,8159,10375,7413,NA,NA,NA,NA,NA,12311,7923
"STU002469",12483,13869,5403,6915,13265,15152,10060,NA,NA,NA,NA,NA,9723,13862,NA,NA,NA,NA,NA,NA,NA,NA,25836,NA,NA,18328,17967,49838
"STU002470",NA,NA,NA,NA,NA,NA,NA,NA,16722,16892,13935,NA,NA,NA,NA,8823,14006,NA,NA,NA,12910,14300,8238,10725,12980,13572,13577,18730
"STU002471",NA,NA,NA,NA,NA,NA,NA,NA,NA,NA,NA,NA,NA,NA,NA,NA,NA,NA,NA,NA,NA,NA,NA,NA,NA,NA,NA,NA
"STU002472",12157,11415,8714,7814,15209,NA,NA,13164,15688,NA,NA,NA,13655,15955,12459,19700,14211,13712,19604,13758,NA,24115,11745,12657,14271,21851,11587,NA
"STU002473",NA,NA,NA,NA,NA,NA,NA,NA,NA,NA,NA,NA,NA,16224,5376,5829,9632,4155,5273,NA,NA,NA,NA,11141,NA,NA,NA,9810
"STU002474",NA,NA,NA,NA,5936,3460,6462,7939,NA,NA,NA,NA,NA,NA,11281,NA,NA,NA,NA,NA,NA,NA,NA,NA,NA,13032,NA,NA
"STU002475",NA,NA,NA,NA,NA,NA,NA,NA,8529,6304,7001,6432,7101,7427,8791,5091,7380,8040,NA,NA,12135,10188,18278,NA,NA,NA,NA,NA
"STU002476",NA,NA,NA,NA,NA,NA,NA,NA,NA,NA,NA,NA,NA,NA,6132,13683,6385,NA,NA,NA,NA,NA,NA,NA,NA,NA,NA,8712
"STU002477",10182,9256,15200,24760,16068,17966,13214,19245,18011,7813,16430,18390,12945,28843,30180,NA,NA,NA,NA,22992,21041,18960,11039,24244,NA,NA,NA,NA
"STU002478",NA,NA,NA,NA,NA,NA,NA,NA,NA,NA,NA,NA,NA,22281,12966,11179,NA,NA,NA,17180,15865,NA,NA,16855,17328,8870,NA,18581
"STU002479",13623,NA,NA,NA,NA,NA,9040,9140,6647,NA,NA,NA,8799,12686,NA,NA,9679,8663,15162,8847,11203,14781,18464,18165,12515,16313,10322,14108
"STU002480",NA,NA,NA,10089,7363,21533,11596,NA,NA,NA,NA,NA,NA,9203,11110,12395,15874,13236,8642,15975,NA,12840,13930,14574,12621,10856,21288,NA
"STU002481",NA,NA,NA,NA,NA,NA,NA,NA,NA,NA,NA,NA,NA,NA,NA,NA,NA,NA,NA,NA,NA,NA,NA,15589,16752,NA,NA,NA
"STU002482",NA,NA,NA,NA,NA,NA,NA,NA,NA,NA,NA,NA,NA,NA,NA,NA,NA,15743,10838,15713,NA,NA,14198,NA,8042,12620,NA,NA
"STU002483",NA,9087,11100,8340,4583,NA,7647,6789,NA,NA,NA,NA,7896,5686,6277,4922,8705,12246,6921,16378,7899,16914,12300,NA,10893,10705,8979,NA
"STU002484",5409,7333,12326,4431,7727,NA,11777,8146,NA,7951,10070,NA,NA,NA,NA,8970,17003,6435,NA,NA,NA,NA,NA,NA,NA,NA,NA,NA
"STU002485",NA,NA,NA,NA,NA,NA,NA,NA,13358,16256,NA,NA,11490,13404,NA,11145,15942,22412,21043,15249,26192,NA,20082,19877,NA,NA,11612,22572
"STU002486",7359,5909,4509,8860,NA,NA,9502,8115,4367,7348,12117,7013,5850,7849,5892,7129,NA,NA,NA,NA,NA,NA,NA,7870,5881,8363,NA,NA
"STU002487",5604,5022,8283,11167,6932,3942,6215,4896,NA,6240,10427,11611,NA,9167,11436,12146,NA,6887,7752,NA,NA,NA,NA,NA,NA,NA,NA,16801
"STU002488",6328,17923,10647,12967,NA,NA,NA,NA,NA,NA,NA,NA,NA,NA,NA,19610,NA,31165,17702,25350,24420,12137,15642,27388,23368,31016,15449,22831
"STU002489",10833,10815,10288,6466,6758,8010,NA,NA,11931,8691,9877,11389,11820,17373,10470,11231,14909,15130,17313,12304,9165,NA,NA,NA,13046,15275,10098,NA
"STU002490",13525,5577,16367,NA,NA,NA,NA,NA,7834,10045,9634,5019,5417,19924,8609,NA,9543,NA,NA,NA,NA,10487,10849,13763,11696,NA,11960,11200
"STU002491",10424,6528,5688,4969,6013,9890,NA,NA,NA,NA,NA,NA,NA,NA,NA,10108,11249,10401,NA,NA,NA,NA,NA,10079,11904,NA,18230,8058
"STU002492",10963,NA,8362,NA,NA,11222,15785,23554,13466,NA,NA,NA,NA,NA,17107,27654,14155,16068,NA,NA,NA,NA,NA,14843,15385,22053,23590,16100
"STU002493",4347,11934,6581,NA,NA,NA,6203,4331,NA,NA,NA,NA,NA,NA,NA,NA,NA,NA,NA,NA,5070,NA,NA,NA,NA,13825,11056,22328
"STU002494",NA,NA,NA,NA,8063,NA,7013,15516,9711,6903,7971,8089,10892,15805,19909,19812,16494,23154,26868,25559,23357,19846,48682,17273,17783,23540,18671,17260
"STU002495",NA,NA,NA,NA,NA,19784,NA,10819,NA,NA,NA,8972,6448,21337,NA,21093,NA,NA,11683,NA,NA,18746,NA,NA,17791,18179,17699,NA
"STU002496",5315,NA,NA,NA,11018,NA,NA,6341,6320,9264,4985,5116,NA,NA,NA,NA,12521,NA,NA,NA,NA,5440,NA,16569,16051,16893,17621,15909
"STU002497",6751,6060,NA,NA,NA,NA,NA,10141,NA,NA,12265,18572,12527,11130,13284,NA,13129,NA,NA,NA,NA,NA,11111,27624,NA,NA,NA,NA
"STU002498",8170,NA,6113,6796,NA,NA,8261,9638,7416,7215,NA,NA,NA,NA,NA,NA,NA,NA,NA,NA,8978,NA,NA,12257,5655,17228,15226,17652
"STU002499",8590,11168,NA,12804,9644,8356,NA,14542,8660,8822,8233,NA,12309,9825,7020,10344,8249,8892,7964,8968,5813,13291,11775,8446,8977,NA,NA,NA
"STU002500",NA,NA,NA,NA,NA,NA,NA,NA,NA,NA,5753,8302,8053,11498,13738,15889,15843,13184,15464,17188,24775,13556,NA,20821,15024,NA,12388,10918
"STU002501",NA,NA,NA,6281,6500,8730,8761,6689,6212,6040,NA,NA,14062,9894,10506,23607,9647,13207,12425,17388,NA,NA,16681,9380,16698,9164,NA,9964
"STU002502",10095,NA,NA,9676,6705,6486,NA,12607,NA,5200,4991,5487,9297,5891,10192,NA,10278,10796,6544,15640,NA,NA,NA,NA,NA,11296,NA,NA
"STU002503",NA,13103,18432,12643,NA,NA,NA,NA,NA,NA,NA,22553,18808,18374,19099,NA,NA,19400,15304,20691,20516,17908,17349,NA,24674,21730,NA,23309
"STU002504",6447,NA,8598,5512,7069,6281,6022,5378,7620,16324,7653,7792,7511,11069,12683,10494,13108,11214,9381,19171,20671,18365,21406,NA,NA,20914,22757,14078
"STU002505",6096,6914,4078,8118,7654,7387,6441,10917,6401,5500,10031,NA,NA,NA,11810,11857,NA,NA,14646,16717,17574,19320,14521,16121,NA,NA,NA,NA
"STU002506",15564,8628,11125,8768,NA,11935,7628,8905,9877,17590,9293,15839,10100,9022,NA,NA,NA,NA,15939,12789,NA,NA,NA,14169,12417,21402,15223,NA
"STU002507",8090,8332,14108,6243,22741,15903,NA,NA,14474,23305,NA,18961,22529,20584,20551,12514,NA,NA,NA,NA,NA,NA,NA,17644,14334,15691,12258,NA
"STU002508",NA,NA,NA,NA,NA,NA,NA,NA,NA,NA,NA,NA,NA,NA,NA,NA,NA,NA,NA,NA,NA,NA,NA,NA,28606,20037,NA,NA
"STU002509",NA,NA,NA,NA,NA,NA,NA,NA,6831,NA,2964,5116,6770,6625,11669,12057,4191,14076,6525,7262,8164,13212,13761,15551,11447,10186,10763,13154
"STU002510",NA,NA,NA,NA,NA,NA,NA,NA,NA,NA,NA,NA,NA,NA,NA,NA,NA,NA,NA,NA,NA,NA,NA,NA,NA,NA,NA,NA
"STU002511",5766,6421,4529,5915,5314,5544,4549,6750,8305,11255,17852,5505,9379,16928,7020,8968,14320,7975,15273,15688,31809,14314,7970,NA,NA,NA,NA,18482
"STU002512",9717,8006,7568,7701,6662,11706,10789,11404,9170,5925,7801,6353,NA,NA,NA,NA,NA,NA,NA,14173,10935,10940,9663,11187,8304,NA,NA,NA
"STU002513",NA,12630,2818,5790,NA,NA,NA,NA,NA,NA,13240,4201,NA,8579,6665,7644,4529,6817,9698,10334,13590,10108,NA,NA,NA,NA,NA,9837
"STU002514",NA,NA,NA,NA,NA,NA,NA,NA,NA,NA,NA,NA,NA,NA,NA,NA,NA,NA,NA,NA,NA,NA,9870,9121,NA,NA,15134,16596
"STU002515",NA,NA,NA,NA,NA,NA,NA,NA,NA,NA,NA,NA,NA,NA,NA,NA,NA,NA,NA,NA,NA,NA,NA,NA,NA,23252,20015,25383
"STU002516",NA,8610,NA,NA,NA,NA,NA,5732,8764,10035,13993,5272,10468,10576,11123,8885,7677,8238,8770,8546,8821,12514,NA,NA,NA,NA,NA,11347
"STU002517",NA,NA,NA,NA,NA,NA,NA,NA,NA,NA,NA,NA,NA,NA,NA,NA,NA,NA,NA,NA,NA,NA,NA,NA,NA,NA,NA,NA
"STU002518",6415,5101,8829,5675,6795,6603,8338,7609,8560,6503,6047,9231,7297,NA,10461,7387,8982,NA,NA,NA,NA,11549,8660,19395,8624,7840,NA,NA
"STU002519",NA,NA,NA,12366,13905,12960,10558,8907,9124,7196,11086,NA,11588,NA,10402,8313,12800,7350,NA,NA,NA,NA,NA,NA,NA,18234,14799,17401
"STU002520",6894,6619,7538,4380,7757,7133,9353,4688,3254,NA,NA,14642,10389,10789,7834,5754,9376,6983,10635,9952,9081,18790,13162,10972,NA,12638,8341,NA
"STU002521",NA,NA,NA,4828,6584,NA,6175,10767,23772,8716,11659,9845,12677,NA,NA,NA,NA,16583,NA,NA,10756,6681,12056,NA,NA,NA,NA,NA
"STU002522",7361,13813,9391,11341,9388,9133,7375,10787,9211,NA,NA,13035,6805,NA,9084,10533,11961,8472,NA,NA,NA,NA,NA,10726,11473,9301,NA,NA
"STU002523",7243,8186,10487,7755,7846,8327,16980,11998,NA,NA,NA,NA,8550,10390,5894,5978,8129,10194,NA,17157,9521,7530,12740,11956,7906,10182,10856,NA
"STU002524",NA,NA,NA,NA,NA,NA,NA,NA,NA,NA,NA,NA,NA,NA,NA,NA,NA,NA,NA,NA,NA,NA,NA,NA,NA,NA,NA,NA
"STU002525",7518,6920,NA,NA,NA,12384,12713,NA,NA,5824,NA,NA,NA,NA,NA,NA,6556,7339,NA,8496,5023,6059,NA,NA,NA,NA,8759,33511
"STU002526",NA,NA,NA,7820,15957,20125,14403,10354,10905,NA,9497,18640,10098,8917,11127,12641,12804,9301,12557,9023,16434,14506,NA,NA,18018,11462,9986,10574
"STU002527",NA,NA,NA,NA,NA,NA,NA,NA,NA,NA,NA,NA,NA,NA,NA,NA,NA,NA,NA,NA,NA,NA,NA,NA,NA,16069,18512,17317
"STU002528",11175,NA,9598,9254,6410,10194,10301,11563,19542,19563,19522,NA,13977,14447,NA,21953,15459,15070,NA,NA,NA,NA,NA,22548,17366,21608,NA,18946
"STU002529",6908,12496,10450,14267,11717,7510,17666,13928,17228,18932,13286,14195,11100,13506,6744,8722,NA,NA,NA,NA,16507,9987,NA,NA,NA,12234,NA,NA
"STU002530",9526,7946,9572,NA,NA,4184,10536,NA,NA,7433,NA,NA,NA,7179,9585,NA,9174,NA,NA,NA,NA,NA,NA,NA,NA,NA,8594,NA
"STU002531",NA,NA,NA,NA,NA,NA,NA,NA,NA,NA,NA,NA,NA,NA,NA,NA,NA,NA,NA,NA,NA,NA,NA,NA,NA,NA,NA,NA
"STU002532",NA,NA,6321,NA,NA,NA,NA,NA,NA,15217,10642,18424,NA,NA,NA,18467,16187,15125,11922,12728,18244,13802,24254,22257,NA,NA,29815,NA
"STU002533",NA,NA,NA,NA,NA,NA,NA,NA,4743,NA,NA,NA,NA,NA,NA,NA,NA,NA,10981,14323,6842,10439,NA,NA,NA,12695,16546,14685
"STU002534",10064,6736,7294,10079,14211,12988,6713,4870,NA,4864,8442,8071,7416,6752,7676,NA,NA,NA,6742,NA,NA,27088,28997,NA,NA,NA,22564,14397
"STU002535",NA,NA,NA,NA,NA,NA,NA,NA,NA,NA,NA,NA,NA,NA,NA,NA,NA,NA,NA,NA,NA,NA,NA,NA,NA,NA,17837,10813
"STU002536",NA,NA,NA,NA,NA,NA,NA,NA,NA,NA,NA,NA,NA,NA,NA,NA,20788,20754,22782,24099,21608,19405,20070,NA,NA,NA,NA,NA
"STU002537",NA,NA,NA,4830,5856,NA,NA,NA,NA,NA,NA,NA,NA,NA,NA,NA,NA,13248,13735,20674,9783,9995,14868,12278,13706,17652,13119,14560
"STU002538",4352,9182,7942,6510,NA,NA,NA,NA,4905,6320,5679,3820,5284,5340,NA,NA,NA,NA,NA,NA,NA,21112,NA,NA,11969,NA,NA,NA
"STU002539",NA,NA,NA,NA,NA,4332,6177,NA,NA,NA,NA,NA,7775,8522,NA,NA,11136,10233,8474,13959,11421,7962,12012,7942,NA,10027,10428,8290
"STU002540",NA,NA,NA,NA,NA,NA,NA,NA,NA,NA,NA,NA,NA,NA,NA,NA,NA,NA,NA,NA,NA,NA,NA,NA,NA,NA,NA,NA
"STU002541",NA,NA,NA,NA,NA,NA,NA,NA,NA,7444,5882,11721,10869,5190,13768,5646,21907,13616,9398,26050,NA,18581,15831,17077,22433,17787,10650,28420
"STU002542",NA,NA,NA,NA,NA,13229,7444,7142,5818,NA,NA,12398,3816,14511,NA,NA,NA,NA,NA,NA,NA,NA,NA,NA,NA,NA,NA,12105
"STU002543",NA,10197,11385,11969,4378,5385,5625,4369,8998,NA,NA,NA,NA,10618,10815,NA,6459,6880,5653,6037,4757,NA,NA,NA,NA,NA,11608,9687
"STU002544",9953,NA,NA,NA,NA,NA,11617,15459,8102,6633,5764,NA,NA,NA,NA,NA,NA,10487,NA,NA,NA,NA,NA,NA,13696,8771,15697,15043
"STU002545",NA,NA,NA,NA,NA,NA,6593,15559,8149,5430,10321,5934,8979,8463,13270,NA,NA,11198,11558,10206,15314,17992,16308,21374,22332,19599,12536,NA
"STU002546",11646,9975,NA,7871,11201,6343,7426,10873,16916,6599,8405,NA,6871,8977,14170,23102,19623,19271,12960,17474,17305,17390,19871,NA,18578,NA,30987,25081
"STU002547",7140,11583,NA,6837,NA,NA,NA,NA,NA,NA,NA,9609,6868,10068,10000,10461,12506,NA,9608,7204,10168,NA,NA,NA,NA,NA,10450,8517
"STU002548",9152,11300,17429,6584,8243,NA,NA,NA,NA,NA,NA,6977,10479,NA,NA,NA,NA,NA,15557,10621,13142,NA,NA,NA,NA,13154,11915,11016
"STU002549",6783,NA,6375,4187,4951,6159,5993,NA,11262,7430,NA,NA,NA,NA,NA,NA,6040,6394,NA,NA,NA,12318,17788,11948,NA,NA,NA,NA
"STU002550",7755,4250,6112,5618,5286,5878,4907,5134,5336,5710,7716,10061,15908,9606,NA,NA,NA,11750,12091,7758,11990,10776,11587,21220,NA,NA,12012,8763
"STU002551",5671,9584,7445,NA,NA,8960,NA,NA,NA,NA,NA,NA,NA,NA,NA,NA,NA,NA,NA,NA,NA,NA,NA,NA,NA,18676,13803,9045
"STU002552",6588,7115,9018,11722,11228,19849,12274,NA,NA,NA,NA,NA,NA,13293,NA,NA,NA,NA,9842,17669,9162,13691,NA,NA,NA,NA,NA,NA
"STU002553",NA,6049,NA,4326,13636,5946,5624,13958,11442,NA,NA,NA,NA,10707,20693,NA,NA,7618,8358,9647,NA,NA,7446,NA,NA,28747,NA,17741
"STU002554",NA,NA,NA,NA,NA,NA,NA,NA,NA,NA,NA,NA,NA,NA,NA,NA,NA,NA,NA,15986,23077,22355,NA,NA,NA,NA,12138,16025
"STU002555",10205,NA,NA,7870,8391,12657,NA,NA,17081,10560,15538,12478,16940,12117,11456,10651,NA,NA,NA,NA,NA,NA,NA,NA,NA,NA,NA,NA
"STU002556",NA,NA,NA,NA,NA,NA,NA,NA,NA,NA,NA,NA,NA,NA,NA,NA,NA,NA,NA,NA,NA,NA,NA,NA,NA,NA,NA,NA
"STU002557",NA,NA,NA,NA,7038,8796,NA,7554,NA,NA,NA,NA,NA,6075,NA,21644,NA,NA,19171,NA,NA,NA,NA,NA,NA,NA,NA,16794
"STU002558",NA,NA,NA,NA,NA,NA,NA,NA,NA,NA,NA,NA,NA,NA,NA,NA,14390,12664,15276,9361,18184,18306,11201,18930,18094,20466,21498,NA
"STU002559",6385,9331,11707,8440,4692,8071,NA,NA,9656,NA,8556,12993,7685,7266,9566,12298,11157,12486,13920,10369,9295,10855,8996,13822,13530,7746,12327,8611
"STU002560",10486,14561,14490,17185,15208,NA,NA,7884,14307,13088,9994,18838,15529,NA,19209,NA,NA,NA,13483,6980,10411,11237,17766,33229,12516,23693,15262,18977
"STU002561",15182,6637,6128,NA,NA,7056,NA,NA,NA,NA,NA,14211,11284,NA,NA,NA,NA,NA,NA,NA,NA,12008,19195,9930,14487,12473,12277,7241
"STU002562",3787,8445,8722,7190,6069,8449,7956,7832,5937,6187,8674,10764,18397,7373,NA,6791,NA,NA,NA,8079,NA,NA,NA,NA,NA,NA,NA,NA
"STU002563",NA,NA,NA,NA,NA,NA,NA,NA,NA,NA,NA,NA,NA,NA,NA,NA,NA,NA,NA,11778,11691,NA,11577,NA,NA,NA,NA,NA
"STU002564",5330,NA,NA,NA,6279,NA,NA,NA,10048,18864,22388,14267,NA,NA,NA,16262,NA,12096,7995,16978,23153,8245,18225,12867,16033,7866,16643,16869
"STU002565",NA,NA,NA,9817,5533,4491,3847,4522,5090,8249,NA,7208,NA,13399,NA,16379,NA,NA,NA,NA,NA,10675,7109,7089,NA,NA,14270,5770
"STU002566",7929,10914,8860,13901,10474,9246,11196,12714,6935,15901,NA,13740,16386,14072,6126,10391,13799,10372,12658,15068,14800,10991,NA,NA,12948,NA,NA,14702
"STU002567",12842,NA,NA,NA,NA,NA,8108,5061,11505,11772,NA,NA,NA,NA,NA,NA,NA,17396,8771,15790,9453,15289,17636,9005,NA,NA,NA,NA
"STU002568",8525,6308,7499,NA,NA,6731,7524,10404,NA,NA,NA,NA,NA,NA,16683,13436,11959,10752,14383,10581,8978,19505,15317,NA,NA,NA,NA,NA
"STU002569",10682,NA,NA,5073,8955,10616,15106,9837,8697,NA,NA,6945,6852,5799,7391,NA,NA,NA,16926,6749,24846,22339,11803,16299,NA,13031,NA,NA
"STU002570",8515,5597,9223,10192,6165,NA,NA,8071,NA,NA,NA,NA,9563,11298,8017,9394,NA,NA,NA,NA,NA,NA,15800,13452,10183,15536,8069,12405
"STU002571",9369,10167,NA,NA,NA,7207,14027,14602,11049,14577,NA,NA,17288,NA,NA,9276,11203,13646,15057,14897,24040,14827,18684,14508,15598,18452,15600,14356
"STU002572",7650,9709,17510,6285,NA,NA,NA,NA,7771,9815,NA,NA,12464,12955,10691,7549,8822,16518,14758,NA,NA,NA,NA,16997,NA,NA,7618,16793
"STU002573",NA,NA,NA,NA,NA,NA,NA,NA,NA,NA,NA,NA,NA,NA,NA,NA,NA,NA,NA,NA,NA,NA,NA,NA,NA,NA,NA,NA
"STU002574",18954,14597,10305,NA,NA,14696,NA,NA,NA,NA,13144,NA,NA,NA,36539,34529,24843,22777,24631,NA,41207,NA,NA,NA,NA,NA,NA,NA
"STU002575",NA,NA,NA,NA,NA,NA,NA,NA,NA,NA,NA,NA,14695,11342,14168,9278,14122,NA,NA,NA,13682,14202,NA,17343,11010,10120,11663,16146
"STU002576",5459,4791,4627,NA,11846,14548,11866,12274,8354,9166,13446,21251,NA,NA,NA,NA,NA,NA,NA,NA,10346,NA,NA,15416,13099,21193,20059,14453
"STU002577",NA,NA,NA,NA,NA,NA,NA,NA,NA,NA,NA,NA,NA,NA,NA,NA,NA,NA,NA,NA,NA,NA,NA,NA,NA,NA,12269,27712
"STU002578",10915,8081,NA,NA,NA,NA,NA,5049,NA,NA,NA,NA,15256,13392,10630,NA,NA,NA,NA,NA,NA,NA,14385,14592,18520,18260,NA,NA
"STU002579",8153,8939,10675,6084,7350,NA,NA,NA,NA,14483,16734,NA,16905,18348,NA,NA,17230,17743,NA,NA,29209,19545,25042,NA,NA,15736,28094,NA
"STU002580",8497,10136,NA,NA,NA,8653,5422,NA,10174,4720,NA,NA,6260,4222,11587,NA,NA,NA,NA,NA,NA,NA,NA,9447,NA,NA,8548,8440
"STU002581",NA,NA,6092,10064,9559,NA,NA,NA,10424,9205,8804,13756,11840,9398,16847,NA,NA,9817,10534,9882,15813,11251,16291,13771,11067,NA,NA,NA
"STU002582",8059,NA,8864,8254,15876,5691,11018,17553,21690,13752,NA,14946,NA,NA,NA,NA,NA,NA,NA,NA,NA,NA,NA,NA,NA,NA,NA,23441
"STU002583",9637,9264,9390,16519,NA,NA,10891,NA,NA,7866,6902,13125,6045,9609,12114,11905,12088,11808,8466,NA,NA,NA,NA,11244,9222,NA,NA,7223
"STU002584",NA,NA,NA,NA,NA,NA,NA,NA,NA,NA,NA,NA,NA,NA,NA,NA,NA,NA,NA,NA,NA,NA,NA,NA,NA,NA,NA,NA
"STU002585",5278,NA,6361,7720,NA,NA,NA,NA,6437,7468,6180,8770,14174,8555,15013,NA,NA,13493,12510,12946,15010,21817,13251,17477,24224,15702,35369,14068
"STU002586",12490,NA,9816,NA,NA,NA,11675,8594,11669,13016,NA,16392,NA,NA,NA,NA,NA,NA,15246,NA,NA,NA,16111,9495,NA,NA,NA,NA
"STU002587",NA,NA,NA,NA,NA,NA,NA,NA,NA,NA,NA,NA,NA,NA,NA,NA,NA,NA,NA,NA,NA,21037,21455,NA,NA,26920,NA,16558
"STU002588",NA,NA,NA,NA,NA,NA,NA,NA,NA,NA,NA,NA,NA,NA,NA,NA,NA,NA,NA,NA,NA,NA,NA,NA,NA,NA,12222,15220
"STU002589",NA,NA,NA,NA,NA,NA,NA,NA,NA,NA,NA,NA,NA,NA,19865,26863,21423,18665,12214,38442,22903,34388,28346,NA,NA,24034,NA,NA
"STU002590",2903,4473,NA,NA,NA,8185,NA,9693,6363,NA,7614,3707,NA,NA,NA,9571,4919,NA,10182,13754,7421,11572,14131,11810,11860,23525,13028,28864
"STU002591",NA,NA,NA,NA,NA,NA,NA,NA,NA,NA,NA,NA,NA,NA,NA,4619,NA,3971,7909,14213,NA,4747,NA,22045,5849,6820,4854,6562
"STU002592",8224,9590,9288,14650,7848,8945,9613,17101,9961,NA,NA,NA,8549,8403,9390,10087,13349,10186,NA,NA,NA,9431,10987,NA,11766,17167,10795,11799
"STU002593",NA,NA,NA,NA,NA,NA,NA,NA,NA,NA,13012,NA,NA,12229,NA,NA,12291,11510,17098,19927,18502,11119,18481,NA,NA,12219,20520,19867
"STU002594",6046,NA,11321,14740,10178,9405,14466,NA,9425,13067,2948,13458,NA,NA,14852,11006,NA,NA,NA,7331,15128,6770,9526,NA,NA,15341,28660,NA
"STU002595",NA,NA,NA,NA,NA,NA,NA,NA,NA,15685,NA,NA,NA,5749,5662,6910,9251,NA,NA,NA,NA,9480,NA,NA,NA,NA,NA,5768
"STU002596",8108,NA,NA,NA,NA,7554,6925,25047,17197,24474,12490,23904,20593,11587,10023,21210,21482,10952,22018,11503,22791,34239,22511,29743,13701,24592,16921,16008
"STU002597",8977,8809,NA,16350,NA,NA,NA,10122,NA,9507,16594,NA,11377,11009,17990,13157,NA,NA,19101,45385,NA,NA,NA,NA,NA,20401,28538,26527
"STU002598",NA,NA,8658,NA,6851,NA,NA,NA,NA,NA,NA,NA,NA,NA,NA,NA,NA,NA,13834,10281,13671,16880,18080,NA,NA,14171,12338,NA
"STU002599",NA,NA,NA,NA,NA,NA,NA,NA,NA,NA,NA,NA,NA,NA,NA,NA,NA,NA,NA,NA,NA,NA,NA,NA,NA,NA,NA,NA
"STU002600",NA,NA,NA,NA,NA,NA,NA,NA,NA,NA,NA,NA,NA,NA,NA,NA,NA,NA,NA,NA,NA,18628,29789,12556,20644,28577,27852,19597
"STU002601",NA,NA,NA,NA,NA,NA,6825,14807,11700,13499,19293,11009,17036,31013,13519,17380,7847,16797,11066,9635,13539,20677,26032,NA,11884,21245,NA,NA
"STU002602",11896,12329,NA,NA,NA,9556,13965,NA,NA,12845,12765,21920,9805,19583,11070,NA,11147,9347,10959,13012,25590,7883,15940,10191,11811,12571,NA,16543
"STU002603",NA,NA,NA,NA,NA,NA,NA,NA,NA,NA,NA,NA,NA,NA,NA,NA,NA,NA,NA,NA,NA,NA,NA,NA,18843,12917,11147,NA
"STU002604",NA,8798,NA,8301,13788,10537,13570,10081,9439,9956,12113,11964,19746,14778,15156,15203,19227,NA,NA,NA,NA,11852,13426,12622,NA,NA,12978,13918
"STU002605",NA,NA,NA,5942,4906,3897,NA,NA,NA,NA,NA,13529,6988,16663,5852,10965,NA,NA,NA,NA,NA,NA,NA,NA,NA,NA,NA,NA
"STU002606",11516,NA,NA,NA,NA,NA,NA,NA,NA,16563,9848,NA,NA,8808,15004,20533,10424,16801,13159,14785,10658,NA,NA,NA,13415,11856,15371,12534
"STU002607",12379,12863,6367,6693,2782,6943,7859,4766,3983,7074,7363,10864,11430,9081,NA,7462,4950,9708,NA,NA,NA,10716,18879,NA,7838,12481,NA,NA
"STU002608",NA,10884,NA,NA,NA,NA,7088,7852,10998,10726,NA,NA,9525,4975,13436,NA,NA,NA,9758,16056,13845,NA,NA,12661,15002,14915,NA,NA
"STU002609",NA,NA,NA,NA,NA,NA,NA,NA,NA,NA,NA,NA,NA,NA,NA,NA,NA,NA,NA,NA,NA,NA,NA,NA,NA,NA,NA,NA
"STU002610",NA,NA,NA,NA,NA,NA,NA,NA,NA,NA,NA,NA,NA,NA,5311,NA,NA,NA,NA,NA,5897,8827,9592,9685,17821,9602,NA,13958
"STU002611",10046,8570,12220,5359,NA,NA,6274,6190,4580,NA,11882,NA,14773,10847,6982,9486,10117,9607,11623,14999,6420,9036,10851,11358,7333,NA,9277,17141
"STU002612",9301,10524,6932,8174,7808,8950,10246,NA,NA,NA,NA,NA,NA,9038,7662,NA,10469,14478,NA,NA,NA,10558,8928,11402,NA,NA,NA,NA
"STU002613",12613,NA,NA,NA,NA,NA,5257,NA,NA,NA,NA,NA,NA,11693,13383,8506,14080,9971,14010,13533,9638,12905,NA,18224,13132,18722,11965,7500
"STU002614",8622,8024,12420,4907,NA,NA,NA,NA,NA,7213,5690,5219,8685,NA,NA,NA,11298,9975,9740,6958,4482,11547,9415,11549,23299,NA,NA,11759
"STU002615",5658,NA,NA,NA,NA,NA,7890,NA,NA,NA,NA,14146,13089,15691,11319,15006,11907,19674,7704,12500,10706,NA,NA,NA,13544,10246,NA,NA
"STU002616",8152,9193,10938,12057,7830,NA,10092,NA,NA,NA,NA,NA,NA,NA,NA,NA,NA,NA,NA,14553,8973,12043,NA,NA,10560,NA,NA,10140
"STU002617",NA,NA,NA,NA,NA,NA,NA,NA,NA,NA,NA,NA,NA,NA,NA,NA,NA,NA,NA,NA,NA,NA,NA,NA,NA,NA,NA,15893
"STU002618",8945,NA,NA,NA,NA,11527,7500,10784,7522,NA,3718,13067,12339,9287,11380,7162,10886,9220,9008,11738,7125,NA,NA,NA,NA,NA,6328,12171
"STU002619",8854,10536,6236,7754,3953,3450,NA,NA,8009,7797,8792,7973,9849,13266,6397,7882,7600,5590,9783,5713,4804,10907,11810,NA,6083,9335,16445,7326
"STU002620",11237,NA,NA,NA,NA,NA,5609,9572,6716,7680,NA,NA,NA,NA,NA,NA,NA,12754,11136,9157,NA,NA,NA,15428,16845,10297,NA,NA
"STU002621",NA,NA,NA,NA,NA,NA,NA,NA,NA,NA,NA,NA,NA,NA,NA,NA,NA,NA,NA,21048,NA,17504,23660,22230,NA,NA,NA,NA
"STU002622",8479,NA,NA,11065,9408,4779,4109,NA,NA,4195,NA,7580,10981,13393,10051,15702,9556,9392,NA,NA,NA,NA,11360,7835,NA,14950,13000,18662
"STU002623",15647,NA,12958,8068,NA,5445,NA,13943,NA,NA,NA,6267,NA,3499,10097,10552,9827,10188,12575,16306,NA,11424,16749,NA,NA,NA,NA,NA
"STU002624",10343,NA,5768,19008,9349,10538,6820,NA,NA,12359,23591,NA,NA,NA,NA,NA,NA,9609,28680,NA,12952,25221,20958,20348,20328,NA,19319,NA
"STU002625",9619,9986,7471,16156,NA,17592,7290,7470,12787,6299,NA,NA,25251,18012,17381,13767,18338,9269,9202,12783,19360,19387,11015,11473,14895,23178,17301,14111
"STU002626",NA,NA,8919,7473,12663,7343,NA,NA,NA,8114,9818,NA,12971,10313,20708,20990,NA,NA,NA,NA,NA,NA,NA,26190,17054,27620,33503,NA
"STU002627",11295,NA,NA,NA,7441,9924,9875,NA,NA,10231,8309,NA,16210,NA,13354,NA,9029,NA,NA,NA,NA,NA,NA,NA,9588,8673,8627,16807
"STU002628",NA,NA,NA,NA,8764,7221,NA,NA,NA,NA,NA,NA,NA,10520,15365,11564,12509,NA,NA,NA,14351,10108,13129,12755,NA,NA,NA,NA
"STU002629",NA,NA,NA,NA,NA,NA,NA,NA,NA,NA,NA,NA,NA,NA,18065,10517,15848,12508,13845,11674,19468,20546,26564,12070,16270,18415,29868,NA
"STU002630",10351,6477,NA,NA,NA,13294,14606,13006,10685,12842,8289,9822,17382,NA,NA,9264,NA,NA,NA,NA,NA,NA,13273,17019,15865,23062,8926,NA
"STU002631",6823,6804,NA,NA,14629,11429,8101,9337,7232,NA,NA,NA,7963,6823,NA,11044,10717,NA,10300,12936,8649,NA,NA,10560,NA,NA,NA,12343
"STU002632",NA,NA,NA,NA,NA,6091,10426,10320,8354,11601,NA,10552,14580,10430,8969,13431,6818,8155,9720,9028,5314,16233,NA,NA,NA,NA,NA,NA
"STU002633",NA,NA,NA,NA,NA,NA,NA,NA,NA,NA,NA,8126,7859,15866,10771,NA,NA,NA,NA,6132,5652,14624,13896,10904,10975,8902,10584,9085
"STU002634",NA,NA,NA,NA,NA,NA,NA,NA,NA,NA,NA,NA,NA,NA,NA,NA,NA,NA,NA,NA,NA,NA,NA,NA,13009,12213,NA,18289
"STU002635",NA,NA,NA,NA,6972,NA,5841,6243,5935,8664,7390,9034,8963,7295,5833,6941,5646,NA,NA,NA,NA,NA,NA,NA,8267,6945,6917,6700
"STU002636",NA,NA,NA,NA,NA,NA,NA,NA,NA,NA,NA,NA,NA,NA,NA,NA,NA,NA,NA,NA,NA,NA,NA,NA,9071,12750,13067,15224
"STU002637",NA,NA,NA,NA,NA,NA,NA,NA,NA,NA,NA,NA,NA,NA,NA,10926,NA,NA,NA,9404,NA,NA,NA,NA,NA,11258,11982,14824
"STU002638",8223,10247,NA,NA,6576,8427,11198,8880,8059,7011,6973,5777,8039,7579,4182,12858,7422,NA,6544,4010,15684,21019,NA,26465,8485,15061,10085,6660
"STU002639",NA,NA,NA,NA,NA,NA,NA,NA,NA,NA,NA,NA,NA,NA,NA,NA,NA,NA,NA,NA,NA,NA,NA,NA,NA,NA,NA,NA
"STU002640",16032,16009,NA,NA,NA,NA,NA,NA,NA,11398,14287,14650,NA,NA,NA,NA,23225,16467,16977,16351,10481,6744,11642,9320,14145,14026,14843,13010
"STU002641",NA,9049,7091,10818,NA,NA,NA,NA,NA,NA,NA,NA,13717,11753,NA,NA,14368,NA,NA,NA,NA,NA,20001,NA,NA,NA,15652,14750
"STU002642",NA,NA,NA,NA,NA,NA,NA,NA,NA,NA,NA,NA,NA,NA,NA,NA,NA,NA,NA,NA,NA,NA,NA,NA,NA,NA,NA,NA
"STU002643",8437,NA,7428,10263,10084,11456,8486,9150,NA,NA,6527,9642,11422,7353,8746,14301,NA,NA,NA,NA,12432,10837,12192,11179,NA,NA,NA,NA
"STU002644",6354,8300,NA,NA,NA,5404,15734,7956,4779,NA,6345,10803,10057,NA,NA,9657,10537,13391,NA,10619,NA,NA,6230,10519,8137,9966,NA,NA
"STU002645",7493,NA,NA,9480,NA,NA,NA,NA,NA,NA,NA,6201,NA,NA,NA,NA,10838,12620,NA,NA,7876,8350,10955,10267,8765,9364,9735,7855
"STU002646",NA,NA,NA,NA,NA,NA,NA,NA,NA,NA,NA,NA,NA,NA,NA,NA,NA,NA,NA,NA,NA,NA,NA,NA,NA,NA,NA,NA
"STU002647",NA,NA,NA,NA,NA,9025,6538,NA,NA,8573,9072,9897,11894,4557,10118,NA,7485,10156,8294,6437,5697,8117,6897,7173,NA,NA,NA,NA
"STU002648",14668,11594,13817,NA,NA,NA,NA,NA,NA,11820,NA,NA,NA,17171,17166,13878,NA,16468,NA,21902,19986,NA,NA,16652,25580,20224,17922,22668
"STU002649",13786,NA,NA,NA,NA,NA,12315,NA,NA,NA,NA,NA,NA,15653,NA,14272,16084,11789,NA,NA,NA,16136,18308,15800,NA,NA,13406,13159
"STU002650",9505,15214,NA,NA,NA,NA,NA,NA,6384,NA,8256,NA,NA,NA,NA,NA,6104,10839,12795,16229,18228,NA,12062,18069,22604,9006,17933,7677
"STU002651",NA,NA,NA,NA,11908,NA,4227,12731,11045,7804,9322,6240,11767,6322,NA,NA,NA,NA,NA,NA,NA,12495,NA,8933,12215,11843,NA,NA
"STU002652",7633,5992,6214,NA,NA,9674,NA,NA,13527,14774,23258,NA,NA,9997,11358,NA,NA,NA,NA,NA,NA,NA,NA,NA,14985,12849,17053,13627
"STU002653",6660,11402,5808,5296,NA,NA,6879,8210,11065,12938,NA,NA,NA,10472,NA,NA,NA,NA,NA,NA,14060,NA,NA,12805,NA,NA,NA,NA
"STU002654",NA,NA,NA,NA,NA,NA,NA,NA,NA,NA,NA,NA,NA,NA,NA,NA,NA,NA,NA,NA,NA,NA,NA,NA,NA,11449,19299,NA
"STU002655",NA,NA,NA,NA,NA,NA,NA,NA,NA,10532,9546,NA,NA,14051,14504,15437,NA,13166,15004,19318,6407,10425,20499,18612,21903,15092,18493,15862
"STU002656",NA,NA,NA,NA,NA,NA,NA,NA,NA,NA,NA,NA,NA,NA,NA,NA,NA,NA,NA,NA,NA,NA,NA,NA,NA,NA,NA,NA
"STU002657",NA,NA,NA,NA,NA,NA,NA,NA,NA,NA,NA,NA,NA,10730,7203,9545,11146,10025,10799,6942,9946,9716,8692,9800,12188,11233,NA,7714
"STU002658",NA,NA,NA,NA,NA,NA,NA,NA,NA,NA,16702,11533,NA,NA,NA,NA,NA,NA,10938,14776,13164,16197,15628,7773,13584,20014,16045,NA
"STU002659",7984,10389,7710,4066,8407,6569,15307,NA,NA,NA,NA,NA,NA,12467,17630,14943,NA,NA,NA,NA,NA,NA,NA,NA,NA,NA,NA,NA
"STU002660",3879,10532,6495,8269,5796,9804,6706,8098,NA,NA,5444,13999,12467,8048,8044,7027,4656,10379,13936,NA,NA,NA,5944,4735,5809,7921,6494,NA
"STU002661",NA,15817,10091,NA,5820,9040,7808,6786,8789,NA,NA,8022,5014,NA,NA,NA,NA,NA,NA,10101,NA,12592,13362,19351,17617,12549,26432,11147
"STU002662",11317,NA,NA,NA,NA,6142,NA,NA,NA,8890,10989,10820,NA,NA,NA,NA,NA,NA,NA,NA,NA,NA,18525,21018,21715,18301,21769,16075
"STU002663",4282,NA,NA,8376,7985,13826,8336,9862,11822,NA,NA,NA,NA,NA,15868,NA,NA,NA,17826,NA,NA,21726,NA,NA,31625,NA,NA,21670
"STU002664",11794,9088,11978,8640,8894,8840,13169,6308,NA,NA,NA,6710,13261,NA,12843,8022,8073,9150,8359,NA,NA,16550,8984,8366,NA,NA,NA,NA
"STU002665",10642,9508,8466,9623,13812,6292,NA,14514,16510,11685,17660,NA,NA,NA,7933,12775,NA,9538,19781,12202,11018,10051,NA,NA,19251,20089,12695,19530
"STU002666",NA,NA,NA,NA,NA,NA,NA,NA,NA,NA,NA,NA,NA,NA,NA,22394,24773,NA,28812,34967,19446,NA,19369,34527,24885,NA,NA,NA
"STU002667",9321,9751,12095,NA,NA,NA,NA,6315,9017,11563,NA,10930,NA,NA,NA,NA,NA,10216,9270,NA,10378,NA,NA,16106,13553,8598,7294,13263
"STU002668",9995,18841,21136,12857,8542,NA,NA,23167,7820,13495,NA,NA,NA,NA,NA,NA,NA,27475,NA,NA,NA,47304,29942,32660,NA,21009,35401,NA
"STU002669",5212,8043,4260,8674,6485,5501,6204,9613,NA,12660,7889,NA,10613,NA,NA,NA,NA,16291,10041,NA,NA,NA,NA,NA,NA,NA,NA,NA
"STU002670",NA,NA,NA,10153,NA,NA,NA,NA,NA,10065,7653,9013,6884,5090,8819,10952,NA,NA,NA,NA,NA,NA,NA,NA,21284,21336,18851,17664
"STU002671",NA,NA,NA,NA,NA,NA,NA,NA,NA,NA,NA,NA,NA,21366,14026,16224,20078,NA,18432,24633,20163,12743,15515,NA,NA,NA,18619,23950
"STU002672",NA,NA,NA,7559,16722,8403,8165,8909,6196,NA,11309,13052,NA,NA,NA,NA,NA,NA,24281,7559,18825,NA,NA,22699,20472,10887,11148,17041
"STU002673",NA,NA,NA,NA,NA,NA,NA,NA,NA,NA,NA,NA,NA,NA,NA,NA,NA,NA,NA,19582,23028,16906,19010,32725,20813,19717,15446,NA
"STU002674",5279,5902,14886,7754,4760,5300,7239,4178,8242,9301,NA,NA,NA,NA,7644,6286,NA,NA,NA,NA,NA,NA,NA,NA,NA,NA,11647,NA
"STU002675",7482,12210,4106,NA,NA,NA,12215,12563,NA,NA,NA,8500,7244,NA,NA,NA,9571,12978,5880,7720,NA,7846,9166,11950,11066,10120,18337,NA
"STU002676",NA,NA,NA,NA,NA,NA,NA,NA,NA,NA,NA,NA,NA,NA,NA,NA,NA,NA,NA,NA,NA,NA,NA,NA,NA,NA,NA,NA
"STU002677",NA,NA,NA,NA,NA,NA,NA,NA,NA,NA,NA,NA,7407,NA,NA,NA,NA,NA,NA,NA,NA,NA,NA,13537,12597,19511,17234,23064
"STU002678",8312,5854,6638,7532,5437,NA,NA,NA,NA,NA,NA,NA,NA,NA,20516,NA,NA,NA,NA,NA,NA,11145,14629,21796,15601,NA,11181,20774
"STU002679",10358,12836,12394,NA,NA,4720,4749,NA,NA,NA,NA,NA,7141,8691,10355,11824,11203,14117,14381,11011,12920,9568,10068,6924,6729,9517,NA,NA
"STU002680",6057,NA,NA,NA,9691,3984,23208,16420,10790,15400,11796,10581,NA,NA,NA,NA,NA,19148,NA,14074,20123,14052,NA,NA,NA,NA,NA,NA
"STU002681",5488,6302,12806,NA,NA,NA,6866,11608,7249,NA,NA,NA,NA,17246,11790,8455,10001,10154,18092,11021,NA,NA,NA,19691,14847,7921,15776,13972
"STU002682",NA,NA,NA,NA,NA,NA,NA,NA,NA,NA,NA,NA,NA,NA,NA,NA,NA,NA,NA,NA,NA,NA,NA,NA,NA,NA,NA,NA
"STU002683",6616,10016,10159,12116,9210,NA,21339,13882,10782,10708,15756,12169,12181,NA,18689,22786,18307,18175,30775,29907,NA,NA,28118,17763,14073,NA,NA,25921
"STU002684",NA,NA,NA,NA,NA,14616,9428,NA,NA,NA,19047,16597,NA,NA,NA,NA,NA,NA,NA,NA,22635,23965,NA,NA,18470,15175,17029,15608
"STU002685",NA,NA,NA,9031,6133,7371,NA,NA,7605,5989,7281,7480,6379,7864,8302,10285,10857,16800,NA,NA,NA,NA,NA,NA,NA,9403,10707,26970
"STU002686",NA,NA,NA,5075,NA,NA,NA,5726,6566,NA,NA,NA,NA,9776,11422,13319,10672,NA,NA,10592,NA,NA,NA,NA,7800,14737,8579,11537
"STU002687",NA,NA,NA,NA,NA,NA,NA,NA,NA,NA,NA,NA,NA,NA,NA,NA,NA,NA,NA,NA,NA,NA,NA,NA,NA,NA,NA,NA
"STU002688",NA,NA,NA,NA,NA,NA,NA,NA,NA,NA,NA,15237,NA,19196,NA,NA,16765,11388,NA,NA,NA,NA,16757,15372,16662,17800,21651,17054
"STU002689",3232,15622,7893,12276,10630,6924,NA,NA,NA,NA,NA,NA,9463,NA,NA,NA,NA,5271,17878,7247,10290,9347,9172,19101,12166,9152,9520,14973
"STU002690",NA,8724,NA,NA,14840,NA,NA,NA,NA,NA,NA,14629,7468,NA,NA,16449,12562,8493,18330,14988,23147,12756,13548,42926,NA,NA,NA,26716
"STU002691",14022,NA,NA,10411,4744,10463,15855,8317,NA,NA,NA,NA,10198,17043,NA,NA,NA,NA,22756,NA,NA,20942,15095,15620,NA,NA,NA,NA
"STU002692",6029,6026,6158,10061,5947,11056,9066,9170,NA,NA,NA,NA,NA,NA,NA,NA,NA,18699,14059,17031,14811,NA,NA,20131,15613,11209,17235,21303
"STU002693",8685,NA,NA,NA,9114,9848,13089,13132,NA,NA,NA,NA,NA,NA,NA,NA,11858,9800,17009,18515,14035,12482,NA,20603,23100,17381,15906,17918
"STU002694",9195,6249,9801,NA,NA,9083,6270,6052,13950,13138,12717,11331,NA,NA,NA,12772,NA,NA,8416,21361,21767,15275,14990,23273,11311,7138,NA,NA
"STU002695",NA,NA,NA,NA,6235,8117,3847,NA,NA,NA,NA,NA,NA,14351,22411,8977,13317,14166,7318,10545,7162,18513,10912,14953,16250,9009,8251,17694
"STU002696",11262,6881,9460,6352,NA,6235,NA,8026,8607,10512,9106,7524,9182,12797,6629,NA,9259,6866,6273,32627,13829,NA,8345,8454,14134,NA,14898,14087
"STU002697",5645,11810,10109,20360,10527,12990,NA,NA,NA,12523,10973,12943,7209,NA,NA,NA,13688,18580,12330,10647,21360,11257,11974,13239,14886,12511,16031,NA
"STU002698",NA,NA,NA,7451,6360,7296,16611,11466,9138,12503,8267,NA,NA,11302,8305,NA,10139,NA,7934,NA,NA,NA,NA,NA,NA,NA,NA,NA
"STU002699",NA,NA,NA,NA,NA,11455,9491,7702,10113,NA,NA,NA,NA,NA,9396,13058,NA,9350,10739,11882,8030,15480,14055,11545,8823,7909,8245,16211
"STU002700",8515,9494,6373,7726,NA,NA,NA,9493,10770,15690,21760,NA,NA,18817,10646,19859,8451,13198,22210,15461,NA,NA,NA,NA,NA,NA,NA,11182
"STU002701",9061,NA,NA,11692,5215,10342,NA,15153,13689,13159,21038,11448,NA,NA,16639,15501,19943,NA,NA,16485,14789,13469,NA,14874,9353,14614,NA,NA
"STU002702",7837,8899,8914,NA,NA,NA,NA,NA,NA,NA,NA,NA,15950,13730,16310,8806,NA,20794,21786,12802,11485,9271,NA,NA,12665,10725,NA,17894
"STU002703",9706,11427,14224,5136,NA,NA,NA,NA,NA,NA,NA,NA,NA,NA,11169,10106,12530,NA,7467,NA,NA,11035,7034,10387,10570,8060,8778,6596
"STU002704",14947,12030,12771,NA,11608,NA,13501,12725,NA,10626,NA,11266,11970,20408,11794,13539,14635,14819,18854,17543,13143,11954,NA,NA,13396,7918,NA,NA
"STU002705",8725,8327,12808,8705,5467,NA,8056,NA,NA,10016,7234,11862,NA,NA,NA,NA,NA,NA,9475,9270,14087,8829,NA,7868,NA,NA,13398,8694
"STU002706",5008,5121,NA,NA,NA,NA,NA,NA,NA,NA,NA,8717,7727,NA,13446,11476,NA,9412,11854,13386,NA,NA,NA,NA,NA,12755,NA,8273
"STU002707",12221,18487,12474,6601,NA,NA,16264,15234,15262,12617,16365,15149,9491,9718,8261,12971,NA,NA,NA,NA,NA,NA,14783,10829,NA,NA,NA,19580
"STU002708",7910,12422,8730,4209,8929,8642,NA,NA,NA,6032,9483,7020,5885,NA,4180,NA,NA,9262,9572,NA,NA,NA,18047,17976,NA,NA,14789,17068
"STU002709",7982,10500,12272,10165,9175,8565,6846,6026,29181,14263,13766,13234,20260,23415,NA,NA,NA,NA,16462,NA,21767,NA,NA,NA,NA,NA,NA,NA
"STU002710",9058,7359,5323,6528,11246,10241,8747,6019,12384,10234,NA,NA,NA,NA,8003,8855,NA,12260,14527,NA,12480,NA,NA,15262,15464,9729,NA,10574
"STU002711",NA,NA,NA,9363,9370,3984,4919,10566,5130,8058,4222,13779,4517,6794,6227,NA,12426,15072,15948,11988,NA,8222,13811,9887,13513,NA,NA,NA
"STU002712",10899,12909,8093,13887,NA,8662,7089,8242,NA,NA,12495,9358,13993,NA,NA,NA,20945,13434,11472,12940,NA,NA,NA,NA,12512,19471,11588,10581
"STU002713",11110,13314,7984,NA,7464,9865,14061,8279,17359,14791,NA,NA,NA,NA,NA,NA,NA,NA,NA,NA,NA,NA,NA,NA,10427,8590,18948,12000
"STU002714",14543,7596,5935,7120,12336,NA,8848,5737,NA,7413,7392,NA,NA,17054,13507,11790,12309,10009,7704,NA,NA,NA,NA,9776,15929,NA,11872,12400
"STU002715",4722,NA,11319,8435,6634,10728,7526,9730,5391,9142,12056,NA,NA,NA,NA,NA,9646,14382,17140,13571,NA,13759,NA,NA,15279,NA,NA,12377
"STU002716",NA,NA,NA,9485,6696,9214,NA,NA,NA,10242,12745,NA,NA,10795,NA,NA,NA,NA,NA,14863,8393,11772,8181,8052,10448,11178,11777,17879
"STU002717",NA,10301,11030,9836,NA,7538,10335,5327,5488,3822,NA,NA,NA,NA,7721,7214,10098,NA,9332,NA,10686,11226,14504,13397,6927,19231,20006,10578
"STU002718",NA,NA,NA,NA,6263,7588,6187,10337,NA,12636,NA,NA,14772,12502,13956,14586,13103,19289,17432,18152,11851,11936,21706,7971,18742,15607,26832,10995
"STU002719",9431,6714,6973,5154,4327,4174,5313,4520,4690,3975,7326,6969,5237,4911,5079,7390,4683,NA,5200,7657,9279,12088,6021,NA,NA,NA,NA,NA
"STU002720",14192,19256,15478,NA,NA,3618,17394,17029,9060,7482,11932,13644,7805,14588,17752,NA,NA,13025,21008,10594,12615,17179,16141,9732,10406,NA,NA,NA
"STU002721",11199,NA,NA,NA,NA,13743,8961,NA,NA,8722,12063,NA,NA,NA,NA,12204,7031,10346,11025,13624,11234,11657,7731,9605,8693,NA,NA,NA
"STU002722",17895,11781,9069,17338,NA,NA,NA,NA,NA,8874,NA,NA,NA,NA,5600,5897,NA,7832,NA,NA,NA,NA,8353,NA,12835,8263,12162,13425
"STU002723",10181,NA,11311,9824,11902,10333,16230,20205,14074,8303,NA,13664,NA,NA,NA,NA,NA,NA,NA,NA,NA,NA,NA,NA,NA,12323,13031,14136
"STU002724",12049,12132,4313,8445,5669,5046,6254,NA,6249,8983,NA,NA,NA,NA,NA,NA,11819,12952,9736,10331,NA,NA,16310,20992,NA,NA,13082,20066
"STU002725",5117,9415,NA,NA,NA,6093,5772,2292,6110,8086,6186,5995,NA,NA,12768,7252,7389,5388,8120,7035,5434,10323,12344,10780,8765,5991,13583,6450
"STU002726",NA,NA,NA,NA,NA,NA,NA,NA,NA,NA,NA,NA,NA,NA,NA,NA,NA,13656,28259,15056,28685,NA,28288,25606,12988,17651,NA,NA
"STU002727",7516,18312,8071,NA,NA,11458,22538,27932,NA,26945,11629,11992,16979,NA,NA,NA,NA,NA,18898,18197,26420,22186,18973,22619,21542,21878,19371,21536
"STU002728",NA,NA,NA,NA,NA,NA,NA,NA,NA,NA,NA,NA,NA,NA,NA,NA,NA,NA,NA,NA,NA,NA,NA,NA,NA,NA,NA,NA
"STU002729",9275,9626,9028,14729,6308,8148,NA,NA,NA,NA,13142,13630,10703,12964,10540,7315,8359,NA,NA,NA,NA,NA,NA,14398,14036,11822,10849,10724
"STU002730",NA,24973,10936,NA,NA,14125,NA,NA,14407,NA,11699,NA,NA,NA,27494,21511,26677,NA,NA,NA,18861,28289,12959,19042,30190,22595,24469,15541
"STU002731",5810,6661,6822,NA,NA,NA,5598,NA,NA,NA,NA,NA,NA,NA,NA,7271,6833,8696,5144,9580,12105,13793,9343,NA,6924,5909,8499,14136
"STU002732",15136,11804,9668,10172,11333,12752,16623,NA,NA,NA,NA,NA,11113,NA,NA,NA,NA,NA,NA,NA,NA,NA,NA,17246,13834,13076,NA,NA
"STU002733",10023,6607,8322,7764,10906,10684,NA,11040,NA,NA,NA,NA,NA,NA,11623,7110,16020,12236,6823,11776,13096,NA,NA,8649,11364,NA,NA,11989
"STU002734",NA,NA,NA,NA,6219,8735,15511,18357,NA,NA,NA,NA,NA,NA,NA,NA,NA,NA,NA,NA,14735,NA,NA,9839,19599,20573,11443,10611
"STU002735",9639,NA,NA,NA,8277,7886,7231,8063,7240,7568,9331,5037,6171,9782,5385,NA,NA,NA,NA,8459,NA,NA,NA,NA,NA,7935,13844,9334
"STU002736",NA,NA,NA,NA,NA,NA,NA,NA,NA,NA,5870,7096,9546,17044,15994,7831,NA,NA,18800,NA,NA,15003,15319,NA,19160,18174,18880,15625
"STU002737",NA,17043,12492,10976,14336,10980,NA,NA,NA,12222,17296,11281,14380,18276,9294,14604,9723,19672,NA,NA,12923,10201,12462,10635,14096,NA,NA,14952
"STU002738",17118,NA,NA,NA,5428,8940,7098,NA,NA,NA,NA,5054,13229,NA,NA,NA,NA,NA,NA,NA,NA,NA,NA,18121,NA,NA,NA,21667
"STU002739",NA,NA,NA,NA,6439,NA,NA,NA,14465,12228,15323,6990,NA,NA,10712,15419,14534,12410,19126,18802,10243,23083,16207,19198,16651,15278,15117,17427
"STU002740",NA,8070,6388,12243,11335,NA,NA,NA,NA,NA,7688,7008,3887,10087,6491,9299,NA,NA,NA,NA,NA,NA,NA,NA,NA,NA,NA,NA
"STU002741",8041,8803,13715,4635,8610,NA,12355,13084,17437,15928,NA,11571,16507,NA,NA,NA,NA,NA,NA,10958,13288,NA,NA,NA,15668,12851,17156,21023
"STU002742",5415,9633,7417,7720,10380,NA,NA,NA,13972,NA,NA,NA,12607,11370,12332,23878,14578,17544,11748,13346,NA,18225,14337,25549,NA,NA,NA,NA
"STU002743",NA,12725,5490,6678,11520,7772,NA,NA,NA,NA,6069,5517,12981,14701,12769,12461,10366,12334,15752,NA,13548,11371,NA,NA,11024,10802,12043,11113
"STU002744",NA,5860,NA,NA,NA,NA,13319,9990,NA,NA,8372,9644,NA,NA,NA,NA,NA,NA,NA,NA,NA,NA,NA,14522,12403,10677,7359,NA
"STU002745",NA,NA,NA,NA,NA,10237,8091,9702,8355,11881,14322,14775,NA,NA,NA,NA,NA,16349,15693,16106,24699,21498,18812,14753,NA,NA,NA,NA
"STU002746",NA,NA,NA,NA,NA,NA,NA,NA,11704,11785,NA,NA,NA,NA,7273,8686,22117,12788,8660,NA,NA,NA,NA,17647,19302,24921,NA,16664
"STU002747",NA,NA,NA,NA,NA,NA,NA,NA,NA,NA,NA,NA,NA,NA,NA,NA,NA,NA,NA,NA,NA,NA,NA,NA,NA,NA,NA,NA
"STU002748",NA,NA,14770,14422,10633,8591,9895,12828,11095,8749,19225,14387,15913,8559,8048,11904,10079,10049,13840,9858,20470,14999,14710,14124,10753,21134,8549,NA
"STU002749",NA,NA,10991,3506,4272,NA,NA,5133,5699,8075,NA,NA,NA,NA,NA,NA,13188,7384,13293,NA,8065,7851,17347,7739,NA,NA,NA,18507
"STU002750",8912,14119,6686,NA,NA,NA,NA,NA,7684,NA,NA,NA,NA,NA,NA,14274,23259,NA,NA,NA,NA,11471,19082,23344,16384,15969,18449,28324
"STU002751",10267,NA,NA,7402,6488,NA,NA,NA,NA,10804,11974,NA,NA,NA,13591,10350,12074,10113,16277,NA,NA,NA,17547,12707,18237,18160,12030,9142
"STU002752",NA,NA,NA,NA,10769,8411,10773,8304,11934,10003,16624,10749,11436,7899,8768,20857,17894,21677,20345,15910,18803,20629,28118,21223,28901,30728,19087,NA
"STU002753",18250,13982,6002,9423,11474,16595,NA,NA,NA,23533,12697,20613,NA,11935,15865,NA,14947,17721,NA,12263,20438,15839,NA,NA,15994,NA,NA,NA
"STU002754",NA,NA,NA,NA,NA,NA,NA,NA,NA,NA,NA,NA,NA,11863,19817,14471,13777,20424,14618,17089,NA,24750,13577,NA,27057,15761,NA,NA
"STU002755",10627,NA,8341,NA,5612,9181,8435,9337,7187,10204,9458,9598,NA,NA,17770,11620,9538,17192,11987,12595,14822,18993,16786,11120,12376,20211,NA,NA
"STU002756",NA,NA,NA,NA,NA,12468,NA,NA,NA,NA,NA,NA,14246,14847,13085,11113,12334,12058,13169,16770,25111,16204,20409,13111,11390,9449,NA,14078
"STU002757",13761,13097,6467,6156,8286,NA,NA,NA,NA,NA,NA,NA,9317,8362,7547,10213,11413,13636,NA,NA,NA,NA,NA,NA,NA,12658,10516,9142
"STU002758",NA,NA,NA,NA,NA,NA,NA,NA,NA,NA,NA,13149,NA,NA,NA,NA,NA,NA,NA,NA,NA,NA,NA,16712,NA,NA,NA,NA
"STU002759",10168,NA,NA,NA,NA,5226,6398,6853,NA,NA,NA,NA,14121,6564,10821,NA,NA,NA,10713,9430,8732,13421,10167,13297,NA,NA,NA,NA
"STU002760",7353,6553,5013,9828,NA,9349,9600,9806,5253,5443,NA,NA,NA,NA,NA,NA,NA,NA,NA,NA,11009,NA,NA,20607,24620,14904,13859,14560
"STU002761",NA,NA,NA,NA,8934,15657,NA,NA,NA,NA,NA,20894,15049,NA,13603,NA,NA,NA,NA,13493,15396,8248,12111,18485,11787,NA,29278,18635
"STU002762",5803,6429,7447,11230,NA,NA,NA,NA,NA,NA,NA,NA,NA,NA,6739,9668,7706,NA,NA,NA,NA,NA,NA,NA,NA,NA,6050,7632
"STU002763",NA,NA,NA,NA,NA,NA,NA,NA,NA,NA,NA,NA,11684,13058,NA,19382,12248,21853,20840,24042,NA,NA,NA,NA,NA,NA,NA,NA
"STU002764",10600,6576,5660,7032,8843,NA,NA,11048,13700,10411,11790,9735,18355,NA,NA,NA,NA,11660,7355,NA,24564,NA,NA,NA,NA,15345,12495,11853
"STU002765",NA,NA,NA,NA,NA,NA,NA,NA,NA,NA,NA,NA,NA,NA,NA,NA,NA,NA,NA,NA,9427,9715,10203,12991,14732,8286,NA,NA
"STU002766",6838,4482,4821,3849,6994,8541,4955,3962,NA,NA,NA,NA,11884,12721,10927,NA,NA,NA,NA,NA,NA,NA,NA,NA,5415,10052,NA,NA
"STU002767",18299,8485,13930,10701,NA,NA,NA,9630,NA,NA,12032,9454,11183,7635,8833,15314,21885,28479,14649,24588,20220,17731,NA,NA,NA,NA,35054,17194
"STU002768",6846,10950,14907,13894,NA,NA,25055,10025,14945,11653,9659,NA,NA,NA,NA,NA,NA,NA,NA,NA,NA,NA,19028,24482,20903,15844,23583,19091
"STU002769",7352,5962,9663,8515,11170,7099,5289,10194,8088,9664,9710,12059,NA,NA,NA,NA,NA,NA,NA,5130,NA,NA,NA,7585,7360,10176,9104,NA
"STU002770",15389,19844,14301,NA,NA,6778,10293,NA,NA,6675,11615,14435,NA,NA,NA,NA,13820,13487,15231,9036,NA,17000,NA,13254,12957,11611,14884,11235
"STU002771",17055,12466,15923,15992,NA,11510,15004,NA,NA,NA,NA,NA,11412,17388,11003,12506,17040,NA,NA,19889,15559,25428,13356,NA,NA,NA,NA,NA
"STU002772",12163,15337,9734,8690,NA,11122,9622,NA,8874,11576,13519,13414,8509,7019,8080,8779,15762,9907,8317,NA,NA,NA,NA,NA,NA,7866,NA,NA
"STU002773",14713,NA,19255,17949,NA,NA,NA,NA,12059,13204,NA,17079,NA,10649,NA,NA,NA,15985,12108,10725,NA,NA,NA,NA,NA,NA,14034,NA
"STU002774",8960,6939,7164,9959,9948,12161,11321,NA,NA,NA,NA,15402,10952,20762,10412,12998,14646,7396,NA,NA,NA,NA,10804,12472,15136,10094,14801,NA
"STU002775",7454,10887,8909,4525,NA,NA,NA,NA,NA,NA,NA,NA,NA,14976,NA,NA,NA,NA,NA,NA,20260,16247,17789,21784,15240,NA,22418,NA
"STU002776",3700,NA,NA,6800,8212,8328,NA,7629,6505,14239,NA,NA,NA,NA,NA,NA,NA,NA,NA,11631,14730,10248,NA,NA,16283,17200,NA,27692
"STU002777",NA,16373,4015,5506,6366,NA,10019,5676,3759,14283,NA,NA,NA,NA,NA,NA,NA,NA,13018,NA,NA,NA,NA,10780,9928,14168,NA,NA
"STU002778",8093,10765,5184,NA,NA,9783,6064,21528,9384,NA,NA,NA,11407,NA,14611,11253,24957,18079,21862,10340,21689,12591,19857,NA,14235,17732,13699,NA
"STU002779",NA,NA,NA,NA,NA,NA,NA,NA,NA,NA,NA,NA,NA,NA,NA,NA,NA,NA,NA,NA,NA,NA,NA,NA,NA,NA,11896,13344
"STU002780",7153,5629,4170,4450,4146,4601,NA,4132,8070,7751,10079,6005,7337,11613,6087,5318,NA,NA,NA,NA,7957,NA,NA,6749,5969,NA,NA,NA
"STU002781",NA,NA,NA,NA,NA,NA,NA,NA,NA,NA,NA,NA,NA,NA,NA,NA,NA,NA,NA,NA,NA,NA,NA,11307,10281,NA,15284,NA
"STU002782",NA,NA,NA,NA,NA,NA,NA,NA,NA,NA,NA,NA,NA,NA,NA,NA,4475,NA,8711,11368,7765,10355,7229,NA,NA,15377,8717,12148
"STU002783",NA,NA,NA,NA,NA,NA,NA,NA,NA,NA,NA,12630,11488,16706,14754,12907,11999,12029,14451,12653,11276,15926,NA,14253,NA,NA,NA,NA
"STU002784",NA,NA,NA,NA,NA,NA,NA,NA,NA,NA,NA,NA,NA,NA,NA,NA,NA,NA,NA,15616,19897,NA,NA,12849,27510,NA,NA,NA
"STU002785",6702,9220,6404,2827,NA,NA,NA,NA,NA,4834,6539,3438,4542,7492,7597,8758,8339,7047,7241,8376,8479,14099,NA,NA,NA,NA,NA,15854
"STU002786",NA,NA,NA,NA,6782,NA,NA,NA,NA,NA,11561,8963,12845,19456,14110,11079,18205,21658,30872,19692,15409,23227,NA,21388,29787,15453,26600,NA
"STU002787",8987,7983,9702,9390,NA,NA,NA,NA,NA,NA,NA,12011,3881,10705,11122,29657,21464,13293,13781,NA,16660,17028,17758,NA,14431,17585,19140,9192
"STU002788",10852,8884,6623,NA,NA,6065,NA,NA,6769,NA,NA,9894,10906,NA,8135,NA,NA,12589,13645,13098,15035,15005,11518,19501,16984,9971,NA,NA
"STU002789",4332,16319,14011,18507,14402,NA,10134,12980,14532,10208,7950,8871,10971,11579,16154,10560,NA,14406,NA,NA,NA,NA,NA,23486,21672,16799,11260,10255
"STU002790",NA,NA,NA,NA,NA,7088,5325,6081,4543,10902,18390,19676,13939,13415,NA,NA,NA,16127,13312,NA,20165,11896,10559,22522,8502,15384,13527,12317
"STU002791",NA,NA,NA,11592,NA,9988,14478,5460,8324,6205,6379,NA,NA,NA,14096,13401,11154,15847,13364,13290,12553,8842,10854,13118,9436,16557,NA,NA
"STU002792",8857,4085,6166,4956,3542,9612,12130,7779,NA,NA,NA,NA,NA,NA,NA,NA,NA,NA,NA,7603,NA,NA,17784,15363,11694,16483,14977,8832
"STU002793",NA,NA,NA,NA,NA,NA,NA,NA,NA,NA,15214,NA,NA,NA,NA,NA,NA,NA,18836,31696,32228,18843,21487,44183,26978,15256,26696,14819
"STU002794",NA,NA,NA,NA,6614,7651,9147,4015,9619,5192,8957,5077,5390,7535,7312,10105,12956,11144,13484,12058,9835,12472,NA,NA,NA,9423,9755,10217
"STU002795",NA,NA,NA,NA,7336,4648,NA,NA,NA,8310,11346,12467,NA,NA,NA,NA,NA,NA,NA,8412,8570,9434,11509,NA,9946,14522,9360,9451
"STU002796",6481,5412,5924,7150,6561,5076,6462,7821,16525,16757,15907,NA,12398,16452,14278,NA,15423,26579,11015,10877,11908,20084,18602,18026,22213,14431,NA,NA
"STU002797",NA,NA,NA,NA,12129,6973,8374,5652,NA,NA,6519,9818,10528,12457,11803,10844,9875,7165,12292,7242,18073,14084,NA,9692,10862,10100,NA,NA
"STU002798",NA,NA,NA,NA,NA,NA,NA,NA,NA,NA,NA,NA,NA,NA,NA,NA,NA,8315,NA,NA,NA,8163,10496,NA,NA,21943,15847,NA
"STU002799",NA,NA,4933,5236,12098,4024,2692,NA,NA,NA,NA,6308,NA,10629,9610,10234,8490,10335,NA,5822,5624,5357,NA,NA,NA,NA,NA,NA
"STU002800",7460,NA,NA,NA,10606,12072,8132,NA,NA,13462,21893,11552,10529,5718,NA,NA,NA,30270,10714,15286,11762,8952,NA,NA,15000,NA,NA,22143
"STU002801",NA,NA,NA,NA,11953,13173,8109,10291,16260,NA,12166,NA,NA,8733,9425,6295,10462,10515,12500,13709,12592,9459,10883,NA,8824,8815,10608,9540
"STU002802",NA,NA,NA,NA,NA,NA,NA,NA,NA,NA,NA,NA,NA,NA,NA,NA,NA,NA,NA,NA,NA,NA,11886,24033,12164,15365,12702,NA
"STU002803",5670,6647,NA,7306,8403,NA,5962,9655,7177,3798,6564,NA,NA,17594,NA,NA,NA,NA,NA,NA,10844,10598,14239,16013,19508,10896,15914,NA
"STU002804",NA,NA,NA,NA,NA,NA,NA,NA,NA,NA,NA,NA,NA,NA,NA,NA,NA,NA,NA,NA,NA,NA,NA,NA,NA,NA,NA,NA
"STU002805",NA,NA,NA,NA,NA,10468,NA,4733,6184,5696,6212,6141,8731,NA,NA,NA,11012,12162,6617,NA,NA,NA,11118,13139,14278,NA,NA,NA
"STU002806",4682,NA,NA,6855,9393,13079,10664,NA,NA,NA,20244,NA,7166,7507,7719,18046,16154,7800,NA,NA,NA,NA,20935,8141,17511,14771,13077,14452
"STU002807",NA,NA,NA,NA,NA,NA,NA,NA,NA,NA,NA,NA,NA,NA,12797,11448,18837,27244,24326,18040,20787,23891,14713,30633,NA,NA,NA,NA
"STU002808",9205,8953,16898,NA,NA,NA,10549,9069,14107,10924,NA,NA,9541,12615,15695,13617,20804,NA,NA,NA,NA,NA,NA,NA,22160,NA,NA,NA
"STU002809",7641,7375,7802,5189,NA,NA,NA,NA,NA,14966,7123,NA,NA,NA,NA,NA,NA,NA,NA,9424,9905,7912,NA,5432,5905,NA,NA,7458
"STU002810",11346,7146,11697,9592,11354,7067,8135,10416,11580,9659,NA,NA,NA,NA,9169,10996,7557,6729,10747,18864,16260,6616,7986,9019,19696,12160,NA,NA
"STU002811",NA,NA,NA,NA,NA,NA,NA,NA,NA,5505,7474,NA,NA,NA,NA,NA,NA,NA,14665,6715,NA,NA,NA,NA,NA,6024,9793,6885
"STU002812",NA,NA,NA,NA,NA,NA,NA,NA,NA,NA,NA,NA,NA,NA,NA,NA,NA,NA,NA,NA,NA,NA,NA,NA,NA,NA,16778,23484
"STU002813",6732,8439,6061,NA,NA,NA,6731,NA,NA,NA,6522,6247,7915,12325,NA,NA,NA,NA,NA,NA,12269,NA,NA,16924,19639,14816,9173,9055
"STU002814",NA,NA,NA,3881,NA,NA,NA,6781,NA,NA,NA,NA,4539,8838,6904,8756,7833,7197,15510,12393,NA,NA,10011,NA,NA,NA,NA,8032
"STU002815",13905,15678,13925,13426,6604,11984,NA,NA,NA,NA,14689,20634,NA,NA,NA,NA,16795,14893,NA,23082,12278,NA,NA,NA,24078,20218,13214,16468
"STU002816",NA,NA,NA,NA,NA,NA,NA,NA,NA,NA,NA,NA,8366,19386,6622,14583,16568,8932,8419,12561,15095,15188,20642,16370,8664,15926,21501,7282
"STU002817",9098,11807,NA,NA,NA,NA,NA,NA,NA,NA,NA,19040,10087,12625,13014,NA,NA,NA,NA,NA,NA,NA,NA,NA,NA,NA,13976,17762
"STU002818",NA,NA,NA,NA,NA,NA,NA,NA,NA,NA,10631,10400,14051,NA,15182,11044,16560,NA,16646,12521,19419,13020,16581,NA,12088,26312,23710,20571
"STU002819",7998,NA,7830,NA,NA,NA,NA,9507,11935,8719,7922,10842,NA,21318,14945,17624,NA,NA,NA,NA,NA,8688,8261,9540,NA,NA,NA,12905
"STU002820",11693,12441,NA,NA,10527,NA,NA,NA,NA,18343,7589,7899,8035,14102,NA,NA,12092,NA,NA,NA,NA,NA,10875,28428,10672,NA,NA,NA
"STU002821",8508,NA,9765,NA,NA,NA,NA,NA,7043,21021,21069,NA,NA,NA,14729,NA,NA,18196,13282,NA,NA,NA,NA,NA,NA,NA,NA,NA
"STU002822",NA,NA,NA,NA,NA,NA,NA,NA,NA,NA,NA,NA,NA,22048,21079,NA,26672,27590,27868,31581,17573,16366,14694,32876,15873,25841,21984,32968
"STU002823",10607,13906,NA,NA,13791,20752,13368,NA,16180,NA,NA,NA,NA,NA,NA,NA,NA,NA,17742,30263,21870,15262,18596,16346,24385,18136,20779,22773
"STU002824",NA,NA,NA,NA,NA,6226,9158,7734,6430,10833,7901,12629,11365,16896,7996,9344,12129,7816,12193,7187,10183,NA,9503,16916,13708,9345,NA,13645
"STU002825",NA,NA,NA,NA,NA,NA,NA,NA,NA,NA,NA,NA,NA,NA,NA,NA,NA,NA,NA,NA,NA,NA,NA,22875,11137,NA,NA,NA
"STU002826",8957,13258,5781,5788,NA,NA,9460,12823,11865,12103,11213,NA,6178,14370,13190,14624,NA,NA,NA,NA,NA,NA,NA,NA,NA,NA,12437,9881
"STU002827",6637,4607,10770,NA,NA,NA,NA,NA,11405,10778,10248,8416,NA,13772,15431,18377,14636,NA,NA,NA,NA,13952,28703,10420,11314,18733,NA,16184
"STU002828",8375,NA,10838,8486,NA,NA,14970,11780,NA,NA,NA,NA,17353,18828,32296,18215,18826,15559,12308,21297,17869,20418,24431,NA,NA,NA,NA,NA
"STU002829",NA,NA,NA,NA,NA,NA,NA,NA,NA,NA,NA,NA,NA,NA,NA,NA,NA,NA,NA,NA,21157,24330,18639,17325,15077,24105,23183,19086
"STU002830",NA,NA,NA,NA,NA,NA,NA,NA,NA,NA,NA,NA,NA,NA,NA,NA,NA,NA,NA,NA,NA,NA,NA,NA,NA,19699,20192,18248
"STU002831",14682,NA,NA,3875,NA,NA,NA,3366,5314,5014,8392,NA,NA,10849,4002,15990,7170,12697,8303,32629,10962,NA,NA,NA,NA,NA,8392,12848
"STU002832",5187,9924,NA,NA,NA,NA,10380,8080,8262,NA,NA,10468,10778,NA,NA,18582,NA,NA,NA,11149,21729,18579,23859,NA,24793,11712,15429,35321
"STU002833",NA,NA,NA,NA,NA,NA,NA,NA,NA,NA,NA,NA,NA,NA,NA,NA,NA,NA,NA,NA,NA,NA,NA,NA,NA,NA,NA,NA
"STU002834",11730,8056,7303,NA,5757,NA,NA,NA,NA,NA,NA,NA,5657,11967,10000,18934,13045,8391,7856,10430,11732,14676,12763,20102,9278,12174,13274,10899
"STU002835",5336,5189,3087,2948,4093,4233,10332,NA,3436,5972,NA,5484,3610,3718,4339,NA,3687,4696,5648,5537,12005,NA,NA,5559,3349,4553,8910,NA
"STU002836",NA,NA,NA,NA,NA,NA,NA,NA,NA,NA,NA,NA,NA,NA,NA,NA,NA,NA,NA,NA,NA,NA,NA,NA,NA,NA,NA,NA
"STU002837",17500,6374,5671,7208,9719,10114,10904,NA,NA,14660,7619,16347,14100,12902,18162,9898,NA,11784,9701,NA,NA,NA,NA,6961,16819,9257,11796,8627
"STU002838",NA,NA,NA,NA,NA,NA,NA,NA,NA,NA,4200,8740,21509,4178,8959,NA,5048,NA,NA,12941,6994,24356,8881,22147,17174,NA,NA,NA
"STU002839",7106,NA,6516,7450,NA,NA,7021,NA,NA,9872,14501,13401,10282,14640,NA,NA,10334,10562,10347,13544,12195,NA,NA,NA,NA,NA,NA,10238
"STU002840",12428,9485,10318,NA,11161,8775,7083,8324,5792,13785,NA,13049,11396,15533,NA,NA,NA,NA,13204,13051,13415,10400,10010,10944,NA,NA,NA,NA
"STU002841",4870,7619,NA,6057,11056,NA,6542,6340,NA,NA,NA,NA,4201,NA,6490,5699,13232,6062,NA,NA,NA,NA,10730,4586,4553,24909,7586,NA
"STU002842",NA,NA,NA,8812,10158,6842,24960,20194,26393,16911,22922,14120,17672,19313,NA,13379,19678,15219,NA,NA,NA,13564,14544,NA,NA,32638,19319,20319
"STU002843",5766,NA,NA,NA,13675,18275,18549,12580,22504,9971,16568,22537,16185,13914,NA,25878,12860,21472,NA,NA,NA,17751,14203,17341,16787,19106,11093,17726
"STU002844",8904,8347,14558,9520,6029,7086,7234,8064,7599,NA,11784,6747,11896,6571,6541,11228,NA,NA,9887,15578,NA,NA,10654,13568,10130,28350,11676,NA
"STU002845",16321,12539,NA,NA,NA,NA,NA,NA,NA,12068,NA,NA,13603,14187,NA,NA,NA,22959,NA,NA,NA,NA,NA,NA,NA,28185,14550,NA
"STU002846",NA,NA,NA,NA,4433,5044,5849,5777,6060,4810,NA,5880,8400,7750,5973,NA,NA,9608,NA,9571,NA,NA,NA,NA,NA,NA,9808,NA
"STU002847",8987,10677,4595,4398,6937,12177,9376,6084,8705,6047,15876,NA,NA,9801,8491,7183,12680,8316,13495,12952,NA,NA,16632,12296,13423,21944,9374,18292
"STU002848",6932,7302,7874,7598,7237,6728,5078,NA,NA,NA,NA,NA,NA,NA,10040,NA,NA,NA,NA,9286,10792,12065,8254,11529,10221,NA,NA,NA
"STU002849",16182,5339,NA,NA,NA,6641,4579,NA,NA,5722,5594,9099,5290,6696,NA,NA,NA,NA,NA,10481,14144,7780,12227,14860,15533,NA,NA,NA
"STU002850",7043,8096,NA,NA,6275,4831,3861,3933,2250,5637,6179,7775,NA,7772,9185,NA,NA,11868,10055,8412,NA,14093,7248,10780,9707,15507,13992,9044
"STU002851",NA,NA,NA,NA,NA,NA,NA,NA,NA,NA,NA,NA,NA,NA,NA,NA,NA,NA,NA,NA,NA,NA,NA,NA,NA,NA,NA,NA
"STU002852",9285,9548,12162,13189,11873,18784,11142,11590,10285,11637,NA,NA,NA,NA,NA,NA,NA,NA,NA,NA,NA,NA,10915,NA,12142,10070,13702,10156
"STU002853",6129,8198,3638,NA,NA,NA,NA,NA,NA,10725,10254,16506,11639,13376,NA,11200,20616,18408,16108,22706,15076,13183,NA,NA,NA,NA,NA,NA
"STU002854",NA,NA,15358,14993,9354,9928,13296,13947,9822,12520,NA,NA,NA,NA,12049,13907,NA,12258,12442,NA,11816,16358,NA,NA,7940,10210,14352,11691
"STU002855",NA,NA,NA,7373,8319,6357,12233,9103,NA,NA,NA,NA,NA,NA,NA,NA,NA,12065,11524,12471,15693,17881,10174,10708,NA,NA,13302,7821
"STU002856",9899,NA,NA,23555,12320,13998,8002,NA,11611,9205,NA,NA,NA,6285,11203,18177,7285,NA,19430,8501,12922,NA,NA,15136,NA,NA,29070,20995
"STU002857",NA,NA,NA,NA,NA,NA,NA,NA,NA,NA,NA,NA,NA,NA,NA,NA,NA,NA,NA,NA,NA,NA,NA,NA,NA,NA,NA,NA
"STU002858",NA,NA,NA,NA,NA,NA,NA,13229,7621,7437,14834,6463,14030,13698,NA,NA,NA,NA,NA,8613,11275,9609,NA,13177,16953,13282,15088,NA
"STU002859",6663,5658,NA,NA,NA,NA,NA,10845,12685,14494,18667,NA,12595,14338,NA,NA,23086,14981,11400,NA,NA,NA,15905,17476,21584,NA,NA,NA
"STU002860",12900,6814,NA,NA,NA,NA,NA,NA,NA,4749,7428,NA,8322,NA,NA,NA,NA,NA,NA,9940,NA,16224,14931,NA,NA,NA,NA,14460
"STU002861",11332,8030,8038,NA,NA,NA,20144,NA,NA,NA,33024,NA,NA,14487,18449,19454,25014,24946,17696,19059,20082,NA,NA,25373,19750,NA,NA,NA
"STU002862",6944,3700,7248,5277,4789,NA,NA,NA,NA,NA,NA,17783,NA,11333,11442,13866,13102,NA,NA,NA,NA,NA,NA,11032,9602,22246,14286,17588
"STU002863",6664,7854,5145,6243,7845,5915,6386,4425,NA,8145,NA,NA,NA,5288,6046,NA,6790,5341,10660,8361,7012,8296,12744,20173,8441,20957,NA,NA
"STU002864",NA,NA,NA,NA,NA,NA,NA,NA,NA,5623,NA,6122,NA,NA,10684,NA,NA,NA,9995,NA,NA,NA,17222,9606,11066,23906,11390,17054
"STU002865",NA,13860,NA,NA,4808,3150,12738,5082,3526,NA,10508,10567,7305,5567,5463,6021,3692,24152,13223,9544,9117,7795,11306,5299,5416,10547,NA,NA
"STU002866",NA,NA,9077,NA,NA,9595,NA,NA,NA,5583,NA,8901,10222,11459,8144,NA,NA,NA,14793,11122,NA,12365,12276,17173,13342,6778,9449,13351
"STU002867",NA,NA,11814,NA,NA,NA,NA,NA,NA,NA,NA,NA,NA,NA,NA,NA,NA,NA,5979,NA,NA,NA,NA,10411,NA,16893,NA,NA
"STU002868",8971,10071,NA,NA,NA,NA,NA,10559,11906,7208,NA,7743,9219,11521,9371,4675,8440,NA,NA,NA,NA,NA,NA,NA,NA,NA,10925,NA
"STU002869",NA,NA,NA,NA,15220,8353,8926,NA,NA,12644,NA,NA,14746,12689,20992,NA,14857,14911,11167,22718,15260,NA,NA,23529,11433,15963,18932,15994
"STU002870",11155,10920,9775,NA,NA,NA,7967,13553,9220,9560,14993,NA,NA,NA,NA,18256,17473,23469,17701,17711,25419,25043,18180,NA,NA,NA,NA,26476
"STU002871",NA,11705,10088,NA,NA,NA,NA,NA,NA,NA,NA,13774,14146,7684,NA,NA,NA,14776,22223,NA,19970,NA,NA,NA,10221,11802,14997,15090
"STU002872",7603,9739,7362,NA,NA,NA,NA,NA,NA,6794,7232,10058,8783,14071,11602,11656,13056,11147,NA,NA,NA,12972,14343,13182,11901,10290,10703,21257
"STU002873",NA,NA,NA,NA,NA,NA,NA,NA,NA,NA,NA,NA,NA,NA,NA,NA,NA,NA,NA,NA,NA,NA,NA,NA,NA,NA,NA,NA
"STU002874",NA,7139,7415,6654,NA,NA,NA,9122,12733,14576,10533,11538,21481,11697,NA,NA,NA,NA,15954,15680,12438,16191,11430,15262,9602,19643,10007,16835
"STU002875",5223,NA,NA,11174,14703,13174,NA,10673,10564,12073,20963,13838,NA,NA,15109,16484,17085,NA,NA,NA,20104,NA,15624,NA,NA,NA,19157,NA
"STU002876",13806,11467,7325,NA,11610,8999,15077,10553,15381,NA,NA,NA,NA,NA,NA,NA,11446,NA,NA,20134,15190,13656,15627,20030,NA,NA,NA,10635
"STU002877",6382,5593,7067,4413,NA,NA,4934,NA,8052,3532,7843,5428,7671,5527,7923,10472,NA,7065,12037,12134,9186,8216,7096,7807,6644,14113,19414,29693
"STU002878",NA,NA,NA,NA,10130,NA,NA,NA,NA,5700,18394,11401,9630,NA,NA,9282,10178,7774,17867,9070,8368,NA,NA,12954,11213,16931,NA,11936
"STU002879",NA,NA,NA,NA,NA,NA,NA,NA,NA,NA,NA,NA,NA,NA,NA,NA,NA,25714,16652,33332,17936,21684,30022,NA,NA,16622,NA,NA
"STU002880",NA,NA,NA,NA,NA,7528,6923,14721,15224,12539,NA,15242,6950,15371,NA,10125,18850,17348,12879,9506,13634,17258,NA,NA,NA,NA,NA,11317
"STU002881",10422,NA,NA,NA,NA,14255,7849,8441,21477,NA,8847,10252,16976,15976,9617,NA,10130,10832,NA,NA,7813,11553,10908,9772,15138,12715,12394,8997
"STU002882",9787,NA,NA,8241,7559,NA,NA,NA,NA,NA,NA,17731,16677,18869,NA,20042,10461,NA,NA,NA,NA,9995,NA,NA,NA,11091,17995,14077
"STU002883",8019,8126,9854,8007,NA,NA,NA,NA,NA,NA,8339,11890,14150,7419,4898,8895,11519,NA,11201,9630,10121,11544,8057,12848,NA,10868,17784,6568
"STU002884",NA,NA,10849,6253,5089,4867,NA,NA,NA,NA,4707,4362,6443,NA,NA,9363,11700,8779,NA,10362,9284,NA,NA,9324,NA,NA,NA,6215
"STU002885",8162,7108,8360,NA,NA,NA,NA,NA,10733,NA,NA,NA,6115,8787,16755,8867,8340,5807,NA,NA,NA,NA,NA,15618,10144,15054,11739,5175
"STU002886",5359,5087,3162,5282,9390,5983,5133,4277,7079,5245,6938,5895,6633,NA,NA,NA,NA,NA,6781,NA,NA,11499,14284,9777,9596,8546,13944,9360
"STU002887",NA,NA,NA,NA,NA,NA,NA,NA,NA,NA,NA,11034,19092,NA,NA,NA,NA,11728,17297,7314,NA,NA,NA,10392,NA,18828,NA,NA
"STU002888",NA,NA,NA,5470,5631,6501,5622,NA,NA,NA,16803,NA,NA,11630,NA,NA,NA,NA,14340,NA,15843,10161,23080,12426,21625,15803,NA,NA
"STU002889",NA,NA,NA,NA,4961,10636,10520,NA,NA,NA,NA,NA,NA,11817,14216,16964,12853,NA,NA,NA,18525,13194,NA,NA,13275,12377,7969,NA
"STU002890",10304,8483,11003,9234,11365,4469,NA,NA,7786,5881,6049,8884,18470,11632,11304,15341,9215,21521,9683,NA,NA,NA,10120,12473,19407,15352,NA,NA
"STU002891",NA,NA,NA,NA,NA,6927,9266,9301,7530,NA,18159,NA,NA,NA,NA,NA,35424,14690,18702,25342,NA,21861,36287,12252,29082,10890,NA,NA
"STU002892",4389,3897,9662,8387,14678,20044,5407,NA,NA,NA,8220,NA,7508,NA,NA,8333,10569,6154,NA,NA,NA,NA,13797,19000,12559,NA,15049,NA
"STU002893",NA,NA,NA,NA,21761,13527,NA,NA,NA,NA,13740,NA,NA,14991,14693,11989,11096,14290,13869,NA,NA,NA,NA,NA,NA,NA,10668,12119
"STU002894",NA,NA,NA,NA,7339,6933,4155,7066,6880,12490,4727,NA,3607,NA,NA,NA,NA,NA,NA,NA,6743,NA,NA,NA,NA,NA,NA,NA
"STU002895",11500,5602,8528,NA,7203,14499,NA,7113,12987,7430,6993,7499,6839,NA,NA,5934,10022,12700,17931,6170,14632,11005,NA,5466,8448,NA,NA,NA
"STU002896",NA,NA,NA,NA,NA,NA,NA,NA,NA,NA,NA,NA,8032,20940,NA,NA,NA,NA,NA,NA,8583,15423,NA,10516,NA,NA,NA,NA
"STU002897",11300,14844,NA,14297,NA,NA,15350,14906,10689,13057,11374,11199,15702,7796,9360,11371,15567,14829,10541,8162,NA,NA,NA,NA,NA,9801,13252,12585
"STU002898",NA,9561,NA,7536,9160,8164,NA,NA,NA,11287,7514,14057,11408,9953,11899,12315,12833,11829,NA,NA,NA,NA,NA,NA,NA,NA,9002,15927
"STU002899",NA,NA,NA,NA,6541,NA,9145,4826,4926,4606,7540,9083,10354,6207,NA,NA,NA,NA,NA,NA,NA,NA,NA,NA,NA,NA,NA,NA
"STU002900",7811,10440,10668,5854,19555,17881,11414,13133,21473,12694,18884,NA,NA,16331,21011,NA,NA,NA,10713,23595,14182,22841,19906,16637,20483,16362,14414,25186
"STU002901",11125,11779,5681,8514,15438,10989,NA,NA,13005,12328,18331,NA,NA,NA,10876,8934,9649,14651,12902,12428,15636,13925,NA,NA,NA,13349,12186,NA
"STU002902",NA,NA,NA,6200,14457,9020,12631,13420,10670,13230,NA,NA,NA,NA,NA,NA,NA,6414,13816,NA,NA,NA,11556,16264,6698,NA,NA,10766
"STU002903",6184,NA,NA,12330,8408,7590,14227,8006,6356,14861,NA,NA,NA,NA,NA,NA,NA,8351,9413,5723,8859,8314,11010,11644,NA,9892,11890,4357
"STU002904",5664,4316,4498,8261,11273,NA,NA,NA,NA,NA,NA,NA,6611,6821,19298,8180,11071,13898,NA,NA,NA,NA,NA,NA,NA,NA,NA,NA
"STU002905",12188,NA,NA,NA,NA,12125,8090,12734,3985,NA,NA,NA,16239,14041,NA,15026,19716,9274,16660,NA,NA,NA,11828,12077,11230,12102,18161,11475
"STU002906",11569,8795,NA,NA,NA,NA,NA,8737,NA,NA,NA,NA,NA,NA,NA,21824,16532,10665,15383,14183,NA,NA,12497,17133,NA,NA,NA,NA
"STU002907",8850,NA,5711,6260,7362,8100,NA,NA,NA,5737,7714,NA,NA,10391,NA,9361,NA,NA,NA,NA,NA,10149,10661,18070,NA,9619,22010,NA
"STU002908",NA,NA,10933,16797,7421,9622,NA,11612,NA,11572,22887,9020,NA,NA,14690,13555,10624,16450,16602,14171,12626,NA,13903,13239,NA,14161,8021,16063
"STU002909",5713,12137,12408,4603,5129,NA,NA,NA,4139,NA,13359,NA,NA,NA,4874,5911,NA,NA,NA,12274,10845,NA,NA,NA,NA,NA,12699,11881
"STU002910",NA,NA,NA,NA,NA,NA,NA,NA,NA,NA,NA,NA,NA,NA,NA,NA,NA,NA,NA,NA,NA,33238,21370,23618,NA,NA,22655,26963
"STU002911",6761,6844,NA,8232,NA,NA,NA,12208,7742,11708,18457,10174,NA,NA,10257,7905,6485,11008,8343,10389,9110,10662,17097,20134,9804,9402,8115,7193
"STU002912",8522,NA,5231,9933,5609,7543,NA,NA,NA,14896,14797,22852,24844,11244,NA,11186,16294,NA,NA,17830,23222,16651,12872,NA,12378,NA,NA,11090
"STU002913",7384,7939,NA,NA,NA,NA,8420,9870,NA,8822,5043,NA,NA,NA,NA,9977,NA,NA,NA,13078,27493,NA,NA,NA,NA,NA,NA,27501
"STU002914",3917,8383,12104,6154,7282,6408,12423,NA,13365,13594,NA,NA,NA,8435,10206,16108,15298,11395,14229,10228,17698,18522,NA,NA,8344,NA,17526,14941
"STU002915",7221,7372,8484,6361,NA,NA,NA,NA,NA,NA,NA,25145,10173,18776,NA,10500,13125,13532,15612,17545,28290,NA,NA,NA,NA,NA,NA,13907
"STU002916",NA,NA,NA,NA,NA,NA,NA,NA,NA,NA,NA,NA,NA,NA,NA,10479,NA,11312,14126,NA,NA,10546,NA,13711,NA,NA,NA,NA
"STU002917",NA,NA,NA,NA,NA,NA,NA,NA,NA,NA,NA,NA,3911,10831,15105,13039,25867,19618,NA,19485,17434,29599,12826,18073,20075,NA,NA,NA
"STU002918",NA,NA,5182,9486,6493,13525,NA,10630,6905,12421,11684,10367,NA,14731,14355,15139,9161,20092,NA,16461,NA,NA,NA,NA,NA,NA,10907,18579
"STU002919",7021,5208,8555,6566,4703,7773,6369,8633,NA,NA,NA,NA,NA,8815,7198,NA,5715,6767,7605,8036,8054,21559,8909,10806,8869,NA,15255,NA
"STU002920",13934,5588,5618,5266,5652,5314,10643,7195,7998,12750,15581,10898,7820,11732,13125,10937,17500,17419,18280,19382,9215,12331,NA,NA,13524,18793,NA,15370
"STU002921",NA,NA,8453,13892,4993,5097,6427,NA,NA,6565,NA,13996,9536,NA,7906,9139,11513,13625,NA,10738,13982,8007,11656,17936,20841,NA,14550,21368
"STU002922",6045,NA,NA,NA,NA,NA,3981,7203,4110,NA,12756,10291,6900,5494,6501,NA,NA,NA,NA,10658,13451,13388,12557,17593,12001,12172,19226,10051
"STU002923",9246,7417,10316,9676,NA,NA,NA,NA,15028,7951,16555,10610,NA,NA,7319,NA,NA,NA,NA,10071,13120,17031,11279,10215,NA,NA,NA,NA
"STU002924",7754,6723,7124,5103,6658,7397,NA,4561,NA,NA,NA,11334,NA,NA,NA,NA,NA,NA,NA,NA,16097,12988,8805,8448,16164,6697,NA,NA
"STU002925",3991,9457,8144,5126,NA,24977,6352,7185,5658,9226,8488,8900,7453,NA,NA,NA,NA,NA,NA,14147,11862,NA,NA,NA,NA,NA,24483,19252
"STU002926",18701,10298,10540,8728,7219,8041,7586,NA,NA,NA,NA,NA,NA,NA,13637,17081,15362,NA,NA,12965,17618,9722,10146,18135,15983,14537,NA,NA
"STU002927",10443,NA,11662,NA,NA,NA,18047,16047,NA,17055,10518,25459,NA,NA,14026,NA,32672,35750,22560,26689,30183,16340,20700,NA,NA,21695,25875,NA
"STU002928",NA,NA,NA,NA,NA,NA,NA,NA,NA,NA,NA,NA,NA,NA,NA,NA,NA,NA,NA,NA,NA,NA,7937,NA,14978,10240,12721,NA
"STU002929",6723,18016,10145,7091,NA,NA,NA,8840,NA,NA,16136,NA,NA,NA,15061,10991,18886,13037,11406,11432,11102,14841,9752,9587,21686,19715,12551,12218
"STU002930",8023,9349,NA,NA,NA,NA,NA,NA,NA,NA,10869,16658,7876,8004,8824,9800,15341,15136,NA,16569,8604,10079,10193,8539,10000,9554,10845,11648
"STU002931",NA,NA,NA,NA,NA,NA,NA,NA,NA,NA,NA,NA,NA,NA,13786,15959,12988,NA,NA,NA,NA,NA,NA,14364,13401,12001,12759,NA
"STU002932",NA,NA,NA,NA,NA,7468,NA,5268,12001,NA,NA,5700,NA,NA,NA,NA,16857,15952,19554,20297,21546,20454,23463,13854,19530,15226,17468,NA
"STU002933",NA,6281,8204,NA,11724,9337,12187,8892,10017,6544,NA,NA,NA,14199,11282,13411,13946,10457,9212,12680,15641,13093,8230,18737,10485,12549,NA,NA
"STU002934",11099,8035,8729,12695,NA,NA,9633,NA,NA,NA,NA,NA,14459,6012,NA,NA,NA,NA,NA,NA,21752,13783,16756,19460,26531,NA,NA,NA
"STU002935",NA,NA,NA,NA,NA,NA,NA,NA,NA,NA,NA,NA,NA,NA,13174,13557,14286,15679,12154,11069,12275,16235,14751,11456,12383,12447,11755,22595
"STU002936",NA,NA,NA,NA,NA,NA,NA,NA,NA,NA,NA,NA,NA,NA,NA,NA,NA,NA,NA,NA,NA,NA,NA,NA,NA,NA,NA,NA
"STU002937",NA,NA,NA,NA,NA,NA,NA,NA,NA,NA,NA,NA,NA,NA,NA,NA,NA,6200,10379,NA,NA,NA,NA,NA,NA,17594,14339,13971
"STU002938",8495,6911,NA,NA,NA,NA,7032,8392,13426,18461,16195,NA,NA,NA,NA,NA,NA,13549,13543,NA,NA,NA,NA,NA,NA,NA,NA,NA
"STU002939",NA,NA,NA,NA,NA,NA,NA,NA,NA,NA,NA,NA,NA,NA,22371,16840,10328,17862,16776,13361,NA,NA,15018,9855,11854,14749,NA,NA
"STU002940",NA,7028,7381,5248,5368,5559,5067,7499,6761,4898,NA,NA,NA,NA,NA,NA,NA,8659,NA,NA,NA,NA,NA,NA,6472,6813,8227,7811
"STU002941",11921,10088,10808,10779,NA,5685,11830,12806,NA,NA,5565,5532,NA,NA,12442,NA,NA,NA,15953,14738,20660,16103,12055,9943,20063,14693,6172,NA
"STU002942",10133,NA,NA,5911,4310,7480,NA,NA,NA,NA,11222,12518,12702,16997,17995,NA,NA,10918,25959,23355,NA,NA,NA,NA,18721,12542,13511,NA
"STU002943",NA,NA,7236,20797,14381,10291,10801,11621,9493,19963,10665,8843,13484,22889,11549,NA,NA,12210,15231,24291,15608,11483,20894,7679,16052,17355,NA,18029
"STU002944",9355,NA,NA,NA,5258,7549,NA,NA,9819,11312,NA,9628,6471,9022,6920,NA,NA,NA,NA,19765,22847,18057,15550,26819,24948,NA,18892,19728
"STU002945",NA,NA,5325,NA,NA,NA,7389,9924,NA,NA,NA,NA,8235,8278,6066,NA,NA,NA,NA,10478,8603,8953,18915,11950,16233,9717,15643,NA
"STU002946",NA,NA,NA,NA,12213,9166,11347,19544,11450,11550,11274,8137,13522,12085,NA,21011,10899,12017,12739,12588,NA,NA,NA,NA,NA,8587,16173,15172
"STU002947",NA,NA,NA,8069,6653,3743,5566,NA,5659,12434,12268,10437,NA,NA,6753,NA,NA,9926,11398,6514,12368,14634,6976,11280,16766,14332,13395,NA
"STU002948",9389,8400,7854,8064,10407,8761,NA,NA,NA,NA,NA,15601,13421,16009,21198,18488,NA,24651,26338,13575,16580,16632,31768,12665,22798,NA,NA,NA
"STU002949",9423,8526,7517,NA,NA,5140,8722,10418,7391,13495,6801,13782,10654,12934,13147,13873,19762,13535,NA,NA,NA,NA,NA,NA,NA,NA,NA,NA
"STU002950",NA,NA,NA,NA,NA,15296,7679,13179,NA,NA,13806,NA,NA,NA,NA,NA,NA,NA,NA,32903,23864,18620,22778,17424,21120,17238,23246,NA
"STU002951",18788,NA,7438,NA,NA,NA,NA,NA,9457,NA,16214,14127,15426,NA,8659,19976,14987,16351,14005,17195,NA,15907,20966,12987,15120,12713,18354,18309
"STU002952",NA,NA,NA,NA,NA,NA,NA,NA,NA,NA,NA,NA,NA,NA,NA,NA,NA,NA,NA,NA,NA,NA,NA,NA,NA,19304,19185,22666
"STU002953",9958,16371,NA,11139,NA,NA,NA,NA,14474,6329,10682,10511,15006,12946,9943,NA,9287,12239,18140,12155,NA,7568,11543,NA,NA,NA,NA,NA
"STU002954",NA,NA,NA,NA,NA,NA,NA,NA,NA,14608,8740,NA,NA,NA,NA,NA,9383,16680,NA,14352,20222,18764,15030,NA,12354,15400,NA,NA
"STU002955",NA,NA,NA,NA,NA,NA,NA,NA,NA,NA,NA,NA,NA,NA,NA,NA,NA,NA,NA,NA,NA,NA,NA,NA,NA,NA,NA,NA
"STU002956",NA,NA,NA,NA,NA,NA,NA,NA,NA,NA,NA,NA,NA,NA,NA,NA,NA,NA,NA,NA,NA,NA,NA,NA,NA,NA,NA,NA
"STU002957",9991,7447,11424,NA,8255,NA,10476,8988,10662,NA,16522,11197,NA,NA,NA,NA,NA,7942,15178,12703,11652,10844,NA,NA,NA,NA,NA,10421
"STU002958",2525,NA,NA,NA,NA,NA,5956,7968,5421,6348,NA,NA,7718,8208,12946,5293,7040,NA,11021,12650,NA,15763,5467,14458,11048,17980,17983,NA
"STU002959",6173,10425,NA,9425,6102,NA,NA,NA,NA,NA,13028,15900,11533,16684,20516,NA,NA,NA,NA,NA,18705,15922,17092,21532,12424,16749,18801,19510
"STU002960",NA,NA,NA,NA,NA,NA,NA,15880,21523,29222,14737,14095,16330,18055,18340,14663,18320,24328,14985,38609,14370,NA,13774,19757,NA,NA,NA,15417
"STU002961",NA,NA,NA,NA,NA,NA,NA,NA,NA,NA,NA,NA,NA,NA,NA,NA,NA,NA,NA,17966,12148,10556,NA,NA,NA,NA,NA,13238
"STU002962",NA,NA,NA,NA,NA,NA,NA,NA,NA,NA,NA,NA,NA,NA,NA,NA,NA,NA,NA,NA,NA,NA,NA,12049,18208,14004,17894,12609
"STU002963",6744,7183,NA,5229,9897,NA,NA,NA,NA,NA,NA,8205,NA,NA,NA,14109,NA,8260,15841,4788,17447,15543,NA,3907,8075,13472,7265,9412
"STU002964",7913,11184,NA,NA,NA,NA,NA,NA,NA,NA,15112,13360,NA,NA,NA,25793,NA,13207,NA,NA,NA,11033,NA,NA,NA,NA,12183,14148
"STU002965",NA,NA,NA,10352,4493,11512,9161,5241,7956,7114,9152,6410,10938,9734,11659,8794,7355,12569,8519,10630,7515,NA,NA,NA,NA,NA,12746,NA
"STU002966",7048,4997,7428,4918,11177,NA,7114,16375,10079,11708,NA,NA,8911,12951,8508,6761,7753,21801,NA,5922,NA,NA,25160,13638,10495,7597,NA,35470
"STU002967",9849,8258,NA,NA,NA,6803,4601,NA,NA,NA,NA,NA,NA,7540,19109,14932,13586,11582,14699,NA,NA,NA,NA,NA,10844,12409,12651,17341
"STU002968",NA,NA,NA,NA,NA,7177,11801,9273,NA,NA,NA,NA,NA,NA,NA,NA,NA,NA,NA,6479,11004,8781,9392,7546,9086,5392,10843,12546
"STU002969",8098,NA,NA,NA,9957,NA,13981,17974,28808,19689,24757,NA,NA,19066,NA,12974,27418,NA,10522,19065,15271,26663,25429,21366,19070,20601,NA,NA
"STU002970",6575,4792,11949,NA,10707,12689,NA,NA,11896,7521,9598,12738,9538,NA,NA,9077,10676,10672,NA,NA,11136,7331,12823,11566,NA,NA,NA,NA
"STU002971",NA,NA,NA,NA,NA,NA,NA,NA,NA,NA,NA,NA,NA,NA,NA,NA,NA,NA,20461,NA,NA,16349,26756,NA,25245,24375,28638,NA
"STU002972",7766,7342,14245,NA,NA,NA,NA,NA,NA,18199,9676,8352,NA,NA,NA,11215,16041,NA,NA,NA,NA,6731,13467,6842,NA,NA,13591,23611
"STU002973",NA,NA,NA,NA,NA,NA,NA,NA,NA,NA,NA,NA,NA,NA,NA,NA,NA,NA,NA,NA,NA,NA,NA,NA,15868,12897,NA,NA
"STU002974",7360,7010,9566,8552,8088,7331,8572,6009,NA,16679,NA,17839,NA,NA,NA,NA,NA,NA,NA,5971,10430,NA,NA,NA,14907,NA,22027,9233
"STU002975",NA,NA,NA,NA,NA,6470,NA,NA,5029,10939,13755,NA,NA,5598,6035,7838,NA,NA,9274,NA,NA,NA,10272,9901,13808,16782,8419,12279
"STU002976",5094,6460,4098,6264,2876,6663,8598,6620,NA,NA,7080,8245,8965,6422,7167,NA,14755,7063,13091,NA,17682,11958,11204,12535,14908,19810,6887,9211
"STU002977",11226,6982,NA,NA,NA,NA,NA,NA,NA,8717,7538,6710,7615,12229,NA,NA,NA,7626,7506,7221,NA,7996,11549,5797,4306,14557,NA,NA
"STU002978",NA,NA,NA,6487,6162,5219,NA,NA,NA,NA,NA,6863,3484,6372,5554,7553,9254,NA,NA,4367,5283,9653,NA,NA,NA,NA,12623,NA
"STU002979",9277,8500,8542,16856,8802,7182,8943,8830,NA,NA,13019,NA,11653,8578,NA,21817,13952,22468,15145,26544,21216,26975,33430,21759,26575,13488,22346,NA
"STU002980",NA,NA,NA,NA,NA,NA,NA,NA,NA,NA,NA,NA,NA,NA,NA,NA,NA,NA,NA,NA,NA,NA,NA,NA,NA,24493,11328,13010
"STU002981",11009,8004,7352,NA,NA,10811,14701,8382,6430,7225,7358,NA,NA,NA,12836,13058,10995,10144,11563,NA,NA,NA,12709,11876,NA,NA,NA,11714
"STU002982",6797,NA,NA,NA,NA,NA,NA,NA,NA,NA,8396,11606,NA,12319,22561,24769,NA,NA,NA,24067,NA,NA,NA,NA,14834,18228,10670,16595
"STU002983",7709,NA,5531,5559,6154,NA,NA,NA,NA,NA,NA,NA,6256,8603,4559,7368,11709,10039,18853,8928,NA,9615,7627,8564,NA,NA,12219,8891
"STU002984",NA,5072,NA,15405,8277,13302,7138,6489,14408,14551,9016,NA,NA,NA,4432,10098,NA,NA,12343,NA,NA,NA,NA,NA,NA,NA,NA,NA
"STU002985",12226,10857,NA,NA,NA,NA,5747,15179,7794,10177,4397,6913,NA,NA,NA,NA,NA,NA,NA,10748,8058,6828,14945,7480,NA,NA,NA,NA
"STU002986",9816,NA,5729,10171,8413,9896,3895,NA,11015,4026,8253,5396,NA,10287,NA,11370,12010,NA,13571,9583,9852,12376,11508,13391,11585,8263,NA,NA
"STU002987",17030,10473,6920,10447,5936,NA,NA,5770,5275,4892,NA,NA,NA,NA,13599,11641,15161,11250,10299,NA,NA,12593,17575,12219,14446,19885,15488,12509
"STU002988",NA,NA,8325,12671,NA,NA,7149,10467,9550,6880,6388,NA,NA,NA,NA,NA,NA,NA,NA,NA,13604,6985,10968,NA,NA,8172,11024,9311
"STU002989",8265,7928,7596,5115,9569,8565,10878,NA,NA,NA,6922,10706,9033,12395,17698,NA,15823,23736,18937,9389,11047,11620,14747,NA,19934,28050,NA,20206
"STU002990",NA,NA,NA,NA,NA,NA,NA,NA,NA,NA,NA,NA,NA,NA,NA,NA,NA,NA,NA,NA,NA,NA,8476,15320,10318,NA,NA,NA
"STU002991",9185,NA,NA,9705,7772,5127,11015,30101,33172,9248,14104,NA,6700,8591,4565,10495,10538,NA,NA,12558,26896,22238,11888,17513,NA,NA,NA,14900
"STU002992",17391,18910,8049,8446,8615,7045,10060,NA,NA,NA,NA,18683,31722,NA,NA,NA,NA,NA,17652,23009,21214,NA,NA,NA,NA,NA,NA,NA
"STU002993",14198,16367,NA,12600,NA,13877,14851,13818,NA,NA,NA,NA,8823,NA,12301,NA,NA,NA,23831,24670,27309,14599,NA,NA,NA,NA,NA,NA
"STU002994",11085,14018,12562,11747,13082,NA,NA,15058,14538,16355,13422,8825,NA,NA,7447,NA,NA,15015,15143,13119,10658,NA,NA,NA,13103,NA,14754,13792
"STU002995",NA,NA,NA,NA,NA,NA,NA,NA,NA,NA,NA,NA,NA,NA,NA,NA,NA,NA,NA,NA,NA,NA,NA,NA,19022,21286,15606,15951
"STU002996",10037,4697,10447,4559,NA,8396,4487,7063,7737,8428,10650,8890,7941,NA,NA,NA,NA,9007,14006,10082,12403,13555,11883,12407,8377,9116,14582,12498
"STU002997",NA,NA,NA,NA,NA,NA,NA,NA,NA,NA,NA,NA,NA,NA,NA,NA,NA,NA,NA,NA,NA,NA,NA,NA,NA,NA,NA,NA
"STU002998",NA,4269,5289,NA,NA,NA,NA,NA,NA,NA,NA,NA,16883,15569,10890,15917,7816,12127,NA,18094,10871,11839,13442,14783,12661,NA,NA,9823
"STU002999",4634,5390,NA,NA,NA,NA,NA,NA,NA,NA,15150,10689,8219,9240,17073,NA,NA,NA,NA,NA,NA,9417,NA,8434,10538,10537,8259,NA
"STU003000",5453,4288,6836,7100,NA,7124,NA,NA,13690,10244,8576,NA,NA,NA,NA,11163,13055,12198,14700,8301,14644,10604,NA,9974,13234,10965,10353,6666
"STU003001",8908,NA,7291,5476,5871,11362,8054,9050,7503,NA,NA,NA,7793,NA,NA,11091,8795,13432,14812,14708,NA,NA,10493,15486,13359,11179,12022,NA
"STU003002",7435,15926,7493,13705,10057,9130,9345,8460,NA,NA,NA,NA,NA,NA,7923,10218,16663,NA,13109,NA,9013,16018,14126,18448,21229,17088,16049,20584
"STU003003",8260,NA,NA,NA,NA,NA,NA,12086,NA,7137,8002,9639,5237,6558,5617,20678,NA,14609,27218,17640,16773,16561,24787,NA,15639,16831,23007,NA
"STU003004",NA,NA,NA,NA,NA,NA,NA,NA,NA,NA,NA,NA,NA,NA,NA,NA,NA,NA,NA,NA,NA,NA,NA,NA,NA,NA,NA,NA
"STU003005",NA,NA,NA,NA,NA,NA,NA,NA,NA,NA,NA,NA,NA,NA,NA,NA,NA,NA,NA,NA,NA,NA,9549,20497,NA,NA,NA,17101
"STU003006",NA,NA,NA,NA,NA,NA,NA,20146,13050,NA,NA,NA,NA,NA,15597,36016,20416,15089,25182,NA,NA,NA,NA,NA,NA,NA,26963,24057
"STU003007",12237,13101,12557,8242,10950,NA,NA,NA,NA,6630,17462,15521,11242,10223,NA,13023,22311,NA,27858,16876,17342,NA,NA,NA,NA,NA,NA,NA
"STU003008",NA,10304,6250,NA,9803,NA,NA,5905,5887,11244,9807,5492,6312,NA,NA,NA,NA,7789,9990,11365,NA,11164,13684,10698,7814,13085,NA,NA
"STU003009",9416,9515,10599,6317,12779,11946,7572,8972,8654,NA,NA,NA,NA,8284,7120,14582,NA,10564,7452,NA,NA,NA,7371,10023,12274,14044,18191,8835
"STU003010",NA,NA,NA,NA,NA,NA,NA,NA,NA,NA,NA,NA,NA,6543,11534,NA,13545,24354,18077,13570,NA,NA,NA,NA,NA,NA,NA,19938
"STU003011",9093,8805,4860,6648,6310,NA,NA,NA,8806,8938,NA,NA,NA,NA,8198,13486,12393,NA,16168,12628,8207,18820,13146,10503,NA,NA,NA,NA
"STU003012",NA,NA,25824,6524,7048,4959,NA,NA,NA,3551,7473,11891,8890,NA,11558,NA,15786,10975,9428,12575,23855,9370,11802,NA,NA,NA,NA,NA
"STU003013",NA,NA,7940,6026,6067,NA,6043,12708,NA,16428,11838,11546,10343,7994,NA,NA,NA,15644,10905,10604,14849,9109,21917,15137,NA,NA,NA,14498
"STU003014",NA,NA,NA,NA,NA,NA,NA,NA,NA,NA,NA,NA,NA,NA,NA,11111,NA,NA,23475,24613,15316,17804,NA,NA,NA,NA,NA,21937
"STU003015",NA,5025,7479,9145,5309,6317,NA,NA,NA,5307,9154,9939,11921,NA,NA,NA,8538,7672,13551,7353,7007,19426,11440,NA,9528,11003,16324,13351
"STU003016",11521,NA,10830,15706,13001,9221,NA,NA,25127,20372,NA,14139,12355,18476,24068,23566,NA,15869,26649,24631,NA,32742,16394,12367,15614,14694,25626,NA
"STU003017",NA,NA,NA,NA,NA,NA,NA,NA,NA,NA,NA,NA,NA,NA,NA,NA,NA,NA,5865,NA,NA,NA,NA,NA,10550,25391,NA,NA
"STU003018",13990,5810,5154,7422,10869,12543,NA,NA,13609,8838,15893,21472,8579,14519,11170,NA,NA,NA,9758,13938,16307,13310,11556,14304,8664,12524,17334,10927
"STU003019",10792,NA,9322,NA,NA,3785,NA,NA,NA,8893,NA,NA,NA,NA,NA,NA,7126,16840,13468,10235,8269,7671,9679,9769,NA,NA,NA,NA
"STU003020",13670,10324,10824,12680,7005,7219,8720,NA,8859,12834,NA,NA,NA,NA,NA,9756,NA,NA,NA,8943,14607,11743,9891,9242,NA,10884,14732,11777
"STU003021",4021,4717,3771,4525,7808,3308,5660,7435,3948,19116,4877,7399,8423,NA,NA,NA,NA,NA,NA,NA,5326,NA,NA,NA,NA,NA,9125,11288
"STU003022",NA,NA,NA,NA,NA,NA,NA,NA,NA,NA,NA,NA,NA,NA,NA,NA,NA,NA,NA,NA,NA,NA,NA,NA,NA,NA,NA,NA
"STU003023",4651,NA,NA,NA,7019,6135,6980,6832,5912,NA,13971,17240,6551,5494,9863,NA,NA,NA,5648,6472,7326,7748,13830,NA,NA,NA,6577,13013
"STU003024",10639,9609,5063,9038,13847,6561,15563,7371,NA,13043,8215,8396,17379,NA,25278,25270,15858,26717,19701,15739,20175,16356,NA,NA,19345,19940,NA,NA
"STU003025",NA,NA,NA,NA,NA,NA,NA,NA,NA,NA,NA,NA,NA,NA,NA,NA,NA,NA,NA,NA,NA,NA,11496,15418,18757,14689,10269,16919
"STU003026",9247,NA,NA,NA,NA,8182,14594,13186,10571,NA,17199,12032,16190,NA,NA,11198,NA,NA,NA,13818,13850,17693,13702,14869,12908,NA,NA,NA
"STU003027",NA,NA,NA,NA,NA,NA,NA,20382,9749,8958,14663,24122,11748,11828,20502,NA,NA,19447,22822,22334,16507,15644,27848,17677,22102,NA,NA,29263
"STU003028",8491,7550,6529,9617,7926,10452,16274,7598,6027,10812,7178,NA,NA,NA,NA,NA,6531,6735,9210,NA,9204,7573,9283,NA,NA,NA,NA,11658
"STU003029",NA,NA,NA,NA,5177,NA,NA,NA,NA,15893,9387,13465,15286,NA,NA,NA,NA,NA,NA,NA,NA,NA,15044,22636,NA,NA,NA,24476
"STU003030",NA,NA,NA,NA,NA,NA,NA,NA,NA,NA,NA,NA,NA,NA,NA,NA,NA,NA,NA,NA,NA,NA,NA,NA,NA,NA,NA,NA
"STU003031",9024,7481,3577,4855,5616,4807,2954,6051,4094,3366,6187,NA,NA,NA,NA,NA,12490,9475,5413,6720,9901,5934,9566,NA,NA,NA,NA,NA
"STU003032",8705,7932,NA,14951,8598,12457,9686,12363,13347,9078,15808,15456,12498,NA,NA,NA,11005,NA,NA,NA,NA,9627,15317,24226,NA,NA,16643,14287
"STU003033",7038,NA,NA,NA,NA,NA,6173,NA,NA,NA,NA,NA,NA,NA,NA,NA,NA,NA,NA,NA,NA,NA,NA,8475,8864,10389,6262,4967
"STU003034",7827,13853,10351,11098,NA,NA,NA,NA,13231,7342,10380,9795,9695,13610,11036,8084,8987,13481,15485,9471,19320,NA,NA,16854,11898,8132,13733,12904
"STU003035",9082,NA,NA,NA,NA,NA,NA,NA,NA,NA,NA,12546,NA,13463,21456,14259,10336,NA,NA,NA,NA,NA,13795,13845,14924,10026,15297,7409
"STU003036",11938,6008,NA,6506,8966,13079,9977,NA,NA,NA,NA,15635,15741,NA,NA,NA,NA,NA,NA,NA,NA,NA,NA,10267,13837,NA,NA,18831
"STU003037",NA,NA,7557,5222,NA,NA,5273,7279,13160,5277,NA,4562,8333,5944,5179,NA,9303,7742,4247,5910,10486,NA,NA,NA,NA,NA,NA,16476
"STU003038",16167,8517,7893,10967,11193,NA,NA,10562,6773,NA,NA,NA,NA,NA,NA,16011,NA,NA,NA,NA,NA,14674,12241,20621,NA,NA,11425,7368
"STU003039",7896,NA,NA,11950,NA,NA,NA,NA,NA,12263,NA,NA,12302,NA,NA,NA,NA,NA,20194,12832,22490,15121,31660,21749,24260,NA,NA,23604
"STU003040",9532,9170,NA,13969,NA,NA,8597,11239,5778,7900,4120,5672,5942,NA,NA,NA,NA,NA,NA,14649,14918,14427,8263,9291,9795,11870,16118,14468
"STU003041",NA,NA,NA,NA,5779,6472,NA,5974,NA,NA,NA,NA,7956,6839,9741,NA,NA,NA,16911,NA,31727,NA,NA,NA,NA,8134,NA,13002
"STU003042",6137,NA,10064,11416,9967,17173,12357,NA,NA,NA,NA,NA,11875,16079,10754,19708,14539,10533,14809,9969,13801,13802,12285,NA,NA,NA,NA,NA
"STU003043",14543,8122,7264,13204,NA,NA,NA,NA,NA,NA,NA,NA,NA,NA,NA,NA,2831,7873,NA,6277,NA,NA,NA,NA,NA,NA,NA,11341
"STU003044",8186,5730,NA,5624,NA,NA,NA,NA,5226,NA,NA,NA,NA,NA,NA,NA,NA,NA,NA,NA,NA,NA,NA,NA,NA,NA,NA,NA
"STU003045",NA,NA,NA,12742,8461,4110,NA,NA,NA,NA,NA,NA,NA,NA,11809,8393,11331,NA,12551,NA,NA,NA,NA,8563,9733,12513,NA,12872
"STU003046",4684,NA,7170,3721,11624,NA,NA,7739,NA,NA,NA,NA,NA,10120,NA,NA,NA,NA,NA,NA,NA,NA,NA,7442,11147,NA,NA,NA
"STU003047",NA,NA,NA,NA,NA,NA,NA,NA,NA,NA,8842,12884,8375,NA,NA,NA,NA,23459,NA,18441,16441,17138,NA,NA,NA,NA,NA,NA
"STU003048",NA,NA,NA,NA,NA,NA,NA,NA,NA,NA,NA,NA,NA,NA,NA,NA,NA,NA,NA,NA,NA,NA,NA,NA,NA,NA,NA,NA
"STU003049",5491,6293,7440,NA,NA,NA,NA,NA,NA,NA,NA,NA,NA,NA,NA,NA,7925,7692,7759,NA,20771,11997,17147,16193,13284,15016,19806,7861
"STU003050",8787,8464,9360,7979,NA,NA,NA,14349,13977,10711,NA,NA,NA,NA,NA,NA,NA,19338,17549,22894,12391,19660,31762,NA,NA,NA,NA,NA
"STU003051",7509,7054,11743,8470,13217,NA,9126,NA,NA,NA,NA,11255,7554,8795,6975,15981,14725,22175,13707,11209,14360,18896,NA,NA,NA,NA,NA,NA
"STU003052",8092,8952,11891,7269,NA,NA,9954,5505,6892,NA,NA,NA,NA,NA,NA,15200,11089,16266,6679,11231,NA,NA,13862,13457,13547,6678,NA,19959
"STU003053",9471,5962,8834,8297,11951,5342,8021,10129,9387,6349,NA,NA,4489,NA,NA,NA,NA,NA,10294,14587,NA,NA,NA,NA,NA,NA,NA,NA
"STU003054",NA,NA,NA,NA,NA,NA,NA,NA,NA,NA,NA,NA,NA,NA,NA,NA,NA,NA,NA,NA,NA,NA,NA,NA,NA,NA,22692,17228
"STU003055",NA,NA,9363,5011,12355,11450,16590,NA,NA,NA,NA,15227,8162,13328,8238,13932,15574,11651,13975,13156,9410,13042,14113,11637,NA,NA,14033,8105
"STU003056",7558,12187,12280,10883,NA,11637,7360,7708,15839,NA,11822,6765,NA,NA,7527,11835,13622,17267,NA,23993,19682,NA,22368,21864,16841,14372,28321,29739
"STU003057",NA,NA,NA,NA,NA,NA,NA,NA,NA,NA,NA,NA,NA,NA,NA,NA,NA,NA,NA,NA,NA,NA,NA,NA,NA,NA,NA,NA
"STU003058",6875,NA,8593,6127,8856,5596,3901,12262,10673,9394,14997,12382,9238,15268,NA,NA,8387,8561,15429,8231,7957,9528,NA,NA,12856,11123,17416,16810
"STU003059",3645,NA,NA,NA,NA,7295,8630,NA,NA,NA,NA,8244,6809,7125,10680,8286,7766,10862,6560,10901,13030,NA,NA,NA,8689,NA,NA,NA
"STU003060",7370,9476,6814,6465,8950,8696,5470,NA,NA,NA,NA,11508,8910,NA,NA,NA,NA,10568,9205,7861,11962,NA,10683,10014,15221,NA,9826,9218
"STU003061",NA,NA,NA,11620,9244,10458,10966,11715,15766,11322,NA,15424,16057,NA,13581,14678,31485,24071,23144,20773,20276,14150,13712,12994,15710,11432,14979,24674
"STU003062",7954,NA,NA,NA,NA,NA,NA,NA,13601,11296,9050,14659,9840,15886,7137,NA,NA,12645,14139,14549,10785,15198,11219,NA,NA,15731,12664,NA
"STU003063",9840,8585,9262,NA,NA,NA,NA,NA,NA,3746,NA,NA,NA,7196,4618,9568,15321,NA,NA,NA,11840,10716,12261,9881,NA,NA,13166,7884
"STU003064",NA,4667,4428,9198,11492,13461,13415,12817,12046,15269,9350,16287,10642,13524,9402,17066,NA,NA,NA,13955,15847,17122,18256,NA,11083,20615,14393,17620
"STU003065",5023,10261,4934,NA,NA,NA,NA,NA,NA,NA,NA,7940,5036,10987,NA,NA,NA,13451,37438,21035,9774,NA,15896,18153,17428,24174,18523,NA
"STU003066",12764,11518,7263,NA,23480,15314,19139,NA,NA,NA,24781,17113,NA,NA,NA,NA,NA,NA,NA,27449,NA,35538,37803,26571,23511,34034,NA,NA
"STU003067",12999,NA,NA,5367,7929,NA,NA,7177,8971,NA,18941,NA,15167,6994,NA,NA,NA,12981,14578,12799,NA,NA,NA,14631,NA,NA,10504,17401
"STU003068",8861,5407,8277,NA,NA,NA,NA,NA,NA,NA,NA,NA,NA,11943,NA,NA,NA,11912,16395,12901,14181,11935,24821,9699,14884,15614,18360,12318
"STU003069",10841,11369,14427,8001,NA,NA,NA,NA,NA,NA,NA,NA,17465,NA,14102,16789,30459,10959,20533,17585,14162,15107,26373,13429,15200,NA,13721,11845
"STU003070",10511,6095,NA,6433,7694,NA,10966,NA,18773,17773,NA,11031,16039,8943,19198,18677,10949,NA,NA,20662,9698,13753,NA,NA,NA,19870,NA,NA
"STU003071",NA,NA,NA,NA,NA,13286,5532,5430,14562,8209,5744,6795,5902,NA,4382,5062,NA,NA,10728,10886,NA,NA,NA,6853,16337,NA,NA,NA
"STU003072",6239,3912,13829,8471,5769,5046,6240,NA,8607,4000,6887,10523,6105,NA,NA,NA,NA,NA,NA,7081,5617,18856,NA,19236,NA,6261,15050,10160
"STU003073",4366,5571,NA,NA,NA,NA,NA,NA,NA,8633,8270,6138,10589,5631,2924,6562,3245,9391,3555,8832,15981,14923,17085,14066,6849,17147,10415,NA
"STU003074",8809,6262,8579,8589,7666,12729,14244,4998,8797,9914,9745,15063,6341,NA,NA,NA,NA,NA,NA,8502,13535,7378,21056,NA,NA,19450,NA,NA
"STU003075",5505,11208,12658,NA,NA,NA,NA,NA,NA,NA,7873,NA,NA,12355,11302,NA,10800,NA,NA,NA,NA,NA,27578,24067,23693,29218,18433,NA
"STU003076",11746,NA,NA,NA,NA,8857,14781,NA,NA,8831,11237,10560,NA,NA,10717,15167,8642,8346,9064,14943,13641,10184,9232,10388,13649,13669,20089,12479
"STU003077",NA,NA,NA,NA,NA,7421,7835,NA,NA,NA,16683,NA,15953,25795,12062,NA,NA,NA,17992,NA,NA,NA,NA,NA,17563,11295,18274,15393
"STU003078",5853,10841,4986,5971,NA,NA,NA,8239,NA,NA,NA,4743,5749,5994,9179,10696,NA,NA,7171,11434,5951,7409,NA,NA,NA,20047,NA,NA
"STU003079",16543,9054,12340,14423,15899,10396,12470,9450,14963,NA,NA,NA,NA,NA,NA,19005,22339,NA,NA,17101,13904,18865,NA,20721,12278,19484,14409,12203
"STU003080",NA,NA,NA,NA,NA,NA,NA,NA,NA,NA,NA,NA,NA,NA,NA,NA,NA,NA,NA,NA,NA,16457,18421,NA,14242,19147,20169,21654
"STU003081",7668,6933,5584,5555,NA,NA,5573,5552,14352,7212,13388,13726,6830,15026,10569,8922,NA,NA,5365,10767,18144,14041,9097,7304,8935,NA,12500,9908
"STU003082",5496,4019,3697,9464,8526,10453,2434,8782,7006,4723,7182,10275,7084,4800,14241,5018,5857,9187,8905,5546,4912,8670,4858,6235,NA,NA,6701,NA
"STU003083",12120,11219,NA,NA,7468,5921,NA,7841,14490,7973,12494,13259,11154,4994,NA,NA,NA,NA,NA,NA,NA,NA,NA,17301,12648,20519,13923,14095
"STU003084",7752,12727,NA,NA,NA,NA,NA,6029,4864,NA,NA,NA,11525,16639,11865,9694,10170,11264,8769,17613,16235,15299,15454,11774,NA,NA,10405,10828
"STU003085",8328,3397,6328,NA,NA,NA,NA,NA,NA,NA,NA,NA,12772,NA,25785,NA,NA,18045,NA,10884,14154,10938,NA,NA,NA,NA,10780,NA
"STU003086",13987,8072,NA,NA,NA,8096,11434,NA,NA,NA,8283,5793,NA,NA,NA,NA,NA,15490,14093,9532,17702,NA,NA,8587,NA,NA,NA,NA
"STU003087",8785,11579,15795,8135,9256,NA,NA,NA,6425,10638,9025,NA,NA,NA,NA,9882,16462,8818,16574,13164,18009,35516,NA,NA,NA,NA,NA,15163
"STU003088",NA,13040,11022,12515,12834,11420,11189,NA,NA,NA,NA,19593,20923,16554,9570,11914,NA,NA,NA,NA,NA,NA,NA,NA,NA,NA,NA,NA
"STU003089",NA,NA,NA,NA,5982,NA,NA,NA,NA,NA,NA,NA,NA,NA,7850,6601,9006,8636,NA,NA,15323,11558,11315,7045,7347,11986,NA,NA
"STU003090",10145,NA,11906,10770,8151,9632,10283,15117,13465,9617,NA,11000,14609,15398,NA,16655,10309,NA,NA,NA,NA,NA,NA,NA,NA,NA,15868,13695
"STU003091",14813,10449,12700,13130,7748,11189,10535,10476,10091,NA,NA,NA,NA,NA,NA,NA,18673,15252,NA,NA,17435,16023,NA,9770,NA,NA,NA,NA
"STU003092",NA,NA,8222,NA,11509,NA,NA,16926,NA,13775,NA,NA,NA,NA,NA,NA,28896,30770,26056,NA,26427,17464,34416,NA,NA,NA,NA,42507
"STU003093",4240,12536,8647,11732,11947,11562,12726,13484,9991,NA,NA,NA,NA,11345,NA,16279,19013,NA,NA,NA,NA,17471,18131,11379,13144,11814,11269,NA
"STU003094",5887,NA,NA,NA,14035,18656,NA,NA,NA,NA,NA,NA,11058,12141,10008,9283,13545,NA,NA,NA,NA,NA,NA,NA,NA,NA,NA,NA
"STU003095",NA,NA,10365,11038,NA,NA,8069,NA,NA,9283,8315,11866,15690,9630,9796,9503,NA,NA,NA,NA,11671,NA,NA,9044,8523,NA,NA,11462
"STU003096",NA,NA,NA,7175,7359,NA,NA,5273,NA,6041,6352,7290,7803,6679,9280,7031,7870,10588,11692,NA,NA,8643,10727,NA,9051,8274,13244,NA
"STU003097",NA,NA,NA,NA,NA,NA,NA,NA,NA,NA,NA,NA,NA,NA,NA,NA,NA,NA,NA,NA,NA,NA,NA,NA,NA,NA,NA,NA
"STU003098",6819,6673,8625,7161,7389,10566,NA,NA,NA,NA,NA,6775,7243,NA,8459,NA,NA,NA,NA,NA,12952,15140,15551,8066,15219,11584,15628,15667
"STU003099",NA,NA,NA,NA,NA,NA,NA,NA,NA,NA,NA,NA,NA,NA,NA,NA,NA,NA,NA,NA,NA,NA,NA,20510,16716,8063,12896,9457
"STU003100",NA,NA,NA,NA,NA,NA,NA,NA,NA,NA,NA,NA,NA,NA,NA,NA,NA,NA,NA,NA,NA,NA,NA,NA,36471,38964,28438,16195
"STU003101",10234,11281,NA,NA,NA,6312,4355,NA,NA,5777,7433,7222,NA,NA,NA,8396,7741,11881,12039,14946,9663,12191,10659,NA,NA,NA,9767,9527
"STU003102",6481,6728,6607,6110,7203,7505,NA,NA,NA,NA,NA,NA,NA,NA,NA,NA,NA,NA,NA,NA,NA,NA,NA,13178,12933,NA,NA,NA
"STU003103",13503,7662,NA,NA,NA,21486,11724,6053,9753,11112,NA,NA,NA,6982,10555,16697,14324,11743,NA,NA,20403,NA,NA,NA,NA,20925,NA,NA
"STU003104",17619,NA,NA,NA,NA,NA,13799,11019,9157,14668,20667,5636,7661,NA,NA,11094,7808,9376,11720,13201,11105,NA,14066,17651,9809,14497,17786,17554
"STU003105",8125,8115,12837,7554,14839,12601,7440,8000,5291,5789,NA,17601,NA,13549,11761,18858,NA,NA,NA,NA,NA,NA,NA,NA,NA,NA,NA,NA
"STU003106",NA,NA,NA,NA,NA,NA,NA,NA,4864,NA,8855,NA,4912,19129,15730,11163,6526,13082,8132,13684,13390,14525,NA,NA,NA,NA,NA,NA
"STU003107",13708,13965,8261,7922,NA,NA,NA,11704,9293,6176,NA,NA,NA,NA,NA,9552,15318,7054,9152,14479,10718,11639,13822,11975,9690,10682,12006,14618
"STU003108",NA,NA,9071,5566,6124,NA,NA,14806,11223,14220,13424,17061,NA,NA,NA,12215,10216,8991,NA,7303,11083,NA,12696,15522,16609,10949,10675,14319
"STU003109",8358,15147,NA,NA,NA,NA,8371,9656,15425,8398,14151,6884,7462,9540,12930,NA,NA,NA,NA,8770,8636,8153,18186,9681,NA,NA,NA,20081
"STU003110",NA,NA,NA,NA,NA,NA,NA,NA,NA,NA,NA,10128,15713,NA,NA,NA,NA,NA,13395,NA,NA,NA,23205,NA,NA,NA,NA,NA
"STU003111",6891,13019,NA,NA,NA,12064,9629,NA,15091,15920,10503,NA,16713,20354,NA,NA,NA,NA,NA,NA,15086,45244,15749,21729,22454,21567,NA,NA
"STU003112",NA,NA,NA,NA,9213,NA,NA,7946,7545,NA,NA,7255,9081,NA,NA,NA,NA,9375,8484,7621,NA,NA,NA,NA,NA,NA,10575,7826
"STU003113",NA,NA,NA,NA,NA,NA,NA,NA,NA,NA,NA,NA,NA,NA,NA,NA,8356,9409,10389,9228,7417,15028,13944,10165,15497,NA,NA,NA
"STU003114",NA,4311,NA,NA,NA,NA,NA,6801,7534,3651,7914,7930,6470,8826,5877,NA,9307,5304,7298,6559,7351,3915,12999,5643,6098,11790,NA,NA
"STU003115",9206,12152,5871,NA,NA,NA,NA,4135,6617,NA,NA,NA,NA,NA,NA,7705,5270,9376,4842,14713,14775,10934,7681,9218,NA,NA,18158,11518
"STU003116",6661,NA,NA,NA,NA,NA,NA,NA,NA,NA,NA,NA,NA,NA,NA,NA,9918,NA,11114,NA,NA,12661,8516,13541,11372,NA,NA,NA
"STU003117",NA,NA,NA,NA,NA,NA,NA,NA,NA,NA,NA,NA,NA,NA,NA,NA,NA,NA,NA,NA,NA,NA,22716,24817,12396,23375,21698,31266
"STU003118",NA,NA,NA,NA,NA,NA,NA,NA,NA,NA,8122,NA,NA,NA,NA,NA,NA,NA,NA,19548,NA,NA,NA,NA,15959,25225,43744,27702
"STU003119",NA,NA,NA,NA,NA,NA,NA,NA,NA,NA,NA,NA,NA,NA,NA,NA,NA,NA,NA,24078,23634,24291,17591,20654,24895,18164,23578,12925
"STU003120",10028,9226,7342,NA,NA,NA,NA,NA,NA,7870,NA,NA,7314,20047,20330,12059,NA,NA,NA,NA,NA,13731,18219,14045,15730,NA,19183,13177
"STU003121",9140,13705,14127,NA,15857,NA,NA,NA,NA,NA,8191,14766,NA,12832,14878,6524,12641,NA,NA,14754,12427,9318,NA,NA,NA,12885,17101,14327
"STU003122",9270,7541,11576,NA,NA,NA,9895,9603,NA,NA,NA,7685,14533,14214,7462,NA,NA,NA,NA,11770,8012,NA,16436,NA,8599,8716,17295,11413
"STU003123",NA,NA,NA,9969,11294,NA,NA,25256,14002,12388,NA,13779,11951,8735,15628,8640,13285,9070,14462,10283,15525,11187,20750,9597,21343,NA,NA,NA
"STU003124",NA,NA,NA,NA,NA,NA,NA,NA,NA,NA,NA,NA,NA,NA,NA,NA,NA,NA,NA,NA,NA,NA,NA,NA,NA,NA,NA,NA
"STU003125",9523,10269,NA,7583,5276,6911,9436,6956,NA,NA,6558,NA,14398,13370,5337,NA,9762,11830,9338,27548,NA,NA,NA,NA,NA,NA,11223,15101
"STU003126",8124,9014,7039,4505,4973,9890,NA,NA,NA,NA,7134,NA,NA,6952,9465,12496,12739,20329,12876,15418,14057,16055,14399,NA,NA,NA,NA,NA
"STU003127",6521,11817,9360,12512,NA,NA,NA,NA,NA,NA,NA,6719,8434,NA,11741,NA,9893,10029,NA,NA,NA,NA,NA,16197,9679,11739,17442,NA
"STU003128",NA,NA,NA,NA,NA,NA,NA,36600,17491,17479,21595,NA,NA,20187,NA,25197,19649,NA,NA,14869,31041,18501,NA,NA,NA,NA,19503,NA
"STU003129",9434,13132,8571,14456,22090,14564,10537,9003,16913,11906,18993,9386,11886,NA,9618,22783,NA,NA,23785,31121,18711,NA,21251,27482,33555,27993,24213,31300
"STU003130",6439,8451,NA,NA,5002,7429,7333,6980,NA,NA,8783,6243,4170,NA,2858,5973,4822,12142,NA,10091,7415,NA,NA,NA,9381,13974,11055,10428
"STU003131",6173,12529,6348,6263,NA,7916,5505,NA,NA,NA,NA,NA,7651,9095,8884,4146,10828,7612,5406,NA,NA,NA,NA,NA,NA,10330,NA,NA
"STU003132",NA,NA,NA,NA,NA,NA,NA,NA,NA,NA,NA,NA,NA,NA,NA,NA,NA,NA,NA,NA,NA,NA,NA,NA,NA,NA,NA,NA
"STU003133",5076,6416,NA,NA,NA,NA,NA,NA,NA,NA,6572,14675,6797,NA,NA,NA,NA,NA,NA,NA,7180,NA,NA,NA,11178,NA,7072,10803
"STU003134",12657,NA,NA,NA,19344,11385,16868,NA,15806,20310,19159,11440,10551,21268,13179,NA,16364,14516,20014,13624,NA,NA,NA,11239,16279,21520,NA,NA
"STU003135",NA,NA,NA,NA,NA,NA,NA,NA,NA,NA,NA,NA,NA,NA,NA,NA,NA,NA,NA,NA,NA,NA,NA,NA,NA,NA,NA,NA
"STU003136",6995,9056,3764,5509,7520,5947,7664,5342,5659,10848,11381,7060,NA,NA,NA,NA,5729,NA,NA,NA,7025,8269,NA,NA,6631,16880,20218,13948
"STU003137",NA,NA,NA,NA,NA,NA,NA,NA,NA,NA,NA,NA,NA,NA,NA,NA,30013,29662,32353,NA,NA,NA,NA,NA,NA,21723,NA,NA
"STU003138",NA,NA,NA,NA,NA,NA,NA,NA,NA,NA,NA,NA,NA,NA,NA,NA,NA,NA,NA,NA,12533,10205,7973,14060,27352,25219,16553,15948
"STU003139",6802,6803,9656,NA,8184,8940,8770,13921,13467,9746,19472,10870,14001,13371,11921,18824,7415,10846,11937,NA,NA,13675,6330,NA,NA,NA,NA,11956
"STU003140",7798,7655,6016,6911,NA,NA,3819,NA,NA,NA,NA,NA,NA,NA,NA,NA,NA,NA,NA,NA,15855,NA,NA,NA,NA,NA,NA,NA
"STU003141",NA,NA,NA,NA,NA,NA,NA,NA,NA,NA,NA,NA,NA,NA,NA,NA,NA,NA,NA,24716,19469,32893,31136,33617,39349,32140,16855,23921
"STU003142",NA,NA,7336,8087,NA,NA,7557,NA,9414,8067,16165,7323,11326,NA,7235,NA,NA,NA,NA,11405,10936,9217,10667,NA,13036,NA,NA,NA
"STU003143",8321,NA,6669,NA,15419,6008,5983,10279,NA,5318,15046,5841,5645,NA,NA,15629,NA,14034,NA,13140,NA,11609,18370,19225,18820,13532,16647,23955
"STU003144",7649,NA,NA,NA,NA,9973,NA,NA,NA,NA,9274,8491,NA,NA,12968,6597,10678,NA,6375,NA,7205,NA,11047,11654,14854,13265,8567,11210
"STU003145",NA,NA,10322,7317,16580,NA,NA,7883,6159,8541,11163,9703,7600,8841,7225,6694,NA,NA,NA,NA,NA,6641,8523,10541,9417,11997,NA,NA
"STU003146",8663,9816,10088,5713,8236,8368,NA,NA,NA,NA,NA,11036,NA,NA,12383,14538,20839,NA,NA,22642,25402,13456,16167,17330,17553,19050,14881,25970
"STU003147",NA,NA,12194,8948,7729,9825,14023,NA,NA,8089,7527,9863,18596,NA,10271,NA,NA,NA,NA,NA,NA,NA,NA,NA,19112,19597,15001,13453
"STU003148",NA,NA,NA,NA,NA,6934,7207,8043,NA,NA,NA,NA,NA,NA,NA,7746,9706,NA,NA,NA,NA,9039,13868,8560,9724,9154,15882,10830
"STU003149",11591,7605,9666,10935,7602,9964,10892,NA,NA,NA,NA,NA,21745,11081,19803,10346,13733,8007,13632,18086,9305,20379,NA,11209,17714,14818,14322,NA
"STU003150",7235,NA,11436,7294,9651,4430,NA,5488,NA,6731,3690,7571,NA,7047,6565,8415,NA,NA,10972,6041,NA,NA,16477,13940,10669,NA,NA,NA
"STU003151",NA,NA,NA,NA,NA,NA,NA,NA,NA,NA,NA,NA,NA,NA,NA,NA,NA,NA,9864,NA,NA,17562,15105,21258,14934,NA,NA,NA
"STU003152",NA,NA,NA,NA,NA,NA,NA,13776,5016,6099,NA,NA,8540,NA,NA,NA,NA,NA,NA,NA,NA,NA,NA,NA,7225,6012,11188,NA
"STU003153",13139,14006,17239,15031,10749,15909,NA,NA,NA,18461,17217,NA,NA,21431,16281,25301,14418,33459,NA,19813,23813,21958,NA,29965,29050,NA,NA,NA
"STU003154",13662,12893,NA,NA,NA,NA,NA,NA,NA,11448,8830,5601,10084,9433,8882,11247,8337,8762,12089,10845,NA,9226,6078,9219,12157,5064,NA,NA
"STU003155",NA,NA,NA,NA,NA,NA,NA,NA,NA,NA,NA,NA,NA,NA,NA,NA,NA,NA,NA,NA,NA,NA,NA,NA,NA,NA,NA,NA
"STU003156",NA,NA,NA,NA,NA,NA,NA,NA,7287,8957,22314,13817,11776,10338,10618,15833,NA,NA,13109,NA,NA,10710,16482,12220,11317,NA,14214,12480
"STU003157",6139,7120,7697,NA,NA,5173,5056,7271,9194,7437,6438,6414,3940,10265,14313,NA,NA,NA,NA,NA,9778,NA,NA,10890,NA,NA,NA,NA
"STU003158",6434,9698,6201,9705,NA,5789,13786,6210,10975,9314,7497,8167,9542,6485,NA,NA,NA,NA,8486,NA,NA,NA,NA,17890,16964,17466,7958,NA
"STU003159",NA,NA,NA,NA,NA,11560,10105,NA,NA,NA,NA,10851,13215,13640,10532,12221,7911,10504,NA,NA,12399,9411,12784,12450,12094,22759,11306,6931
"STU003160",10183,9336,8470,9760,5779,10919,5694,7093,9439,13173,12410,NA,NA,NA,10040,9615,NA,NA,17448,NA,NA,NA,NA,NA,10257,8208,6946,NA
"STU003161",10290,7301,NA,NA,NA,NA,7984,11187,9630,7826,10829,NA,11559,11091,13225,9041,NA,NA,10108,12540,19200,10941,7896,NA,12465,9852,12031,6142
"STU003162",6594,5550,11808,6834,NA,NA,NA,NA,NA,8009,8617,10661,10690,11828,10873,14129,6569,NA,NA,NA,23713,24546,NA,NA,18590,12639,20716,31402
"STU003163",5752,9431,5779,10970,4908,NA,NA,NA,NA,15381,11425,NA,NA,NA,NA,NA,15033,20315,14417,14015,22746,18953,15603,19880,13816,17335,14759,22218
"STU003164",16785,11945,NA,7196,7877,5771,6290,8230,5222,NA,16820,NA,NA,NA,NA,NA,NA,NA,14149,20047,9067,13504,11733,17032,14184,NA,NA,NA
"STU003165",NA,NA,NA,NA,NA,NA,NA,NA,NA,NA,NA,NA,NA,NA,7793,10315,12559,21565,NA,NA,15924,8067,18375,7264,19685,NA,NA,18213
"STU003166",14720,10051,NA,NA,NA,NA,NA,NA,11710,14041,NA,NA,NA,NA,NA,NA,NA,14826,4786,NA,14790,NA,12602,9174,8554,10903,NA,NA
"STU003167",NA,NA,NA,NA,NA,NA,NA,NA,NA,NA,NA,NA,NA,NA,NA,NA,NA,NA,NA,NA,NA,NA,NA,NA,9935,22339,NA,NA
"STU003168",10415,NA,6778,9150,NA,7874,6030,9268,NA,NA,10411,6891,6551,NA,NA,9697,10788,9655,6636,10793,6315,7771,11413,8064,11495,9869,10827,8875
"STU003169",10556,7665,7527,7890,3224,9678,3843,NA,NA,4939,8946,6507,5763,7679,4364,NA,NA,12446,6147,NA,NA,NA,NA,NA,NA,NA,17329,14034
"STU003170",NA,NA,NA,4127,NA,4202,4673,6614,6598,9985,9988,13068,16400,16668,8829,21419,15677,13187,15979,NA,NA,NA,13282,10138,NA,10187,NA,NA
"STU003171",NA,NA,NA,NA,NA,NA,NA,NA,NA,NA,NA,NA,NA,NA,NA,NA,NA,NA,NA,NA,36605,17244,NA,NA,NA,NA,NA,NA
"STU003172",10402,10254,8180,6387,6337,6215,7331,4883,NA,NA,NA,3350,8533,8579,6577,NA,NA,NA,NA,NA,NA,19441,8366,8410,7691,13378,15368,9396
"STU003173",5493,NA,NA,NA,NA,NA,NA,NA,NA,NA,NA,8124,7290,NA,NA,NA,10081,NA,NA,16771,NA,NA,NA,15158,15230,16888,10833,9909
"STU003174",NA,NA,NA,NA,NA,NA,NA,NA,NA,NA,NA,NA,NA,NA,8770,10349,12848,19768,NA,11688,15699,23774,11823,9652,26346,13929,25260,NA
"STU003175",13313,17944,NA,8793,7298,7824,9129,NA,5067,12676,NA,NA,24795,NA,NA,NA,NA,NA,NA,NA,12561,25163,NA,NA,13502,13059,22358,21551
"STU003176",NA,NA,NA,NA,NA,NA,NA,NA,NA,NA,NA,NA,NA,NA,NA,NA,NA,19970,24962,NA,NA,NA,NA,NA,NA,15825,11296,17498
"STU003177",8913,8403,NA,NA,NA,NA,7662,20072,11068,7739,8571,5364,4172,9935,21070,5871,6046,4525,NA,NA,12429,NA,18525,23552,20745,NA,NA,9694
"STU003178",7478,5700,3925,8894,6991,6631,11770,9085,8474,NA,NA,NA,11103,NA,NA,8234,4696,12290,NA,NA,NA,8555,17310,11556,NA,15620,11864,18033
"STU003179",NA,NA,NA,NA,NA,NA,NA,NA,NA,NA,NA,NA,NA,NA,NA,NA,NA,NA,NA,NA,NA,NA,NA,NA,NA,NA,NA,NA
"STU003180",NA,NA,NA,NA,NA,NA,NA,NA,NA,NA,NA,NA,NA,NA,NA,NA,NA,NA,27675,19798,NA,11094,NA,NA,NA,NA,29116,22220
"STU003181",NA,NA,NA,NA,NA,NA,NA,NA,NA,NA,NA,NA,NA,NA,NA,NA,NA,NA,NA,NA,NA,NA,NA,NA,NA,NA,NA,NA
"STU003182",10059,12118,10050,NA,13544,3805,6426,8814,9029,13643,NA,7763,NA,NA,7155,NA,9658,15515,17756,NA,NA,NA,10244,10582,14055,11717,NA,NA
"STU003183",6372,6797,8172,NA,NA,NA,NA,NA,NA,7452,15723,8656,14164,17023,NA,9653,NA,NA,NA,NA,NA,NA,NA,NA,10843,15899,10256,16911
"STU003184",NA,NA,NA,NA,NA,NA,NA,NA,NA,NA,NA,10465,9299,NA,NA,NA,NA,10568,15843,11034,12596,NA,NA,NA,10966,15546,12045,NA
"STU003185",NA,NA,NA,NA,NA,NA,NA,NA,NA,NA,NA,NA,17049,15991,18192,17010,9150,NA,NA,14438,26520,NA,29246,20161,18835,20989,22954,23006
"STU003186",8360,5371,6211,NA,17369,NA,NA,NA,NA,9960,7578,7292,10709,7317,9771,7610,7203,14105,5435,NA,NA,NA,NA,13499,14763,10249,NA,12565
"STU003187",4566,4755,4780,NA,NA,NA,NA,NA,NA,NA,NA,NA,NA,NA,NA,11306,18941,NA,NA,NA,NA,NA,NA,NA,18400,8174,13367,18150
"STU003188",NA,8005,9363,8094,5143,5833,8922,6364,5325,14062,NA,NA,NA,12329,NA,NA,NA,NA,26921,10868,NA,15836,NA,17255,8094,13482,21354,17999
"STU003189",NA,NA,NA,NA,NA,5692,8662,12462,NA,NA,8657,NA,8383,19253,10804,10966,10844,10475,8215,8703,10667,11605,NA,12724,11396,NA,8189,NA
"STU003190",10662,10284,13980,10279,12068,10957,12326,12197,NA,NA,NA,NA,13195,10512,15580,NA,NA,15384,13705,17771,9471,13677,13693,18005,NA,14890,NA,NA
"STU003191",7026,12255,11914,8348,11168,NA,NA,NA,10924,NA,15470,16670,11909,13960,15131,22629,NA,NA,18662,15357,14236,19203,NA,12461,13591,NA,NA,NA
"STU003192",8226,NA,NA,NA,10744,5966,10074,NA,NA,NA,9251,NA,NA,NA,19952,10834,18587,17593,NA,11513,NA,NA,NA,NA,NA,NA,NA,14848
"STU003193",NA,8355,NA,NA,NA,9112,NA,NA,NA,12213,12251,NA,NA,8779,9364,12003,4892,11184,NA,10277,9807,11623,8638,7721,20848,8311,8193,5691
"STU003194",NA,NA,NA,6558,6593,6206,NA,13572,7753,12930,12548,8935,12658,10037,9946,NA,NA,10265,16600,10066,NA,9548,14243,14669,NA,NA,NA,NA
"STU003195",NA,NA,NA,NA,NA,NA,NA,NA,NA,NA,NA,NA,NA,NA,NA,NA,NA,NA,NA,NA,NA,NA,NA,NA,NA,NA,NA,NA
"STU003196",NA,NA,17821,13954,18277,10646,18902,19283,13548,13335,14079,NA,NA,NA,8768,11946,9721,NA,NA,16371,21795,21079,NA,15580,19462,11155,14177,NA
"STU003197",5502,9897,NA,13525,8335,10074,9846,NA,NA,NA,NA,13906,11606,11020,7231,8341,10566,10144,15143,9004,13841,10717,NA,8744,12595,NA,12057,13098
"STU003198",11113,6904,NA,7690,NA,9432,NA,NA,NA,NA,NA,14983,8093,9993,15132,12349,NA,10782,13676,15907,8100,9193,17276,15401,7978,NA,11519,12551
"STU003199",8257,8554,8126,7497,19382,11251,10487,10336,13466,NA,16106,18795,10788,NA,10768,NA,7923,NA,NA,NA,NA,NA,NA,NA,NA,13578,13003,11805
"STU003200",7081,NA,NA,NA,7359,8221,8406,4903,5538,11101,6380,5039,NA,NA,NA,10178,12729,19020,NA,NA,15645,11584,18548,14760,16500,17848,12036,22155
"STU003201",11269,9918,5668,12008,6586,4950,NA,NA,NA,6533,7726,NA,6864,7210,7815,8771,9217,12145,9272,7832,NA,13777,NA,NA,NA,NA,9116,NA
"STU003202",NA,NA,NA,NA,NA,4986,4072,16510,4051,4654,7462,3842,13469,4392,4461,6465,5113,5295,7436,6871,10943,8974,NA,3753,4947,4104,6978,4634
"STU003203",8300,10349,6778,7566,7936,13974,8423,10068,9838,11369,7193,11810,7903,NA,8007,11356,7125,NA,NA,NA,NA,13795,NA,9620,11922,12578,11207,8560
"STU003204",13623,5481,9365,15575,NA,NA,NA,11670,7272,7944,NA,13496,12046,14346,20369,NA,8057,12882,NA,17893,18294,NA,NA,28830,14847,NA,NA,NA
"STU003205",8549,7267,10091,7752,NA,NA,10187,5341,NA,10098,8629,8013,7369,8885,19703,13494,5682,4599,16751,5706,14728,17066,15920,13503,7767,13713,12473,10809
"STU003206",6299,10558,8401,NA,NA,8885,7869,NA,NA,NA,NA,NA,NA,NA,18901,NA,NA,NA,NA,NA,NA,NA,19162,NA,27494,14907,16737,15639
"STU003207",9585,NA,NA,NA,NA,NA,7466,7679,10508,10729,13678,11656,NA,NA,NA,12306,NA,NA,12968,11482,11642,12755,15652,NA,NA,NA,NA,NA
"STU003208",NA,NA,NA,NA,NA,7348,4862,10352,8279,10472,3633,NA,NA,NA,NA,NA,NA,NA,NA,14400,NA,NA,13417,NA,NA,NA,9264,22765
"STU003209",8576,15385,5763,5484,5322,5830,9422,NA,NA,NA,13000,10778,8037,NA,11312,10539,NA,NA,21498,8169,9549,NA,8928,7591,14926,8211,NA,NA
"STU003210",11398,13719,11355,11043,NA,NA,NA,NA,NA,NA,17215,14419,13451,13031,NA,NA,25779,26037,17465,NA,NA,NA,NA,18559,22618,20250,26876,33012
"STU003211",8080,10612,6418,7921,6858,NA,13533,12839,16089,16848,19957,21330,20336,10191,9939,10996,NA,NA,NA,NA,NA,NA,NA,NA,NA,NA,12819,19190
"STU003212",NA,NA,NA,NA,NA,NA,NA,NA,NA,NA,NA,NA,NA,NA,NA,NA,NA,NA,NA,NA,NA,NA,NA,NA,NA,NA,NA,NA
"STU003213",5911,8788,6327,NA,4458,2847,NA,NA,NA,NA,NA,NA,4111,5678,4487,13081,NA,NA,NA,4477,NA,NA,14012,9345,10789,10974,6529,11127
"STU003214",6056,5270,NA,10114,5582,NA,NA,NA,NA,NA,NA,NA,NA,NA,13133,9047,13413,8492,9507,NA,NA,NA,NA,NA,NA,NA,NA,NA
"STU003215",12480,8044,NA,NA,NA,6461,NA,NA,6154,NA,NA,NA,NA,14463,7383,17005,10625,NA,14024,NA,10780,14148,11790,15963,13613,12131,21345,10468
"STU003216",NA,NA,NA,NA,NA,NA,NA,NA,NA,NA,NA,NA,NA,NA,15441,NA,NA,NA,NA,NA,15151,9222,12788,14030,NA,NA,15873,15989
"STU003217",NA,NA,NA,NA,NA,NA,NA,NA,NA,NA,NA,NA,NA,NA,NA,NA,NA,NA,NA,NA,NA,NA,NA,NA,NA,NA,NA,NA
"STU003218",NA,NA,NA,NA,9996,5906,5045,9126,6610,5822,14314,NA,NA,13323,14403,10097,NA,NA,12304,20797,8812,12574,15330,16312,16777,11613,10342,18872
"STU003219",8496,NA,NA,NA,11964,7712,8644,NA,NA,NA,NA,NA,NA,NA,9527,NA,10592,12565,7864,12301,NA,NA,10153,9772,NA,NA,8380,10009
"STU003220",11504,9306,5695,9701,8305,11155,10856,12510,NA,10252,13723,14011,8456,11196,NA,14450,NA,NA,13306,9830,9167,NA,7874,11412,9812,7507,11892,17402
"STU003221",NA,NA,NA,NA,NA,NA,NA,NA,NA,NA,NA,NA,NA,NA,NA,NA,NA,NA,NA,NA,NA,NA,NA,NA,NA,NA,NA,NA
"STU003222",NA,NA,NA,13372,17896,NA,12562,NA,10799,13517,NA,NA,NA,NA,NA,NA,14920,11723,13748,15560,9679,13857,19501,NA,NA,NA,26158,14621
"STU003223",8212,7839,NA,6414,NA,7985,26054,13749,NA,14460,12840,14836,16777,23881,NA,20124,NA,16770,17139,16140,24635,NA,24069,17271,13888,23490,18762,14632
"STU003224",7171,4757,6631,4950,4028,3424,5885,5285,NA,NA,NA,NA,9375,3772,5456,3121,NA,13574,NA,NA,NA,18876,NA,NA,NA,9143,12522,9919
"STU003225",8050,9783,11648,NA,NA,NA,7347,NA,NA,NA,NA,NA,NA,NA,11532,14671,10312,7586,6949,NA,NA,8959,7435,12647,8411,9126,8353,10506
"STU003226",NA,10398,11857,NA,NA,NA,NA,NA,NA,12318,NA,NA,11588,9698,10940,10305,16360,7624,13041,18101,16898,NA,NA,10665,9464,15609,14817,NA
"STU003227",10801,13025,NA,NA,NA,NA,NA,NA,NA,10364,7618,8333,NA,5439,4889,8458,6754,10066,NA,NA,NA,9959,13494,9846,8937,8638,NA,NA
"STU003228",NA,NA,NA,NA,NA,NA,NA,NA,NA,NA,5641,NA,NA,NA,NA,NA,NA,NA,NA,NA,3974,NA,NA,NA,NA,NA,12394,9062
"STU003229",7204,NA,13498,12874,NA,NA,NA,NA,23795,21781,16761,22789,20820,13560,16690,24596,28567,17519,NA,NA,27847,30155,18392,33031,35998,23162,21533,21701
"STU003230",NA,NA,8953,13127,8784,5197,9293,NA,4303,14061,12856,9113,13061,7603,10942,14925,17173,15862,19375,10292,NA,9266,13468,NA,9092,14593,11260,NA
"STU003231",11536,7717,6131,NA,NA,NA,11544,19658,13819,NA,15073,NA,9669,10524,17888,NA,15125,22832,12901,20527,11230,NA,NA,NA,NA,NA,11769,NA
"STU003232",NA,NA,NA,NA,NA,NA,NA,NA,NA,NA,NA,NA,NA,NA,NA,NA,NA,NA,NA,NA,NA,NA,NA,NA,14116,29174,29217,19291
"STU003233",NA,NA,NA,NA,NA,NA,NA,NA,NA,NA,NA,NA,NA,NA,NA,NA,7373,NA,NA,NA,NA,NA,16843,15260,7408,NA,7957,6142
"STU003234",9421,NA,NA,NA,NA,10526,NA,NA,16758,9579,9733,12448,20981,17729,NA,NA,NA,NA,NA,NA,19667,25046,NA,NA,45685,23217,17692,19684
"STU003235",NA,NA,NA,NA,NA,NA,NA,NA,NA,NA,NA,NA,NA,NA,NA,NA,NA,NA,NA,NA,NA,NA,NA,21348,20559,10626,8808,18753
"STU003236",NA,NA,NA,NA,17158,NA,7126,10407,15588,22807,9915,7797,8251,14503,10582,6027,35695,33150,13740,19603,25339,35032,NA,NA,NA,NA,17211,NA
"STU003237",12328,6795,7294,6040,10146,8054,11412,12507,NA,9820,19117,15935,11463,8373,15019,9573,8591,9188,NA,13725,NA,6282,10522,NA,NA,NA,NA,NA
"STU003238",11568,12810,5764,4196,NA,5465,16276,6534,5245,5918,NA,NA,NA,11607,8773,NA,NA,NA,NA,NA,NA,NA,8308,10856,14138,11975,8023,NA
"STU003239",NA,NA,NA,6466,9687,11535,12319,NA,NA,NA,21051,24293,22104,NA,NA,NA,NA,NA,15431,30435,29427,17389,19490,16441,NA,NA,NA,13755
"STU003240",NA,8289,8896,NA,NA,7518,19129,8143,16519,10504,11947,NA,NA,NA,NA,NA,NA,NA,27783,13175,NA,23276,25752,13688,9303,NA,21933,10635
"STU003241",12534,11295,11008,13308,7292,7436,11362,9612,16062,8667,11626,9279,16099,10493,14722,8800,NA,NA,NA,17366,11443,NA,14259,9054,12411,17630,20082,14221
"STU003242",9021,7211,5428,7156,NA,5655,17591,16847,16264,16396,21007,16434,12323,13752,12479,NA,11710,20501,16008,19254,NA,18357,NA,NA,16548,NA,18426,14688
"STU003243",6311,8356,NA,4907,3016,4401,5321,6231,8211,8547,9193,12520,13305,8220,NA,13065,8080,5952,NA,NA,NA,NA,NA,8490,13317,12118,9978,NA
"STU003244",NA,NA,NA,NA,NA,NA,NA,NA,NA,NA,NA,4671,NA,NA,9140,10325,10467,NA,NA,8593,NA,10666,NA,7825,5944,8438,8021,22378
"STU003245",NA,NA,NA,NA,NA,NA,NA,NA,NA,NA,NA,NA,NA,NA,NA,NA,NA,NA,NA,NA,NA,NA,NA,NA,NA,NA,NA,NA
"STU003246",7889,7173,9536,13018,NA,NA,NA,NA,6226,10809,NA,NA,2697,NA,NA,4288,13192,NA,NA,15481,NA,10616,10551,12768,NA,NA,6519,NA
"STU003247",NA,NA,NA,NA,NA,NA,NA,NA,NA,NA,NA,NA,NA,NA,NA,NA,NA,NA,NA,NA,NA,NA,15387,12574,18009,20065,NA,NA
"STU003248",9187,NA,NA,10215,9595,11481,NA,9580,NA,NA,NA,NA,NA,NA,NA,NA,NA,NA,11846,10776,NA,8151,NA,NA,NA,9970,14429,NA
"STU003249",15288,10556,7950,11735,6246,7678,6688,13846,NA,NA,NA,NA,NA,7129,11053,13700,10933,11426,14188,NA,NA,NA,NA,NA,20670,11542,NA,NA
"STU003250",5236,NA,3915,8696,7049,4047,5990,NA,NA,NA,7670,5574,10382,10971,6187,6974,7712,18799,6935,4623,6991,9656,12865,NA,7582,NA,NA,NA
"STU003251",10683,8839,NA,NA,NA,NA,6511,8636,15833,NA,NA,11168,17464,NA,15374,18104,13832,5350,12260,NA,12687,11476,NA,NA,16260,NA,NA,NA
"STU003252",7989,8441,6965,10852,4824,8351,4620,NA,NA,NA,6012,5498,3353,4478,5616,6639,6033,NA,NA,17933,18419,10686,14114,NA,13836,12072,19152,10306
"STU003253",8090,5523,8115,9353,9321,11935,8645,12057,11678,11681,6597,13713,NA,NA,10430,14023,18595,23097,26520,20309,28576,24201,30792,NA,NA,NA,NA,NA
"STU003254",13362,15247,8571,13494,NA,NA,NA,NA,NA,NA,NA,NA,NA,NA,NA,NA,NA,NA,NA,NA,32296,11167,NA,NA,NA,NA,NA,13743
"STU003255",8246,12676,17251,11260,NA,NA,8806,14071,13738,13296,17323,NA,13197,NA,NA,13432,9020,9564,10920,11897,15600,NA,NA,NA,NA,9293,13871,17705
"STU003256",NA,NA,NA,NA,NA,NA,NA,NA,NA,NA,NA,NA,NA,NA,NA,NA,NA,NA,NA,NA,NA,NA,NA,NA,NA,NA,NA,NA
"STU003257",7985,NA,NA,NA,8483,11089,NA,11436,9164,NA,NA,NA,NA,8925,11614,NA,NA,13351,14169,14462,11048,18614,31892,34402,NA,NA,NA,11768
"STU003258",4507,7448,8757,5749,6520,6231,19553,20780,11647,18146,26035,10302,20906,NA,NA,17404,17216,11984,NA,25087,16426,NA,NA,10442,NA,NA,19426,15790
"STU003259",NA,NA,NA,NA,NA,NA,NA,NA,NA,NA,NA,5695,12581,NA,8032,9658,NA,8265,NA,NA,NA,NA,NA,NA,19237,18779,14338,12045
"STU003260",NA,NA,NA,NA,NA,16714,10740,16944,10378,NA,11021,17140,NA,NA,NA,NA,NA,NA,NA,NA,NA,NA,10022,NA,NA,NA,NA,NA
"STU003261",NA,8310,5849,NA,NA,NA,NA,NA,NA,NA,13661,13426,12550,NA,NA,NA,NA,NA,NA,14335,NA,6069,19133,12306,12745,11303,15615,NA
"STU003262",NA,NA,NA,NA,NA,NA,NA,NA,NA,NA,NA,NA,NA,NA,NA,NA,NA,10577,NA,NA,NA,NA,11952,18213,22376,18869,NA,NA
"STU003263",6246,NA,4393,6551,NA,NA,NA,NA,NA,NA,NA,NA,7449,13005,18542,11951,NA,11974,20511,NA,15279,20097,12059,13238,21949,11097,16230,10399
"STU003264",NA,NA,NA,NA,NA,NA,NA,11914,15434,12995,7670,NA,8118,17653,NA,NA,16755,NA,NA,NA,NA,NA,26660,18434,14419,20506,17644,41175
"STU003265",NA,NA,NA,NA,NA,NA,NA,NA,NA,NA,NA,NA,NA,NA,NA,NA,NA,NA,24722,21701,13877,11423,13899,NA,20809,17431,19631,25481
"STU003266",9584,NA,4422,11495,9709,7258,10147,7610,NA,NA,NA,NA,NA,NA,NA,7080,5306,8334,7436,6088,10373,6439,9535,NA,NA,NA,11814,NA
"STU003267",8081,15098,12591,13906,8266,9169,NA,13121,16802,NA,NA,NA,9842,11194,20483,NA,14677,26696,18176,11598,21649,13955,27630,18229,13715,17784,19903,16081
"STU003268",6046,5365,6046,8380,8805,9635,8899,5502,10618,NA,NA,NA,NA,10405,14293,18026,11892,NA,NA,NA,NA,NA,NA,NA,NA,NA,NA,8585
"STU003269",NA,NA,NA,NA,NA,NA,NA,NA,NA,NA,NA,NA,NA,NA,NA,NA,NA,NA,NA,NA,NA,19759,13092,NA,20871,22378,15051,NA
"STU003270",7829,4574,14256,5329,8162,6279,13367,NA,NA,8923,7148,14129,7413,7153,7890,10336,4872,5325,5517,7509,7991,NA,NA,6804,8739,7112,7159,11325
"STU003271",12283,4573,NA,NA,NA,NA,9877,5802,NA,NA,NA,NA,NA,5306,7774,7278,NA,7298,9116,10590,8801,11566,21194,11630,NA,NA,16778,15982
"STU003272",NA,NA,NA,NA,NA,NA,NA,NA,NA,NA,NA,NA,NA,NA,NA,NA,NA,13319,10385,10048,11802,14084,14651,NA,NA,33592,NA,17997
"STU003273",NA,NA,NA,NA,NA,NA,NA,NA,NA,NA,13729,12439,10448,15617,8465,6143,NA,NA,NA,NA,NA,NA,NA,NA,NA,NA,NA,21140
"STU003274",NA,NA,NA,NA,NA,NA,NA,NA,NA,NA,NA,NA,NA,NA,NA,NA,NA,NA,NA,NA,NA,NA,10533,16396,27034,12015,10425,18538
"STU003275",5615,4203,NA,NA,NA,NA,5521,NA,6697,6798,NA,NA,7924,NA,NA,NA,NA,NA,NA,NA,6304,NA,NA,NA,NA,NA,NA,NA
"STU003276",7926,10830,13124,NA,NA,NA,10303,8961,NA,NA,NA,NA,13365,NA,NA,NA,NA,18411,14709,24880,13416,NA,NA,NA,NA,NA,28342,16752
"STU003277",4698,3792,6817,NA,5653,NA,6671,6765,NA,8061,NA,NA,9826,NA,NA,10795,9789,13465,11696,NA,NA,NA,NA,NA,NA,NA,NA,NA
"STU003278",10838,3755,NA,NA,NA,NA,11896,NA,NA,NA,NA,NA,NA,13546,3863,11501,9800,8089,7310,5840,13663,16103,NA,NA,15512,11243,11690,11467
"STU003279",10040,NA,5608,7397,8578,10170,12569,11746,NA,NA,NA,NA,NA,NA,NA,8212,NA,NA,NA,NA,NA,NA,16788,17893,15219,16602,16638,NA
"STU003280",NA,NA,NA,NA,NA,NA,NA,NA,NA,NA,NA,NA,NA,NA,NA,NA,NA,19602,22271,NA,NA,16225,13208,21790,27018,24737,NA,NA
"STU003281",NA,NA,NA,NA,NA,NA,NA,NA,4555,19023,NA,NA,NA,NA,NA,NA,NA,11653,6200,13495,10384,11179,8440,11280,NA,11908,10170,8575
"STU003282",NA,9644,NA,NA,NA,NA,NA,NA,NA,NA,NA,5532,10643,7664,4803,NA,NA,NA,NA,10305,9291,6957,8576,7679,6427,8216,NA,10463
"STU003283",10491,15422,NA,NA,NA,6536,10326,NA,NA,NA,10317,NA,NA,12819,10587,NA,NA,NA,NA,NA,10634,10023,NA,NA,14752,14997,12834,8204
"STU003284",NA,NA,3221,NA,NA,7747,5821,NA,21598,NA,NA,20735,12541,NA,13143,13771,13511,18540,16535,12864,16621,15716,10246,14574,24093,NA,21660,NA
"STU003285",6231,10672,7265,10088,NA,NA,13624,17056,14271,10252,14228,14997,NA,NA,13022,NA,NA,NA,NA,NA,NA,NA,14442,12242,31259,21987,21173,NA
"STU003286",NA,NA,NA,NA,NA,NA,NA,NA,NA,NA,NA,NA,NA,NA,NA,NA,NA,NA,NA,NA,NA,NA,NA,NA,NA,NA,22458,19307
"STU003287",12289,8774,11800,NA,NA,15224,NA,10882,10864,6629,NA,NA,NA,NA,11394,NA,NA,NA,NA,NA,8186,8875,17237,9780,8018,9852,NA,15609
"STU003288",7356,4863,3076,8071,7950,7938,NA,NA,NA,6371,NA,NA,NA,7573,NA,NA,NA,NA,6420,13278,13820,6193,NA,10796,21843,15214,11728,9174
"STU003289",7772,NA,NA,NA,NA,NA,NA,NA,9292,12841,NA,NA,NA,NA,NA,15273,NA,7601,NA,NA,NA,NA,NA,NA,NA,NA,NA,NA
"STU003290",NA,NA,NA,NA,NA,NA,NA,NA,NA,NA,NA,NA,NA,NA,NA,NA,NA,NA,NA,NA,NA,NA,NA,33027,NA,24358,23532,NA
"STU003291",17445,NA,NA,NA,NA,25515,NA,8693,NA,NA,NA,NA,NA,NA,NA,NA,NA,NA,30010,11965,17564,21964,NA,NA,16815,NA,NA,19481
"STU003292",NA,NA,NA,NA,NA,NA,NA,NA,7971,6572,NA,22171,19947,NA,11777,17249,22723,NA,NA,28357,NA,NA,16201,12208,22682,26772,16532,14542
"STU003293",NA,NA,NA,NA,NA,5226,9617,NA,NA,NA,NA,13751,12557,18879,12468,9922,16280,7349,11901,12814,12075,8735,9898,9709,14948,9892,12538,13759
"STU003294",NA,NA,NA,NA,NA,NA,NA,NA,NA,11729,NA,NA,15313,4470,4529,7001,NA,14479,14281,6801,11990,30628,9042,11494,NA,NA,20694,11722
"STU003295",14568,5997,NA,NA,5815,NA,NA,NA,NA,8462,10503,17071,NA,NA,NA,NA,NA,NA,NA,NA,NA,8872,5704,NA,12842,9434,5715,10218
"STU003296",NA,NA,NA,NA,NA,NA,NA,NA,NA,NA,NA,NA,NA,NA,NA,NA,NA,NA,NA,NA,NA,NA,NA,NA,NA,NA,12435,9938
"STU003297",6120,NA,NA,NA,11297,8555,11291,11863,11131,10621,11150,9740,12799,15164,8608,NA,NA,NA,NA,8450,8644,15355,10305,NA,NA,NA,NA,NA
"STU003298",9941,5058,4813,NA,NA,NA,4720,5786,8960,8294,4214,4884,5764,NA,5538,NA,NA,NA,NA,9472,10978,10255,NA,NA,11284,7065,8668,11128
"STU003299",NA,NA,NA,NA,NA,NA,NA,NA,NA,NA,NA,11816,NA,NA,NA,NA,NA,9094,13052,17808,14124,8730,10283,8739,15472,16236,10489,11764
"STU003300",NA,NA,22138,12593,12311,10293,17456,12108,NA,NA,NA,NA,NA,NA,14631,12928,20086,23771,NA,NA,NA,NA,NA,11987,11841,17999,18404,NA
"STU003301",11851,12234,6621,NA,NA,5489,4770,6178,6617,8365,9994,NA,NA,9723,11675,9454,11177,8623,NA,NA,NA,11404,12155,16020,13449,9691,12131,NA
"STU003302",NA,NA,NA,NA,NA,8814,11335,7941,6724,6779,6970,9664,NA,NA,9974,7447,10487,12487,8551,NA,10304,11692,11511,9066,8173,9793,11515,9539
"STU003303",11234,16804,14121,7137,14714,10408,NA,12767,8274,10457,NA,NA,NA,NA,NA,18164,NA,NA,NA,NA,13301,18048,10486,15033,21665,15517,NA,23918
"STU003304",NA,NA,NA,NA,NA,NA,NA,NA,13147,11041,10839,10778,11326,10544,34682,NA,16071,NA,NA,26413,NA,17459,NA,NA,NA,33055,NA,NA
"STU003305",NA,NA,NA,NA,NA,NA,NA,NA,NA,NA,NA,NA,NA,NA,NA,NA,NA,NA,34974,5289,11494,10903,NA,NA,NA,NA,NA,15401
"STU003306",NA,NA,NA,NA,NA,9044,10576,5886,8770,6398,9856,NA,NA,NA,NA,NA,NA,17892,8662,6584,10008,8244,NA,NA,10828,6354,7217,5585
"STU003307",5669,NA,10271,NA,NA,NA,NA,NA,NA,9449,NA,NA,NA,NA,NA,NA,17826,NA,9702,17096,15391,18156,NA,NA,NA,NA,10857,NA
"STU003308",NA,NA,NA,NA,NA,NA,NA,NA,NA,NA,NA,NA,NA,13884,6590,8294,NA,14525,NA,24058,12796,9207,14237,20850,17188,15526,NA,NA
"STU003309",NA,NA,NA,NA,NA,NA,NA,NA,NA,NA,NA,NA,NA,NA,NA,NA,NA,NA,NA,NA,32480,NA,22837,33842,31957,36101,29789,32764
"STU003310",5938,9107,11139,6498,4733,NA,NA,NA,8417,5146,9906,13728,9585,10166,NA,6507,8025,10731,9701,7659,10302,7059,8521,6963,8676,6521,11142,11214
"STU003311",NA,NA,NA,NA,NA,15286,12774,11526,20688,10091,13579,13442,NA,NA,NA,14943,NA,NA,NA,NA,NA,NA,17746,15703,11744,NA,NA,NA
"STU003312",9314,NA,NA,7931,4645,15457,NA,NA,10005,9303,11383,8714,11983,15441,14056,14021,11187,15084,11307,14613,13497,10554,15584,NA,NA,NA,9407,NA
"STU003313",10354,8742,8925,NA,NA,NA,NA,NA,NA,NA,5718,NA,16063,12323,6694,9171,11562,9231,10127,12015,9605,10386,11325,9815,10751,12404,17967,NA
"STU003314",NA,NA,NA,NA,NA,NA,NA,NA,NA,NA,NA,NA,NA,NA,NA,NA,NA,NA,NA,NA,NA,NA,NA,NA,NA,NA,NA,NA
"STU003315",6758,5974,5134,6529,8032,NA,NA,NA,8678,8742,12389,7980,3957,6584,7442,9207,10278,13192,20808,10066,13058,17660,NA,NA,NA,22823,15056,19960
"STU003316",NA,NA,NA,NA,NA,NA,NA,NA,13001,NA,NA,NA,NA,NA,NA,NA,NA,17306,NA,NA,NA,16674,20249,NA,NA,NA,NA,NA
"STU003317",9636,12411,8128,6235,6120,NA,NA,NA,4059,11404,NA,5123,4359,4094,10718,10671,12829,7324,12604,14726,NA,8874,NA,NA,7447,19499,9952,NA
"STU003318",11287,7285,6147,9895,13358,11795,NA,10991,NA,NA,12164,5390,8667,12092,NA,NA,NA,NA,NA,NA,NA,NA,NA,NA,NA,NA,13625,12336
"STU003319",NA,NA,NA,NA,NA,22164,NA,NA,23259,13243,23795,19662,20300,14212,NA,NA,NA,NA,NA,NA,23661,NA,NA,11036,21043,25888,15480,22891
"STU003320",4124,6436,5346,NA,NA,NA,NA,NA,NA,NA,7380,10635,NA,NA,NA,NA,NA,16709,10120,20253,9305,NA,NA,10398,21624,10647,13387,16567
"STU003321",NA,NA,6461,8927,8019,12745,5959,16840,7803,10201,9759,8787,13941,9774,NA,NA,13597,10663,10187,11197,15562,13373,11257,16898,15122,17983,8481,11472
"STU003322",7101,NA,NA,NA,NA,NA,8392,10001,NA,NA,6386,4727,12560,6558,8538,9212,23008,23790,27308,NA,NA,NA,NA,NA,NA,NA,NA,NA
"STU003323",10979,5304,NA,NA,5022,11116,NA,21386,16821,NA,NA,12768,20109,16547,12147,14430,20681,18886,14908,14423,10397,13213,17054,21490,21447,NA,NA,18545
"STU003324",6620,5378,4979,5742,8490,5915,4152,4811,4912,NA,NA,NA,NA,NA,18699,10117,8485,6995,NA,11266,14048,NA,NA,12826,14332,10133,NA,NA
"STU003325",NA,NA,NA,NA,NA,NA,NA,NA,NA,NA,NA,NA,NA,NA,NA,NA,NA,NA,NA,NA,NA,NA,NA,NA,NA,NA,NA,NA
"STU003326",5245,7491,6910,6583,9274,5271,NA,NA,NA,7434,8142,6677,11919,NA,NA,NA,NA,NA,NA,15781,NA,NA,NA,NA,NA,20560,14452,20621
"STU003327",NA,9769,8857,NA,NA,NA,NA,NA,NA,NA,7088,7914,NA,8992,25818,16542,14094,16773,26250,17495,24189,NA,NA,NA,NA,23542,23426,21833
"STU003328",8078,9969,6451,5690,8063,6367,9220,8983,6749,8222,12773,8670,NA,NA,NA,NA,NA,NA,NA,NA,NA,9039,10631,11297,8755,NA,NA,NA
"STU003329",7307,8534,7896,NA,NA,NA,NA,NA,NA,NA,NA,NA,NA,NA,NA,13088,7601,15266,9452,16274,14143,13948,10290,11144,NA,NA,NA,NA
"STU003330",NA,NA,NA,NA,NA,9848,11618,8214,NA,NA,NA,NA,NA,NA,NA,21971,13676,NA,NA,NA,16788,19483,16163,11298,13103,9844,17345,17187
"STU003331",6476,11433,11277,14189,14423,NA,NA,13325,10951,9420,NA,NA,NA,NA,NA,NA,NA,19702,15494,9376,NA,10872,NA,NA,NA,NA,NA,NA
"STU003332",7677,8605,5848,7515,NA,NA,NA,NA,NA,NA,NA,NA,14120,7315,NA,NA,11685,8231,10091,11584,9795,NA,10551,10274,NA,NA,NA,NA
"STU003333",11148,7215,NA,NA,NA,NA,NA,NA,NA,NA,NA,NA,NA,11140,5757,NA,12350,NA,NA,NA,NA,8810,12349,NA,10758,13234,NA,NA
"STU003334",6244,NA,NA,NA,NA,15785,8535,14755,14275,8627,17509,13808,10046,9364,12586,7188,10316,15525,11470,NA,NA,10621,13234,16195,20753,11372,14773,9480
"STU003335",NA,NA,NA,11313,5840,5373,4310,4413,5428,NA,4736,7844,NA,NA,7690,NA,NA,NA,NA,NA,12614,7192,10999,11498,7502,10592,8767,11256
"STU003336",NA,NA,NA,NA,NA,NA,NA,NA,NA,NA,NA,NA,NA,NA,NA,NA,NA,NA,NA,NA,NA,NA,NA,NA,NA,NA,NA,NA
"STU003337",NA,NA,NA,NA,NA,NA,NA,NA,NA,NA,NA,NA,NA,NA,NA,NA,NA,NA,NA,20062,16537,NA,NA,NA,9067,20221,18228,15779
"STU003338",NA,NA,18267,NA,10433,13838,12988,NA,NA,NA,10422,NA,NA,NA,NA,19789,NA,9289,16555,17982,17494,NA,NA,NA,15224,10527,8968,12499
"STU003339",3286,4993,NA,11096,8196,6148,6966,4512,NA,NA,NA,NA,6466,9057,3736,14134,9927,9871,18092,15627,14013,NA,NA,15466,21483,10246,9597,12392
"STU003340",7524,NA,NA,NA,6560,13917,7560,10367,14402,NA,NA,NA,NA,NA,NA,NA,23862,30492,22367,17532,17793,14785,12734,NA,14697,18251,16540,NA
"STU003341",NA,NA,NA,NA,NA,NA,NA,NA,NA,NA,NA,NA,10312,13111,9591,NA,NA,8853,NA,NA,NA,12765,13509,17119,19187,26929,12090,13826
"STU003342",7666,NA,NA,5880,6728,9809,5726,7209,8891,6074,9963,15044,8985,6538,8469,8215,5172,10061,6849,10692,NA,10238,12961,NA,NA,NA,10422,11965
"STU003343",NA,NA,NA,NA,6925,NA,4506,4385,6027,NA,NA,12806,NA,13924,8001,NA,NA,NA,NA,10019,10527,14193,15415,13074,9260,NA,9221,NA
"STU003344",6367,6438,7348,NA,7719,NA,NA,NA,NA,NA,NA,14507,15737,12264,16011,14788,7422,12715,16347,NA,11196,NA,17410,NA,NA,NA,20544,21303
"STU003345",NA,NA,NA,NA,NA,NA,NA,NA,NA,NA,NA,NA,NA,NA,NA,3790,9014,20185,NA,NA,NA,NA,NA,NA,NA,7665,NA,NA
"STU003346",NA,NA,NA,NA,NA,NA,NA,11431,22559,8648,16097,15076,9954,14784,NA,NA,NA,17520,NA,NA,20047,NA,NA,NA,19529,32639,27720,26961
"STU003347",5473,NA,NA,NA,NA,NA,NA,4812,3982,8993,4713,7676,7889,8645,NA,7255,18617,5845,NA,NA,NA,9506,9026,13017,5036,12005,7652,19427
"STU003348",7188,6539,7088,NA,NA,6325,8179,11893,12372,13118,NA,9984,6783,NA,NA,7102,NA,NA,10013,NA,NA,NA,9145,9473,13725,13790,10290,NA
"STU003349",6571,4221,5698,5050,7655,4265,4881,6333,3714,5940,6110,10887,9605,5726,7279,6616,NA,6082,NA,9693,12092,NA,NA,NA,NA,10176,9411,8858
"STU003350",8530,NA,5376,NA,NA,4834,3570,5003,7327,7643,5901,NA,NA,NA,7136,11589,NA,NA,NA,NA,6250,13942,7393,8680,8310,8915,19869,6850
"STU003351",NA,NA,NA,NA,NA,NA,NA,NA,NA,NA,NA,NA,NA,11000,13530,9808,NA,NA,NA,NA,NA,11794,5158,NA,NA,NA,NA,NA
"STU003352",NA,NA,NA,11005,NA,NA,NA,NA,10233,11486,NA,8201,9468,6412,8889,10145,NA,NA,12756,11107,NA,NA,NA,9718,8496,9334,17656,16219
"STU003353",NA,10101,10330,7068,6436,6535,8117,13272,7430,7064,18165,11495,9653,17758,13502,12687,15872,NA,13235,16198,14966,10816,NA,NA,NA,NA,NA,NA
"STU003354",NA,7194,15396,11656,10090,12840,NA,11530,NA,17002,13071,12921,8764,NA,NA,10547,7882,10738,5467,NA,NA,NA,NA,NA,NA,NA,NA,17271
"STU003355",9774,14128,4350,4666,9780,4294,5759,4875,7151,14275,7847,13465,15916,15555,12282,13808,14428,17742,9030,14915,9665,NA,NA,12249,11227,12153,11389,12219
"STU003356",5606,NA,NA,NA,10082,4630,11464,16291,NA,NA,NA,NA,9554,NA,NA,NA,6365,NA,9846,16762,12356,14210,9224,11187,26873,10645,NA,NA
"STU003357",4822,4984,NA,6851,6943,6320,12737,11733,10592,7161,8840,10245,9328,5604,11859,NA,NA,NA,NA,NA,NA,NA,NA,7603,NA,NA,7927,9953
"STU003358",NA,NA,NA,11656,3454,5646,17236,NA,13954,9861,17004,10348,8606,4384,NA,NA,21529,10907,8895,20457,9738,9729,NA,10045,16896,8602,9232,NA
"STU003359",NA,NA,NA,NA,NA,NA,NA,NA,NA,NA,NA,8064,NA,NA,NA,10730,5354,8063,6510,NA,10620,10803,8788,NA,18823,NA,NA,NA
"STU003360",6473,NA,NA,NA,8617,5348,8010,5910,6587,9077,5984,NA,NA,7525,NA,NA,NA,NA,NA,7398,8468,NA,NA,13886,NA,NA,NA,NA
"STU003361",NA,NA,NA,NA,NA,NA,NA,NA,NA,NA,NA,NA,NA,NA,NA,NA,NA,NA,NA,NA,NA,NA,NA,NA,NA,NA,NA,NA
"STU003362",NA,NA,NA,NA,NA,5252,5185,5322,11026,10308,6752,NA,7699,14217,NA,NA,NA,8833,11903,9784,8575,8901,7939,13049,NA,13703,11164,16324
"STU003363",4522,8271,5051,NA,NA,NA,NA,NA,NA,8956,NA,7600,7933,10195,NA,11905,17813,7780,9845,5996,NA,NA,NA,NA,NA,NA,18771,13622
"STU003364",NA,NA,NA,NA,NA,NA,NA,NA,NA,NA,NA,NA,NA,NA,NA,NA,12454,15761,NA,NA,NA,14061,9757,NA,NA,NA,NA,NA
"STU003365",7147,NA,NA,NA,NA,NA,NA,NA,NA,NA,NA,NA,NA,8413,NA,NA,NA,11208,10982,12310,21630,22979,NA,NA,11934,40015,14340,24388
"STU003366",9053,NA,NA,NA,4196,6470,10573,NA,NA,NA,NA,NA,NA,9578,NA,NA,10536,NA,NA,NA,NA,11274,11335,NA,NA,NA,NA,NA
"STU003367",NA,NA,13295,10143,6822,10286,NA,NA,NA,22003,5808,8319,10215,NA,NA,7069,10724,13208,12132,8759,12094,7231,8473,11137,10634,12604,10717,NA
"STU003368",NA,NA,NA,NA,NA,NA,NA,NA,NA,NA,NA,NA,NA,NA,NA,12979,18067,14409,15935,11171,12532,13452,7389,11348,10354,12525,NA,NA
"STU003369",NA,NA,NA,NA,NA,NA,NA,NA,NA,NA,NA,NA,NA,NA,NA,NA,NA,NA,NA,NA,NA,NA,NA,NA,NA,NA,NA,NA
"STU003370",11823,NA,12433,9267,9469,15996,10850,8662,11616,16086,14109,NA,NA,13665,NA,16562,13798,NA,NA,NA,8591,NA,NA,8607,NA,18703,26963,15336
"STU003371",NA,NA,NA,NA,NA,NA,NA,NA,NA,NA,NA,NA,NA,NA,NA,NA,NA,NA,NA,NA,NA,NA,NA,NA,NA,20780,13178,11336
"STU003372",7498,NA,NA,NA,15639,3465,NA,NA,4500,14766,12054,NA,16287,14004,14159,NA,NA,NA,16037,NA,NA,NA,NA,9623,8354,17373,16995,9755
"STU003373",6646,4726,NA,NA,NA,NA,NA,NA,NA,NA,7397,5794,4760,NA,NA,NA,NA,NA,NA,NA,NA,NA,NA,NA,NA,16204,22561,10594
"STU003374",5693,6210,7133,NA,NA,NA,NA,11193,8654,16666,11436,7371,13156,7256,NA,NA,NA,NA,NA,NA,NA,NA,NA,NA,7772,7673,6725,9219
"STU003375",NA,NA,NA,NA,7142,NA,5510,NA,NA,14669,NA,9920,9625,6933,17700,18416,19288,14565,20652,NA,NA,NA,NA,9690,19955,NA,NA,NA
"STU003376",6290,12574,9776,NA,6072,6066,NA,6562,7004,NA,NA,NA,NA,NA,16242,8961,6932,NA,NA,12992,NA,NA,16122,10294,21707,NA,19746,8154
"STU003377",11512,6750,7469,4940,6160,10165,5708,NA,6605,3865,4690,NA,NA,12732,9574,8147,5910,NA,12110,6562,12497,8619,8463,14628,14607,NA,NA,NA
"STU003378",NA,NA,NA,NA,NA,NA,NA,NA,NA,NA,NA,NA,NA,NA,NA,NA,NA,NA,NA,NA,NA,NA,NA,NA,NA,23017,7914,NA
"STU003379",9211,13301,6419,NA,NA,9519,10049,8084,10983,12335,NA,NA,NA,9475,10627,21109,18762,19891,20063,NA,NA,NA,33299,18047,23034,NA,NA,NA
"STU003380",NA,NA,NA,NA,NA,NA,NA,NA,NA,NA,8903,9890,NA,13486,13433,14291,26883,20230,23929,13198,17469,15900,NA,NA,18478,15893,16689,20486
"STU003381",NA,NA,NA,NA,NA,NA,NA,9941,NA,NA,NA,NA,NA,4381,7743,6264,NA,NA,9457,7623,4994,7371,12858,NA,NA,7564,24648,16269
"STU003382",NA,NA,4642,NA,NA,NA,NA,NA,NA,NA,NA,NA,8177,6857,6760,12498,18225,NA,NA,NA,NA,8406,NA,NA,NA,NA,NA,NA
"STU003383",8176,6228,NA,9225,NA,8123,10362,7137,NA,NA,NA,NA,NA,NA,14290,10248,14597,NA,16142,13729,15021,NA,NA,NA,NA,NA,NA,25019
"STU003384",NA,NA,NA,NA,NA,7386,8628,7612,10231,10387,10421,9145,10729,9957,12577,10744,13095,14660,8922,10283,8355,13194,9141,6292,13058,NA,10814,13976
"STU003385",6563,4412,6956,5978,4676,NA,NA,4202,8142,NA,NA,9701,10215,16551,7121,10188,14848,9449,NA,NA,NA,NA,NA,NA,NA,NA,NA,8176
"STU003386",8072,15006,10421,7336,10533,14206,NA,NA,NA,NA,12386,9034,NA,10818,NA,12489,NA,18508,15292,14963,10298,12732,NA,11390,14506,14613,13670,21463
"STU003387",15598,10255,6108,NA,6616,NA,NA,NA,NA,NA,NA,NA,NA,NA,13712,7902,9195,6091,NA,NA,NA,NA,NA,NA,10922,9470,11082,NA
"STU003388",NA,NA,NA,NA,NA,NA,NA,NA,13683,17420,16842,15338,15165,13046,NA,NA,NA,NA,NA,NA,NA,NA,22285,14788,33862,NA,NA,NA
"STU003389",NA,NA,NA,NA,NA,NA,NA,NA,NA,NA,NA,NA,NA,NA,NA,NA,NA,NA,NA,NA,NA,NA,NA,NA,NA,NA,NA,NA
"STU003390",7514,4678,NA,NA,NA,NA,NA,4776,NA,9684,7842,NA,NA,4018,4633,8500,6047,NA,5349,6392,7552,NA,NA,NA,NA,8187,NA,7754
"STU003391",11386,NA,6279,18268,24753,8424,12105,9107,13623,12625,8815,7393,14708,9131,12347,7591,NA,NA,NA,NA,NA,12704,9589,NA,17803,14522,NA,NA
"STU003392",12848,NA,NA,NA,NA,NA,NA,8219,15459,NA,NA,NA,NA,NA,NA,NA,NA,NA,17930,18371,31140,18671,NA,NA,19555,24162,30134,24906
"STU003393",7657,4748,8644,9703,NA,NA,NA,NA,12343,9134,NA,NA,NA,13354,8180,NA,NA,NA,NA,NA,17533,9805,14078,9814,12338,NA,NA,NA
"STU003394",11155,NA,14753,8448,14072,NA,15069,NA,NA,NA,NA,4217,18810,11988,NA,13819,25429,15574,25311,25654,31687,10421,NA,15840,NA,37698,27307,18726
"STU003395",14880,15605,15214,10879,NA,10164,10290,7688,9150,NA,NA,NA,6985,15423,21298,NA,NA,10428,NA,NA,21712,NA,29711,16533,NA,22509,18542,17420
"STU003396",8172,NA,8696,18032,8191,11565,6469,NA,10443,19180,29349,15598,15277,19402,17552,17699,20783,10821,11876,21209,17434,21601,NA,NA,11971,15827,29904,18148
"STU003397",6344,5762,10330,3921,7812,5681,8926,8182,5524,10741,10613,8895,NA,6124,NA,NA,10278,9436,13773,13101,11867,13519,NA,NA,11220,14827,18135,NA
"STU003398",NA,NA,NA,NA,NA,NA,NA,NA,NA,NA,NA,NA,NA,NA,NA,6861,8790,12621,6685,8594,7856,5280,18130,16666,29486,NA,18888,NA
"STU003399",8711,8101,9467,4427,8067,4673,NA,6289,NA,NA,8209,8960,8437,7356,NA,NA,11381,6444,16375,8339,8512,10852,9556,NA,NA,NA,NA,NA
"STU003400",11615,5472,10487,10113,8669,7695,NA,NA,13007,19634,21538,15942,NA,NA,17886,12807,NA,NA,NA,20143,20794,35066,NA,NA,NA,18140,19295,NA
"STU003401",NA,NA,NA,NA,NA,NA,NA,NA,NA,14838,9904,NA,NA,NA,NA,10690,12274,12977,NA,NA,NA,18458,13046,NA,NA,NA,21681,13508
"STU003402",NA,NA,NA,NA,11405,9269,NA,NA,NA,13295,9998,NA,NA,16730,10360,11433,11066,14870,11544,10498,10169,17449,9907,10579,10049,11611,NA,13879
"STU003403",19503,7828,6433,8275,9946,5148,11059,NA,NA,7023,9750,6091,NA,5252,9486,NA,NA,10941,6013,NA,7661,NA,NA,NA,NA,NA,NA,NA
"STU003404",8671,6149,6790,NA,NA,4900,NA,16260,16024,13430,9518,NA,NA,NA,NA,NA,11854,NA,NA,NA,NA,13964,10402,14610,10737,NA,NA,NA
"STU003405",10553,NA,NA,NA,NA,NA,NA,NA,NA,NA,22189,19046,25832,23194,NA,NA,22673,NA,NA,NA,NA,11035,20036,21052,NA,NA,15914,18209
"STU003406",10648,8756,6059,4351,10454,4337,6083,NA,NA,NA,NA,NA,12768,12221,12430,13302,9281,NA,NA,NA,8663,7254,11639,19430,NA,NA,NA,NA
"STU003407",5483,9206,8020,9656,7468,8616,NA,NA,12653,8564,7909,9552,8429,14461,14276,NA,NA,14798,11733,18082,23348,NA,NA,NA,NA,NA,27587,20597
"STU003408",6458,NA,7749,NA,NA,NA,NA,NA,NA,NA,NA,NA,NA,NA,NA,NA,NA,NA,14885,NA,NA,9097,11924,16677,12601,16450,8521,NA
"STU003409",9201,NA,13746,NA,NA,NA,NA,NA,15355,11154,6617,NA,9448,NA,NA,13698,13002,12057,12029,18187,12469,7097,13610,13942,NA,14798,13089,NA
"STU003410",8865,17524,14402,7625,6770,NA,7525,13694,NA,NA,17763,10116,9315,11203,11165,8506,NA,NA,NA,16794,12992,11730,9743,11350,11247,NA,NA,NA
"STU003411",NA,NA,NA,3818,6033,NA,3234,4634,5978,NA,NA,NA,NA,NA,NA,12046,NA,NA,NA,NA,NA,NA,NA,NA,NA,NA,NA,NA
"STU003412",NA,NA,NA,NA,NA,NA,NA,NA,NA,NA,NA,NA,NA,NA,NA,NA,NA,7860,8708,8926,NA,NA,11313,14304,6635,11663,NA,10441
"STU003413",8851,NA,6931,6806,6189,NA,NA,NA,NA,7408,13124,10805,11944,NA,NA,NA,NA,8874,12901,13540,14693,13756,NA,NA,NA,18060,15759,16422
"STU003414",NA,NA,NA,NA,NA,NA,NA,NA,NA,NA,NA,NA,NA,NA,NA,NA,NA,NA,NA,NA,NA,NA,NA,NA,NA,NA,NA,NA
"STU003415",7382,6315,NA,NA,3902,9086,10830,8232,9284,5058,4863,6399,NA,NA,NA,NA,NA,NA,NA,14481,13734,8942,NA,16691,9039,NA,18919,NA
"STU003416",6973,3876,9528,NA,9977,11029,9649,10015,7075,9007,8335,NA,NA,NA,NA,NA,NA,NA,11450,9392,8293,9946,14710,NA,NA,NA,10299,NA
"STU003417",NA,NA,NA,5622,10206,7853,5284,14812,6761,6296,12321,3885,5778,5148,6109,5649,6322,11306,7288,8598,14152,18621,NA,NA,12296,NA,18494,9380
"STU003418",NA,NA,NA,NA,7430,10855,15718,21141,8126,25802,NA,NA,NA,NA,10950,26863,12801,22811,16547,31501,23378,25167,NA,NA,NA,13086,16080,13639
"STU003419",NA,NA,NA,11579,9420,NA,NA,NA,13831,20350,22036,14776,11314,17885,10459,17811,NA,16851,14549,18472,NA,19881,14713,NA,NA,NA,NA,21256
"STU003420",NA,NA,NA,NA,NA,NA,NA,NA,NA,NA,NA,NA,NA,NA,NA,NA,NA,NA,NA,NA,NA,NA,NA,NA,NA,NA,NA,NA
"STU003421",6872,NA,NA,9261,13759,4510,8124,NA,14526,17156,13284,17907,19723,NA,15043,NA,NA,NA,NA,26794,25786,17372,17973,17049,24346,19741,15377,13554
"STU003422",4179,5009,8356,5802,9822,5555,9381,8090,11246,NA,17870,6830,10551,9879,11969,18561,9642,24588,25630,16437,14364,14237,14451,21502,NA,NA,14614,12314
"STU003423",11022,NA,NA,NA,7162,8623,15594,13901,10679,NA,NA,NA,NA,NA,8799,NA,NA,10211,14174,17570,NA,NA,NA,12619,18020,20284,22037,15391
"STU003424",10248,6976,13106,13667,12274,13105,9442,16357,11649,13819,NA,NA,NA,NA,NA,NA,10597,NA,NA,19818,24783,27536,21471,18522,14134,18117,25817,27627
"STU003425",NA,NA,NA,NA,20925,23812,14961,17277,NA,NA,12528,11221,11732,21307,18748,12871,15309,17208,19406,22106,13112,22429,16219,14145,19559,26358,21220,19172
"STU003426",7361,NA,11924,10485,7833,11146,7290,6573,10898,16467,NA,NA,11716,22334,15921,14133,NA,15813,15855,14513,20159,NA,NA,NA,NA,NA,14714,24813
"STU003427",12638,18155,12752,NA,NA,NA,NA,NA,NA,16705,8422,18804,12520,19945,20745,NA,NA,NA,NA,NA,36034,25885,NA,NA,NA,NA,NA,NA
"STU003428",11948,12182,7964,13745,NA,NA,NA,22505,15152,14850,14153,NA,NA,NA,NA,20095,21254,NA,NA,NA,NA,NA,13349,17005,17282,20247,24396,NA
"STU003429",17230,NA,NA,NA,NA,NA,19629,17870,NA,NA,NA,NA,12549,NA,NA,32538,18570,20544,21365,29678,34718,NA,NA,24224,18306,35897,23698,36764
"STU003430",NA,NA,NA,4949,8606,11229,NA,9434,7614,9693,NA,NA,12947,10498,6320,NA,NA,10759,NA,9001,6402,NA,NA,NA,10748,11445,NA,NA
"STU003431",4425,NA,NA,6844,9256,11011,NA,NA,9850,6876,5160,6767,8807,8492,10047,10185,9446,12174,9295,9366,NA,9782,NA,NA,NA,8115,6378,8137
"STU003432",NA,NA,NA,NA,NA,NA,NA,NA,NA,10078,22400,12840,16833,15209,NA,16289,NA,NA,NA,NA,NA,12682,17476,29465,17502,19633,7089,19802
"STU003433",NA,NA,NA,NA,NA,NA,NA,NA,NA,NA,NA,NA,NA,NA,NA,NA,NA,NA,NA,NA,NA,NA,NA,13018,13391,22438,8333,8606
"STU003434",7554,8821,5938,6227,3160,5315,4642,3688,7152,5230,6012,3371,3445,8439,7747,NA,13171,12375,10279,12077,9560,NA,NA,NA,NA,11909,12183,11372
"STU003435",4838,13266,8293,7522,4165,5279,NA,NA,NA,9271,6969,11681,NA,NA,16131,11716,NA,10648,8167,16743,NA,9611,15733,9549,12696,15122,7824,14638
"STU003436",NA,NA,NA,NA,NA,NA,NA,NA,NA,NA,NA,NA,NA,NA,NA,NA,NA,NA,NA,NA,NA,NA,NA,NA,NA,NA,NA,NA
"STU003437",15647,8172,9364,NA,NA,NA,7712,10752,12771,NA,NA,NA,NA,NA,NA,NA,NA,NA,NA,NA,NA,11230,9071,10903,12805,8083,NA,NA
"STU003438",NA,NA,NA,NA,NA,NA,NA,NA,NA,NA,NA,NA,NA,NA,NA,NA,NA,NA,NA,NA,NA,NA,NA,NA,NA,12495,NA,NA
"STU003439",NA,NA,NA,NA,NA,9221,NA,10232,6081,10898,10920,10220,9538,8393,13030,13782,8184,10766,14121,16311,14538,19828,13037,10715,11078,15370,NA,NA
"STU003440",NA,NA,5072,11953,NA,NA,NA,6968,10029,6379,7289,5309,12456,7371,11947,7902,6363,9019,NA,NA,6530,7892,7365,14797,10327,10028,NA,5997
"STU003441",NA,NA,NA,NA,NA,NA,NA,NA,8529,NA,NA,NA,NA,NA,12237,11897,NA,NA,NA,NA,NA,NA,14924,11084,16353,14085,9825,15012
"STU003442",8117,8685,NA,NA,NA,NA,NA,NA,13148,NA,14051,15644,14720,16644,14075,7151,12142,NA,31268,NA,NA,NA,NA,NA,23180,27621,10839,27147
"STU003443",NA,NA,NA,NA,NA,NA,NA,NA,NA,NA,NA,NA,NA,NA,NA,NA,NA,NA,NA,NA,NA,NA,18058,26137,33414,NA,NA,NA
"STU003444",12383,NA,10026,9267,6361,NA,NA,4032,21437,NA,NA,NA,NA,11645,9390,10389,9638,13391,7840,8305,11847,21018,12650,13833,NA,7665,11378,NA
"STU003445",NA,NA,NA,NA,NA,NA,NA,NA,NA,NA,NA,NA,NA,NA,NA,24202,NA,NA,NA,NA,23383,8840,13827,28178,20463,20929,23849,14952
"STU003446",6409,5730,9550,6073,11545,7315,7509,9661,15587,NA,10659,11120,9743,14918,NA,NA,NA,12558,14046,11287,12611,13547,10808,12116,12146,16454,12240,20576
"STU003447",9203,NA,7340,10441,NA,10049,10181,8885,8458,NA,18282,5118,8899,NA,NA,NA,NA,NA,NA,12013,NA,10046,17294,13112,NA,NA,NA,NA
"STU003448",8350,NA,NA,6330,8144,NA,9141,8891,8143,NA,11096,NA,NA,7715,11047,NA,8265,9418,11304,NA,NA,NA,8501,18653,9536,NA,NA,13163
"STU003449",NA,NA,NA,NA,NA,11477,8246,8988,13633,8301,9688,11650,18975,NA,9401,14611,12168,10556,12563,NA,7468,15889,NA,NA,NA,NA,NA,10269
"STU003450",12071,NA,9693,9328,10313,NA,13662,NA,27900,7851,NA,NA,6529,12593,NA,9593,12936,NA,NA,NA,NA,NA,NA,12008,14819,NA,NA,9969
"STU003451",12979,NA,6926,8278,7501,NA,NA,8691,17087,16459,17371,14620,8721,7737,NA,NA,NA,NA,NA,NA,NA,18522,15670,32010,17987,NA,NA,NA
"STU003452",NA,NA,NA,NA,NA,NA,NA,NA,NA,NA,NA,NA,NA,NA,NA,NA,NA,NA,NA,NA,NA,NA,NA,NA,NA,NA,NA,NA
"STU003453",NA,NA,NA,NA,NA,NA,NA,NA,NA,NA,NA,NA,NA,NA,NA,NA,NA,NA,NA,NA,NA,NA,NA,NA,NA,NA,NA,NA
"STU003454",NA,NA,NA,8532,13229,NA,NA,6362,8269,7192,8876,3910,NA,NA,3423,11315,12339,10368,NA,NA,NA,NA,NA,NA,NA,10319,13620,NA
"STU003455",15909,NA,NA,4858,6316,5714,6423,NA,NA,7600,7527,7486,10184,NA,NA,NA,NA,NA,NA,NA,NA,NA,NA,18303,12279,12204,24721,16924
"STU003456",NA,NA,NA,NA,12912,12902,18597,13132,8670,16114,NA,15716,10231,6342,22249,15570,20074,NA,NA,NA,12866,20295,18851,14442,15590,15860,19561,16655
"STU003457",11039,9609,10663,37571,13121,NA,NA,9508,14765,12777,7733,9185,9563,13842,14001,42140,29404,23289,NA,NA,NA,24002,14581,16324,16171,23498,22797,21626
"STU003458",NA,NA,8657,NA,NA,NA,NA,NA,NA,7793,8016,8199,11636,8772,7169,8506,7779,15748,10299,10991,10683,10753,12393,16545,8001,NA,NA,NA
"STU003459",NA,NA,NA,NA,NA,16643,14265,19862,16181,NA,NA,NA,NA,NA,13586,20769,15176,12835,NA,NA,15214,22955,15577,18984,18926,NA,NA,NA
"STU003460",NA,NA,8640,10657,6226,4061,4470,7021,NA,NA,NA,NA,NA,9426,5379,6519,NA,NA,NA,NA,NA,NA,NA,NA,10475,10614,13463,12544
"STU003461",8568,6915,NA,NA,NA,NA,NA,NA,NA,NA,9639,15391,14012,11589,16669,12365,7397,13138,10253,9229,10411,12129,11042,16670,14925,14169,NA,18773
"STU003462",8897,7253,7592,8807,NA,NA,NA,NA,NA,NA,15466,6689,NA,NA,10062,11320,NA,NA,NA,NA,12327,NA,NA,18407,12601,10786,17297,NA
"STU003463",NA,NA,NA,10650,12842,13741,NA,NA,NA,NA,NA,NA,NA,NA,12771,9614,7463,11936,16145,18963,12486,17296,NA,18319,NA,NA,12595,NA
"STU003464",8230,NA,NA,6850,14317,11249,NA,7103,NA,NA,10622,8470,8101,13283,10958,13295,7431,11251,11011,NA,NA,NA,NA,NA,NA,11482,8543,12761
"STU003465",9119,7191,3333,NA,NA,7247,5525,7075,5860,4913,5932,NA,NA,NA,8874,NA,NA,NA,NA,NA,NA,NA,18102,NA,NA,9609,11847,NA
"STU003466",9524,10534,13992,7583,9193,7923,7481,12128,7877,9394,NA,NA,10545,NA,NA,NA,NA,8620,NA,NA,NA,NA,12077,9331,8743,15678,20701,12704
"STU003467",13324,10530,10268,NA,NA,NA,NA,NA,NA,6960,13580,9403,9597,8896,NA,NA,12373,19071,8626,NA,NA,8989,7806,NA,NA,NA,NA,NA
"STU003468",8214,11621,NA,NA,4874,7494,8364,11340,11878,NA,11039,NA,NA,6749,7803,NA,NA,14230,10257,11102,8250,NA,NA,NA,8825,NA,8262,4718
"STU003469",5214,7642,5426,NA,NA,NA,NA,5060,3311,NA,NA,NA,8714,7230,NA,NA,NA,NA,NA,NA,NA,4931,3857,7007,14790,20116,13367,12199
"STU003470",4189,6102,5505,7966,14981,NA,NA,9014,NA,NA,13328,12218,11341,9732,7330,7232,17811,6380,17038,14563,8478,NA,NA,NA,NA,NA,NA,NA
"STU003471",12851,NA,NA,NA,NA,NA,14017,NA,13379,NA,12873,NA,NA,NA,NA,NA,20950,8669,22018,17920,17190,11684,19652,18850,15980,28682,20673,12975
"STU003472",5806,5532,9353,15299,NA,NA,NA,NA,NA,NA,NA,NA,9964,9773,NA,NA,NA,NA,NA,NA,NA,NA,NA,13260,11361,6389,12187,8310
"STU003473",11703,NA,11797,6111,6875,7100,7270,6294,4514,NA,8672,16289,15085,11717,12853,14102,NA,NA,NA,NA,17977,7643,18797,10352,8804,9859,NA,NA
"STU003474",6262,6557,8699,NA,NA,NA,4500,NA,NA,NA,2422,NA,9321,10343,5962,9223,7029,9671,NA,NA,NA,NA,NA,NA,NA,NA,NA,10512
"STU003475",9495,NA,9583,4937,6041,8908,6277,NA,9353,8240,6665,9985,7884,14830,13893,16598,20961,NA,18036,11153,NA,NA,20822,10530,18590,NA,NA,NA
"STU003476",8845,NA,NA,NA,5706,7282,NA,5104,12330,NA,NA,NA,NA,NA,NA,14837,11988,10070,11986,NA,10953,NA,NA,8178,11099,15407,NA,NA
"STU003477",NA,NA,NA,NA,NA,8876,8914,16028,15969,23210,NA,NA,NA,NA,15751,9945,NA,NA,NA,NA,NA,14823,NA,13088,10553,15964,13752,NA
"STU003478",NA,NA,NA,NA,NA,NA,NA,NA,NA,NA,NA,NA,NA,NA,NA,NA,NA,NA,NA,11283,7052,9366,16309,14317,21336,9786,9511,NA
"STU003479",NA,NA,NA,NA,NA,NA,NA,NA,NA,NA,NA,NA,NA,NA,NA,NA,NA,NA,NA,NA,NA,NA,NA,NA,NA,NA,NA,NA
"STU003480",NA,NA,NA,NA,NA,4967,4671,5917,7234,5508,8583,NA,NA,NA,13607,13870,11018,7566,8876,10775,9185,10641,8347,9396,12797,11344,8014,10770
"STU003481",5046,7180,5881,5487,5490,5837,8808,NA,11506,13180,15912,18362,13847,NA,16198,10656,NA,NA,NA,NA,NA,13604,11331,20374,13519,9587,10610,20493
"STU003482",NA,NA,NA,NA,13634,NA,24972,9109,12762,12666,NA,14459,16196,12838,16882,17500,13825,15169,10707,14826,17912,NA,15400,NA,NA,NA,NA,NA
"STU003483",8133,NA,10067,NA,10355,6788,NA,NA,NA,17030,NA,NA,NA,NA,NA,NA,NA,NA,NA,11951,8226,9383,15553,NA,NA,NA,NA,NA
"STU003484",16514,NA,NA,NA,NA,NA,NA,NA,NA,NA,7024,NA,NA,9520,9322,NA,NA,NA,6376,NA,NA,19314,NA,NA,NA,9302,12841,NA
"STU003485",NA,NA,NA,NA,NA,NA,NA,NA,NA,NA,NA,NA,NA,12123,11919,13197,13090,8322,13490,NA,NA,NA,8121,6318,12494,15558,5293,8036
"STU003486",6821,8462,7731,6029,3644,6277,NA,NA,NA,NA,NA,NA,14996,7726,8742,NA,10397,NA,NA,13426,NA,11711,13693,13008,11919,12739,12177,11378
"STU003487",10686,10116,8592,8348,8297,6072,8047,9491,6641,NA,NA,NA,10574,22254,18529,NA,22471,NA,NA,NA,11504,10600,11918,11196,NA,NA,NA,19381
"STU003488",NA,NA,NA,NA,NA,NA,12378,NA,NA,NA,NA,NA,NA,NA,18448,NA,NA,NA,NA,NA,NA,25557,26342,27316,29550,NA,NA,NA
"STU003489",NA,NA,15826,12399,7606,11048,13571,10015,NA,NA,9746,15083,17902,21767,NA,24693,14371,11833,17599,15325,18402,13574,12642,17003,NA,NA,NA,NA
"STU003490",6578,NA,10897,NA,16004,9699,13570,NA,11415,21050,18620,18728,13015,NA,NA,NA,NA,NA,NA,NA,NA,17158,17118,24098,15258,NA,14705,18488
"STU003491",11500,11865,9253,6185,NA,NA,NA,NA,7743,NA,NA,6518,NA,NA,NA,5120,11888,11361,4933,13521,12522,16821,10615,13373,22936,13150,15539,10257
"STU003492",16897,NA,11361,NA,NA,15033,13176,9871,18314,NA,14015,17136,9888,NA,NA,10960,5486,11549,8414,11504,12470,19313,23526,12309,19867,NA,NA,19621
"STU003493",6030,5705,7681,6709,12892,10094,NA,NA,NA,NA,6995,10256,14688,13118,18223,10439,13537,19232,NA,NA,NA,NA,NA,NA,NA,NA,NA,NA
"STU003494",NA,NA,NA,NA,NA,NA,NA,NA,NA,NA,NA,NA,NA,NA,NA,NA,NA,NA,NA,NA,NA,NA,NA,NA,NA,NA,NA,NA
"STU003495",NA,NA,NA,NA,NA,NA,NA,NA,NA,NA,NA,NA,NA,NA,NA,NA,NA,NA,NA,NA,NA,NA,NA,NA,NA,NA,NA,NA
"STU003496",23796,NA,NA,8322,NA,NA,9808,10886,11681,11571,9224,14102,14526,8172,NA,NA,NA,NA,19845,NA,NA,21149,29540,20545,17198,20092,18158,21736
"STU003497",3033,7447,3566,NA,5892,6035,4894,5193,3850,NA,NA,NA,NA,NA,NA,NA,NA,NA,NA,NA,NA,NA,13858,12168,NA,NA,NA,19494
"STU003498",5181,NA,5407,6396,7187,8670,17600,NA,NA,10089,12622,8253,10996,10080,NA,NA,NA,4781,7659,11757,13726,9367,12085,11163,8294,6355,9902,14528
"STU003499",NA,NA,NA,NA,NA,NA,NA,NA,NA,NA,NA,NA,NA,NA,NA,NA,NA,NA,NA,NA,NA,NA,NA,NA,NA,NA,NA,29191
"STU003500",5305,6305,8222,8476,4424,7719,4945,NA,NA,12847,26884,9701,NA,19470,9975,18871,18025,13614,NA,10370,15555,12235,NA,11799,18446,14658,14484,19224
"STU003501",NA,NA,NA,NA,NA,NA,NA,NA,NA,NA,NA,NA,NA,NA,NA,NA,NA,NA,NA,NA,NA,NA,NA,NA,NA,5438,NA,NA
"STU003502",11482,17601,NA,NA,6965,NA,NA,6082,16683,NA,NA,NA,NA,13755,13821,11156,NA,NA,13192,9892,14050,NA,NA,16778,17308,11597,NA,NA
"STU003503",NA,NA,NA,NA,NA,19768,NA,11301,9140,NA,NA,NA,NA,NA,NA,NA,NA,NA,NA,NA,NA,6013,9677,NA,11634,8749,NA,NA
"STU003504",NA,NA,NA,NA,NA,NA,NA,NA,NA,NA,NA,NA,NA,NA,NA,NA,NA,NA,NA,NA,NA,NA,21691,10902,16562,29077,NA,NA
"STU003505",7045,6576,4665,11472,7217,NA,NA,NA,NA,NA,NA,NA,NA,4315,8401,7437,7847,10407,6546,10819,NA,NA,NA,13061,8820,12684,8036,NA
"STU003506",11706,8471,NA,NA,NA,NA,NA,NA,NA,8158,8877,11581,8256,12286,11918,10431,9373,NA,9961,9741,NA,NA,10170,NA,NA,NA,NA,11922
"STU003507",NA,NA,8749,6094,NA,NA,NA,NA,10070,7868,16518,23091,18700,19016,NA,NA,NA,20324,25213,17087,18315,16465,25658,16710,17337,21979,14197,17283
"STU003508",5679,4709,5091,NA,NA,7630,NA,NA,NA,NA,NA,NA,NA,NA,NA,5458,12982,9184,15223,8317,9905,9492,17176,NA,NA,NA,NA,NA
"STU003509",9788,7886,NA,NA,NA,9630,9692,13324,NA,NA,8079,NA,9167,NA,NA,NA,NA,16092,10510,NA,9367,6759,20747,7488,12450,15419,7796,10714
"STU003510",NA,NA,7579,7443,5197,NA,4280,7694,6924,8212,10726,NA,9907,5878,8855,10208,8400,13197,6725,8635,10816,8882,10042,5904,NA,NA,6195,8887
"STU003511",NA,9104,NA,4166,9403,9156,NA,7039,6563,5616,10723,11861,12886,8380,10668,13600,9470,11756,9452,NA,NA,15327,15779,11798,9901,8575,5851,8841
"STU003512",NA,NA,NA,NA,NA,NA,NA,NA,NA,NA,NA,NA,7421,12562,NA,NA,NA,NA,NA,NA,NA,NA,24865,25383,NA,NA,NA,NA
"STU003513",NA,NA,NA,NA,15416,10955,14737,11155,NA,22265,12147,11036,NA,NA,NA,NA,NA,11356,NA,NA,16555,11564,14743,9707,NA,15193,21357,NA
"STU003514",10336,NA,NA,NA,NA,10278,12746,NA,NA,NA,14155,12761,12606,11440,11270,5969,17803,23324,10079,10820,12921,14358,8547,10676,15025,10662,10467,11290
"STU003515",NA,NA,7500,6605,9800,9620,12488,9691,NA,NA,NA,10678,8386,7919,22213,10274,15599,NA,NA,NA,NA,NA,19656,NA,NA,21136,NA,13819
"STU003516",8344,NA,11127,6618,NA,NA,14430,11824,9715,9024,NA,9736,8157,9233,4663,7708,8019,9446,6798,8510,9055,15256,10096,12812,10421,15842,NA,NA
"STU003517",NA,NA,NA,NA,NA,NA,NA,NA,NA,NA,NA,NA,NA,NA,NA,NA,NA,NA,NA,NA,NA,NA,NA,NA,NA,NA,NA,NA
"STU003518",NA,NA,NA,NA,NA,NA,NA,NA,NA,NA,NA,NA,NA,6223,NA,NA,NA,NA,NA,NA,NA,NA,8089,11585,NA,8221,11293,9907
"STU003519",7989,NA,8488,5553,6931,8505,7704,NA,NA,11123,7228,7374,NA,NA,9566,11524,13020,17469,10546,11438,18266,NA,15060,9870,8066,13146,13189,NA
"STU003520",5618,NA,NA,11357,8252,8588,14574,22316,NA,18853,19292,13482,NA,19894,16554,NA,NA,NA,NA,NA,NA,NA,NA,NA,NA,17576,NA,NA
"STU003521",9390,NA,NA,6146,5831,5682,9758,NA,NA,NA,NA,NA,NA,NA,NA,NA,NA,6200,NA,NA,NA,NA,NA,NA,6679,NA,NA,NA
"STU003522",4824,6115,5187,3672,4720,4896,4901,3721,5777,7694,9272,NA,NA,NA,NA,NA,NA,12960,14626,NA,NA,9088,9759,7247,15136,6540,NA,NA
"STU003523",NA,NA,NA,8201,8218,8744,8959,NA,6085,NA,NA,NA,NA,NA,NA,NA,NA,10671,23842,17480,NA,NA,NA,NA,11078,15861,23565,24501
"STU003524",NA,NA,NA,NA,NA,NA,6631,7701,9437,11593,10100,15117,NA,NA,8574,9050,NA,11558,NA,10625,10369,13309,6794,NA,9545,NA,NA,NA
"STU003525",NA,NA,NA,NA,NA,9804,NA,7119,NA,NA,NA,NA,NA,NA,10940,14582,NA,NA,NA,NA,NA,13545,11945,18422,9040,NA,NA,13111
"STU003526",6747,7369,NA,NA,NA,NA,NA,NA,NA,NA,13954,11698,NA,12448,8616,14680,22450,NA,NA,15613,11869,NA,NA,NA,NA,NA,NA,NA
"STU003527",8765,15025,15924,15497,6685,6069,11376,11379,5589,6763,4751,NA,13034,7678,NA,NA,NA,NA,14850,12706,25007,14689,16067,14132,17752,15943,12050,19045
"STU003528",6757,9269,NA,NA,NA,NA,8726,5288,6810,7617,6072,NA,6652,8980,NA,NA,23615,14178,12125,14011,13109,NA,15639,14349,15527,10041,14686,14687
"STU003529",9363,6768,13890,NA,NA,NA,NA,NA,NA,NA,NA,NA,NA,NA,NA,17770,31775,17934,23580,23727,18278,22788,NA,40031,23307,24905,26052,17744
"STU003530",5880,5933,7519,3764,NA,NA,4760,3916,10974,7646,8247,10656,13611,NA,NA,NA,NA,12630,8242,11483,NA,NA,NA,9948,11238,6697,NA,17777
"STU003531",11293,13358,6011,10892,NA,12957,14468,NA,15786,NA,NA,NA,NA,NA,NA,NA,18800,14763,13648,11068,16977,29470,19069,26151,20640,14193,23293,32829
"STU003532",NA,NA,NA,NA,NA,NA,NA,NA,NA,NA,NA,NA,NA,NA,NA,NA,NA,NA,NA,NA,NA,NA,NA,NA,NA,NA,NA,NA
"STU003533",10335,NA,7774,10542,NA,NA,NA,NA,NA,12798,16352,6244,NA,8093,9783,17989,12127,10442,NA,NA,NA,NA,NA,NA,NA,18122,10674,NA
"STU003534",NA,NA,NA,NA,NA,NA,NA,NA,NA,NA,NA,NA,NA,NA,NA,NA,NA,NA,NA,NA,NA,NA,NA,7904,NA,NA,14311,8904
"STU003535",NA,NA,13659,6368,NA,NA,NA,11937,NA,NA,6418,19925,NA,NA,NA,8071,10361,NA,7202,NA,NA,20093,15505,11909,7899,11698,16220,9934
"STU003536",12831,12102,NA,15950,13308,8306,7905,9982,15537,13651,11917,10436,18116,10055,NA,NA,12246,13651,9843,NA,NA,NA,NA,NA,14741,9229,15860,9415
"STU003537",14216,NA,NA,13689,11891,10024,11648,17293,NA,15428,11693,10603,9612,10634,12444,13131,11432,11077,14131,13498,14319,NA,11785,9708,NA,NA,NA,NA
"STU003538",NA,NA,NA,NA,7769,7989,12580,10280,7797,6868,9580,12152,5220,NA,NA,14753,8279,10139,14268,NA,NA,NA,5745,8136,NA,16188,18592,NA
"STU003539",NA,NA,NA,NA,NA,NA,NA,NA,NA,NA,NA,NA,8635,5768,15806,5532,NA,NA,NA,NA,NA,NA,NA,13847,5741,NA,13644,16692
"STU003540",NA,NA,NA,NA,NA,NA,NA,NA,NA,NA,NA,NA,NA,NA,NA,NA,NA,NA,NA,NA,NA,NA,NA,NA,NA,NA,NA,NA
"STU003541",NA,NA,NA,NA,NA,NA,NA,NA,NA,NA,NA,NA,NA,NA,11104,NA,NA,11410,NA,NA,NA,NA,14086,NA,NA,NA,NA,NA
"STU003542",NA,7294,16070,11710,9356,NA,NA,NA,NA,NA,NA,NA,NA,NA,NA,NA,15570,10248,11954,9008,6960,13638,10795,10420,15974,18000,12708,NA
"STU003543",NA,NA,NA,NA,NA,NA,NA,NA,NA,NA,NA,NA,NA,NA,NA,NA,NA,NA,NA,NA,NA,NA,NA,NA,16641,25059,15220,16306
"STU003544",10422,12354,9705,11235,NA,NA,9094,6427,8343,NA,NA,11507,10576,7732,NA,6865,7831,NA,20083,16004,11152,17674,NA,17228,20677,19643,28546,21034
"STU003545",6324,16461,NA,NA,NA,NA,NA,NA,NA,10587,NA,NA,8601,NA,8230,9255,13129,10599,11109,14787,7004,NA,NA,NA,10614,14196,NA,NA
"STU003546",12080,8557,8987,NA,8886,6905,11308,14689,12795,13739,NA,12823,7546,12314,14414,NA,NA,NA,NA,NA,NA,NA,13678,13543,10979,11512,15409,12540
"STU003547",NA,NA,NA,NA,5651,NA,NA,9514,7321,15067,7445,19297,8734,8418,18178,20020,19745,20838,22190,NA,27820,26058,16404,15192,15987,22895,10267,21353
"STU003548",7830,6336,9019,5797,9384,8696,NA,7239,4504,NA,NA,NA,NA,NA,NA,7037,9080,5613,9744,9640,12286,11725,7608,9654,NA,NA,NA,NA
"STU003549",7874,NA,NA,NA,NA,NA,NA,3736,7903,NA,NA,NA,7030,5352,6665,13451,8042,6270,6866,6507,6366,NA,4437,NA,6502,NA,NA,NA
"STU003550",14919,9443,11323,NA,13632,NA,7413,8326,NA,12456,9116,13202,9889,9899,9104,10306,12402,7602,9086,11775,NA,14179,9276,10947,14580,8433,10082,11820
"STU003551",7543,11464,10368,14767,13777,13296,NA,NA,NA,NA,NA,NA,14869,NA,8286,19779,NA,13330,NA,NA,NA,12091,12034,15936,12717,12778,NA,12288
"STU003552",NA,NA,7910,10942,NA,NA,14819,NA,28665,15818,12489,12148,NA,NA,19750,14063,19538,8666,7910,6593,NA,NA,NA,NA,NA,NA,NA,NA
"STU003553",7357,11272,6059,7511,8127,14132,NA,15957,NA,NA,NA,NA,NA,NA,NA,NA,NA,NA,NA,22974,NA,12730,14323,10943,14200,NA,NA,13803
"STU003554",11161,16673,8704,NA,10193,7799,7973,14614,21292,27909,22735,20846,30411,11480,16514,NA,11302,27794,NA,NA,NA,NA,NA,NA,16475,23062,NA,NA
"STU003555",NA,7286,NA,NA,6929,10730,NA,10826,8375,NA,2968,6452,5310,7324,3683,8292,8078,7422,9210,12546,12019,NA,7831,7702,10694,NA,NA,NA
"STU003556",10428,10608,NA,NA,9407,7910,10174,8416,4585,11270,NA,NA,NA,NA,NA,NA,8087,NA,11972,NA,NA,13975,12004,9496,NA,NA,NA,NA
"STU003557",7427,NA,6898,NA,NA,NA,NA,8099,NA,NA,NA,12061,18470,15972,NA,NA,NA,NA,NA,NA,NA,16191,14565,16158,15207,NA,NA,15068
"STU003558",NA,NA,NA,NA,NA,NA,NA,NA,NA,NA,NA,NA,NA,NA,NA,NA,NA,NA,NA,NA,NA,28183,20363,NA,19473,28736,35245,25465
"STU003559",6246,5794,9363,10724,6210,10513,4659,8118,10417,NA,NA,13761,11106,8031,6448,NA,11956,7986,8688,NA,8987,6944,11300,11643,7737,6100,14224,NA
"STU003560",14293,7937,NA,12637,7478,9438,NA,NA,NA,NA,15587,21747,NA,29735,13533,16694,13184,25329,23916,17715,NA,NA,NA,NA,23816,NA,NA,NA
"STU003561",NA,6385,7399,8577,NA,NA,10547,14682,16889,NA,NA,NA,13710,9461,NA,NA,13667,6572,8693,13088,15648,13825,12861,NA,37665,NA,NA,NA
"STU003562",NA,NA,NA,NA,NA,12829,10553,5539,NA,NA,10928,9919,13318,10710,17254,12049,9741,NA,NA,NA,NA,NA,NA,NA,NA,14322,12830,NA
"STU003563",NA,NA,NA,NA,NA,NA,NA,NA,NA,NA,NA,NA,NA,NA,NA,NA,NA,NA,NA,NA,NA,NA,NA,NA,NA,NA,NA,NA
"STU003564",NA,NA,NA,NA,NA,NA,NA,NA,NA,NA,NA,NA,NA,NA,NA,NA,NA,NA,NA,NA,NA,NA,NA,NA,25241,19321,29723,17261
"STU003565",NA,NA,NA,NA,NA,NA,NA,NA,NA,NA,NA,NA,NA,NA,NA,NA,NA,NA,11319,17311,11729,11195,9466,18916,15097,6718,14797,NA
"STU003566",9368,NA,NA,NA,NA,NA,NA,15415,NA,NA,7193,NA,NA,8438,11274,8236,23314,NA,NA,NA,NA,NA,17520,22652,19443,19482,NA,NA
"STU003567",7846,NA,9395,7038,7362,5825,3387,NA,5079,10113,5644,7788,10450,NA,NA,NA,NA,NA,NA,NA,NA,NA,15879,15856,NA,NA,NA,NA
"STU003568",NA,NA,NA,NA,12852,11677,15130,9534,9641,12296,10049,11667,18631,13420,NA,NA,27283,13213,22281,14975,12838,25897,22363,21541,16253,26245,20022,23019
"STU003569",NA,NA,NA,NA,NA,NA,NA,NA,NA,NA,NA,NA,NA,NA,NA,NA,NA,NA,NA,NA,NA,NA,NA,NA,NA,NA,NA,NA
"STU003570",13880,10804,9924,13455,NA,7228,7865,8486,9214,7679,NA,NA,NA,10196,NA,NA,15131,NA,NA,NA,NA,NA,NA,NA,NA,11143,17147,12534
"STU003571",NA,NA,NA,NA,NA,NA,NA,NA,NA,NA,NA,NA,NA,16730,15707,9772,24548,NA,12872,21640,16299,15273,26418,18181,16295,NA,NA,NA
"STU003572",NA,NA,5219,NA,6189,10665,9859,9266,48915,13055,10567,7281,11291,NA,6700,18596,7127,NA,NA,NA,17563,13329,34417,NA,NA,NA,25180,21790
"STU003573",NA,7072,12095,NA,12317,8967,14634,10672,5203,14414,10239,6887,NA,9413,5402,NA,NA,NA,14818,8799,NA,NA,6583,12956,NA,10856,13260,NA
"STU003574",NA,NA,NA,NA,5458,5805,6334,6860,15268,NA,NA,NA,13790,12493,16062,10904,12630,13346,11155,16047,NA,10774,15590,18060,17071,12903,10365,NA
"STU003575",NA,NA,NA,NA,7978,NA,NA,NA,NA,7323,6971,15926,NA,NA,12880,29826,11530,14788,NA,NA,10406,18134,NA,NA,NA,NA,16211,9776
"STU003576",7076,NA,NA,NA,4449,7372,7668,NA,NA,NA,NA,NA,NA,NA,NA,NA,NA,NA,NA,11683,9818,9542,7111,NA,9002,10598,9152,8299
"STU003577",NA,NA,NA,NA,NA,NA,NA,NA,NA,NA,NA,NA,NA,3047,8055,NA,NA,NA,11916,10124,NA,NA,NA,NA,NA,NA,NA,12335
"STU003578",8408,8097,NA,10885,8572,4249,6409,NA,NA,5937,8441,14033,NA,10206,8988,NA,9984,NA,NA,NA,NA,NA,10107,6940,6819,NA,NA,8221
"STU003579",10822,7473,8207,11200,NA,NA,NA,NA,NA,NA,NA,NA,8047,9092,NA,NA,NA,11824,12192,7853,21478,12855,9878,NA,NA,18907,NA,NA
"STU003580",5899,9825,12177,NA,5235,9948,NA,7883,NA,NA,NA,NA,NA,NA,NA,NA,NA,4504,9949,NA,8305,12661,12337,8799,8894,4445,NA,NA
"STU003581",6056,NA,4503,NA,NA,NA,NA,NA,NA,5431,16191,9537,8819,8079,6670,8696,7631,13225,10240,11390,NA,NA,NA,9468,12594,10659,9154,6610
"STU003582",7912,11811,NA,NA,NA,NA,8247,7016,4397,7761,11532,NA,10679,8092,13889,NA,NA,NA,NA,NA,NA,NA,NA,NA,NA,NA,NA,NA
"STU003583",NA,NA,NA,NA,NA,NA,NA,6149,5892,5075,NA,NA,6015,NA,17981,NA,NA,7090,NA,NA,NA,6595,7158,10039,14564,NA,NA,15966
"STU003584",8261,8667,9684,17291,10143,11725,NA,NA,22620,NA,NA,NA,NA,NA,17852,NA,NA,NA,13084,NA,NA,22582,10329,18997,14927,17942,13631,19066
"STU003585",7890,7443,NA,NA,6852,NA,NA,NA,NA,7927,3925,6436,7270,3334,9840,NA,5273,9964,8919,8450,9657,6336,NA,9055,16751,9539,7481,12773
"STU003586",NA,NA,9110,NA,9643,17171,11994,14236,NA,NA,NA,NA,9108,14219,18382,10094,NA,NA,NA,NA,NA,12848,14456,NA,NA,NA,18525,NA
"STU003587",NA,NA,NA,NA,NA,NA,NA,NA,NA,NA,NA,NA,NA,NA,NA,NA,NA,NA,NA,NA,NA,NA,NA,NA,11304,17390,13556,13172
"STU003588",NA,NA,NA,NA,NA,NA,NA,NA,NA,NA,NA,NA,NA,NA,NA,NA,NA,NA,NA,NA,NA,NA,NA,NA,NA,NA,NA,18623
"STU003589",NA,NA,NA,NA,NA,NA,NA,NA,NA,NA,NA,NA,NA,NA,NA,NA,NA,NA,NA,NA,NA,NA,NA,NA,NA,NA,NA,NA
"STU003590",NA,NA,NA,NA,NA,NA,NA,10831,18479,11197,14295,14302,8685,NA,NA,NA,NA,NA,21605,NA,NA,24501,NA,NA,20498,16107,NA,NA
"STU003591",7347,8047,8335,NA,NA,NA,10493,NA,NA,NA,NA,NA,NA,NA,NA,13486,NA,NA,19280,19252,NA,18921,19415,17677,15661,18056,14599,15572
"STU003592",10995,6683,5784,NA,NA,NA,NA,11470,5643,12050,11135,10018,6956,19188,14381,NA,NA,10606,10206,9437,13339,12320,14869,9582,13742,9780,NA,NA
"STU003593",NA,NA,NA,NA,NA,NA,NA,NA,NA,NA,NA,NA,NA,NA,NA,NA,NA,NA,NA,NA,NA,NA,18907,12194,8889,14957,11211,13331
"STU003594",9662,6711,8525,10616,10498,NA,NA,NA,NA,11509,17010,14372,11876,11258,11823,18761,NA,13312,13530,17645,NA,NA,NA,NA,NA,NA,NA,NA
"STU003595",15873,10760,8374,11666,10888,NA,NA,8179,8165,6145,NA,NA,NA,NA,NA,30260,30797,32583,28682,NA,NA,NA,NA,18405,18186,NA,30382,40594
"STU003596",NA,NA,NA,NA,9669,12078,7858,7005,9001,9890,11189,NA,NA,NA,NA,NA,NA,15786,12797,12526,7527,NA,NA,NA,NA,NA,NA,11470
"STU003597",NA,NA,NA,NA,NA,NA,NA,NA,NA,NA,NA,NA,NA,NA,NA,NA,NA,NA,NA,NA,NA,NA,11963,NA,NA,NA,NA,NA
"STU003598",NA,NA,NA,NA,NA,16572,5569,NA,NA,7140,16012,8102,15496,10656,16162,14105,9958,18926,16337,11862,12802,16333,18261,NA,NA,15535,NA,NA
"STU003599",9348,10624,3796,7903,7532,8199,8764,9227,10990,12529,6906,6028,9862,11643,15228,NA,NA,NA,NA,10595,17120,13572,12640,11094,8828,NA,8318,NA
"STU003600",10474,NA,NA,NA,10187,NA,8562,13235,NA,13281,8466,NA,NA,NA,NA,NA,11564,10153,NA,NA,42364,NA,NA,NA,23595,25717,31504,19101
"STU003601",NA,NA,NA,8931,4801,NA,NA,NA,NA,NA,NA,NA,10594,NA,NA,NA,NA,NA,NA,13029,22561,15902,17421,12726,18741,20270,NA,NA
"STU003602",NA,NA,NA,NA,NA,NA,NA,NA,NA,NA,NA,NA,NA,NA,NA,NA,NA,NA,NA,13499,19835,NA,18269,NA,11071,16367,8769,11766
"STU003603",5765,7061,NA,NA,NA,NA,NA,NA,NA,NA,NA,NA,NA,4011,5136,5919,6144,5040,NA,NA,NA,32638,18508,NA,13917,NA,6282,NA
"STU003604",9420,NA,NA,11025,NA,NA,NA,21162,7581,15202,NA,NA,11622,15710,12089,NA,NA,NA,NA,NA,NA,13702,32991,20023,18871,34290,23859,29135
"STU003605",10408,10109,8645,7762,NA,NA,NA,NA,NA,NA,NA,NA,13397,NA,NA,8626,8611,NA,8726,NA,NA,NA,10171,14226,14985,9159,15136,14669
"STU003606",NA,NA,NA,NA,NA,4402,4879,7163,6875,6279,5196,NA,NA,NA,16021,13474,7518,17005,NA,NA,5923,11495,11152,10286,8939,8869,12846,NA
"STU003607",NA,NA,NA,7264,8499,5433,14233,11981,6153,8423,7766,8361,8672,NA,NA,7842,11064,9861,8970,8313,11549,NA,NA,13886,16084,8394,NA,NA
"STU003608",NA,NA,NA,NA,NA,NA,NA,NA,NA,NA,NA,NA,NA,NA,9197,9869,8584,15577,NA,NA,NA,16276,10500,13769,NA,25112,13368,6099
"STU003609",NA,NA,NA,NA,NA,9754,11491,10925,12489,NA,9381,12467,15760,NA,NA,14456,13213,12291,17166,19692,NA,NA,6681,NA,NA,NA,NA,NA
"STU003610",9848,7309,12604,8900,4901,6859,11717,9964,5852,8266,7669,5326,NA,NA,19674,12515,17393,11757,9107,10799,9551,12691,NA,13364,12665,13376,8860,13756
"STU003611",7664,8127,NA,8315,9919,5518,9127,NA,NA,13696,7276,9681,11692,6509,NA,11903,13438,18801,12150,NA,NA,NA,11579,9484,10717,14125,NA,NA
"STU003612",NA,NA,NA,NA,NA,NA,NA,NA,NA,NA,NA,NA,NA,NA,NA,NA,NA,NA,NA,NA,NA,NA,NA,NA,12626,18239,16660,7220
"STU003613",NA,NA,NA,NA,14479,8721,9177,12229,9519,NA,17715,14998,NA,NA,24425,24775,28644,NA,29729,NA,23935,NA,NA,NA,NA,NA,22841,15213
"STU003614",9414,NA,4475,NA,NA,NA,4514,7241,5654,5071,15336,7828,7684,12516,5110,11453,8050,7672,7253,16026,NA,NA,NA,NA,7399,9696,11255,NA
"STU003615",37119,7781,7158,NA,21648,NA,NA,5741,5486,8997,9156,13329,7217,9408,NA,5883,NA,NA,6818,12343,9867,7721,29636,NA,NA,14271,28712,21762
"STU003616",6912,9762,10598,11823,7163,7093,15910,8735,14253,8203,9520,NA,NA,NA,NA,NA,12021,NA,9381,NA,NA,NA,NA,20630,12143,10657,13502,9935
"STU003617",NA,NA,NA,NA,NA,NA,NA,NA,NA,NA,NA,NA,NA,NA,NA,NA,10984,11100,22222,11756,16614,11560,12026,11882,7861,NA,NA,NA
"STU003618",7644,10387,NA,NA,7920,9835,18256,10462,10984,21664,NA,NA,10277,13876,10898,16649,9004,15181,16541,NA,30385,16888,NA,16166,15404,13082,14356,10725
"STU003619",NA,NA,NA,NA,NA,NA,NA,NA,NA,NA,NA,NA,NA,NA,NA,NA,NA,NA,NA,NA,NA,NA,NA,NA,17952,17162,18045,NA
"STU003620",7350,NA,5936,NA,NA,NA,NA,NA,NA,NA,6420,7513,6358,6190,6325,4524,NA,NA,NA,14343,NA,NA,NA,16761,NA,NA,NA,NA
"STU003621",NA,NA,NA,NA,NA,NA,NA,NA,NA,NA,NA,NA,NA,NA,NA,NA,NA,NA,NA,NA,NA,NA,NA,NA,NA,NA,NA,20633
"STU003622",NA,NA,12463,10116,NA,NA,NA,NA,NA,NA,12215,14659,10940,9576,14057,17342,NA,NA,NA,NA,NA,NA,NA,13701,NA,10197,10701,NA
"STU003623",7680,NA,NA,NA,6553,NA,5872,9490,NA,NA,10607,NA,8365,11795,9766,8614,10222,16518,18658,17362,13083,10089,17387,NA,NA,NA,NA,44388
"STU003624",9909,9659,NA,NA,NA,NA,NA,NA,NA,NA,NA,NA,NA,NA,NA,11582,8750,NA,NA,9253,NA,15606,10250,14985,13973,10010,14715,18634
"STU003625",NA,11095,10478,NA,NA,NA,NA,7457,9907,7080,NA,NA,NA,9817,8731,11973,11361,6782,NA,NA,NA,NA,8978,14270,13018,10133,9823,7890
"STU003626",NA,NA,NA,NA,NA,NA,NA,NA,NA,NA,NA,NA,NA,NA,NA,NA,NA,NA,NA,NA,NA,NA,NA,NA,NA,9931,12434,11555
"STU003627",5178,NA,8887,7358,8218,7203,14798,4150,5072,10197,5365,5487,3788,7098,NA,NA,11970,7658,NA,NA,NA,15730,13937,12184,16579,12189,10597,8666
"STU003628",4144,4482,4179,5432,6250,4770,NA,NA,NA,8083,3025,9823,4404,NA,6525,5678,7559,NA,NA,NA,NA,NA,9302,14175,18387,10138,13330,23309
"STU003629",NA,NA,NA,NA,NA,NA,NA,NA,NA,NA,5187,7243,17216,7311,9342,NA,8234,NA,8497,10754,NA,NA,11791,NA,NA,NA,6827,10710
"STU003630",NA,NA,NA,10664,NA,NA,NA,4528,8932,10063,NA,NA,NA,10618,NA,NA,NA,11746,NA,9231,NA,NA,NA,NA,NA,NA,NA,NA
"STU003631",NA,NA,NA,NA,NA,NA,NA,NA,NA,NA,NA,NA,NA,NA,NA,NA,NA,NA,NA,NA,NA,NA,NA,NA,NA,NA,NA,22722
"STU003632",4864,5691,6648,10616,13592,10530,4497,9778,NA,NA,14671,6645,12277,10319,13767,NA,NA,NA,NA,NA,7907,12639,17946,12997,14287,11711,7058,20606
"STU003633",NA,NA,NA,NA,NA,18041,6085,11075,15031,11737,11043,10439,9427,11071,7309,23311,22010,13155,20753,15932,NA,NA,NA,NA,17177,NA,NA,18957
"STU003634",15327,15283,12856,6624,9427,NA,9846,6346,NA,15622,10272,10285,NA,NA,9433,9684,14182,NA,NA,NA,19916,9946,12004,NA,15080,16217,NA,15794
"STU003635",NA,NA,NA,NA,NA,NA,NA,NA,NA,NA,NA,NA,NA,NA,NA,NA,NA,9734,NA,NA,12072,11781,15332,11743,NA,14061,13338,20942
"STU003636",NA,NA,NA,NA,NA,NA,NA,NA,NA,NA,NA,NA,NA,NA,NA,NA,NA,NA,NA,NA,NA,NA,NA,NA,NA,NA,NA,NA
"STU003637",NA,NA,NA,NA,NA,NA,7274,7099,NA,8431,6045,NA,NA,NA,NA,NA,NA,11147,9341,20656,NA,NA,NA,NA,NA,NA,NA,NA
"STU003638",NA,NA,NA,NA,NA,NA,NA,NA,NA,NA,NA,16642,6802,6102,6109,6847,4750,7208,6420,10849,NA,NA,NA,7414,16094,9118,13718,16906
"STU003639",10040,5756,5714,3689,NA,4750,5712,5512,NA,7642,7056,8939,6040,6487,14852,NA,NA,21423,33923,22374,16518,14630,16440,16566,13759,19873,11247,11245
"STU003640",NA,NA,NA,NA,NA,NA,NA,NA,NA,NA,NA,NA,NA,NA,NA,NA,NA,NA,NA,NA,NA,NA,NA,NA,NA,NA,NA,NA
"STU003641",11285,NA,12790,9873,12339,7816,8983,NA,7564,NA,8203,5751,5780,7222,11941,9257,21470,15529,20712,15523,18339,NA,18152,10468,12637,23718,28314,NA
"STU003642",NA,NA,NA,NA,NA,NA,NA,NA,NA,NA,NA,NA,NA,NA,NA,NA,NA,NA,NA,NA,NA,NA,NA,NA,NA,NA,10571,9797
"STU003643",NA,NA,NA,NA,NA,NA,NA,NA,NA,NA,NA,NA,NA,NA,NA,NA,NA,NA,NA,NA,NA,NA,NA,NA,NA,NA,NA,NA
"STU003644",NA,NA,NA,NA,NA,NA,NA,NA,NA,NA,NA,NA,NA,NA,NA,9650,NA,6696,5757,7902,10368,23125,12943,20322,7091,10949,NA,NA
"STU003645",NA,NA,NA,NA,6056,NA,NA,NA,7995,4538,13020,8543,11155,9778,NA,5985,10783,NA,NA,NA,14479,NA,NA,NA,NA,NA,NA,8743
"STU003646",NA,NA,NA,11971,NA,NA,NA,NA,NA,NA,NA,18322,14430,15984,15852,11706,18231,15650,11433,17043,13756,14978,17711,15131,14806,12673,NA,10706
"STU003647",8609,9360,12690,8441,5234,12031,6697,16611,6399,5100,NA,NA,NA,NA,NA,NA,13692,21656,13625,5273,12521,7559,14078,10678,20386,18525,21292,10001
"STU003648",8071,8801,8609,8085,NA,NA,15238,12141,7345,8490,12005,6358,6142,8657,11977,NA,NA,8827,NA,NA,NA,NA,NA,NA,10571,NA,NA,NA
"STU003649",NA,NA,NA,NA,NA,NA,NA,9967,NA,NA,10804,6456,16437,NA,11343,NA,24240,NA,NA,NA,NA,35362,13506,29299,12363,NA,NA,28731
"STU003650",7612,9170,6887,6808,10046,10463,NA,NA,NA,NA,NA,NA,NA,NA,29795,14949,24562,18292,NA,NA,NA,24102,15719,21007,20847,15191,18428,NA
"STU003651",NA,NA,NA,NA,NA,NA,NA,NA,NA,NA,NA,NA,NA,NA,NA,NA,NA,NA,NA,NA,16034,NA,7245,NA,13009,16248,13740,8421
"STU003652",NA,NA,NA,NA,NA,NA,NA,NA,NA,NA,NA,NA,NA,NA,NA,NA,NA,17724,NA,21687,14562,20660,NA,NA,NA,NA,26989,23679
"STU003653",NA,NA,NA,NA,NA,10264,NA,9303,NA,9686,9205,17076,11918,23162,13354,9058,NA,NA,NA,25453,26099,NA,12894,14977,21891,NA,23303,22156
"STU003654",17062,15404,10300,3014,NA,NA,NA,11827,8173,NA,NA,10034,8128,8904,16972,NA,8327,10963,15237,NA,NA,NA,NA,NA,NA,7275,12522,14275
"STU003655",NA,NA,NA,NA,NA,NA,NA,NA,NA,NA,NA,NA,NA,18901,11881,11096,18503,NA,NA,NA,NA,NA,NA,NA,NA,22325,NA,22046
"STU003656",NA,NA,11834,7963,NA,NA,NA,12397,10645,14639,10923,17862,7406,10501,16899,8159,11899,9025,11361,NA,NA,NA,NA,10861,7981,11075,12263,NA
"STU003657",NA,NA,NA,NA,NA,NA,15549,NA,12391,6352,14883,8064,8514,10300,16174,24353,36719,28774,NA,17192,19661,NA,22057,NA,35245,20754,21281,NA
"STU003658",9254,6157,8815,5916,6406,NA,NA,NA,14482,NA,13077,9263,9397,7054,9268,10091,18454,6581,10520,NA,13318,11482,12521,11242,9301,15161,11239,7756
"STU003659",NA,NA,NA,5321,6032,NA,NA,NA,NA,NA,NA,NA,NA,NA,NA,NA,NA,NA,NA,NA,NA,NA,NA,10400,7892,6712,7003,8726
"STU003660",7805,NA,NA,9475,7077,8284,NA,8320,7545,11386,10655,9514,NA,9163,18482,NA,9466,NA,10103,15851,12892,NA,NA,NA,NA,10407,14992,13664
"STU003661",6437,5098,8758,NA,NA,NA,NA,NA,NA,NA,8091,4628,5988,10276,NA,5442,NA,NA,NA,3454,NA,9202,NA,15957,NA,NA,NA,NA
"STU003662",NA,NA,NA,NA,NA,NA,NA,NA,NA,NA,NA,NA,NA,NA,NA,NA,NA,NA,NA,NA,NA,12840,NA,NA,NA,16666,19865,14557
"STU003663",4713,5304,4402,4526,12444,10533,NA,NA,8117,NA,9212,14924,8925,15104,13772,12217,6848,9926,NA,NA,NA,12103,13068,6372,10983,NA,NA,NA
"STU003664",15280,16567,NA,NA,NA,NA,14933,11103,15126,10472,15201,9535,NA,NA,NA,NA,NA,16035,9752,NA,NA,NA,NA,NA,13926,16743,9375,20167
"STU003665",3611,NA,NA,NA,NA,10181,NA,12307,7253,10561,11637,12947,6682,8704,10845,10022,10552,9896,11887,9368,NA,10644,NA,13504,14363,15924,9067,8202
"STU003666",NA,NA,NA,NA,NA,9597,7944,10379,10079,8571,15146,9042,10537,6987,12637,9579,23381,18631,NA,21638,18560,12489,22933,13124,29209,NA,18233,15149
"STU003667",NA,NA,NA,NA,11785,NA,NA,7517,NA,NA,7982,8097,6249,10211,NA,NA,NA,NA,13072,NA,11362,12551,12849,7102,13033,19571,17739,NA
"STU003668",NA,9708,9295,12355,13213,NA,10782,9970,NA,10293,10301,6842,10719,14307,14362,12059,18016,13116,12771,NA,NA,NA,NA,16788,14755,NA,NA,16676
"STU003669",NA,NA,NA,10065,NA,NA,NA,NA,NA,NA,NA,NA,NA,NA,5588,9366,11399,7834,NA,NA,NA,16049,8549,13331,9076,NA,14184,13678
"STU003670",12940,16142,NA,NA,NA,5992,9328,12678,9476,NA,11380,NA,NA,NA,NA,NA,7842,10432,12321,11968,8192,7308,13578,7244,19540,10734,9195,8424
"STU003671",11704,4789,NA,NA,NA,NA,NA,NA,NA,6857,13207,4474,4328,3254,NA,NA,NA,NA,NA,NA,NA,5686,7247,13518,18090,7981,16985,NA
"STU003672",8111,7815,NA,NA,NA,NA,7731,4074,8222,12137,8122,9919,9065,NA,NA,6463,13557,6602,17024,7961,12362,NA,NA,NA,NA,NA,NA,NA
"STU003673",NA,NA,NA,NA,NA,NA,NA,NA,NA,NA,NA,NA,NA,NA,NA,NA,NA,NA,NA,NA,NA,NA,NA,NA,NA,NA,NA,NA
"STU003674",NA,NA,NA,NA,7815,14945,8168,11303,11037,19486,16471,11345,19343,11545,14505,12865,20608,NA,18577,20541,19619,NA,NA,16353,20089,14530,11860,14634
"STU003675",10143,NA,NA,NA,NA,NA,9424,14266,NA,NA,NA,8733,8723,12552,14200,15717,10146,14185,14502,17590,16114,NA,NA,NA,NA,12753,17829,22811
"STU003676",NA,NA,NA,NA,NA,NA,NA,NA,8250,11066,16980,18500,15198,13411,10558,17239,25462,21028,15997,NA,NA,NA,NA,16216,20867,29648,NA,NA
"STU003677",NA,NA,17412,NA,NA,NA,NA,NA,NA,NA,NA,NA,NA,NA,NA,NA,NA,NA,16531,15255,12540,19884,23863,14758,14902,NA,NA,12653
"STU003678",10248,4905,NA,NA,NA,NA,8846,NA,NA,NA,NA,16362,11864,NA,14740,16352,10643,9114,9649,10539,17706,NA,17485,10633,NA,8979,10997,12443
"STU003679",6034,9212,NA,NA,NA,NA,6915,6114,9949,14234,13562,11740,11192,9484,6442,9765,NA,NA,NA,NA,NA,NA,NA,NA,NA,NA,8103,13858
"STU003680",NA,NA,NA,NA,NA,NA,NA,NA,NA,NA,NA,11633,11642,NA,12036,9810,15892,18498,17720,NA,NA,19010,NA,12042,12158,17287,14240,19196
"STU003681",NA,NA,NA,NA,NA,NA,NA,NA,NA,NA,NA,NA,NA,NA,NA,NA,NA,NA,NA,NA,NA,5335,3871,6250,4300,13143,5383,10355
"STU003682",11007,8687,NA,5994,13986,8568,7200,7065,NA,NA,10818,NA,6420,10166,NA,7477,9470,8534,NA,NA,NA,NA,5561,11676,NA,6792,10328,NA
"STU003683",7518,12141,5219,9015,NA,NA,NA,NA,NA,7035,7073,NA,NA,11613,10056,13668,12705,11493,8834,10972,11608,16747,11538,8903,20978,14551,NA,13278
"STU003684",5678,6720,6419,7277,10519,5139,6711,NA,NA,NA,NA,NA,5942,7012,8087,5952,NA,NA,6625,5264,5759,9340,20601,14173,NA,21955,NA,NA
"STU003685",5037,7282,NA,NA,6075,NA,NA,8374,6562,9660,11717,11047,9524,NA,NA,8463,15623,15912,9853,8441,NA,NA,NA,NA,19455,NA,NA,13252
"STU003686",NA,NA,4826,6250,NA,NA,NA,6273,8226,4495,7255,10928,16084,11448,21688,15010,13917,13770,22998,13426,9759,9936,12102,9203,8606,16350,10606,NA
"STU003687",NA,NA,NA,NA,NA,12757,13711,9961,6042,7329,7435,8812,7698,8973,13937,NA,NA,NA,8304,7219,12780,9693,8205,7589,NA,NA,NA,5507
"STU003688",9794,11038,10787,10524,NA,5278,6851,7420,16917,11781,18510,8836,8042,NA,NA,NA,10679,13511,13409,9153,12296,NA,15059,12816,17551,14313,13263,8797
"STU003689",7052,NA,NA,11005,25868,9903,18888,15218,15324,18885,21842,15302,16801,15083,NA,NA,NA,NA,NA,NA,23591,20100,NA,NA,NA,NA,NA,NA
"STU003690",NA,NA,NA,NA,NA,NA,NA,NA,NA,NA,NA,NA,NA,NA,NA,NA,NA,NA,NA,14953,21727,29674,33074,17053,33215,NA,13637,30780
"STU003691",NA,NA,NA,8132,NA,NA,NA,NA,8478,NA,NA,NA,NA,NA,10865,NA,7242,6652,8465,5322,10012,14402,9071,9016,11605,14429,12057,12026
"STU003692",6434,10724,5893,8843,6249,6586,5366,NA,NA,NA,NA,2530,4675,6579,11490,NA,NA,NA,12102,13609,11330,9085,13539,14618,NA,NA,NA,8471
"STU003693",NA,NA,NA,NA,NA,13184,14706,6784,11278,7202,NA,10350,5070,NA,11393,13636,7478,13362,NA,9382,10307,8994,NA,14327,9143,11013,11495,9890
"STU003694",NA,NA,NA,NA,NA,NA,NA,NA,NA,NA,NA,NA,NA,NA,NA,NA,NA,NA,NA,NA,NA,NA,NA,NA,NA,NA,NA,NA
"STU003695",NA,NA,NA,NA,NA,NA,NA,NA,NA,NA,NA,NA,NA,NA,NA,NA,NA,NA,NA,NA,NA,NA,NA,NA,NA,NA,NA,NA
"STU003696",4956,9757,12597,9293,5095,7584,NA,NA,6320,3650,NA,NA,7728,6572,9872,8652,8623,7100,15091,NA,11064,7597,9767,10179,NA,7569,9044,11561
"STU003697",8558,NA,NA,NA,8853,13711,NA,9372,5755,NA,NA,6729,11491,12658,NA,NA,9995,17091,NA,NA,NA,NA,NA,12956,11666,NA,NA,7685
"STU003698",5998,NA,NA,NA,NA,NA,9927,17825,11068,3888,6556,10997,7140,11211,NA,NA,NA,NA,13193,12681,16578,16424,NA,NA,NA,NA,22623,NA
"STU003699",NA,NA,NA,NA,NA,NA,NA,NA,NA,NA,NA,NA,NA,NA,NA,NA,NA,NA,NA,NA,NA,NA,NA,NA,NA,NA,NA,NA
"STU003700",5741,4878,3425,13695,NA,4903,9104,10047,5651,9612,7429,4593,8830,6468,10902,11930,5029,26948,NA,29474,14006,NA,NA,NA,NA,NA,NA,NA
"STU003701",7627,8096,13602,7521,10255,12551,10375,NA,NA,9921,NA,9087,NA,NA,NA,NA,NA,NA,NA,NA,21725,NA,13456,20639,15811,12814,NA,17864
"STU003702",10092,13106,NA,NA,6708,8982,NA,NA,6519,6827,NA,NA,NA,NA,NA,NA,NA,NA,NA,NA,NA,NA,12383,7587,10986,8312,11313,11628
"STU003703",NA,NA,NA,NA,NA,11645,14950,11396,14167,18494,11088,NA,NA,10698,10220,NA,11828,NA,8639,19957,NA,NA,NA,NA,NA,NA,NA,NA
"STU003704",11634,10865,5426,6741,4697,9109,10051,4186,7499,6617,9472,7734,NA,10644,12990,10324,8247,NA,12503,10771,NA,NA,NA,NA,10488,8961,11439,10896
"STU003705",NA,NA,NA,NA,NA,NA,NA,NA,NA,NA,NA,NA,NA,8701,6815,13649,NA,13040,15574,NA,NA,NA,NA,NA,NA,10912,NA,11160
"STU003706",11284,4839,8775,3491,3208,NA,6400,4044,NA,14632,14806,12094,NA,NA,NA,13291,13779,14073,16645,15404,9625,20118,14644,11242,9945,21104,28027,14447
"STU003707",NA,NA,NA,NA,3742,6195,9963,15930,10344,12857,17239,15896,12276,NA,NA,11750,14025,18950,12257,20434,NA,NA,NA,NA,17187,NA,NA,12129
"STU003708",NA,NA,NA,NA,9418,NA,5286,13922,16817,12011,NA,16559,11001,9298,8562,14771,9655,9625,13843,17950,13990,9218,7126,14572,17285,NA,NA,NA
"STU003709",NA,NA,NA,NA,NA,7500,7421,8240,14729,13337,13789,7601,9447,NA,NA,NA,18117,9413,10930,11733,8961,8041,10861,14360,9668,7855,NA,NA
"STU003710",6081,6395,7765,8999,7684,NA,15301,13965,10114,NA,9676,NA,9913,NA,NA,8560,9121,13419,7924,10406,11136,NA,10175,7597,9054,17906,NA,NA
"STU003711",NA,NA,NA,NA,6337,12532,4688,NA,11942,10789,NA,NA,NA,NA,NA,NA,13019,10457,24921,33052,14128,NA,NA,20825,NA,NA,NA,NA
"STU003712",NA,NA,4177,4863,7048,4232,NA,5300,6024,NA,NA,NA,NA,NA,NA,NA,5489,4344,6075,NA,6472,9167,10539,NA,NA,NA,NA,NA
"STU003713",NA,NA,NA,9726,8239,11502,9375,9799,7481,10139,NA,NA,NA,NA,NA,NA,NA,12446,11795,10813,13091,10862,17829,13770,NA,NA,NA,NA
"STU003714",21731,11586,11241,12529,NA,7365,NA,11610,10154,9849,NA,NA,NA,10016,NA,NA,NA,NA,NA,NA,NA,9775,12992,13937,13175,NA,NA,NA
"STU003715",NA,NA,NA,NA,NA,11720,NA,NA,NA,NA,NA,12594,12874,15516,8561,14564,13269,NA,NA,NA,NA,12768,NA,NA,NA,NA,NA,14809
"STU003716",5030,5888,NA,NA,6263,6807,7670,NA,NA,NA,6455,13954,10671,7703,6345,8162,13585,8041,13461,19252,14594,25156,23606,23395,NA,11828,12720,11836
"STU003717",NA,NA,NA,NA,NA,NA,NA,NA,NA,NA,NA,NA,NA,NA,NA,NA,NA,NA,NA,NA,NA,NA,NA,NA,NA,NA,NA,NA
"STU003718",NA,NA,NA,NA,NA,NA,NA,NA,NA,NA,NA,NA,NA,NA,NA,NA,NA,NA,NA,NA,NA,NA,NA,NA,NA,10397,NA,13452
"STU003719",14674,NA,NA,5274,4297,5693,6257,NA,10659,7792,8027,10912,7467,11934,NA,NA,NA,NA,NA,NA,NA,NA,NA,NA,7503,12383,NA,8577
"STU003720",NA,NA,NA,8996,6454,NA,4898,4846,7122,6276,6628,NA,NA,NA,NA,6981,NA,7271,NA,NA,NA,NA,10544,28868,16135,12550,14364,10081
"STU003721",NA,NA,NA,NA,NA,NA,NA,NA,NA,NA,NA,NA,NA,NA,NA,NA,NA,NA,NA,NA,NA,NA,NA,NA,NA,NA,NA,NA
"STU003722",8036,10753,11481,NA,5681,12670,NA,NA,NA,NA,NA,NA,14646,NA,10464,10692,24701,27367,13887,24253,NA,14156,20278,13925,16089,NA,NA,NA
"STU003723",5634,6518,4605,6454,NA,NA,NA,NA,NA,6475,9197,6645,7764,12678,NA,NA,NA,NA,NA,NA,NA,20040,19881,NA,21518,13166,22798,15290
"STU003724",8524,7596,7641,7446,NA,NA,NA,5655,NA,NA,NA,NA,NA,NA,NA,9358,8988,16257,8232,12280,NA,NA,NA,NA,12602,NA,NA,NA
"STU003725",3574,3581,4546,3149,8966,2545,4616,NA,NA,NA,4452,NA,NA,6571,NA,NA,NA,NA,5153,9481,4314,NA,6591,5990,9871,NA,9080,8585
"STU003726",NA,NA,NA,18283,23290,13500,23265,NA,12066,25899,11758,9812,16683,22183,NA,NA,NA,18385,17800,17474,17623,17032,24062,NA,NA,NA,17615,12187
"STU003727",11175,5916,NA,NA,7083,5456,7602,9176,10469,7923,10860,12188,11161,17643,9726,11797,7649,9095,17550,9647,14609,12014,15854,10406,10998,19552,19289,NA
"STU003728",9994,NA,NA,NA,NA,NA,NA,7958,NA,NA,NA,NA,NA,NA,NA,NA,15993,NA,NA,NA,NA,10484,9398,NA,NA,6260,NA,20889
"STU003729",NA,NA,NA,NA,5230,16083,13865,NA,NA,NA,9484,NA,NA,NA,NA,NA,NA,NA,19795,16331,12797,15096,NA,NA,14728,NA,17902,17712
"STU003730",8744,5892,NA,NA,6541,6610,4873,8401,6567,NA,5222,NA,NA,NA,NA,NA,2788,NA,NA,NA,NA,NA,8494,12128,NA,NA,NA,NA
"STU003731",11084,10869,5944,10858,NA,NA,5004,NA,NA,NA,NA,NA,NA,NA,11200,7441,9988,10386,13723,15514,20036,18702,13580,10652,10716,13650,11006,12108
"STU003732",NA,NA,NA,NA,6678,6958,4350,NA,NA,5347,13794,NA,NA,NA,NA,NA,17791,12946,11681,9646,12322,NA,7517,9850,9595,12034,9117,10532
"STU003733",NA,NA,NA,NA,NA,NA,NA,NA,NA,NA,NA,NA,NA,NA,NA,NA,18451,30952,30114,13523,20542,24204,29804,27857,22071,21824,29872,17327
"STU003734",NA,NA,NA,NA,NA,NA,NA,NA,NA,NA,NA,NA,NA,NA,NA,NA,NA,NA,NA,NA,NA,NA,41359,NA,NA,18186,20970,19135
"STU003735",NA,NA,NA,12565,NA,NA,NA,NA,NA,4743,6988,NA,NA,NA,10103,12568,NA,NA,NA,9396,NA,NA,NA,23104,NA,NA,NA,13066
"STU003736",NA,NA,NA,NA,NA,NA,NA,NA,NA,NA,NA,NA,NA,NA,15581,20234,23311,16768,14308,27952,NA,36712,19911,14064,26759,14227,16648,18616
"STU003737",6674,NA,NA,NA,15724,NA,NA,NA,NA,NA,NA,NA,NA,5464,NA,NA,NA,NA,6072,9130,NA,NA,NA,NA,NA,NA,NA,NA
"STU003738",25835,NA,10387,7485,NA,NA,4435,9430,4169,NA,NA,NA,NA,NA,NA,9683,19779,21260,18825,NA,15053,NA,NA,29437,21988,12366,11777,15907
"STU003739",3130,4049,6776,5277,NA,NA,NA,13785,10544,11247,10838,8948,12893,7384,8723,12161,6793,10741,9346,16016,9170,7379,9896,9208,9066,NA,NA,11035
"STU003740",6783,6947,NA,NA,NA,NA,NA,NA,8281,10781,7451,8147,10960,8096,10202,22824,18434,19677,NA,NA,NA,NA,NA,NA,NA,NA,NA,21952
"STU003741",NA,NA,NA,NA,NA,7376,11039,10009,10107,16290,11072,11345,16831,10598,NA,NA,NA,15142,21086,23324,24943,21811,NA,NA,NA,NA,19977,NA
"STU003742",10010,NA,NA,NA,NA,6817,9649,NA,NA,NA,NA,NA,10015,17448,10341,21024,NA,NA,18493,13020,NA,NA,NA,NA,NA,NA,NA,14297
"STU003743",NA,NA,NA,NA,NA,7949,6319,NA,NA,NA,NA,NA,NA,NA,NA,NA,6416,8142,6969,NA,9840,8571,13320,7752,11465,10654,17374,8150
"STU003744",NA,NA,NA,NA,NA,NA,NA,NA,NA,NA,NA,NA,NA,NA,NA,NA,NA,NA,NA,NA,NA,NA,NA,NA,NA,NA,NA,NA
"STU003745",5553,NA,10960,4400,NA,9979,7402,8280,8061,NA,15711,NA,13271,NA,NA,NA,15037,19128,14325,16054,16866,16855,18858,19796,18269,18730,17907,12933
"STU003746",NA,NA,NA,NA,NA,NA,NA,NA,NA,NA,NA,NA,NA,NA,NA,NA,NA,NA,NA,NA,NA,NA,20617,24555,20586,18500,11301,15798
"STU003747",10508,NA,NA,NA,NA,NA,NA,NA,NA,4382,8416,11218,11545,NA,12759,NA,NA,NA,NA,NA,NA,NA,12989,18480,20226,12233,13873,NA
"STU003748",8834,8416,12172,7461,9638,7295,13152,9269,8732,5403,11715,7247,NA,NA,NA,12052,NA,NA,10787,11139,9931,13488,9793,NA,13987,8906,7803,14545
"STU003749",NA,11426,13838,19029,16165,8282,9750,8074,8819,NA,6623,9297,7344,14848,15169,NA,20830,NA,NA,20416,17571,16848,13228,10300,NA,12677,13119,15560
"STU003750",13902,12440,8206,11748,6512,6188,13126,NA,NA,NA,12080,NA,NA,NA,NA,20381,15614,22662,11623,18456,22040,15899,NA,NA,11061,16694,12968,12777
"STU003751",9207,16037,13397,20141,NA,15749,29764,14449,18187,20294,15262,15378,14200,15916,16849,35806,21839,33734,27719,27491,30299,NA,NA,NA,NA,24749,16677,26351
"STU003752",13413,9655,NA,NA,25098,19811,NA,NA,NA,25278,15738,14544,NA,25095,20871,20704,22222,27039,29927,NA,NA,NA,19496,14702,15978,22579,33406,25466
"STU003753",NA,NA,NA,NA,NA,4508,6659,8147,8737,9016,7703,8213,8598,5426,7494,6868,8700,NA,8365,16687,9513,7312,10055,9953,10042,10769,NA,11603
"STU003754",19098,14208,15694,6249,NA,NA,NA,NA,NA,NA,NA,11428,12095,12702,10175,NA,19640,21506,13350,9789,17247,NA,NA,7547,NA,12631,15324,16409
"STU003755",NA,NA,NA,NA,NA,NA,NA,NA,NA,NA,NA,NA,NA,NA,NA,NA,NA,NA,NA,NA,NA,NA,NA,NA,NA,NA,NA,NA
"STU003756",11759,11807,7417,10122,7506,8005,4746,4671,8240,NA,12028,NA,NA,7558,5444,NA,NA,NA,NA,4879,NA,NA,NA,NA,NA,7912,5224,8471
"STU003757",14425,14686,5061,7460,6131,NA,5517,NA,6192,4303,6973,10945,6993,NA,NA,NA,8897,13297,8359,NA,NA,12403,15046,9508,17125,11481,15536,15342
"STU003758",5969,7584,3685,6020,8138,4400,NA,NA,NA,NA,3425,7743,5225,8747,NA,NA,NA,11504,5666,17134,17735,11678,12718,NA,NA,NA,NA,NA
"STU003759",NA,NA,NA,7498,5174,9735,9222,6605,NA,4053,NA,NA,7852,15228,12268,22887,15827,14952,8291,9611,16935,NA,7704,11542,NA,NA,NA,NA
"STU003760",4056,8058,5071,8113,5427,11620,6150,4446,11326,9425,7581,9735,NA,4754,5922,4538,NA,NA,NA,NA,6122,14934,8216,9914,NA,NA,NA,NA
"STU003761",11898,8313,10842,7950,NA,NA,NA,NA,NA,17355,11112,NA,NA,NA,NA,NA,10376,NA,13928,13544,8848,NA,11660,14191,NA,NA,NA,8485
"STU003762",11569,19008,NA,NA,NA,NA,NA,NA,NA,16747,18690,14614,15544,16536,18441,14726,14885,18326,NA,22433,21620,24966,15588,NA,NA,20556,17315,NA
"STU003763",13134,28246,NA,12478,8127,8197,18582,NA,NA,NA,NA,NA,NA,9866,20786,20794,23692,8572,17025,NA,24416,NA,NA,NA,17853,NA,22383,23298
"STU003764",NA,NA,7987,NA,NA,NA,NA,NA,14289,NA,NA,NA,9699,NA,8076,14176,16603,13293,NA,NA,NA,NA,NA,20067,16393,19133,NA,NA
"STU003765",NA,NA,NA,NA,11615,6810,9362,NA,14497,12095,NA,NA,NA,NA,25118,20356,18545,25952,25969,21787,24097,NA,NA,NA,NA,NA,NA,18838
"STU003766",6252,NA,NA,5568,6152,NA,NA,NA,8717,NA,NA,12646,6680,7336,7407,NA,14734,15341,16415,18666,14132,21916,24339,18500,14694,NA,25289,11982
"STU003767",10024,NA,NA,8906,8371,14637,NA,NA,6939,9511,NA,8049,8590,NA,12238,NA,NA,15417,13200,NA,9797,12649,10078,11276,NA,8647,7958,11917
"STU003768",3941,4177,NA,NA,10766,NA,NA,NA,6801,8929,8713,9585,6844,NA,NA,NA,NA,NA,5533,7894,7736,11849,NA,7587,9683,NA,NA,NA
"STU003769",9815,9146,NA,8019,6037,NA,9322,7997,8080,11033,8572,NA,NA,10093,9376,11216,9798,8450,7870,8743,8828,10714,9240,NA,NA,NA,11152,8907
"STU003770",10886,12432,10103,18004,10316,NA,8169,8807,7020,NA,NA,NA,NA,16649,NA,NA,18499,10435,NA,NA,NA,18357,13760,15165,17648,11917,NA,20079
"STU003771",5283,6543,4352,7213,4771,6915,10910,9995,5843,6280,NA,NA,NA,NA,NA,7982,NA,NA,NA,NA,NA,NA,NA,NA,NA,NA,NA,NA
"STU003772",NA,NA,NA,NA,NA,8425,11248,9545,NA,NA,NA,NA,7685,NA,NA,NA,NA,16161,14606,9056,NA,NA,NA,9761,11439,NA,NA,NA
"STU003773",NA,NA,NA,NA,NA,NA,NA,NA,NA,NA,NA,NA,NA,NA,NA,NA,NA,NA,NA,NA,NA,NA,NA,8398,NA,NA,13586,NA
"STU003774",NA,NA,NA,NA,NA,NA,NA,NA,NA,NA,NA,NA,NA,NA,NA,NA,NA,NA,NA,NA,NA,NA,NA,NA,NA,NA,16672,14464
"STU003775",5449,5130,10908,14526,9518,9541,10399,5260,6822,3197,NA,NA,NA,7145,12917,6309,8216,21411,9815,7086,NA,NA,NA,8518,10581,8311,9795,8810
"STU003776",10374,8594,20012,7799,17689,13327,6142,NA,NA,NA,NA,NA,NA,10783,7580,12574,11098,23246,7992,NA,NA,12973,8376,9175,9601,12360,11694,8955
"STU003777",4184,11143,6737,NA,NA,NA,NA,9943,NA,18722,14475,NA,NA,NA,NA,14077,14835,10924,14285,NA,NA,22512,18193,9764,9253,NA,13446,10571
"STU003778",NA,NA,NA,NA,NA,NA,NA,NA,NA,NA,NA,NA,NA,NA,NA,NA,NA,NA,NA,NA,NA,NA,NA,15770,NA,NA,NA,NA
"STU003779",NA,NA,NA,NA,4810,NA,NA,NA,NA,NA,NA,NA,NA,NA,NA,NA,NA,14192,10524,NA,NA,8275,10352,12818,13235,NA,16760,22327
"STU003780",NA,NA,NA,NA,NA,NA,NA,NA,6282,NA,NA,6548,5444,6360,10679,6117,6376,8467,12507,9662,11274,8080,11184,11823,NA,7896,11130,12092
"STU003781",8686,13976,9791,NA,8448,NA,NA,NA,NA,NA,NA,NA,NA,9681,19455,NA,13756,NA,16911,16276,NA,18508,29449,17704,NA,16612,14075,24072
"STU003782",5153,6217,7884,5186,8399,NA,8845,13766,8972,8608,14229,13201,NA,9963,7955,13045,NA,NA,NA,12517,15497,NA,NA,NA,NA,10906,14848,NA
"STU003783",NA,6328,NA,NA,NA,NA,4685,7419,NA,NA,NA,NA,17307,10366,8588,25298,10505,13477,10875,11541,13236,9223,13804,20112,NA,NA,NA,11815
"STU003784",NA,NA,NA,NA,NA,NA,NA,NA,NA,NA,NA,NA,NA,NA,NA,NA,NA,NA,NA,17821,NA,19823,27953,11816,NA,NA,11368,20524
"STU003785",6524,13423,NA,NA,NA,5244,6564,4690,NA,NA,8572,6144,7815,12245,6349,NA,NA,NA,NA,NA,NA,7507,5165,NA,NA,NA,NA,NA
"STU003786",5614,NA,NA,NA,3983,18008,9509,5325,4696,13695,4952,4131,5159,10366,NA,NA,11976,NA,NA,12009,17953,8640,7732,NA,NA,17636,NA,NA
"STU003787",6735,8493,9954,8319,5731,5608,NA,NA,10368,13523,14206,11844,8985,12797,10502,21145,15069,15246,18050,14877,NA,NA,NA,NA,13344,11238,NA,NA
"STU003788",NA,NA,NA,NA,19092,14603,9181,12624,NA,NA,NA,NA,NA,NA,23531,19180,21498,16490,16780,18634,15148,14799,15909,NA,NA,NA,NA,NA
"STU003789",10842,8027,4087,13245,6887,8321,5952,10621,5297,4551,NA,11516,NA,11699,10034,10497,15417,NA,10892,8243,NA,NA,NA,12768,20147,10063,14386,17775
"STU003790",5876,5054,12632,16261,NA,NA,NA,NA,NA,NA,8491,21966,14474,11629,10465,NA,NA,NA,20178,27121,NA,14905,18222,12171,NA,NA,NA,NA
"STU003791",NA,NA,NA,NA,NA,NA,NA,NA,NA,NA,NA,NA,12619,9128,14097,14305,NA,18145,9653,22066,15364,NA,27005,30084,29372,14216,10790,15423
"STU003792",NA,NA,NA,NA,NA,NA,NA,NA,9922,6529,6164,6172,10812,11401,7271,NA,NA,NA,NA,NA,NA,21681,5971,8504,NA,25491,19151,13540
"STU003793",NA,6441,4676,NA,NA,6558,6739,9512,NA,NA,NA,NA,NA,NA,7654,10261,NA,NA,NA,NA,7446,NA,NA,NA,NA,8166,12958,13874
"STU003794",NA,NA,11088,NA,NA,NA,8182,9392,9110,12634,NA,NA,NA,NA,6827,NA,NA,NA,8629,8605,16307,NA,16636,11591,NA,NA,NA,NA
"STU003795",11979,9311,7438,3330,5573,6438,6984,NA,NA,NA,8891,NA,NA,5892,5974,7964,NA,8027,NA,NA,NA,11513,22534,6782,11920,6817,8055,7608
"STU003796",7795,3627,9938,8820,4885,NA,15157,15256,15387,13705,26811,21998,17480,15171,16513,17900,13592,13671,NA,NA,NA,18904,7637,16312,11660,19865,NA,NA
"STU003797",NA,NA,NA,NA,NA,8098,5011,NA,NA,NA,4687,11056,NA,10935,10743,12352,8922,10427,6603,NA,NA,15842,12237,13671,15662,10846,19178,12152
"STU003798",10573,NA,NA,NA,13618,NA,NA,NA,NA,NA,NA,NA,24963,17843,19871,32284,31805,NA,NA,NA,NA,21225,22673,32242,19654,21954,16873,24851
"STU003799",NA,5438,6297,13123,8119,10618,8004,11696,NA,11717,NA,NA,5980,NA,NA,NA,11315,NA,NA,NA,14558,10582,10357,11120,NA,NA,NA,NA
"STU003800",16687,9948,8578,NA,NA,13615,NA,NA,NA,10772,NA,7102,NA,NA,10242,6443,10693,11104,18341,10587,21716,10204,18321,14451,13187,20251,NA,NA
"STU003801",18534,12516,14459,9419,13359,NA,NA,NA,NA,11330,13263,11900,18908,NA,9494,18203,19158,29012,26291,31103,31208,23644,15379,33131,NA,NA,23584,17969
"STU003802",10820,NA,6564,5517,NA,NA,NA,NA,8857,12868,10703,NA,NA,NA,NA,7928,NA,NA,NA,NA,NA,NA,NA,10355,9196,8544,11392,15911
"STU003803",NA,NA,NA,NA,NA,NA,NA,NA,NA,NA,NA,NA,NA,17639,NA,NA,11722,22745,14527,14530,24795,16259,24391,10646,18751,16052,NA,20973
"STU003804",NA,NA,NA,NA,NA,NA,NA,NA,NA,NA,NA,NA,NA,NA,NA,NA,23751,NA,15156,17357,NA,18131,28504,14893,16428,NA,NA,28191
"STU003805",8138,NA,NA,11045,20915,30268,11634,25103,14027,11472,19798,15312,17425,19322,13879,19315,NA,NA,22396,13792,25232,22163,17220,14242,NA,27968,13661,14311
"STU003806",NA,NA,NA,NA,NA,NA,NA,NA,NA,20573,NA,NA,NA,NA,20417,NA,NA,NA,20040,NA,19930,NA,NA,18707,23474,18530,23551,27568
"STU003807",14347,6570,NA,7495,5927,NA,NA,NA,NA,NA,11310,16365,NA,19460,NA,NA,NA,13746,14549,8468,NA,NA,NA,13995,20736,NA,15990,NA
"STU003808",10209,10411,NA,9122,6135,13529,9838,9386,13769,6778,NA,NA,NA,15633,21115,7652,9141,9578,9059,10497,7687,10860,7828,20385,7599,11712,11849,NA
"STU003809",NA,NA,NA,5281,8812,NA,5367,4619,4135,5314,14462,7749,NA,NA,NA,NA,NA,NA,NA,6814,10109,11562,10689,11093,9053,12950,7074,8174
"STU003810",17021,NA,NA,NA,NA,NA,NA,NA,12138,16394,24617,10520,NA,12147,12358,13286,NA,NA,21298,NA,NA,NA,NA,18009,17171,18154,31506,36664
"STU003811",NA,NA,NA,NA,NA,NA,NA,NA,NA,NA,NA,NA,NA,NA,NA,NA,NA,NA,NA,NA,NA,NA,16161,11882,8039,15058,14295,9479
"STU003812",11205,21417,12473,13914,11260,NA,NA,NA,NA,NA,NA,NA,NA,NA,NA,NA,NA,NA,10408,15542,NA,21097,13097,NA,11138,13571,19656,17092
"STU003813",6441,NA,NA,NA,NA,NA,NA,NA,3177,5735,11443,NA,NA,NA,NA,NA,11308,9630,12741,8609,15765,NA,NA,13204,9095,8544,NA,17484
"STU003814",NA,NA,NA,NA,8555,8469,NA,NA,11029,7452,19180,NA,NA,NA,NA,13617,12707,16089,19693,19902,13847,NA,NA,11461,NA,NA,NA,14004
"STU003815",10273,10840,11409,8334,10444,8158,9753,6771,11041,22507,8077,NA,NA,NA,12887,11159,NA,9962,7800,8316,11328,12817,NA,NA,NA,NA,NA,NA
"STU003816",8310,NA,NA,4025,6509,3803,6202,NA,NA,NA,5362,7725,NA,NA,3343,4625,6328,NA,NA,6491,8415,NA,NA,NA,14692,14610,9291,NA
"STU003817",12138,7329,NA,NA,NA,NA,NA,14399,19730,12847,19114,17841,16169,NA,NA,NA,NA,21476,20321,19741,25050,22177,16172,NA,21314,16702,18616,23201
"STU003818",5468,4517,6346,5731,8070,7717,8602,8208,7360,8273,6167,NA,8672,6433,7643,8399,NA,4755,8734,NA,NA,8859,8335,6001,9520,7661,8655,NA
"STU003819",NA,NA,NA,10867,8587,4634,6406,NA,NA,NA,9340,8592,NA,NA,NA,5264,NA,NA,NA,NA,NA,19919,10191,16646,NA,NA,NA,11052
"STU003820",NA,NA,NA,NA,NA,NA,NA,NA,NA,NA,NA,NA,NA,NA,NA,13306,18198,NA,NA,NA,15654,NA,11222,13939,10535,NA,NA,NA
"STU003821",21300,8837,NA,11440,11852,12430,14250,NA,NA,10758,15901,19195,13831,15215,9201,11782,10180,12254,NA,NA,9844,16853,9008,14631,15156,17967,14317,24344
"STU003822",7947,NA,NA,NA,NA,NA,9648,6584,12481,6381,11255,NA,5790,11461,14719,8789,NA,NA,13899,14079,11803,10589,18004,16514,22805,15947,13801,17747
"STU003823",6994,7126,11733,8400,NA,16061,20874,15256,12371,9039,11296,NA,NA,NA,NA,11291,15305,NA,NA,NA,NA,NA,NA,NA,NA,11971,NA,NA
"STU003824",11776,NA,NA,NA,13894,11487,13148,NA,NA,NA,14369,7367,NA,NA,NA,NA,NA,18582,11536,12718,10709,14333,10421,11944,10559,19352,12194,NA
"STU003825",NA,NA,NA,NA,NA,NA,NA,NA,NA,NA,NA,7888,13554,8307,13043,NA,NA,NA,15303,17315,19784,NA,NA,NA,NA,NA,NA,NA
"STU003826",NA,NA,5907,NA,NA,NA,NA,NA,11124,7490,7690,9406,NA,NA,NA,NA,NA,NA,NA,8719,11307,21133,19012,17119,15549,14052,13434,18307
"STU003827",NA,NA,NA,NA,NA,NA,NA,NA,NA,NA,NA,NA,NA,NA,NA,NA,NA,NA,NA,NA,NA,NA,NA,NA,NA,NA,NA,NA
"STU003828",9213,5167,4214,6637,10120,5807,NA,NA,NA,NA,NA,NA,NA,NA,14207,11767,8640,11207,NA,NA,10800,16431,13398,NA,NA,20536,NA,22240
"STU003829",14497,9815,NA,NA,9543,5433,6991,9160,10372,12071,12987,11835,9281,NA,NA,NA,NA,NA,NA,8556,16291,13924,9006,9837,13420,18816,14218,12253
"STU003830",13325,6886,6906,NA,6355,7644,NA,NA,NA,NA,NA,NA,NA,NA,NA,NA,17510,37428,25585,NA,18431,27523,16039,23960,11643,20773,16614,21325
"STU003831",5715,8693,6023,3160,NA,NA,NA,NA,NA,NA,NA,NA,NA,5735,11596,NA,NA,NA,NA,NA,NA,NA,NA,NA,NA,15123,15223,NA
"STU003832",6456,NA,14826,5928,8319,9350,11521,8892,NA,NA,25109,NA,NA,8154,NA,6648,11848,10616,14455,13070,10961,18181,13103,13062,19696,23390,12787,NA
"STU003833",9580,NA,NA,8083,7527,6787,4566,NA,8202,10141,11843,4050,6435,NA,13595,9654,14143,15282,10277,13480,8271,NA,11449,13301,13417,10631,10438,13498
"STU003834",NA,11780,12716,NA,NA,NA,NA,NA,NA,NA,7191,12617,10844,NA,17887,NA,13761,11664,14121,14723,NA,NA,NA,13408,NA,12695,13152,11801
"STU003835",NA,NA,NA,NA,NA,NA,NA,NA,NA,NA,NA,NA,9691,16641,18392,15813,NA,NA,NA,16704,13913,15602,NA,16509,19025,NA,NA,NA
"STU003836",10535,5086,NA,NA,NA,4753,5215,4741,NA,NA,NA,NA,NA,NA,NA,NA,NA,NA,13436,14216,8044,NA,NA,NA,10745,13910,NA,16125
"STU003837",NA,NA,NA,NA,NA,NA,NA,8990,9907,16284,NA,NA,8963,17363,NA,14188,14610,NA,NA,NA,NA,NA,19016,15896,12424,17049,16327,NA
"STU003838",NA,11099,NA,NA,NA,NA,NA,14486,NA,8953,11395,NA,19580,NA,NA,24631,12356,18872,16367,16967,13069,22938,16546,25311,15455,15750,15579,NA
"STU003839",NA,NA,NA,NA,NA,NA,NA,NA,NA,NA,NA,NA,NA,NA,NA,NA,NA,NA,NA,NA,NA,NA,NA,NA,NA,NA,NA,NA
"STU003840",NA,NA,NA,NA,NA,NA,NA,NA,NA,10445,22994,14617,14961,NA,NA,NA,17424,NA,14528,14022,16195,NA,NA,NA,NA,21156,15674,17971
"STU003841",NA,NA,NA,NA,NA,NA,NA,NA,NA,NA,NA,NA,NA,NA,NA,NA,NA,NA,NA,NA,NA,NA,NA,NA,NA,NA,NA,NA
"STU003842",9269,10119,9256,4170,5070,9310,12404,4043,7172,12561,12439,7898,11783,11383,14651,11974,NA,11567,11061,NA,NA,NA,NA,10170,NA,16891,NA,10578
"STU003843",6552,6448,7708,5557,5273,5222,12025,5269,9808,3599,6083,4631,NA,NA,NA,10161,10647,8667,7650,NA,12773,NA,NA,NA,NA,NA,19721,6480
"STU003844",NA,NA,NA,NA,NA,NA,NA,NA,NA,NA,NA,NA,NA,NA,NA,NA,10918,15232,17861,14982,19052,19419,18488,21553,NA,16806,16095,16157
"STU003845",NA,7095,NA,NA,NA,NA,NA,NA,4198,4304,5593,5942,20666,8666,NA,NA,NA,NA,NA,10536,12106,7090,16382,9809,NA,NA,NA,NA
"STU003846",NA,NA,NA,NA,NA,NA,NA,NA,NA,NA,NA,NA,NA,NA,NA,NA,NA,NA,NA,NA,NA,NA,NA,NA,17557,NA,NA,NA
"STU003847",8978,9543,6851,7408,7081,15052,8810,NA,NA,NA,NA,11230,23359,13824,9454,14801,15872,16108,12553,16710,NA,NA,19805,13169,11175,14175,NA,11297
"STU003848",12405,5194,8451,NA,10427,NA,8659,6827,NA,NA,NA,NA,7009,8323,16558,15188,NA,18594,15817,12677,NA,13341,11729,13736,13066,10222,11300,NA
"STU003849",NA,NA,NA,NA,NA,NA,NA,NA,NA,NA,NA,NA,NA,NA,12878,12651,7877,NA,9768,NA,NA,10486,NA,NA,NA,NA,NA,15806
"STU003850",NA,NA,NA,NA,7927,NA,NA,11586,NA,NA,NA,NA,NA,NA,8632,19669,8509,7981,9279,8629,10647,9649,8183,11757,NA,9921,12583,10182
"STU003851",14008,NA,NA,10372,NA,NA,NA,NA,NA,12971,NA,13496,14492,NA,NA,NA,14983,8004,16853,12676,NA,NA,NA,NA,NA,NA,NA,NA
"STU003852",NA,6614,5866,NA,7266,11723,5142,7635,7548,NA,NA,3872,4227,11559,NA,NA,NA,NA,NA,9361,NA,10034,13968,23398,NA,NA,NA,NA
"STU003853",8514,6337,7357,14540,6594,NA,NA,NA,NA,NA,NA,NA,16691,18005,16535,19465,15886,NA,NA,NA,11811,22298,23827,17007,19229,NA,NA,20323
"STU003854",14896,14550,NA,NA,NA,NA,7833,5782,11074,14600,4764,5165,13714,16561,17013,NA,NA,NA,NA,13009,NA,18482,22452,13177,NA,14699,12471,NA
"STU003855",11704,NA,NA,NA,NA,NA,NA,NA,NA,NA,NA,6684,7576,10301,9132,11806,8869,NA,NA,NA,NA,13077,11263,14057,15051,7300,NA,NA
"STU003856",6129,6822,NA,NA,NA,NA,NA,NA,NA,NA,NA,NA,NA,NA,14439,NA,13739,14938,8926,8252,21725,NA,NA,NA,10871,15706,16372,15231
"STU003857",NA,NA,NA,NA,NA,NA,3636,6395,4190,7776,NA,NA,NA,NA,NA,NA,NA,NA,NA,4338,NA,NA,NA,NA,18004,NA,NA,5902
"STU003858",NA,NA,NA,NA,NA,15888,12551,15115,18179,21467,14252,12773,20856,NA,NA,27288,16005,7796,9693,NA,NA,NA,13319,8689,19798,17113,20325,20616
"STU003859",NA,NA,NA,NA,NA,NA,NA,NA,NA,NA,NA,NA,NA,NA,NA,NA,NA,NA,NA,NA,NA,NA,NA,NA,NA,NA,NA,NA
"STU003860",7366,10090,9775,8424,9179,8264,NA,NA,NA,8955,6065,8092,NA,14649,9567,12229,NA,NA,12044,11311,11896,NA,NA,NA,NA,NA,NA,NA
"STU003861",NA,NA,NA,NA,NA,NA,NA,NA,NA,NA,NA,NA,NA,NA,NA,NA,NA,NA,NA,NA,9437,9126,11922,14069,8216,8337,12939,12313
"STU003862",7400,NA,NA,NA,NA,18136,12382,19735,11684,NA,NA,NA,13939,14545,20356,15042,NA,NA,12471,19037,NA,15625,23362,19389,11618,16758,12109,14684
"STU003863",NA,NA,NA,NA,NA,NA,NA,NA,NA,NA,NA,NA,NA,NA,NA,NA,NA,NA,NA,NA,NA,NA,NA,NA,NA,NA,NA,NA
"STU003864",13205,NA,12953,12324,NA,NA,NA,10862,9665,8892,NA,16449,10013,12892,12321,11897,13227,14283,13790,14013,12524,11458,18955,NA,17873,14413,8921,11703
"STU003865",8997,8196,NA,NA,NA,NA,NA,NA,NA,NA,NA,13524,11698,9843,10170,NA,14157,13588,16020,13322,8665,NA,NA,NA,NA,NA,13453,14657
"STU003866",12352,9801,NA,NA,NA,NA,NA,10786,NA,NA,NA,NA,NA,NA,NA,NA,NA,NA,18966,13715,NA,NA,NA,NA,NA,NA,NA,14894
"STU003867",11153,4767,10899,5098,19253,10845,NA,12754,11011,9601,16106,NA,NA,12855,10447,27366,NA,11214,16588,NA,13098,11153,19345,12944,21393,20656,11005,NA
"STU003868",16671,11518,13855,16573,13599,13991,NA,NA,9487,15888,10485,NA,18833,12503,11252,14387,15126,NA,NA,NA,20640,NA,NA,NA,10052,12184,9058,10104
"STU003869",6570,6995,9284,3069,11882,NA,NA,9103,8284,NA,NA,NA,5716,11542,NA,NA,5718,8029,10364,NA,9691,8190,12600,NA,NA,NA,NA,13649
"STU003870",7313,NA,NA,13594,9677,5567,16479,NA,NA,NA,NA,NA,5358,7313,6703,NA,6437,NA,7659,7533,NA,NA,9763,11914,14166,16363,15904,22900
"STU003871",NA,NA,NA,NA,NA,NA,NA,NA,NA,14565,9140,15251,12181,NA,NA,NA,NA,NA,NA,NA,10317,15357,NA,NA,14272,NA,NA,NA
"STU003872",6455,2588,NA,9153,NA,NA,NA,3507,6291,7968,NA,NA,11384,NA,NA,NA,NA,3685,9294,5462,4615,NA,NA,NA,NA,NA,NA,NA
"STU003873",NA,NA,NA,NA,NA,NA,NA,NA,NA,NA,NA,NA,NA,NA,NA,NA,NA,NA,NA,NA,NA,6920,NA,9764,NA,13356,15089,NA
"STU003874",13035,8151,8531,6965,6785,5927,4769,11115,6391,3303,6988,9876,11643,9914,8402,13398,13073,17561,12898,NA,17271,NA,13789,19637,NA,NA,30097,18836
"STU003875",6505,2176,7388,6115,NA,10161,5922,8298,13438,4745,NA,NA,6149,6065,7005,NA,NA,NA,NA,NA,NA,NA,NA,NA,NA,NA,NA,12777
"STU003876",16222,9939,10404,5863,8033,NA,6716,5659,NA,NA,NA,NA,NA,NA,12380,7188,5835,13501,NA,NA,NA,NA,NA,NA,16689,9933,7783,22805
"STU003877",7106,10147,11735,NA,NA,NA,NA,NA,NA,22901,23656,17394,NA,NA,NA,NA,NA,NA,NA,NA,NA,NA,NA,NA,24053,NA,NA,NA
"STU003878",13791,NA,NA,NA,7839,7075,8046,8070,NA,NA,NA,7496,10486,7161,8184,6999,24208,18184,19907,13473,14968,12026,NA,10652,21556,14520,20925,21421
"STU003879",12418,8598,12632,7294,10580,9512,11735,9125,14532,19818,20304,17589,15418,21182,16256,11094,31688,19207,24965,30685,21666,18372,33236,20921,20822,NA,NA,NA
"STU003880",9595,9521,NA,6233,13683,NA,NA,NA,NA,NA,NA,NA,NA,NA,NA,NA,NA,NA,NA,19065,9971,NA,16022,17489,16945,21940,24992,30975
"STU003881",NA,NA,NA,NA,NA,NA,NA,NA,NA,NA,NA,NA,NA,NA,NA,NA,NA,NA,NA,NA,NA,NA,NA,NA,NA,NA,NA,NA
"STU003882",6188,13334,3266,5009,5664,9969,15045,NA,8789,8898,NA,NA,NA,NA,13154,8060,8274,NA,10041,11206,11037,NA,15432,NA,8644,16500,NA,NA
"STU003883",11964,5185,NA,NA,NA,6992,9304,7043,12332,8636,6041,8923,5776,10692,14407,13140,16186,6475,NA,NA,NA,NA,NA,NA,NA,8964,12170,7047
"STU003884",NA,NA,NA,5281,NA,8243,7969,NA,10302,9078,10941,NA,NA,NA,5718,4162,NA,8985,17157,10303,10947,17569,22790,20636,19131,15642,12391,20166
"STU003885",6419,NA,12118,10003,9511,9244,9886,9344,NA,NA,NA,NA,4648,NA,NA,9389,NA,NA,NA,NA,NA,NA,NA,NA,18265,15014,18178,13014
"STU003886",NA,NA,NA,NA,NA,NA,NA,NA,6856,11110,8346,5813,9340,4221,NA,NA,NA,6168,27680,20071,7164,NA,11288,14257,9688,23254,11499,12249
"STU003887",12957,NA,NA,NA,NA,8525,15166,NA,NA,5437,8649,6126,6769,5321,14419,13511,12916,NA,15773,18144,19574,9613,9685,11486,17747,13627,9907,10081
"STU003888",7452,10498,10290,6511,7733,16507,6877,12979,8674,NA,NA,NA,12532,NA,NA,20924,NA,9461,13037,14128,15692,NA,NA,NA,NA,NA,NA,NA
"STU003889",17122,10635,22892,14387,NA,NA,NA,NA,NA,10978,NA,NA,NA,NA,NA,NA,NA,NA,NA,9310,17153,13931,12414,25913,15978,14612,NA,NA
"STU003890",NA,NA,NA,NA,NA,NA,NA,NA,NA,NA,NA,NA,NA,NA,NA,NA,NA,NA,NA,NA,NA,NA,NA,NA,NA,NA,11779,17431
"STU003891",7499,10449,9138,7042,9446,9197,5465,6669,6220,7372,7979,9593,7207,10411,NA,6352,9666,11697,11379,8386,9724,NA,NA,NA,NA,NA,NA,10956
"STU003892",NA,NA,NA,NA,NA,NA,NA,NA,NA,NA,NA,NA,NA,NA,NA,NA,NA,NA,NA,NA,NA,NA,NA,NA,NA,NA,NA,NA
"STU003893",NA,NA,NA,NA,NA,5005,9167,NA,13184,12687,15175,16673,NA,NA,9104,15966,12170,NA,NA,NA,NA,NA,NA,NA,20938,23604,19455,15997
"STU003894",NA,NA,NA,NA,NA,NA,NA,NA,NA,NA,NA,NA,NA,NA,NA,NA,NA,NA,NA,NA,29321,12910,15896,15307,20355,33802,18091,30637
"STU003895",NA,NA,NA,7494,7803,6865,14195,5956,7229,8124,7127,5491,NA,NA,NA,NA,NA,NA,NA,18668,15237,10637,16154,12340,9435,19002,NA,NA
"STU003896",4674,9720,5793,NA,NA,8426,NA,NA,NA,7617,19091,7546,4580,10853,12765,8814,9893,14753,6432,11568,19637,NA,8321,18458,14041,15233,20843,NA
"STU003897",NA,7233,NA,9944,8387,5293,NA,NA,NA,NA,8407,NA,12042,NA,NA,NA,NA,NA,NA,NA,NA,16367,8320,21062,12656,NA,NA,NA
"STU003898",NA,NA,NA,13038,9457,12949,8048,NA,NA,NA,NA,NA,8819,11917,9592,14066,13054,15099,15257,7941,NA,NA,NA,15407,16683,12752,NA,NA
"STU003899",7121,10888,10098,NA,NA,NA,NA,NA,NA,NA,NA,NA,26412,18400,29493,20636,26305,NA,NA,NA,NA,33874,NA,NA,NA,21451,19655,21785
"STU003900",11453,9992,NA,NA,NA,NA,13120,14769,NA,NA,NA,17128,15741,11366,11891,22611,15739,NA,NA,NA,NA,13117,10738,9795,NA,NA,NA,NA
"STU003901",11114,10352,13702,11149,18453,17199,7486,17253,12635,8828,17934,12056,NA,14323,16011,12755,10358,18494,15441,NA,NA,NA,17730,NA,NA,NA,23663,23602
"STU003902",NA,NA,NA,NA,NA,NA,NA,NA,NA,NA,NA,NA,NA,NA,NA,NA,NA,NA,NA,NA,NA,NA,NA,NA,17898,7522,17464,12813
"STU003903",8692,10647,13469,13347,NA,16522,10190,NA,12082,10969,9452,20379,NA,7703,10299,NA,NA,NA,NA,NA,19536,29831,15884,39914,16369,19958,20953,21309
"STU003904",4062,8475,7497,7896,5004,5668,NA,NA,7131,7797,5846,7847,NA,NA,NA,7118,5212,NA,NA,NA,NA,7834,NA,NA,NA,6788,NA,NA
"STU003905",13288,12178,7346,11990,11835,NA,10126,12308,10929,11396,13257,16408,7974,NA,NA,10314,13554,9960,6867,10824,11035,14148,NA,NA,13672,NA,NA,NA
"STU003906",NA,NA,NA,NA,10517,15981,NA,NA,13341,7637,13928,10073,9857,11206,11665,11026,9986,13282,15223,10618,12113,NA,NA,17080,NA,12035,16645,10729
"STU003907",NA,NA,NA,NA,NA,NA,NA,NA,NA,NA,NA,NA,NA,NA,NA,NA,17437,NA,18278,6620,19615,NA,NA,NA,NA,22901,10520,19552
"STU003908",NA,10073,NA,14282,9650,NA,8417,NA,NA,NA,7695,10508,8183,8341,10101,14929,8675,7967,13360,9394,NA,NA,NA,NA,NA,NA,14342,NA
"STU003909",6442,NA,NA,5788,6323,6629,NA,9148,9622,NA,NA,15571,16966,14755,16826,17034,10781,27631,17651,14969,25742,17863,12223,13189,16306,22126,27717,11924
"STU003910",NA,NA,5722,9722,5133,9406,8232,NA,NA,14358,16587,NA,NA,NA,NA,NA,NA,NA,NA,NA,NA,NA,13952,16352,NA,NA,10766,7895
"STU003911",5863,8492,NA,NA,NA,NA,NA,4764,10034,6064,7627,10992,17061,NA,NA,NA,NA,NA,NA,NA,NA,NA,NA,NA,22597,23331,18184,20109
"STU003912",NA,NA,NA,NA,13952,7304,NA,9998,10075,6939,NA,11601,14354,13427,23733,20617,17743,15296,14579,NA,16198,17342,NA,19421,23763,NA,NA,NA
"STU003913",9130,9447,5605,NA,NA,NA,NA,NA,NA,NA,NA,13271,11319,6946,14525,14752,10897,10045,13484,12507,12333,14392,9517,17531,NA,NA,NA,NA
"STU003914",NA,NA,NA,NA,NA,NA,NA,NA,NA,NA,NA,NA,NA,NA,NA,NA,NA,NA,NA,NA,NA,NA,NA,NA,17779,NA,11885,20519
"STU003915",NA,NA,NA,7586,NA,NA,NA,15571,16486,10726,12966,17909,19001,NA,NA,10945,12525,NA,NA,13477,15025,9965,26251,9428,11201,16375,13786,23247
"STU003916",8079,9571,NA,3932,NA,NA,NA,NA,12623,NA,NA,NA,19777,10650,12759,NA,NA,NA,NA,NA,NA,9973,10818,NA,NA,NA,10862,15588
"STU003917",NA,NA,NA,5506,NA,8433,10594,NA,NA,NA,NA,NA,NA,NA,NA,NA,NA,11463,14439,14706,NA,16976,9802,11541,13818,NA,NA,NA
"STU003918",16813,NA,NA,6835,NA,14871,9343,12930,8182,17694,12687,NA,14842,NA,NA,NA,NA,NA,12628,15398,35397,39360,13008,29220,25382,28413,NA,NA
"STU003919",11780,NA,14387,6789,4715,10655,11467,12280,NA,NA,NA,NA,14715,10601,8984,NA,NA,NA,NA,NA,13616,NA,NA,NA,NA,14531,16177,19341
"STU003920",NA,NA,NA,NA,NA,NA,NA,NA,5876,5282,9390,4696,NA,NA,NA,NA,8429,6000,5907,NA,NA,NA,NA,NA,NA,NA,NA,NA
"STU003921",8173,6191,6068,4755,4880,NA,5032,9146,10698,10935,7556,NA,NA,NA,NA,8991,16083,9202,NA,8494,NA,NA,NA,NA,NA,8881,11535,9047
"STU003922",10438,14941,9243,6571,5582,12571,7127,NA,10396,NA,NA,NA,NA,10988,4459,13541,15779,NA,NA,NA,NA,13666,NA,NA,NA,NA,12103,21985
"STU003923",NA,NA,NA,NA,NA,12904,17656,24342,11881,NA,NA,NA,19119,NA,26852,12084,13923,20522,19657,8931,12758,12558,14582,14365,12300,15118,25454,13731
"STU003924",NA,NA,NA,NA,NA,NA,NA,NA,NA,NA,NA,NA,NA,NA,NA,NA,NA,NA,NA,NA,NA,NA,NA,12776,13783,NA,21250,NA
"STU003925",NA,NA,NA,NA,NA,NA,NA,NA,NA,NA,NA,NA,17338,19712,9601,11817,15526,19030,NA,11554,13554,16283,18495,22366,17550,14136,13998,16727
"STU003926",13436,7952,NA,NA,NA,12994,8583,11601,24931,22050,26924,18755,24064,16942,22839,16042,13566,NA,14337,13267,14579,12279,24667,21574,25485,16117,15329,13218
"STU003927",10870,10762,10323,6399,NA,NA,NA,NA,NA,NA,NA,NA,NA,NA,7544,11882,11847,15161,12290,8730,8604,10167,15273,15870,16421,8768,10027,10514
"STU003928",11742,8545,10798,12575,7175,9458,NA,12119,NA,NA,NA,NA,NA,NA,6311,NA,8151,10480,8636,NA,NA,NA,NA,NA,16335,13860,8960,10093
"STU003929",4868,7794,14219,11498,6797,NA,NA,NA,11105,16173,22737,11451,11480,NA,NA,14410,9251,9584,17328,13455,17769,NA,9727,12502,12290,12477,12929,NA
"STU003930",10015,NA,NA,NA,15588,11687,18269,15744,12926,32422,21607,24333,29872,NA,NA,26197,19591,24512,20218,29156,23997,37747,16809,22597,28121,23592,21510,22379
"STU003931",NA,NA,NA,NA,NA,NA,NA,NA,NA,NA,NA,NA,NA,NA,NA,NA,NA,NA,NA,NA,NA,NA,17392,4911,28088,NA,NA,NA
"STU003932",NA,NA,NA,NA,NA,NA,NA,NA,NA,NA,NA,NA,NA,NA,NA,NA,NA,NA,NA,NA,NA,NA,NA,NA,NA,NA,NA,NA
"STU003933",8093,8329,14212,18964,12897,17609,14148,13783,9651,12860,13142,13821,11286,13450,8505,20384,11525,NA,12313,NA,13461,NA,NA,NA,16045,10238,16038,NA
"STU003934",NA,NA,NA,NA,NA,NA,NA,11405,9161,NA,NA,12002,10528,13670,11559,9409,11800,21181,22294,16421,22668,13844,NA,NA,42156,18169,32052,NA
"STU003935",NA,NA,NA,9802,NA,8782,7778,13674,9756,12336,5635,13589,13408,7872,10652,NA,NA,NA,NA,NA,NA,NA,NA,NA,8933,6777,12314,10426
"STU003936",3952,NA,NA,5077,7062,3530,NA,NA,NA,NA,NA,NA,8393,8764,7679,7182,2728,NA,NA,4662,8233,5105,NA,NA,NA,7552,8629,24074
"STU003937",9046,10302,NA,NA,9745,4487,6682,NA,NA,6207,7299,8423,11437,8495,9803,11206,NA,NA,NA,NA,NA,NA,NA,8598,NA,NA,11078,7489
"STU003938",10577,NA,4958,6854,4723,7389,6386,3895,5456,5003,10109,10968,3462,6285,4234,3618,NA,NA,NA,9529,11762,15219,7912,NA,NA,NA,NA,8612
"STU003939",6237,7583,NA,8233,9063,5870,13393,4945,18989,13447,9494,NA,10363,NA,12022,17806,21299,NA,NA,14823,NA,NA,NA,NA,NA,NA,NA,12151
"STU003940",NA,NA,NA,18966,NA,13515,NA,NA,8328,NA,15264,NA,NA,9697,8580,11685,9918,13785,NA,15935,9030,14396,NA,NA,NA,NA,NA,NA
"STU003941",NA,NA,NA,NA,13490,14133,12055,17685,13380,9924,10196,11001,NA,7749,NA,NA,NA,9796,9373,NA,14902,19008,15538,16190,10861,12598,13280,NA
"STU003942",10346,NA,NA,10667,NA,NA,NA,NA,NA,NA,NA,NA,NA,NA,NA,NA,16562,NA,13852,17334,27509,24006,21143,NA,NA,NA,NA,NA
"STU003943",6305,9218,8333,7692,NA,NA,NA,NA,8337,9915,13818,8171,7619,10527,8809,13644,15474,NA,7736,11104,9286,10756,NA,NA,NA,NA,NA,NA
"STU003944",8841,8008,9125,11333,NA,4362,8323,7895,5104,7497,NA,9268,NA,NA,NA,7950,NA,NA,NA,NA,9782,18562,10591,12218,14722,NA,NA,NA
"STU003945",NA,NA,NA,NA,NA,NA,NA,NA,NA,NA,NA,NA,NA,NA,NA,NA,NA,NA,NA,NA,NA,NA,NA,NA,NA,NA,NA,NA
"STU003946",10241,10003,NA,NA,9858,9174,NA,NA,NA,NA,11268,8174,11982,NA,NA,NA,11643,13872,7423,NA,NA,7006,10201,NA,NA,NA,NA,NA
"STU003947",NA,NA,NA,5734,NA,NA,NA,NA,12089,10658,6184,NA,NA,6808,6702,10919,10192,8963,9919,11346,14952,13981,NA,NA,14537,NA,NA,NA
"STU003948",10013,9952,13683,13256,10949,9398,7691,13029,10013,12243,NA,NA,NA,NA,NA,NA,NA,20676,15546,13628,18451,19761,22560,NA,22768,12658,17328,9710
"STU003949",NA,NA,NA,NA,NA,NA,NA,NA,NA,NA,12842,14535,12026,NA,9904,16806,7006,13555,21362,NA,NA,NA,NA,NA,NA,NA,NA,NA
"STU003950",NA,NA,NA,NA,NA,NA,NA,NA,NA,NA,NA,NA,NA,NA,NA,NA,NA,NA,NA,NA,NA,NA,NA,7993,10724,11178,10255,NA
"STU003951",6604,7042,7424,11077,7720,NA,NA,NA,NA,NA,NA,NA,NA,6869,NA,NA,NA,NA,NA,16273,14740,15441,25147,23677,NA,13048,19911,NA
"STU003952",NA,2624,NA,NA,NA,7085,6001,5997,7157,NA,NA,NA,NA,NA,NA,NA,NA,NA,6202,5919,4202,6055,3138,5435,NA,16827,NA,NA
"STU003953",10449,NA,NA,NA,NA,NA,11191,6468,19010,20589,24259,13074,23513,40271,NA,NA,NA,NA,19551,18663,14888,21428,18355,24910,13662,23860,NA,NA
"STU003954",NA,NA,NA,NA,NA,NA,6238,9229,14372,13448,6679,NA,NA,NA,NA,NA,NA,NA,26924,23821,22836,12126,35133,25312,22849,34731,21385,20610
"STU003955",10178,9896,NA,NA,NA,11176,10689,10170,8901,NA,8174,10195,8736,15209,15627,16079,NA,NA,NA,NA,13126,13147,10633,8811,NA,NA,NA,NA
"STU003956",10793,NA,NA,NA,4519,NA,NA,7823,10268,NA,3303,NA,11038,NA,4923,6749,2473,4657,4226,6449,NA,NA,NA,NA,NA,15212,NA,NA
"STU003957",NA,NA,NA,NA,NA,NA,NA,NA,NA,NA,NA,NA,NA,NA,NA,15214,7937,21105,15783,8384,25297,8605,13938,12440,13910,16182,NA,NA
"STU003958",9835,16738,16336,8038,4779,6383,NA,8473,NA,NA,NA,NA,13368,16300,NA,NA,NA,8651,9487,10907,12727,NA,NA,17268,21546,10185,NA,NA
"STU003959",NA,NA,NA,NA,NA,NA,NA,NA,NA,NA,NA,NA,NA,NA,NA,17590,27090,17587,23929,16313,NA,NA,NA,NA,NA,NA,NA,11912
"STU003960",NA,NA,NA,NA,NA,NA,NA,NA,NA,NA,NA,NA,NA,NA,NA,NA,NA,NA,NA,NA,NA,NA,NA,NA,NA,NA,NA,NA
"STU003961",NA,NA,NA,NA,NA,NA,NA,NA,NA,NA,NA,NA,NA,NA,NA,NA,NA,NA,NA,NA,NA,NA,12233,10164,23315,16901,28787,20811
"STU003962",9919,NA,NA,NA,NA,NA,NA,NA,10198,8457,13079,6752,9865,11362,10408,NA,NA,NA,12510,8635,8510,8727,16731,7392,NA,12152,NA,9553
"STU003963",NA,NA,NA,NA,NA,NA,NA,11183,NA,NA,9826,14011,8221,NA,NA,NA,NA,18411,NA,NA,NA,NA,21860,30103,14074,24756,15836,36112
"STU003964",NA,NA,NA,NA,NA,NA,NA,NA,NA,NA,NA,NA,NA,NA,NA,NA,NA,NA,NA,NA,NA,NA,NA,NA,NA,NA,NA,NA
"STU003965",7833,10539,4727,19793,11116,17393,11903,12748,NA,NA,NA,NA,NA,10959,16887,10063,10653,NA,NA,NA,18697,9363,9781,14666,9626,21064,11549,NA
"STU003966",6907,8104,8362,NA,NA,16112,7213,NA,8331,7589,11144,7213,8964,10007,9426,11724,11665,16643,NA,NA,14377,19969,22797,14118,19257,13392,31905,14669
"STU003967",9872,4849,6358,7195,5274,NA,3106,6235,NA,6921,8533,10011,13071,7506,NA,8109,NA,NA,12313,11290,10680,NA,NA,12527,12377,9319,9255,10058
"STU003968",6486,6942,NA,NA,11789,7684,12591,6711,7468,13983,9615,4914,NA,NA,NA,NA,NA,23825,15138,7910,19944,15540,12093,7868,10878,9491,12726,21456
"STU003969",12249,8332,8327,NA,NA,10682,8959,NA,7370,6597,11150,10838,10389,6245,13732,9477,9583,NA,NA,9108,NA,NA,NA,NA,12651,NA,NA,NA
"STU003970",12989,14350,5299,NA,NA,7458,NA,20005,NA,12342,15083,10248,15082,12012,16267,15556,7272,11158,15174,NA,NA,12475,12926,12729,NA,NA,12962,7568
"STU003971",NA,NA,NA,NA,NA,NA,NA,NA,NA,NA,NA,NA,NA,NA,NA,12828,24162,16397,13424,14624,27289,NA,NA,NA,19514,14339,28029,13517
"STU003972",5164,5442,5317,6522,8938,NA,9781,18234,15475,NA,NA,NA,NA,NA,NA,NA,NA,NA,18500,16696,18309,NA,NA,NA,12842,15172,NA,12032
"STU003973",8112,3491,NA,4774,5795,10047,14030,6446,6806,8852,7154,9934,7941,6417,8099,9346,7042,6018,9889,7678,6283,9920,NA,10148,7608,5231,7347,11642
"STU003974",NA,NA,7804,NA,6925,3846,10839,NA,NA,NA,NA,9282,12690,12668,NA,NA,NA,10745,13528,NA,NA,14951,11971,NA,NA,11211,10435,14589
"STU003975",9143,6878,NA,NA,NA,NA,NA,NA,NA,NA,NA,NA,22050,NA,NA,NA,14195,26764,16275,13467,12829,17026,22283,19189,14776,15849,10006,19081
"STU003976",NA,NA,NA,NA,NA,NA,NA,NA,NA,NA,15987,NA,NA,16461,15207,8113,18382,11204,NA,NA,NA,14557,12067,NA,11875,12643,12621,10092
"STU003977",14267,3972,NA,NA,5217,8593,NA,NA,NA,7298,8893,NA,14169,8110,11841,10069,4592,25648,16960,8594,25863,NA,NA,25285,9639,24163,20745,30677
"STU003978",NA,16984,6194,NA,6777,NA,NA,NA,NA,11067,11686,9708,NA,NA,12964,6783,14625,15718,NA,NA,NA,24461,NA,NA,NA,NA,NA,22958
"STU003979",NA,NA,NA,NA,4300,6076,NA,NA,NA,8167,NA,NA,NA,NA,NA,9361,6717,9798,6902,NA,8572,9888,6888,7274,NA,NA,NA,NA
"STU003980",NA,NA,NA,NA,NA,NA,NA,NA,NA,NA,NA,NA,4468,8321,NA,NA,NA,12046,9443,16487,13537,NA,NA,NA,8646,8338,13864,15507
"STU003981",NA,NA,NA,NA,NA,NA,NA,NA,NA,NA,NA,NA,NA,NA,NA,NA,NA,NA,NA,NA,NA,NA,NA,NA,NA,NA,NA,NA
"STU003982",7860,8245,7078,5576,NA,NA,NA,NA,NA,7197,12004,NA,NA,9578,NA,NA,NA,NA,NA,NA,NA,NA,NA,NA,NA,NA,NA,15282
"STU003983",17507,8454,5572,5514,NA,NA,NA,NA,NA,NA,12775,NA,NA,8819,11549,10892,13986,8059,NA,NA,NA,17588,11682,13378,8479,11297,NA,NA
"STU003984",9476,5115,5494,10272,9620,NA,NA,NA,NA,NA,NA,20430,NA,NA,NA,NA,NA,NA,11480,14372,NA,NA,NA,14506,11602,10130,NA,NA
"STU003985",NA,NA,NA,NA,NA,NA,NA,NA,NA,NA,NA,NA,NA,NA,NA,NA,NA,NA,NA,NA,NA,NA,NA,NA,NA,NA,NA,NA
"STU003986",8048,9730,7905,8795,4209,3321,4481,NA,NA,6103,8936,11248,NA,NA,14504,10538,8427,10782,12512,14529,11584,11678,NA,NA,NA,NA,12365,11396
"STU003987",NA,NA,NA,NA,NA,NA,NA,6169,10115,6793,NA,NA,NA,NA,NA,NA,NA,15516,18016,18867,24569,NA,26632,NA,NA,NA,NA,NA
"STU003988",NA,NA,NA,NA,NA,NA,NA,NA,NA,NA,NA,NA,NA,NA,NA,NA,NA,NA,NA,NA,NA,NA,NA,NA,NA,NA,NA,NA
"STU003989",NA,NA,NA,NA,14447,8407,16069,14243,17511,12808,15531,9331,NA,NA,NA,13680,11075,9331,15591,15471,NA,NA,NA,NA,NA,19450,10128,19559
"STU003990",14613,9516,7576,5921,6055,9261,NA,NA,NA,NA,NA,6772,NA,NA,NA,NA,10963,14858,10388,11823,17075,18368,NA,13567,7994,14819,9560,18132
"STU003991",NA,NA,NA,NA,NA,NA,NA,NA,NA,NA,NA,13461,3347,10859,8393,14653,7435,16905,14378,13908,8314,11993,NA,NA,NA,16652,15857,NA
"STU003992",9057,14438,8662,10404,11047,9803,7927,14753,14673,13856,18929,10496,18142,18260,14905,15093,8554,13251,10781,12813,11330,20818,12157,21501,19413,16455,11354,NA
"STU003993",NA,NA,5382,13644,6850,NA,7896,6173,14433,10806,5563,10053,NA,13304,20540,7130,NA,NA,NA,NA,21957,20907,34803,13669,21204,18704,12595,16759
"STU003994",8504,8556,7745,5239,6526,8401,4962,6285,NA,NA,NA,NA,NA,7579,NA,11769,10755,15358,18913,NA,9656,13932,13250,15010,11128,NA,12249,13100
"STU003995",NA,NA,NA,NA,NA,NA,NA,NA,NA,NA,NA,NA,NA,NA,NA,NA,NA,NA,NA,15710,NA,4588,4280,6575,9184,10723,11277,9121
"STU003996",4834,7544,9470,4909,NA,8139,7182,NA,NA,NA,NA,NA,NA,6855,10566,NA,NA,NA,NA,NA,NA,10346,NA,10517,NA,NA,NA,NA
"STU003997",NA,NA,NA,NA,NA,NA,NA,NA,NA,NA,NA,NA,NA,NA,NA,NA,NA,NA,NA,NA,29098,15975,14849,NA,28873,19170,28089,NA
"STU003998",11225,7141,13571,NA,9978,NA,NA,10027,11791,9639,13161,7266,10708,7561,NA,14362,8954,9753,11689,11905,NA,7345,9518,NA,NA,9011,NA,11399
"STU003999",NA,NA,NA,NA,NA,NA,NA,NA,NA,NA,NA,NA,NA,NA,NA,NA,NA,NA,NA,NA,15504,6857,NA,7379,11430,23802,11155,17253
"STU004000",NA,NA,NA,NA,NA,NA,NA,NA,NA,NA,NA,NA,NA,NA,NA,NA,NA,NA,NA,NA,NA,NA,NA,NA,NA,NA,NA,NA
"STU004001",NA,7364,NA,NA,15915,NA,NA,10497,NA,NA,NA,NA,NA,NA,NA,NA,18929,12119,NA,NA,9189,13852,15064,10695,17130,NA,NA,21415
"STU004002",NA,NA,NA,NA,NA,NA,NA,NA,NA,NA,NA,NA,NA,NA,NA,NA,NA,NA,NA,NA,NA,NA,NA,NA,NA,NA,NA,NA
"STU004003",NA,NA,NA,NA,NA,NA,NA,NA,NA,18665,15913,13254,15400,9038,7355,NA,16996,13310,12586,NA,40314,NA,NA,NA,19895,40592,NA,NA
"STU004004",24319,NA,NA,NA,NA,11214,NA,NA,5991,9139,14918,16320,12480,NA,NA,NA,NA,13385,10579,17565,19816,15027,13048,12892,22886,12422,NA,NA
"STU004005",18276,15440,NA,NA,NA,NA,NA,NA,NA,NA,3955,11334,18966,16696,10470,13418,NA,NA,NA,NA,NA,NA,NA,15316,15426,23126,13807,21677
"STU004006",8615,5643,NA,6239,NA,NA,NA,NA,NA,NA,8171,7332,NA,NA,NA,NA,12816,21497,12678,NA,9439,22901,11501,17686,9974,13035,9817,25837
"STU004007",NA,NA,NA,NA,NA,NA,NA,NA,NA,NA,NA,NA,NA,NA,NA,NA,NA,NA,NA,NA,NA,NA,NA,NA,NA,14773,11922,NA
"STU004008",6667,NA,NA,NA,NA,NA,10953,12323,22687,9777,9114,21973,16238,21510,NA,NA,8589,NA,NA,17186,NA,NA,13587,11645,21305,NA,14497,10779
"STU004009",NA,NA,NA,NA,NA,NA,NA,NA,NA,NA,NA,25942,20158,NA,NA,NA,NA,NA,18020,16785,19664,NA,NA,NA,26671,22855,30390,23777
"STU004010",NA,NA,NA,NA,NA,6429,NA,NA,NA,NA,NA,6638,NA,NA,NA,9201,13343,9975,10672,8230,11682,NA,NA,9385,9124,NA,NA,11088
"STU004011",7162,7237,8563,NA,NA,10179,NA,NA,6419,8793,7175,8694,12104,10359,8854,13391,10133,11229,12304,8952,NA,NA,NA,NA,8711,10479,13208,11060
"STU004012",NA,NA,NA,NA,NA,NA,NA,NA,NA,NA,NA,NA,NA,NA,NA,NA,NA,7309,13321,10071,13250,9031,12380,NA,11071,NA,NA,NA
"STU004013",NA,NA,NA,NA,NA,NA,NA,NA,NA,NA,NA,NA,NA,NA,NA,NA,NA,NA,NA,NA,NA,NA,NA,9206,3869,14457,14081,9966
"STU004014",11973,9956,8452,12338,NA,NA,NA,8193,6830,10473,12203,NA,NA,NA,NA,10796,9403,12856,6941,11010,9064,14643,9475,9913,NA,NA,NA,8578
"STU004015",8570,5261,9093,10412,NA,NA,NA,NA,NA,NA,NA,NA,NA,12629,20424,16716,16618,19282,11893,NA,NA,NA,34788,13608,17929,24283,11787,16456
"STU004016",NA,NA,NA,NA,NA,NA,NA,NA,NA,NA,NA,NA,NA,NA,NA,NA,NA,NA,NA,NA,25737,20649,18117,NA,NA,18585,13263,NA
"STU004017",NA,NA,NA,NA,NA,NA,NA,NA,NA,NA,NA,NA,NA,NA,NA,NA,NA,NA,9668,8200,NA,NA,NA,NA,NA,NA,NA,13000
"STU004018",8420,8556,NA,NA,NA,NA,NA,NA,15747,11414,NA,16431,9453,5992,NA,NA,NA,NA,NA,NA,NA,NA,NA,10329,10547,27277,15709,7106
"STU004019",NA,NA,NA,NA,NA,NA,NA,NA,NA,NA,NA,NA,7520,13481,NA,17113,13807,22741,18724,16520,19784,22305,17054,NA,NA,NA,16851,16454
"STU004020",5365,10909,8023,4814,6597,5190,17873,9745,NA,NA,7805,5031,11297,13155,8674,10111,NA,NA,15942,8471,20380,17555,7133,20305,NA,NA,NA,NA
"STU004021",9475,NA,NA,NA,NA,9622,11069,NA,NA,6026,13692,8583,12793,13105,8634,NA,NA,9232,NA,NA,NA,NA,7774,12829,10775,NA,NA,NA
"STU004022",NA,NA,NA,NA,NA,NA,NA,NA,NA,NA,NA,NA,NA,NA,NA,NA,9901,16032,NA,NA,NA,NA,NA,15210,29072,20049,29887,19909
"STU004023",8078,NA,NA,NA,NA,NA,NA,NA,NA,14605,15612,NA,8384,NA,9928,NA,NA,10471,10151,9965,7444,7477,NA,NA,7130,NA,12239,8906
"STU004024",NA,11453,NA,7629,6956,5309,NA,NA,15403,22925,NA,NA,NA,NA,13110,10114,11373,10843,11788,NA,NA,NA,10720,NA,NA,NA,NA,16249
"STU004025",4626,5274,5980,NA,NA,NA,NA,NA,16117,NA,NA,9471,NA,NA,NA,NA,13615,13873,19493,17301,NA,NA,NA,NA,NA,6683,8132,NA
"STU004026",5921,NA,NA,NA,15194,7564,9082,11222,14637,NA,NA,12578,10824,9384,NA,NA,7796,15229,17892,12373,NA,NA,NA,NA,NA,NA,NA,16657
"STU004027",NA,NA,NA,NA,NA,NA,NA,NA,NA,NA,NA,NA,NA,NA,NA,NA,NA,NA,NA,NA,NA,NA,NA,NA,NA,26616,16861,13751
"STU004028",NA,11537,8181,10785,9318,11243,10432,14140,5385,7069,7000,11262,10354,12737,NA,NA,NA,NA,8347,9009,8523,7330,19069,11038,11166,10548,9263,19270
"STU004029",9576,7542,NA,NA,NA,NA,NA,7835,NA,NA,NA,NA,NA,NA,NA,NA,NA,NA,NA,NA,NA,8839,11298,13703,15791,11289,8905,21149
"STU004030",9695,6730,3093,3699,NA,9838,7378,12329,7894,3774,2528,5388,8134,22301,25803,12207,NA,NA,NA,NA,NA,NA,9483,8489,13884,12060,14320,16543
"STU004031",NA,NA,NA,NA,NA,NA,12019,NA,NA,NA,13032,10836,13166,12956,10670,NA,NA,NA,NA,NA,NA,19171,14209,10285,10107,10225,7932,NA
"STU004032",9752,4925,8193,9820,11195,NA,NA,NA,5747,NA,NA,10352,5838,18386,NA,NA,13431,NA,NA,NA,NA,12860,13733,NA,NA,NA,NA,NA
"STU004033",NA,NA,8162,8192,11590,9430,NA,10988,8768,NA,9470,8093,NA,8595,13389,12818,11165,10998,NA,NA,NA,NA,9696,NA,15194,NA,NA,14696
"STU004034",NA,NA,NA,NA,NA,NA,NA,NA,NA,NA,NA,NA,NA,NA,NA,NA,NA,NA,NA,NA,NA,NA,NA,NA,NA,17928,18659,14505
"STU004035",4284,6354,NA,NA,NA,4989,NA,NA,16421,17037,17786,NA,NA,NA,NA,NA,NA,NA,NA,NA,NA,15804,13541,17641,14329,10139,16684,18744
"STU004036",NA,NA,NA,NA,NA,NA,NA,NA,NA,NA,NA,NA,NA,NA,NA,NA,NA,NA,NA,NA,NA,NA,NA,NA,NA,NA,7707,9456
"STU004037",9654,7892,NA,NA,5686,13328,13379,11738,NA,NA,NA,NA,NA,8492,7896,5973,8098,7957,9334,9415,7391,NA,NA,NA,NA,NA,NA,7000
"STU004038",4229,6611,6218,NA,NA,7862,7044,4603,9317,8809,11873,5129,11277,7737,NA,NA,NA,9775,NA,NA,7113,9075,6664,NA,7422,5957,8288,7663
"STU004039",14080,NA,NA,NA,10600,14115,25339,13798,14849,12750,NA,13753,10585,16247,14788,15059,15496,9503,11718,13962,14017,NA,15374,10938,NA,18180,20774,16682
"STU004040",NA,NA,NA,NA,NA,NA,NA,NA,NA,NA,NA,NA,NA,NA,NA,NA,NA,NA,NA,NA,NA,NA,12513,23731,17168,15570,NA,9803
"STU004041",13815,8626,NA,NA,NA,13318,21868,NA,NA,20187,NA,NA,NA,NA,NA,13144,21916,11366,20446,27357,18978,NA,NA,20046,31786,15517,18655,21455
"STU004042",8618,8211,9398,15558,8742,9670,6974,NA,NA,8422,11839,11302,13180,11087,11848,8425,12321,8164,13229,13626,NA,NA,NA,NA,10086,12561,10571,NA
"STU004043",10558,NA,NA,NA,NA,NA,NA,NA,10112,10554,7424,NA,NA,14093,15433,19080,NA,12404,20721,15401,NA,NA,16131,10032,NA,NA,15463,19035
"STU004044",NA,8051,6056,6816,8883,10751,4263,NA,NA,NA,NA,12174,5497,7960,NA,10643,5235,7530,7030,5596,12480,NA,NA,NA,NA,NA,12742,8859
"STU004045",NA,NA,NA,NA,NA,NA,NA,NA,NA,NA,NA,NA,NA,NA,NA,NA,NA,NA,NA,NA,NA,NA,NA,NA,NA,NA,NA,NA
"STU004046",NA,NA,NA,NA,NA,NA,8733,8023,NA,NA,19987,12879,13761,11678,12416,NA,NA,NA,NA,12729,NA,NA,NA,NA,NA,NA,NA,NA
"STU004047",7434,NA,6090,5443,6034,5744,5875,4827,5867,4201,12250,8101,8649,8602,NA,NA,NA,NA,NA,NA,NA,NA,NA,8405,8176,10999,8099,6016
"STU004048",7562,NA,7098,8411,NA,3286,NA,NA,NA,3028,4413,4054,NA,NA,NA,NA,8833,7688,NA,5463,8243,14449,9235,9854,8414,11724,NA,NA
"STU004049",8917,14695,9481,8263,8775,6375,8165,11973,10274,NA,6762,8946,10977,16281,14585,8859,7426,14058,9452,NA,NA,NA,NA,NA,NA,9272,7829,7849
"STU004050",NA,NA,NA,NA,NA,NA,NA,NA,NA,NA,NA,NA,NA,NA,NA,NA,NA,NA,NA,NA,NA,NA,NA,NA,NA,NA,NA,NA
"STU004051",9160,6587,5204,7126,7712,5394,4411,NA,9370,8841,7344,7113,9245,7762,14371,14554,9893,10250,11655,9495,10928,NA,NA,13341,10197,11201,11889,9722
"STU004052",8304,NA,NA,NA,NA,NA,NA,NA,NA,NA,11298,8125,11347,12721,7677,NA,NA,10725,6834,15648,NA,NA,NA,NA,NA,NA,NA,NA
"STU004053",NA,NA,5363,3768,11419,9352,NA,NA,5986,8438,6133,3269,NA,NA,NA,NA,9514,NA,NA,NA,NA,6800,12222,NA,NA,NA,NA,NA
"STU004054",9079,9751,6355,11085,5883,9120,8226,7534,NA,NA,NA,NA,12962,6166,5826,7801,10210,NA,NA,NA,NA,NA,NA,NA,9250,8551,6426,8614
"STU004055",11155,7456,6626,11860,3862,5971,4772,NA,NA,11846,13584,NA,NA,NA,NA,NA,NA,NA,8321,NA,NA,10608,NA,NA,NA,18139,14729,NA
"STU004056",NA,NA,NA,NA,NA,NA,NA,NA,NA,NA,NA,NA,NA,NA,NA,NA,NA,NA,NA,NA,NA,NA,NA,14077,11822,15139,16993,NA
"STU004057",6773,9801,NA,NA,NA,10108,6726,9014,11605,20114,NA,14773,20626,15425,NA,NA,13978,NA,29826,NA,NA,17464,NA,NA,NA,NA,NA,NA
"STU004058",NA,12619,11837,NA,NA,NA,15132,14588,22383,15638,16967,8663,16783,NA,7562,13794,NA,NA,NA,9604,NA,NA,NA,NA,NA,17393,18441,23760
"STU004059",10384,10348,10158,10549,7284,7381,7331,13259,NA,NA,NA,5724,7702,NA,NA,9323,NA,NA,14376,14572,9500,14785,11276,18176,11385,19635,13541,12929
"STU004060",NA,NA,NA,NA,NA,9830,9911,10150,13133,9084,9863,10908,9797,NA,12312,NA,NA,17811,NA,NA,NA,NA,NA,15182,17839,NA,NA,9754
"STU004061",4473,5889,6969,5401,NA,6294,NA,NA,NA,NA,4732,7681,8538,2520,6373,NA,5743,7013,8948,11962,8816,16247,15821,13628,NA,8696,21652,6425
"STU004062",12479,16978,12109,NA,12070,8618,12157,9151,NA,10149,12141,7441,8560,14616,9411,7704,8554,14388,7305,14858,NA,NA,16117,11924,NA,NA,NA,NA
"STU004063",12032,8403,5695,3873,5068,NA,NA,6991,6678,9121,5712,NA,NA,NA,NA,9810,NA,NA,NA,NA,NA,NA,NA,NA,NA,13493,12501,NA
"STU004064",NA,NA,NA,NA,NA,NA,NA,NA,NA,NA,NA,8700,8912,NA,NA,16573,NA,NA,NA,NA,NA,17047,23536,15461,21992,31017,20966,17255
"STU004065",5950,NA,6152,NA,NA,NA,NA,NA,5732,3803,NA,NA,NA,5395,NA,NA,NA,13851,12360,NA,11889,NA,NA,NA,NA,NA,24692,9958
"STU004066",NA,NA,NA,NA,NA,NA,NA,NA,NA,NA,NA,NA,NA,NA,NA,NA,NA,NA,NA,NA,NA,NA,NA,NA,NA,NA,NA,NA
"STU004067",5891,13512,13871,14129,12313,14903,11122,11066,NA,NA,NA,NA,NA,NA,15618,NA,NA,NA,12004,12105,12593,12346,13545,18201,14589,NA,NA,NA
"STU004068",9833,19451,7510,10558,NA,7827,12019,NA,7348,9356,8587,NA,NA,9324,18427,7765,12416,25019,NA,NA,NA,NA,20115,NA,NA,12011,22996,35609
"STU004069",9089,6685,NA,NA,NA,NA,NA,NA,NA,NA,NA,7291,9679,9526,NA,8149,9718,6936,13037,10728,11574,8648,6969,NA,NA,NA,NA,NA
"STU004070",11297,11885,8163,NA,NA,NA,NA,NA,NA,NA,NA,NA,NA,NA,7332,NA,NA,7015,11844,7754,NA,NA,12005,17191,15374,11181,13477,10577
"STU004071",NA,NA,NA,NA,NA,NA,NA,NA,NA,NA,NA,14380,5345,3187,NA,10124,5474,NA,NA,NA,NA,NA,NA,NA,NA,23008,13328,6959
"STU004072",NA,NA,NA,NA,NA,NA,NA,NA,NA,NA,NA,NA,NA,NA,NA,NA,19211,19944,NA,16715,12609,17284,NA,NA,15567,35366,16237,11053
"STU004073",NA,NA,NA,NA,NA,NA,NA,NA,NA,NA,NA,NA,NA,NA,NA,NA,NA,NA,NA,NA,NA,NA,NA,NA,NA,NA,NA,NA
"STU004074",6616,9092,8650,8958,8529,8148,NA,NA,NA,8140,8958,NA,NA,7605,NA,NA,NA,NA,NA,NA,NA,NA,NA,19128,14778,11639,11985,21495
"STU004075",5062,NA,NA,NA,NA,NA,NA,NA,NA,16795,NA,NA,NA,7926,7691,8614,4880,8998,6675,NA,NA,6256,4214,12648,13943,12019,12169,13012
"STU004076",NA,NA,NA,NA,NA,NA,NA,NA,NA,NA,NA,NA,NA,NA,NA,NA,NA,NA,NA,NA,NA,NA,NA,NA,NA,NA,11333,8290
"STU004077",11043,11684,NA,NA,NA,20002,10617,11074,9155,10184,8373,11948,9025,8968,NA,6349,9758,NA,NA,NA,NA,NA,14137,16534,17933,12136,14793,12253
"STU004078",NA,NA,5901,4765,7659,NA,10581,9306,11820,15878,15109,10855,NA,NA,24578,11060,14252,NA,18764,15500,16757,14486,NA,NA,NA,9901,NA,20033
"STU004079",6099,11913,12482,8149,11748,6447,11519,NA,NA,12166,10636,13164,8937,16286,NA,8440,11068,8744,NA,10363,11437,11966,11210,6600,21077,NA,15236,8321
"STU004080",7582,6504,NA,NA,6349,8417,NA,NA,5873,9496,14935,NA,NA,NA,9393,NA,NA,11843,9373,12434,10273,NA,NA,14995,NA,NA,NA,NA
"STU004081",10988,NA,NA,NA,NA,NA,NA,9291,16854,11292,NA,8051,11988,11198,8647,9164,11268,12873,11348,12820,12169,10022,12754,10667,9001,NA,NA,NA
"STU004082",NA,NA,NA,NA,NA,NA,NA,NA,NA,NA,NA,NA,NA,NA,NA,NA,NA,NA,NA,NA,NA,NA,21107,15064,19663,38053,NA,26762
"STU004083",4282,5389,NA,NA,NA,3730,4339,5858,NA,NA,NA,NA,NA,NA,NA,NA,NA,NA,6712,6615,8415,8183,9805,5571,NA,7914,NA,NA
"STU004084",NA,NA,9174,8270,NA,4756,7318,6585,12032,NA,9257,NA,8691,14680,6983,6701,7091,NA,11656,10812,13559,NA,NA,NA,NA,NA,NA,NA
"STU004085",NA,NA,NA,NA,8639,10648,12516,11364,13451,10746,9732,15964,10089,12801,8053,14049,12007,21573,13758,11946,8497,15000,NA,NA,NA,NA,NA,17124
"STU004086",16179,NA,23465,23789,14246,NA,NA,12769,14870,NA,NA,19257,19771,NA,13771,19005,18825,NA,NA,NA,NA,NA,17295,22491,14825,18873,15062,NA
"STU004087",10327,8764,7184,7716,5877,6762,4953,6155,4602,5700,5914,10953,NA,NA,NA,11188,9217,10405,8000,NA,12162,NA,NA,NA,NA,9005,11157,NA
"STU004088",NA,NA,NA,NA,NA,NA,NA,NA,NA,NA,NA,NA,NA,NA,NA,NA,NA,NA,NA,NA,NA,NA,NA,NA,NA,NA,NA,NA
"STU004089",NA,NA,NA,NA,NA,NA,NA,NA,NA,NA,NA,NA,NA,NA,NA,NA,NA,NA,13070,9737,7881,8773,17233,15588,14107,14166,14710,14758
"STU004090",9278,6800,8719,6101,4479,6181,NA,NA,NA,17276,9908,NA,6342,12839,10587,7306,6118,11043,9224,10276,9016,7901,NA,13043,9516,7840,17337,NA
"STU004091",NA,NA,NA,NA,NA,NA,NA,NA,NA,NA,NA,NA,NA,NA,NA,10480,15445,11205,13965,21739,20763,24773,21968,11089,17593,14940,NA,NA
"STU004092",10441,5621,6856,7496,6681,NA,5703,6482,7879,3333,NA,4395,NA,NA,NA,NA,NA,8610,8114,12449,12197,10585,12268,14044,7044,NA,13039,16320
"STU004093",9113,NA,NA,NA,5732,5894,NA,NA,10987,11278,4811,NA,NA,8697,11283,13830,14603,NA,NA,NA,12956,13485,7790,11178,11571,18137,8359,NA
"STU004094",NA,NA,NA,NA,NA,NA,NA,NA,NA,NA,NA,NA,NA,NA,NA,NA,NA,NA,NA,NA,NA,NA,NA,NA,NA,NA,NA,NA
"STU004095",7459,7859,NA,7836,6948,NA,NA,NA,6199,6834,NA,NA,NA,NA,NA,NA,NA,17300,14287,10360,21614,15405,NA,NA,NA,NA,14042,NA
"STU004096",NA,NA,NA,NA,NA,NA,NA,NA,6959,10924,3770,15539,NA,5765,9565,7432,11703,8482,7775,11268,7587,16294,NA,NA,NA,NA,8816,12768
"STU004097",8411,7553,11117,12239,NA,NA,NA,17676,17368,15099,29340,17483,21714,22615,13849,14928,NA,NA,NA,NA,NA,NA,NA,NA,NA,NA,19017,NA
"STU004098",NA,NA,NA,NA,NA,3768,4099,4784,NA,NA,NA,10181,8101,6878,8881,7516,14554,8997,11852,6862,18075,7710,NA,14174,NA,NA,NA,15319
"STU004099",15620,NA,NA,13378,NA,NA,NA,15957,11333,6916,NA,12349,11877,12096,7822,14098,NA,NA,12418,12069,NA,NA,NA,NA,NA,NA,NA,NA
"STU004100",NA,NA,NA,NA,NA,NA,NA,NA,NA,NA,NA,NA,NA,NA,NA,NA,NA,NA,NA,NA,NA,NA,28470,22071,25678,NA,NA,NA
"STU004101",4425,13000,NA,9301,NA,NA,NA,NA,NA,13939,10293,10079,9316,NA,13577,17260,17907,11881,12545,17325,NA,17642,18459,13074,11112,12325,18928,17660
"STU004102",NA,NA,NA,NA,NA,NA,NA,NA,NA,NA,NA,NA,10137,NA,NA,NA,NA,NA,NA,13970,10363,7996,19248,23585,11290,NA,NA,NA
"STU004103",NA,NA,NA,NA,NA,NA,NA,NA,NA,NA,NA,NA,NA,NA,NA,NA,NA,NA,NA,NA,NA,NA,NA,NA,NA,NA,NA,19910
"STU004104",4857,NA,6447,5201,6121,NA,NA,NA,NA,NA,NA,NA,NA,NA,NA,NA,NA,NA,4345,11185,7602,7665,5180,9635,8359,NA,9571,NA
"STU004105",NA,NA,NA,NA,NA,NA,NA,NA,NA,NA,NA,NA,NA,NA,NA,NA,NA,NA,NA,NA,NA,NA,NA,NA,NA,NA,NA,NA
"STU004106",5881,10309,8483,6563,4195,11327,4504,9583,4897,6286,5712,4771,9214,10007,14816,9053,9076,NA,7468,9909,NA,9351,8163,18686,10500,11792,NA,NA
"STU004107",6408,NA,NA,NA,4884,8863,8989,15132,9010,NA,12765,16193,17098,10036,11880,13062,6661,17926,8883,15536,18568,10063,15730,8917,NA,NA,NA,NA
"STU004108",NA,6927,NA,NA,9103,8317,12325,NA,10023,11468,13435,NA,NA,9987,9860,8846,NA,NA,NA,NA,NA,NA,11247,NA,NA,6671,13204,14588
"STU004109",16186,15922,10610,10866,20488,NA,10628,14053,13728,10762,9334,NA,NA,17193,12788,11343,NA,11151,NA,13000,13921,16080,19799,NA,NA,20264,11520,NA
"STU004110",7067,NA,5123,7671,NA,NA,12066,9618,5447,8020,11233,11775,12778,11840,8911,14317,13924,16874,15531,13311,11224,NA,14910,9948,13318,NA,NA,NA
"STU004111",NA,11491,4004,16388,NA,NA,NA,NA,19637,11621,NA,7119,9920,9892,NA,7580,20277,24000,19318,15190,12573,15108,12910,18657,13213,9002,25264,24512
"STU004112",NA,NA,NA,NA,NA,NA,NA,NA,NA,NA,NA,NA,NA,NA,NA,19260,9244,7073,12614,15658,7456,14136,10920,11144,17686,16609,8342,10093
"STU004113",NA,NA,NA,NA,NA,NA,NA,NA,NA,NA,NA,NA,NA,NA,NA,NA,NA,NA,NA,NA,NA,NA,NA,NA,NA,NA,NA,20568
"STU004114",NA,NA,NA,NA,NA,NA,NA,NA,NA,NA,NA,NA,NA,NA,NA,NA,NA,NA,NA,NA,9304,33637,23928,NA,NA,NA,27329,20528
"STU004115",16021,9285,15614,14596,NA,NA,13971,9329,8614,12450,10590,15092,NA,NA,NA,NA,NA,15626,11834,NA,11956,14555,12657,8769,19396,NA,NA,10747
"STU004116",NA,NA,NA,13602,9194,6139,10457,NA,NA,NA,15697,NA,NA,NA,NA,NA,NA,15960,NA,NA,NA,19428,14393,NA,10080,13069,16037,9801
"STU004117",8876,NA,NA,NA,NA,16960,NA,NA,NA,11271,8486,12819,10908,12693,NA,NA,NA,14780,13148,12628,10516,19714,NA,NA,NA,10148,NA,NA
"STU004118",NA,NA,NA,NA,NA,NA,NA,NA,NA,NA,NA,NA,NA,NA,NA,NA,NA,NA,NA,NA,NA,7725,16380,10093,NA,NA,NA,NA
"STU004119",NA,NA,NA,NA,NA,NA,NA,NA,NA,NA,NA,NA,NA,NA,NA,NA,NA,NA,NA,NA,NA,NA,NA,NA,NA,NA,NA,NA
"STU004120",NA,15470,12045,13908,NA,NA,NA,NA,6093,8225,6897,11543,11509,6361,10029,NA,NA,16107,26602,NA,24371,12158,12114,NA,NA,19750,NA,NA
"STU004121",11668,10381,7242,10283,NA,NA,5241,8388,5706,NA,3881,NA,NA,NA,13111,10495,6786,NA,NA,NA,NA,NA,NA,NA,NA,NA,NA,20229
"STU004122",6392,NA,10947,10794,9403,6328,10048,6283,11005,9712,13829,11187,18257,NA,NA,NA,NA,17465,14655,13052,13314,17446,13542,NA,NA,NA,NA,NA
"STU004123",6490,NA,11502,7568,6202,9363,NA,NA,9379,9584,9828,NA,13788,8456,16244,21445,14146,15455,14296,16769,NA,34102,19557,22064,19271,21175,NA,NA
"STU004124",NA,13752,4741,4860,5319,4460,NA,NA,NA,8180,7002,13366,5481,13930,8984,NA,NA,14781,NA,NA,NA,21366,NA,NA,10794,9440,11283,10864
"STU004125",8436,8958,5223,NA,NA,NA,NA,NA,NA,4982,3935,4455,NA,NA,7576,8024,4183,8754,8917,3385,10189,15337,22397,11837,17028,NA,NA,11182
"STU004126",13565,8582,8809,9646,5952,4485,NA,NA,7238,7555,10468,5402,6697,7466,7523,6618,12697,13633,NA,NA,NA,NA,NA,NA,NA,NA,20293,15957
"STU004127",NA,NA,NA,NA,NA,NA,NA,NA,NA,NA,NA,NA,NA,NA,NA,NA,NA,NA,NA,NA,NA,NA,NA,NA,NA,NA,NA,NA
"STU004128",8888,NA,NA,NA,NA,NA,20193,12763,17506,13284,NA,NA,NA,NA,NA,11667,22086,19591,12975,13400,19819,15166,NA,18331,13072,24669,26200,18135
"STU004129",16724,7266,9029,NA,6145,NA,19825,13482,NA,NA,NA,NA,NA,NA,NA,15822,20700,9733,NA,13147,NA,NA,NA,NA,NA,16403,NA,NA
"STU004130",10945,7438,6840,8369,7177,4610,7269,NA,9594,NA,NA,8794,NA,NA,13981,7963,14246,9672,10798,NA,NA,10089,NA,NA,9262,12741,11047,16662
"STU004131",11407,9301,14968,13480,11524,10000,6757,9966,NA,8015,6015,9108,22062,9235,11915,8341,8477,11231,10610,NA,NA,11418,14818,20958,17264,13353,17601,9626
"STU004132",NA,NA,NA,NA,NA,NA,NA,NA,NA,NA,NA,NA,NA,NA,6664,7359,10498,NA,NA,NA,NA,NA,15800,NA,NA,15983,12278,16264
"STU004133",NA,NA,NA,NA,NA,NA,NA,NA,NA,NA,NA,NA,NA,NA,NA,NA,18596,18304,18379,22974,14523,24716,25006,NA,NA,15239,23570,NA
"STU004134",NA,NA,NA,NA,NA,NA,NA,NA,NA,NA,NA,NA,NA,NA,8559,NA,NA,15225,12029,12950,14534,22838,19395,13869,11740,13476,13770,11417
"STU004135",14427,NA,NA,NA,NA,NA,NA,16429,16461,15011,15824,21260,14010,18316,14803,21339,23694,21055,15921,13829,14211,23515,16276,14669,16916,15611,19133,NA
"STU004136",NA,NA,NA,NA,9515,4995,6774,8682,6838,6893,14927,NA,NA,12060,12894,13736,11487,9490,NA,NA,NA,11418,6191,11826,NA,NA,12619,NA
"STU004137",NA,NA,NA,8444,9337,8151,10991,11367,12718,14169,10068,9158,14652,NA,8467,NA,17912,23156,12410,10596,NA,NA,NA,19669,12704,16496,26216,12763
"STU004138",NA,NA,NA,NA,NA,NA,NA,NA,NA,NA,NA,NA,NA,NA,NA,NA,NA,NA,NA,NA,NA,NA,NA,8108,19328,NA,51388,29428
"STU004139",6905,9251,7971,4587,10196,9424,9756,NA,8566,7866,9432,10384,9591,13241,10919,8811,9100,11541,15501,NA,NA,NA,NA,NA,11528,8150,10779,12351
"STU004140",9862,11126,12581,7780,3028,6245,8173,8874,NA,NA,7404,NA,NA,NA,NA,4862,NA,NA,6299,11370,5653,10618,9806,9432,10971,NA,14017,NA
"STU004141",11185,NA,NA,NA,NA,NA,NA,NA,NA,NA,3615,12657,7680,NA,NA,NA,NA,17803,9396,8115,11379,16601,19861,10111,14911,10377,10696,NA
"STU004142",NA,NA,NA,NA,7004,6518,6217,NA,NA,NA,8329,4752,NA,7645,NA,NA,12571,18094,NA,NA,NA,21889,13402,17012,15954,12004,16702,24113
"STU004143",NA,NA,NA,NA,NA,10946,5640,6225,7484,NA,NA,NA,NA,NA,NA,20099,14308,10625,18744,18243,NA,NA,NA,16943,NA,15431,20103,19782
"STU004144",NA,NA,NA,NA,NA,NA,NA,NA,NA,NA,NA,NA,NA,NA,NA,NA,NA,NA,NA,NA,NA,NA,NA,NA,NA,19032,18029,NA
"STU004145",5576,11715,3619,6074,11149,NA,NA,6396,3273,12899,5302,6369,10579,NA,7845,5774,10897,NA,2854,NA,NA,7748,8787,NA,NA,NA,NA,5995
"STU004146",NA,NA,NA,NA,NA,NA,NA,NA,NA,NA,NA,NA,NA,NA,NA,NA,NA,NA,NA,NA,NA,NA,NA,16991,NA,28486,21349,NA
"STU004147",NA,NA,NA,NA,11494,9108,9626,NA,NA,NA,8440,6813,15653,9425,10590,NA,NA,NA,NA,NA,9307,14314,13052,11182,8660,7945,9366,7262
"STU004148",7253,NA,NA,NA,NA,NA,NA,7340,5026,8206,8279,8276,7199,6206,6427,4517,11530,7073,NA,NA,NA,NA,NA,16511,8339,7988,7329,9273
"STU004149",NA,5209,NA,7157,9092,6693,NA,NA,NA,3817,4140,8026,5978,2836,6946,8420,NA,NA,NA,NA,NA,NA,NA,10758,NA,NA,NA,NA
"STU004150",15397,5721,9669,5776,4984,NA,NA,NA,NA,NA,NA,NA,9843,6164,9102,11355,12285,15555,9877,12396,12567,14216,NA,NA,10091,NA,NA,NA
"STU004151",7237,11921,11635,13974,8981,12648,11558,13418,6426,10580,NA,NA,12057,10686,8653,14175,NA,NA,NA,NA,NA,NA,NA,NA,NA,NA,NA,NA
"STU004152",7018,NA,NA,NA,NA,NA,12089,16867,13931,9847,11167,9634,9843,17042,11867,8158,7977,NA,NA,NA,12267,15472,12117,12940,NA,18963,15167,13583
"STU004153",NA,NA,NA,NA,NA,NA,NA,NA,NA,5481,5291,5441,6684,7519,10241,NA,NA,5368,10132,6237,10552,8310,8769,NA,9689,12295,6493,9874
"STU004154",10109,9591,7954,12129,12779,15109,14972,17337,18211,NA,NA,NA,13873,15615,15217,12096,20422,12386,18527,21614,11348,20828,NA,15232,18651,33417,NA,13984
"STU004155",NA,NA,NA,4797,11519,NA,NA,NA,NA,NA,NA,NA,NA,NA,NA,4937,6692,28235,10068,19692,9546,18616,12641,11667,14883,10151,NA,NA
"STU004156",NA,NA,NA,NA,NA,NA,NA,NA,NA,NA,NA,NA,NA,NA,NA,NA,NA,NA,NA,7027,13112,7841,13136,13757,9194,9147,NA,NA
"STU004157",12579,8473,6527,NA,7578,NA,8367,10733,9869,NA,NA,5377,5348,NA,NA,7008,12953,NA,11804,14217,16319,8567,13307,14268,15343,NA,15554,9631
"STU004158",NA,NA,NA,14304,14274,NA,NA,NA,NA,NA,9379,10715,11787,NA,11617,NA,NA,NA,15235,12605,10472,NA,NA,15747,NA,NA,NA,NA
"STU004159",5162,9797,NA,NA,NA,5827,5599,NA,NA,10178,11020,8642,NA,NA,NA,NA,7298,8448,NA,NA,NA,NA,8887,14740,8224,10577,7535,NA
"STU004160",9133,9622,19315,9831,12912,15087,NA,NA,NA,NA,12237,NA,NA,NA,NA,NA,28896,19231,20352,18722,31634,35590,35346,NA,19107,17175,23983,20410
"STU004161",NA,NA,NA,NA,NA,NA,NA,NA,NA,NA,NA,NA,NA,NA,NA,NA,NA,NA,4866,5103,8488,NA,NA,13376,NA,10656,NA,NA
"STU004162",10695,12537,5322,8963,NA,NA,NA,9567,10571,7123,15715,NA,NA,NA,NA,21880,15423,18794,12591,NA,NA,NA,25422,32113,NA,NA,NA,15861
"STU004163",12013,6849,NA,NA,16196,NA,NA,NA,9852,14943,13943,13578,10759,12600,10087,NA,NA,15261,9696,16661,NA,NA,NA,NA,NA,NA,NA,NA
"STU004164",NA,NA,NA,NA,NA,NA,NA,30167,NA,NA,21647,17530,17640,17903,NA,28305,30495,29372,61151,30754,NA,NA,NA,NA,20371,NA,NA,NA
"STU004165",NA,NA,8287,7486,5284,12664,12281,NA,NA,9987,18373,11667,11779,10204,14060,NA,NA,9992,NA,NA,9580,11431,NA,NA,NA,NA,12343,15746
"STU004166",7956,NA,NA,NA,4812,5848,17503,12773,9122,10457,NA,20286,11042,10362,10054,15297,11281,14279,10570,8532,13367,12359,7550,9076,NA,NA,NA,NA
"STU004167",7719,NA,NA,11378,8642,12424,9911,5891,19226,8076,15729,15568,NA,10211,10942,9778,11097,NA,16418,12178,8661,10736,10470,12465,NA,NA,NA,13057
"STU004168",10256,13262,NA,14140,8865,NA,10511,13348,28047,NA,NA,NA,NA,19107,13264,30602,NA,23081,24428,NA,NA,NA,NA,NA,NA,NA,NA,NA
"STU004169",12340,NA,NA,NA,NA,6621,11624,NA,8791,NA,NA,8169,16279,15309,16326,12704,19934,20434,12123,14024,NA,NA,9947,20404,NA,NA,NA,NA
"STU004170",NA,NA,NA,NA,NA,NA,NA,NA,NA,NA,NA,NA,NA,NA,NA,NA,NA,NA,NA,NA,NA,NA,NA,9959,15560,NA,NA,17952
"STU004171",11249,8406,5518,NA,16663,5108,7273,NA,NA,8764,8366,11369,NA,15094,9052,NA,NA,NA,NA,NA,NA,NA,NA,NA,12871,12278,NA,NA
"STU004172",8998,NA,NA,NA,NA,3151,4615,3268,NA,NA,NA,8819,10881,6834,NA,NA,8615,NA,NA,NA,NA,NA,NA,NA,NA,9557,NA,8075
"STU004173",7819,NA,5023,NA,NA,NA,NA,NA,NA,NA,NA,NA,8905,NA,NA,NA,NA,NA,NA,NA,13332,10812,13829,NA,10451,9591,13637,8882
"STU004174",17605,11499,10569,10266,NA,NA,NA,11431,20688,8207,6654,NA,NA,NA,NA,22487,12107,20454,NA,NA,NA,NA,20251,18909,NA,9788,18142,19151
"STU004175",4695,6365,NA,NA,NA,NA,18166,6754,6238,NA,NA,NA,17731,19669,12969,NA,24442,15638,20258,14495,15701,13737,NA,NA,18679,NA,NA,25520
"STU004176",12008,19787,15024,13718,8801,11334,NA,13566,8633,12102,NA,10002,14967,8774,14528,13630,NA,NA,NA,NA,NA,NA,NA,13815,11116,12503,22044,8557
"STU004177",NA,NA,13848,13607,10595,7395,6491,22243,NA,14503,14899,NA,NA,NA,12569,14399,NA,NA,NA,NA,15394,15748,15784,12098,13840,18729,NA,NA
"STU004178",6798,8368,8576,7076,4477,6480,11208,9535,NA,NA,NA,NA,15282,5704,6369,8493,NA,NA,NA,NA,NA,NA,NA,13281,NA,NA,NA,12493
"STU004179",NA,NA,NA,NA,NA,NA,NA,NA,NA,NA,NA,NA,NA,NA,NA,NA,NA,NA,NA,NA,NA,NA,NA,NA,NA,NA,NA,NA
"STU004180",NA,NA,NA,NA,NA,NA,NA,NA,11770,7220,12773,NA,NA,NA,12855,8966,10798,NA,11093,11853,13469,15875,15521,9554,15851,9671,12443,11107
"STU004181",NA,NA,NA,NA,7849,NA,NA,11474,NA,NA,NA,5358,NA,NA,NA,8738,21290,17094,11218,10252,NA,NA,NA,16459,12323,23217,31551,NA
"STU004182",10724,5541,6339,6457,6092,8342,NA,10491,6473,7840,10916,6314,6261,4502,6873,NA,12959,10373,8807,6293,17773,NA,13371,13598,17931,NA,13264,NA
"STU004183",12715,6615,13135,6527,9498,4776,9524,7303,7626,13798,9233,7431,12013,NA,NA,NA,12774,10617,NA,NA,NA,NA,12025,NA,10773,10411,10515,20574
"STU004184",NA,8158,12747,9088,NA,NA,NA,NA,NA,NA,NA,9060,15889,10539,15257,NA,NA,NA,NA,10778,NA,18136,12905,10199,10509,11750,14727,NA
"STU004185",NA,NA,NA,NA,NA,NA,NA,NA,NA,NA,NA,NA,NA,NA,NA,NA,NA,16334,13414,NA,14709,25187,30342,17236,29403,17341,15319,23625
"STU004186",2948,2046,5240,4089,3585,6524,6330,NA,NA,12991,9850,23099,NA,NA,NA,9305,6464,8140,9715,13625,17637,12206,NA,13052,8247,NA,NA,NA
"STU004187",NA,NA,NA,NA,NA,NA,NA,NA,NA,NA,NA,NA,NA,NA,9635,NA,NA,NA,12105,11969,16049,7299,NA,17693,26967,18965,NA,NA
"STU004188",9137,6476,4243,NA,NA,10147,10632,10271,NA,NA,NA,6324,19311,5794,5590,7789,NA,NA,NA,NA,NA,NA,NA,NA,8445,9820,13369,NA
"STU004189",NA,NA,10890,5825,4686,NA,NA,9148,5293,7708,4105,NA,NA,NA,10278,10832,NA,NA,NA,NA,5785,NA,16139,NA,NA,12480,12085,11174
"STU004190",6318,12039,NA,NA,10561,14222,10280,11220,9508,NA,NA,7292,8717,9746,NA,23360,13670,15552,16532,NA,19547,20347,20592,30481,13942,NA,NA,NA
"STU004191",11147,NA,NA,NA,NA,NA,17083,13203,6768,NA,NA,NA,9169,14997,10560,16317,12313,10258,24523,10586,10951,15579,11746,17263,18416,12877,11695,14432
"STU004192",NA,NA,NA,NA,NA,8913,14516,NA,NA,NA,NA,13617,14828,17130,NA,NA,10288,20635,NA,17498,15017,14906,19060,NA,NA,NA,NA,NA
"STU004193",NA,NA,NA,NA,NA,NA,NA,NA,NA,NA,NA,NA,NA,NA,NA,NA,NA,NA,NA,NA,NA,NA,NA,NA,31958,NA,NA,26916
"STU004194",7494,NA,7565,NA,NA,11797,9545,9992,15488,NA,NA,NA,NA,NA,NA,10788,11362,11248,20286,9703,9923,NA,NA,NA,NA,NA,12729,16459
"STU004195",11451,11647,8880,NA,NA,5952,9936,NA,NA,NA,NA,11073,6595,NA,NA,NA,NA,NA,16910,13197,NA,NA,13571,10384,15803,12471,8598,9590
"STU004196",15707,7451,9732,5935,8512,10659,10833,10046,10090,12257,14972,7652,7991,NA,9399,8322,8819,8004,7352,11956,NA,NA,NA,NA,12119,13440,10037,8228
"STU004197",6709,10029,9861,10058,10576,17915,9869,7727,10744,12407,10222,8072,12184,NA,16564,20700,15680,18286,NA,NA,NA,NA,19519,18085,24013,31378,27298,15693
"STU004198",NA,NA,NA,NA,NA,NA,NA,NA,NA,NA,NA,NA,NA,NA,NA,NA,NA,NA,NA,NA,NA,NA,NA,NA,NA,NA,NA,NA
"STU004199",NA,NA,NA,NA,NA,NA,NA,NA,NA,NA,NA,6916,20941,NA,6119,16604,16345,23098,NA,14853,13768,NA,NA,20128,NA,NA,14648,NA
"STU004200",8021,11181,10685,11108,7096,NA,5859,4864,NA,10819,13245,6350,6309,6416,11205,NA,NA,NA,NA,NA,NA,8156,11253,NA,NA,NA,15832,15141
"STU004201",NA,8197,11611,16489,13196,NA,7867,9786,7169,NA,NA,10495,10949,14605,NA,NA,9647,9617,10026,10854,10366,8295,8345,NA,NA,NA,NA,9364
"STU004202",NA,NA,NA,NA,NA,NA,NA,NA,NA,NA,NA,NA,NA,NA,NA,NA,NA,NA,NA,NA,NA,NA,NA,NA,10761,NA,21121,9166
"STU004203",NA,NA,NA,NA,NA,NA,NA,NA,NA,NA,NA,NA,NA,NA,NA,NA,NA,NA,NA,NA,NA,NA,NA,NA,NA,NA,NA,NA
"STU004204",NA,NA,NA,4130,4175,8619,7364,6090,7107,6046,6447,7359,NA,NA,9389,NA,NA,NA,NA,NA,NA,16116,11268,NA,NA,NA,NA,NA
"STU004205",NA,NA,NA,4787,NA,NA,NA,NA,NA,NA,9893,10423,NA,NA,21356,15913,9141,12837,NA,14419,13272,NA,NA,16949,12147,NA,NA,NA
"STU004206",NA,NA,NA,NA,NA,NA,NA,NA,NA,NA,NA,NA,NA,NA,NA,NA,NA,NA,NA,12433,16252,12896,9712,12153,14984,18560,23667,13247
"STU004207",NA,NA,NA,NA,7772,7761,NA,NA,7043,6284,11611,NA,9491,14898,9166,6471,11085,5870,NA,11931,NA,20897,NA,NA,NA,16950,19371,17719
"STU004208",8371,4679,10563,13424,NA,NA,NA,NA,NA,NA,7241,8523,11955,6052,9353,9120,14179,NA,NA,NA,9734,15251,14193,NA,NA,21942,17429,13373
"STU004209",NA,NA,NA,NA,NA,NA,8220,6085,8159,13027,21504,9266,12092,15082,9449,NA,NA,NA,12822,16281,21044,22494,NA,NA,NA,13808,NA,NA
"STU004210",NA,NA,NA,NA,NA,NA,NA,NA,NA,NA,NA,NA,NA,NA,NA,NA,NA,NA,NA,NA,NA,NA,NA,NA,NA,NA,NA,NA
"STU004211",8435,11617,NA,NA,NA,NA,NA,17299,NA,13522,21537,NA,NA,NA,16824,18357,NA,NA,NA,NA,NA,20612,NA,6886,NA,NA,18178,NA
"STU004212",10199,8698,7571,6812,10700,NA,NA,NA,16404,15681,17609,NA,NA,NA,12827,NA,NA,NA,NA,15637,13665,25011,8686,21854,19983,11629,NA,NA
"STU004213",NA,NA,NA,9984,6601,NA,11316,5863,6897,NA,NA,NA,NA,NA,NA,NA,7049,6318,14499,NA,NA,NA,NA,NA,11925,15937,16398,13998
"STU004214",NA,NA,NA,NA,9505,7672,7126,7182,10831,10499,9599,7904,16883,13237,9099,7591,11006,NA,NA,NA,NA,NA,NA,11220,8662,14927,13931,8757
"STU004215",6558,13349,11754,NA,NA,18092,10767,16367,NA,9528,14030,10426,14676,7646,10895,13432,NA,NA,13117,16544,NA,10128,8749,17376,12755,10572,14008,9297
"STU004216",5263,NA,7004,3206,11128,6114,NA,NA,NA,NA,NA,NA,NA,NA,NA,NA,NA,NA,17332,19592,11770,NA,NA,NA,NA,NA,NA,NA
"STU004217",NA,NA,NA,NA,NA,NA,NA,NA,NA,NA,NA,NA,NA,NA,NA,NA,NA,NA,NA,NA,NA,NA,NA,NA,NA,NA,NA,NA
"STU004218",10496,NA,NA,7491,16251,8763,7654,6268,12309,6300,NA,NA,NA,5802,9974,6454,NA,NA,NA,NA,16561,9600,NA,NA,NA,NA,8982,8675
"STU004219",NA,NA,NA,NA,NA,NA,NA,NA,NA,NA,NA,NA,NA,NA,NA,NA,NA,24723,20331,23597,20688,19121,15548,NA,27810,21329,19876,NA
"STU004220",7857,6096,5168,14902,NA,12191,8967,12915,8869,11172,12186,18623,10981,14577,12262,22440,NA,NA,10501,7516,14229,12784,22565,22803,21726,16670,NA,8767
"STU004221",9240,8875,5165,5955,12138,6592,11768,7340,4979,5516,NA,NA,NA,NA,NA,NA,NA,NA,13407,NA,14557,10904,11587,12634,16192,NA,10861,11680
"STU004222",11274,6365,9862,6238,4398,5260,6530,NA,NA,6400,NA,12250,11896,13957,8871,9016,NA,NA,NA,NA,NA,NA,NA,NA,8325,8345,12959,14131
"STU004223",NA,NA,4680,6256,9409,7839,13951,NA,NA,NA,NA,NA,NA,NA,NA,15696,11292,12974,7863,15432,NA,NA,11848,7796,NA,NA,NA,NA
"STU004224",14635,NA,NA,19392,8569,12028,9797,11641,7878,16888,4085,4691,9366,11564,15714,NA,11422,9318,12667,17416,NA,NA,NA,NA,NA,NA,NA,NA
"STU004225",5613,10531,7368,5211,4455,7108,4338,9537,NA,NA,10828,9936,13491,11422,11721,10887,12762,6569,13943,13760,11710,9224,8221,12973,13214,NA,NA,NA
"STU004226",7582,14116,11717,8327,17100,9511,NA,9081,11521,9171,10314,14944,9017,NA,NA,NA,NA,NA,NA,NA,NA,NA,NA,NA,28441,NA,21650,NA
"STU004227",NA,9905,10796,11009,9410,NA,NA,9050,10937,8625,9221,8197,8556,5932,10578,9594,9139,6387,7359,9502,8664,10482,14050,10154,6805,7559,8445,13178
"STU004228",9229,8696,10041,14285,NA,9370,10959,7178,7804,10912,16194,20163,16637,23989,19378,15280,13478,22956,NA,NA,NA,20674,28541,NA,NA,14936,24327,16392
"STU004229",12387,10318,NA,NA,8821,8678,9748,6297,NA,NA,NA,NA,NA,8126,11669,NA,7588,11932,17130,20133,NA,17287,24053,NA,33150,13646,15278,15310
"STU004230",NA,NA,NA,16189,10385,12525,12468,NA,NA,NA,10163,12074,12277,13047,11636,7209,NA,28729,NA,NA,NA,8565,15540,21224,10544,13222,12177,11045
"STU004231",8123,9179,6500,8524,17848,NA,NA,NA,NA,NA,NA,NA,NA,14185,12980,25599,15000,14495,20541,NA,NA,NA,18281,9685,21473,NA,NA,NA
"STU004232",NA,NA,NA,NA,NA,NA,NA,NA,NA,NA,NA,NA,NA,NA,NA,NA,NA,NA,NA,NA,NA,5484,5217,17588,6806,NA,NA,NA
"STU004233",NA,NA,NA,NA,NA,NA,NA,NA,NA,NA,NA,NA,NA,NA,NA,NA,NA,NA,NA,NA,NA,NA,NA,NA,NA,NA,NA,NA
"STU004234",13503,10358,8829,10599,NA,NA,7366,14351,5233,6592,7449,7598,10803,7403,8104,11187,NA,NA,NA,15359,7250,8659,NA,NA,NA,NA,NA,NA
"STU004235",6695,4397,8578,8266,NA,14837,12924,9032,13904,13062,9968,NA,NA,11186,10967,8724,12076,NA,NA,NA,NA,NA,11349,16539,12481,NA,9280,12221
"STU004236",NA,NA,NA,NA,NA,NA,NA,NA,NA,NA,NA,NA,NA,NA,NA,NA,NA,NA,NA,NA,NA,NA,NA,NA,NA,NA,NA,NA
"STU004237",NA,NA,NA,NA,4751,NA,NA,10659,7990,NA,NA,NA,NA,NA,11567,16666,13780,9883,NA,NA,NA,NA,NA,NA,11411,NA,NA,NA
"STU004238",11965,NA,NA,NA,NA,NA,4534,9242,10581,9518,NA,6119,NA,NA,NA,NA,NA,NA,NA,10891,12818,8860,14040,11230,9915,NA,14378,13445
"STU004239",NA,NA,NA,NA,NA,NA,NA,NA,NA,NA,NA,NA,NA,NA,NA,NA,NA,NA,NA,NA,NA,23449,18617,8411,11169,15440,NA,NA
"STU004240",NA,NA,11872,12288,NA,12316,15215,11270,6177,14181,NA,NA,NA,6992,11892,9489,10762,16219,NA,15178,14639,15904,15564,16713,NA,NA,NA,NA
"STU004241",NA,NA,NA,NA,6023,NA,NA,4825,8407,9385,10034,9399,NA,10551,NA,5246,12891,NA,NA,NA,18225,10445,18415,23214,16192,9163,23540,NA
"STU004242",NA,NA,NA,NA,NA,NA,NA,NA,12453,12169,11246,10254,NA,NA,NA,NA,NA,8959,NA,15429,NA,NA,NA,NA,NA,NA,17457,NA
"STU004243",10503,8893,11212,11216,7291,6730,10840,12121,NA,11938,13246,14859,NA,NA,5145,10351,NA,NA,12411,NA,NA,NA,NA,NA,NA,NA,NA,NA
"STU004244",NA,NA,NA,NA,NA,NA,NA,NA,NA,NA,NA,NA,NA,NA,NA,NA,NA,NA,NA,NA,NA,NA,NA,NA,NA,NA,NA,NA
"STU004245",NA,NA,NA,NA,NA,NA,NA,NA,NA,NA,NA,NA,NA,15405,NA,NA,NA,13446,NA,NA,NA,8531,21197,14937,15765,13186,5609,NA
"STU004246",NA,NA,NA,NA,NA,NA,NA,NA,NA,NA,NA,NA,NA,NA,NA,NA,NA,NA,16007,6209,10406,18765,25747,13943,14673,12201,14265,NA
"STU004247",NA,NA,NA,NA,5320,5272,NA,NA,NA,NA,NA,NA,NA,NA,NA,8311,12607,13706,9927,8606,16946,8420,29437,15296,NA,10568,13190,NA
"STU004248",7228,9916,9492,9173,NA,NA,11634,11345,10028,NA,8828,5742,6285,8797,8489,10533,NA,NA,NA,NA,NA,16051,15664,NA,NA,NA,NA,19229
"STU004249",NA,NA,NA,NA,NA,NA,NA,NA,NA,NA,NA,NA,NA,NA,NA,NA,NA,16382,25264,15716,7474,15535,16801,37727,13883,16796,17869,12334
"STU004250",NA,12645,9801,7201,4744,4099,NA,6345,8890,7572,7945,NA,NA,NA,NA,8393,9272,NA,NA,NA,9114,9842,11020,9477,10957,6515,7800,16004
"STU004251",3193,NA,NA,NA,NA,NA,NA,9044,6378,8016,NA,NA,NA,NA,NA,NA,NA,NA,NA,8992,9474,12276,8722,NA,NA,NA,NA,11345
"STU004252",NA,NA,NA,NA,NA,NA,NA,NA,NA,NA,NA,NA,NA,NA,NA,NA,17934,12725,15388,11530,18878,28179,13629,NA,10819,12795,NA,23031
"STU004253",NA,NA,NA,NA,NA,NA,NA,NA,NA,NA,NA,NA,NA,11989,10181,NA,NA,13838,20242,14799,13557,10481,12189,14067,24113,15004,21323,21788
"STU004254",NA,NA,NA,7659,6510,6506,5660,17595,NA,NA,NA,NA,11208,12081,17377,17392,8674,NA,NA,11785,10148,13837,17817,10225,NA,NA,NA,NA
"STU004255",6259,5521,5579,6984,NA,NA,NA,4710,5732,14551,11213,13743,14860,8531,9142,15311,9515,10485,14328,12532,11885,12461,NA,19715,9674,11209,13806,10431
"STU004256",7637,7287,9927,6732,7443,9364,4945,10443,7914,NA,NA,NA,14494,17977,7527,8690,NA,8802,10679,NA,NA,14469,NA,NA,NA,NA,NA,14307
"STU004257",10482,9595,12495,7945,5715,10676,15950,8970,NA,NA,NA,NA,6985,12549,15596,12373,11877,13840,NA,NA,NA,10351,15132,17769,12564,14018,16975,12356
"STU004258",NA,NA,NA,NA,NA,NA,NA,NA,NA,NA,5865,6625,10103,5341,7876,9519,10369,10413,6111,7509,NA,NA,NA,7428,11626,14586,26704,8496
"STU004259",NA,NA,NA,NA,NA,NA,NA,NA,NA,NA,NA,NA,NA,NA,NA,26078,27258,16144,NA,NA,19933,23747,23211,NA,NA,NA,22056,28994
"STU004260",8724,6138,11008,8471,8632,NA,NA,NA,NA,16568,NA,NA,12046,19933,17161,18137,16979,13586,10090,NA,16474,NA,NA,NA,NA,10989,26772,17131
"STU004261",NA,NA,NA,NA,NA,25387,10075,NA,NA,NA,NA,NA,12397,18045,NA,NA,13919,13934,NA,NA,NA,NA,21917,14543,NA,NA,NA,21585
"STU004262",NA,NA,NA,NA,NA,NA,NA,NA,NA,NA,NA,NA,NA,NA,NA,NA,NA,NA,NA,NA,NA,NA,NA,NA,NA,NA,NA,NA
"STU004263",NA,NA,NA,NA,NA,NA,NA,NA,NA,NA,NA,NA,NA,NA,NA,NA,NA,NA,NA,NA,NA,NA,NA,NA,NA,NA,NA,NA
"STU004264",5850,7215,7115,11895,NA,NA,NA,NA,NA,NA,NA,NA,17161,30394,18261,15921,9900,NA,NA,NA,15530,26225,26657,15273,18957,NA,NA,NA
"STU004265",10214,9592,15434,7378,4830,NA,NA,NA,NA,10730,NA,15155,10761,NA,NA,NA,NA,NA,NA,NA,NA,NA,21396,7599,NA,NA,NA,NA
"STU004266",NA,NA,NA,NA,NA,NA,NA,NA,NA,NA,NA,NA,NA,NA,NA,NA,NA,NA,NA,NA,NA,NA,NA,17350,NA,8409,18513,12791
"STU004267",11196,4212,NA,NA,NA,NA,NA,NA,NA,NA,NA,NA,NA,NA,NA,13643,NA,11206,10588,7913,13537,10157,12648,NA,14016,NA,13161,11718
"STU004268",6288,11355,7997,10433,17943,9422,9925,11528,NA,NA,NA,NA,NA,9186,12026,22577,14746,15618,9978,11920,9540,17016,9002,NA,13024,NA,NA,NA
"STU004269",9868,18111,8399,7880,NA,NA,8798,7785,8407,NA,NA,15483,18506,NA,13094,16519,18146,18614,29200,15878,12904,14081,36713,17705,14819,14022,NA,NA
"STU004270",20890,4424,5523,18832,5011,NA,NA,NA,NA,8552,NA,9754,11158,NA,NA,NA,13797,17559,12365,15715,13430,17142,11324,10576,12350,8203,NA,NA
"STU004271",NA,NA,NA,NA,NA,NA,NA,NA,NA,NA,NA,NA,NA,NA,NA,NA,NA,NA,NA,16164,14058,NA,NA,15518,19672,21368,NA,NA
"STU004272",NA,NA,NA,NA,NA,NA,NA,NA,NA,NA,NA,15852,NA,NA,NA,NA,10879,NA,8105,9523,26805,16552,14171,13238,NA,17850,12929,19308
"STU004273",8314,NA,5663,NA,NA,NA,NA,NA,NA,NA,NA,NA,NA,NA,NA,NA,NA,NA,17996,NA,NA,13368,NA,NA,NA,12217,16441,16929
"STU004274",7362,NA,5616,14361,7840,NA,NA,14502,4008,6460,10364,8603,15700,8552,5724,9724,9618,11638,NA,NA,NA,NA,NA,NA,17175,NA,NA,15438
"STU004275",NA,NA,NA,NA,NA,11463,11989,NA,8583,NA,4436,11988,7045,NA,6278,8817,10958,NA,NA,NA,NA,NA,NA,8990,9605,14695,NA,11141
"STU004276",11392,11210,NA,NA,14283,17582,22349,NA,21286,22656,25885,NA,20115,26755,NA,38781,11682,22554,32688,43042,28295,24410,15625,27615,48175,28442,24395,NA
"STU004277",NA,NA,NA,NA,7329,12290,10566,9534,7769,NA,NA,7219,12191,10253,10971,NA,10046,8221,NA,NA,18229,7969,11470,18569,NA,9237,16356,NA
"STU004278",NA,NA,NA,6765,12242,6061,6556,4159,4414,8232,NA,NA,NA,NA,9347,12769,10704,7065,NA,NA,NA,8426,12072,7662,13716,NA,NA,NA
"STU004279",10477,NA,NA,NA,6689,4210,5701,5176,6165,4205,6837,5227,7844,7323,NA,6238,7091,16198,9222,11812,11343,11331,14134,NA,11750,NA,12943,NA
"STU004280",NA,NA,NA,NA,NA,NA,NA,NA,NA,NA,NA,NA,NA,NA,NA,NA,NA,NA,NA,12011,15986,NA,NA,NA,NA,NA,NA,11969
"STU004281",NA,NA,NA,NA,6457,10989,9263,NA,NA,NA,NA,11520,11619,8015,11862,9210,13376,NA,12022,11766,11356,10460,NA,12187,11084,NA,NA,12168
"STU004282",NA,NA,NA,NA,NA,NA,NA,NA,NA,NA,NA,NA,NA,NA,NA,NA,NA,NA,NA,NA,NA,NA,NA,NA,NA,NA,NA,15211
"STU004283",4039,1934,NA,NA,NA,NA,3649,6868,8147,8267,NA,NA,7937,NA,NA,NA,NA,NA,NA,NA,NA,16893,9319,NA,NA,9406,6955,23503
"STU004284",NA,NA,NA,NA,NA,NA,NA,NA,NA,NA,NA,NA,NA,NA,NA,NA,NA,NA,NA,NA,NA,NA,NA,NA,NA,NA,NA,NA
"STU004285",NA,NA,NA,NA,NA,NA,NA,NA,NA,NA,NA,NA,NA,NA,NA,NA,NA,NA,NA,NA,NA,NA,NA,NA,NA,NA,NA,NA
"STU004286",NA,4169,NA,NA,NA,9483,7136,9700,10723,11109,14732,15484,NA,12000,13941,10087,21125,NA,NA,NA,NA,12579,24165,13680,NA,NA,NA,11777
"STU004287",NA,NA,NA,NA,NA,NA,NA,NA,NA,NA,NA,NA,NA,NA,NA,NA,NA,17668,NA,13370,24864,14449,24497,13210,13568,NA,NA,NA
"STU004288",NA,NA,NA,3809,NA,NA,NA,NA,NA,NA,NA,8157,NA,NA,NA,8061,6110,NA,12506,8621,8686,8122,10808,NA,NA,NA,NA,NA
"STU004289",NA,NA,NA,13073,7457,13140,6766,NA,NA,NA,NA,11145,NA,NA,11176,12040,11700,15818,11670,13798,13222,NA,NA,19427,15880,NA,NA,NA
"STU004290",5925,6892,8914,9357,9660,10079,NA,9177,NA,NA,9316,14987,9377,10340,10262,6456,NA,NA,NA,NA,NA,10155,11300,8209,7129,9315,7798,NA
"STU004291",NA,NA,NA,NA,NA,NA,NA,NA,NA,NA,22044,NA,22395,31993,22378,NA,NA,NA,NA,NA,18081,11256,18267,24057,NA,NA,27208,10774
"STU004292",7826,NA,6564,4458,NA,NA,NA,NA,NA,NA,6600,8221,8906,8093,15183,12667,NA,NA,NA,NA,NA,NA,NA,8083,13664,NA,NA,NA
"STU004293",10229,NA,NA,7070,6107,9363,3142,8689,7710,17215,7587,7448,5299,NA,NA,6099,10677,NA,NA,NA,NA,6103,10380,NA,NA,11763,21921,10844
"STU004294",NA,NA,NA,NA,NA,NA,NA,NA,7818,8427,NA,NA,10160,30728,9743,9938,5799,21836,16293,19844,17820,15030,18211,36790,21122,16357,NA,NA
"STU004295",NA,NA,NA,NA,NA,NA,NA,NA,NA,NA,NA,NA,NA,NA,NA,NA,NA,NA,NA,NA,NA,NA,NA,NA,NA,NA,NA,NA
"STU004296",13888,NA,NA,NA,9006,5862,NA,11461,8820,NA,11166,NA,10135,7480,9758,7868,NA,NA,NA,NA,NA,NA,NA,NA,NA,NA,NA,NA
"STU004297",7183,NA,NA,NA,7461,NA,NA,4236,9626,8717,NA,12967,13317,NA,NA,NA,NA,NA,NA,12044,11034,16265,11959,14312,14724,13746,NA,NA
"STU004298",7292,8504,12626,14430,16470,8652,6486,9573,11475,9172,8918,8041,10167,11056,11202,16791,NA,NA,NA,14880,NA,NA,NA,10922,11401,NA,NA,8255
"STU004299",11719,NA,9085,9451,NA,NA,NA,15718,9779,13684,8419,12777,19221,11788,10587,12865,14132,12260,12843,NA,NA,18340,16215,16189,11263,15216,9005,14249
"STU004300",NA,NA,NA,NA,NA,NA,NA,NA,NA,NA,NA,NA,NA,NA,NA,NA,13378,16955,6317,12695,NA,7980,7072,10136,8087,NA,NA,13047
"STU004301",4671,7765,4965,6725,NA,NA,NA,NA,6716,NA,6541,7235,NA,NA,7410,10786,7186,11113,6894,NA,10353,9576,NA,8658,12635,9438,NA,10361
"STU004302",9016,4032,8043,5495,6786,11127,8696,6841,NA,NA,5762,7869,7026,5608,8129,6997,NA,NA,NA,8446,6624,NA,NA,NA,NA,9254,11335,NA
"STU004303",12269,9435,16139,9523,10633,13104,9475,11931,NA,NA,NA,NA,16523,12553,NA,11162,15174,12014,10864,16549,NA,NA,NA,16488,12488,NA,NA,NA
"STU004304",9025,NA,6057,NA,NA,NA,13303,NA,NA,NA,NA,NA,NA,NA,NA,NA,5189,NA,NA,8702,NA,11041,15788,24074,7410,11412,10648,7838
"STU004305",NA,NA,NA,NA,NA,NA,NA,NA,NA,NA,NA,NA,NA,NA,NA,NA,6857,10768,8504,11166,23020,12413,NA,NA,NA,7886,27199,NA
"STU004306",9111,11345,NA,NA,7280,10774,7938,7706,NA,NA,9258,NA,NA,NA,NA,6965,8137,14305,9565,9087,9258,7956,8214,16207,11987,8212,NA,11314
"STU004307",10719,20219,NA,NA,NA,NA,NA,NA,NA,NA,19283,14491,30780,17627,19440,NA,NA,NA,26702,21875,29147,41723,11843,15362,20439,19606,17951,41176
"STU004308",NA,NA,17021,6060,NA,9866,10779,8224,5795,16668,6840,NA,11911,NA,9730,19573,19040,16369,NA,NA,15143,NA,NA,11979,22135,NA,NA,NA
"STU004309",14527,NA,8662,17918,NA,NA,NA,9001,NA,16371,12126,12522,NA,NA,NA,NA,NA,NA,NA,NA,NA,18983,25499,NA,18974,19980,16648,NA
"STU004310",10470,12139,8564,14251,11938,NA,NA,NA,NA,11193,6711,16593,12747,13567,17891,14146,23468,17673,26749,23611,37647,25440,18140,20663,16823,28359,43265,22453
"STU004311",8422,9959,8034,7733,6740,8907,7876,5874,10954,6312,11792,19811,21800,9684,14216,16198,13445,14436,18923,NA,NA,NA,21952,21176,18821,14467,11866,29758
"STU004312",10466,14913,NA,12633,6820,9842,7188,6962,8650,10472,9037,16146,15908,13426,13785,20826,11961,NA,NA,NA,NA,NA,17883,7998,16118,15501,18981,8472
"STU004313",NA,NA,NA,NA,NA,NA,NA,NA,NA,NA,NA,NA,NA,NA,NA,NA,NA,NA,NA,NA,13389,13798,11857,NA,14797,17865,NA,NA
"STU004314",NA,NA,NA,NA,NA,NA,NA,NA,NA,NA,NA,NA,NA,NA,NA,NA,NA,NA,NA,NA,NA,NA,NA,NA,NA,NA,NA,NA
"STU004315",15467,NA,7642,12968,NA,NA,NA,NA,9538,10869,11868,NA,10218,10051,NA,NA,9236,NA,10607,11229,NA,NA,NA,7322,14326,NA,NA,9093
"STU004316",6646,5297,NA,NA,7681,NA,5593,9995,11827,8476,NA,6624,7202,7838,8507,5713,8834,11990,14064,12769,9912,14292,23764,9924,17166,11189,11877,11339
"STU004317",14412,10053,8435,NA,NA,NA,NA,NA,NA,NA,NA,NA,NA,NA,NA,NA,NA,NA,NA,NA,NA,13904,12028,20151,NA,24049,NA,NA
"STU004318",4402,4818,4831,6092,6178,8053,8486,14182,7575,3683,NA,NA,5406,5988,9993,13013,9236,9190,15646,6510,NA,NA,NA,10984,12640,13224,16548,9467
"STU004319",7535,NA,11628,9597,8834,8799,13979,NA,11625,11434,NA,NA,NA,24160,NA,NA,9425,14617,23570,17598,25209,24378,26830,19332,9685,17561,31088,22036
"STU004320",NA,NA,NA,NA,NA,NA,NA,NA,NA,NA,NA,NA,NA,NA,NA,NA,NA,NA,NA,NA,NA,NA,NA,17847,13445,8822,14582,13521
"STU004321",4226,5911,NA,NA,NA,NA,NA,3721,3623,4516,4538,6476,8370,4943,9775,3814,4290,5654,NA,NA,NA,3533,NA,NA,10423,5811,10633,NA
"STU004322",NA,3810,NA,8451,8102,6786,NA,NA,NA,4225,9832,6940,7733,8021,5796,5631,12558,7486,10337,7260,8630,9285,NA,NA,NA,4296,6337,NA
"STU004323",9036,8755,8089,8107,NA,NA,8985,5382,8067,5264,5047,NA,NA,NA,NA,10356,3343,13133,5635,11861,14953,11456,15030,NA,NA,NA,11303,16829
"STU004324",7108,7896,13812,10654,NA,NA,NA,NA,15841,11852,29867,14021,24500,22796,20100,28670,21354,29999,19314,19052,14612,40322,28093,NA,16172,NA,NA,NA
"STU004325",12683,14557,17490,NA,NA,NA,18206,13268,NA,NA,14143,NA,NA,NA,NA,NA,NA,NA,30985,20752,25626,NA,25976,21387,28719,27691,NA,NA
"STU004326",8875,7984,14339,8518,8734,12495,9282,9170,10406,NA,11111,13484,10918,7618,10524,8066,11999,11373,11496,8212,5903,NA,NA,NA,NA,NA,8292,NA
"STU004327",9735,8169,5731,10103,7139,11834,7376,8104,5846,12415,11898,12860,NA,NA,NA,NA,11188,14854,11398,14126,9288,13839,12451,12969,10799,7850,11638,7858
"STU004328",NA,12138,8555,NA,NA,NA,8375,NA,NA,12716,12812,NA,NA,NA,NA,NA,NA,NA,NA,NA,NA,NA,18471,8087,13081,13643,12900,10754
"STU004329",7356,13541,4898,4644,3579,6758,8147,13169,7494,14804,11888,NA,NA,8823,13137,9387,10477,NA,NA,NA,10806,12067,NA,NA,NA,NA,NA,NA
"STU004330",5917,9890,9045,9953,NA,NA,NA,NA,NA,NA,NA,NA,13037,6381,12483,10847,21098,13611,16284,32129,NA,17253,21760,25633,16334,15845,21857,27447
"STU004331",NA,NA,NA,NA,8814,10604,11777,16067,NA,NA,NA,NA,19381,15464,12993,NA,13950,NA,NA,NA,18521,NA,13420,NA,19431,NA,6825,20658
"STU004332",9285,2975,5017,6288,NA,3659,6832,6261,13684,12843,10977,6161,10235,14897,11846,12687,11048,8739,7509,15853,15070,15584,13255,NA,NA,12064,12747,20507
"STU004333",NA,NA,NA,NA,NA,NA,NA,NA,NA,NA,NA,NA,NA,NA,NA,NA,NA,NA,NA,NA,NA,NA,NA,NA,NA,NA,NA,NA
"STU004334",9152,5410,NA,8772,4431,5717,7443,10180,NA,7253,NA,NA,NA,7394,NA,NA,NA,NA,NA,NA,NA,NA,NA,NA,14330,10676,12055,12292
"STU004335",NA,NA,NA,NA,NA,NA,NA,NA,NA,NA,NA,7145,21152,NA,NA,NA,NA,NA,NA,NA,NA,11227,12404,13218,NA,NA,NA,NA
"STU004336",NA,NA,NA,NA,NA,7595,13118,12096,17026,14453,12783,16688,12189,17871,8680,22861,NA,NA,10432,12395,15642,5522,7163,12008,13000,12571,12511,NA
"STU004337",10544,NA,5988,8250,11723,9964,19021,11648,NA,NA,NA,10153,11735,7022,12620,9706,12705,11343,17461,16767,16617,19863,27217,19325,16649,20860,8959,20867
"STU004338",11491,12726,8917,7463,8467,NA,NA,NA,8075,NA,12559,14224,12084,13468,12407,12444,NA,NA,NA,14178,12544,17676,15800,12875,12329,12151,NA,15433
"STU004339",6275,13109,12327,9925,13832,13487,9614,9852,8054,14624,NA,NA,9155,16023,7402,13287,NA,NA,NA,NA,15250,7757,10653,12579,NA,NA,15720,NA
"STU004340",7257,4515,6873,4990,NA,NA,NA,NA,6696,NA,NA,NA,NA,NA,7821,6852,8789,NA,7405,10404,9267,7321,15337,7703,5441,NA,NA,NA
"STU004341",13694,NA,8404,5033,7446,15819,NA,NA,NA,NA,NA,NA,NA,NA,9280,10312,10753,20939,7726,NA,NA,NA,NA,12533,7143,NA,13516,11575
"STU004342",8767,5876,10046,12030,NA,NA,NA,12196,10815,NA,9767,8386,8428,11503,12403,NA,NA,NA,NA,NA,9322,11730,16395,14877,NA,NA,NA,NA
"STU004343",7600,11092,8392,11740,NA,NA,NA,NA,13571,14294,9567,16891,10189,NA,NA,29351,NA,19521,20970,20925,15447,NA,19479,24114,24202,NA,NA,NA
"STU004344",14077,6785,6367,12246,9749,6980,NA,NA,NA,8275,NA,NA,NA,NA,10511,6444,8479,9151,NA,NA,NA,NA,NA,10589,12945,8067,9290,12541
"STU004345",NA,NA,NA,NA,NA,NA,NA,NA,NA,NA,NA,NA,NA,NA,NA,NA,11311,8244,7409,NA,NA,NA,9377,9513,NA,NA,NA,18055
"STU004346",4439,4693,4741,9407,8538,6694,6445,5426,10303,4634,NA,NA,NA,4641,11265,5212,4495,14046,NA,12677,13483,18434,15204,21199,11259,NA,NA,NA
"STU004347",NA,NA,NA,NA,NA,NA,NA,NA,NA,NA,NA,NA,NA,NA,NA,NA,NA,NA,NA,NA,NA,NA,NA,NA,NA,NA,NA,NA
"STU004348",5787,12090,8067,7329,NA,5825,6792,6012,10867,18320,NA,NA,23720,NA,NA,10536,NA,NA,NA,NA,13141,21077,18926,NA,27947,17160,11506,21787
"STU004349",7930,7254,6004,8101,4973,NA,6526,4221,5966,3451,3467,NA,NA,NA,NA,8447,NA,NA,NA,10117,7566,6713,7416,10322,9709,13507,8449,6329
"STU004350",5765,4543,NA,NA,NA,NA,NA,NA,NA,NA,NA,14207,12077,15546,18313,NA,NA,17954,NA,14577,NA,14383,9755,13838,16479,13668,12434,24701
"STU004351",7307,NA,NA,NA,5169,6116,4386,5465,12752,5420,12491,9887,NA,7117,9146,5114,NA,NA,5959,9736,9405,NA,10419,13656,8025,26775,NA,11876
"STU004352",NA,NA,NA,NA,NA,NA,NA,NA,NA,NA,NA,NA,NA,NA,NA,NA,NA,NA,NA,NA,NA,NA,NA,NA,NA,NA,NA,NA
"STU004353",NA,8188,7800,7924,6199,6723,3793,4765,4747,NA,7235,NA,5075,NA,NA,NA,15124,NA,NA,9628,11655,NA,NA,7805,NA,NA,12562,13118
"STU004354",NA,NA,NA,NA,NA,NA,NA,NA,NA,NA,NA,NA,NA,NA,NA,NA,NA,NA,NA,NA,NA,NA,NA,NA,NA,NA,NA,NA
"STU004355",5953,5089,15018,9960,3541,7594,9539,3447,5757,NA,NA,NA,4998,15036,NA,NA,NA,14529,18908,15307,14592,14444,8654,20242,15718,21199,13606,13951
"STU004356",4400,5178,6056,7900,8314,7954,5149,6663,3270,NA,5687,NA,NA,NA,10201,8151,13266,NA,13682,20254,13078,16561,9216,17117,12341,11868,NA,NA
"STU004357",14941,10132,10548,8067,15214,NA,NA,NA,NA,13587,NA,NA,13308,11892,16787,9564,16455,NA,NA,NA,NA,NA,NA,NA,12744,12131,11100,10978
"STU004358",NA,NA,4559,NA,NA,10543,4304,NA,NA,NA,17717,NA,NA,6854,10346,19277,NA,NA,NA,NA,12666,12301,7310,11113,20929,11355,11971,18883
"STU004359",9143,NA,NA,7555,18516,10526,7539,14995,15953,17129,16453,21406,13524,24599,NA,13177,12484,17202,21786,16478,19752,NA,NA,19551,22961,NA,NA,NA
"STU004360",NA,NA,NA,NA,NA,8621,6445,14445,NA,17133,11412,NA,NA,NA,12808,17818,13778,15388,11767,14748,8275,17924,15029,NA,NA,12580,12663,16812
"STU004361",7693,6013,7261,10608,NA,10432,NA,6551,10637,NA,9922,10490,8064,8753,16339,7235,11985,11591,NA,NA,NA,8095,NA,NA,NA,NA,NA,14354
"STU004362",7532,7597,15008,11432,8194,10869,15401,NA,NA,NA,NA,9987,12910,10783,11525,NA,NA,12574,16173,8829,NA,12601,NA,10275,9347,NA,12205,12713
"STU004363",NA,3404,9487,NA,NA,NA,NA,5786,7642,5743,NA,NA,NA,NA,NA,NA,NA,NA,NA,NA,NA,NA,NA,NA,10479,19974,7640,NA
"STU004364",6083,NA,NA,NA,NA,20356,13339,NA,17757,13877,14625,9565,13832,26315,9221,15395,8623,13414,NA,NA,NA,17033,14526,12483,15524,NA,12073,8224
"STU004365",4759,NA,NA,NA,NA,5469,6396,NA,NA,7318,NA,NA,NA,5137,NA,NA,3829,9051,9441,7656,13686,12200,12288,10395,16473,NA,NA,9570
"STU004366",NA,NA,NA,NA,NA,NA,NA,3867,7015,NA,NA,6118,15712,12767,17090,NA,14220,10683,NA,NA,NA,15346,NA,NA,13297,NA,9868,10735
"STU004367",NA,NA,NA,NA,NA,NA,NA,NA,NA,NA,NA,NA,NA,NA,NA,NA,NA,17527,12485,11399,9788,7069,10583,8416,9105,9907,12439,13856
"STU004368",NA,NA,NA,NA,NA,NA,NA,NA,NA,NA,NA,NA,NA,NA,NA,NA,NA,NA,18668,20152,24658,36188,25385,30174,18237,31763,16321,10163
"STU004369",6343,8180,6729,19896,17424,5869,NA,NA,NA,NA,NA,NA,NA,12054,41698,16845,28793,20497,NA,NA,NA,NA,NA,NA,NA,NA,NA,35201
"STU004370",NA,10891,8057,8115,10484,NA,5691,6048,9020,8808,16597,14422,7227,7509,10456,11658,12089,NA,16763,9810,9283,11512,8436,12888,10535,8395,15247,NA
"STU004371",7131,6473,10992,6222,9084,12605,9257,3926,NA,NA,NA,NA,8673,16669,16486,8937,5349,12998,5084,NA,NA,7610,NA,NA,NA,6948,7258,8558
"STU004372",NA,NA,NA,NA,NA,NA,NA,NA,NA,NA,NA,NA,NA,NA,NA,NA,8847,4447,7059,8615,NA,NA,NA,NA,NA,NA,NA,17373
"STU004373",NA,NA,NA,NA,5463,NA,6940,NA,6440,NA,NA,15790,9234,9292,NA,NA,NA,NA,NA,NA,NA,NA,NA,NA,NA,NA,NA,17587
"STU004374",6053,13410,15856,NA,NA,4825,9309,NA,NA,15116,18229,12095,20242,31533,15954,32158,16009,17127,23245,NA,22039,13149,23849,19940,NA,10080,15734,20453
"STU004375",NA,15111,10062,15896,22443,NA,16256,12981,NA,NA,9654,14887,13963,8918,14879,NA,NA,21458,14788,18034,17670,NA,NA,NA,NA,NA,14727,12013
"STU004376",15161,NA,NA,NA,7187,NA,NA,7312,11902,5787,8114,13744,13272,23781,10102,15612,12811,9428,15374,11237,17854,11679,NA,NA,NA,NA,NA,NA
"STU004377",NA,NA,16148,12198,16341,11527,14500,8309,13804,11721,13197,12986,15678,NA,15356,12737,7781,NA,19605,12811,20048,14546,19137,15353,13374,10384,19287,14473
"STU004378",10157,NA,NA,NA,NA,NA,NA,NA,6241,5944,6753,11638,19827,28869,14438,15583,NA,31310,13606,13952,15738,NA,NA,NA,29734,31712,6280,12522
"STU004379",5796,NA,NA,NA,NA,8284,7131,7721,8234,6571,5544,6349,10902,6184,NA,NA,9889,7148,6087,NA,NA,NA,NA,NA,8464,11353,NA,NA
"STU004380",7926,15655,20834,NA,NA,NA,NA,NA,NA,NA,NA,NA,9854,13086,10317,10243,14507,13576,13820,NA,NA,10121,NA,10580,14508,14410,22328,15212
"STU004381",NA,NA,NA,NA,NA,NA,NA,NA,NA,NA,NA,NA,NA,NA,NA,NA,NA,NA,NA,NA,NA,NA,NA,NA,12937,6761,8622,NA
"STU004382",9552,NA,10785,9190,NA,NA,NA,NA,NA,NA,NA,NA,NA,NA,18671,12560,11000,23779,16813,NA,NA,NA,NA,NA,NA,NA,22289,23083
"STU004383",NA,NA,NA,NA,NA,6542,NA,13986,NA,NA,NA,12175,NA,NA,7596,NA,8820,17633,NA,NA,NA,NA,14863,17875,18777,15846,15172,NA
"STU004384",NA,NA,NA,NA,NA,NA,NA,NA,NA,NA,NA,NA,NA,NA,NA,NA,NA,NA,NA,NA,NA,NA,NA,NA,NA,NA,NA,NA
"STU004385",12521,3346,7476,5540,5139,6140,6541,5994,NA,NA,NA,NA,NA,NA,NA,NA,NA,NA,NA,NA,NA,NA,NA,NA,NA,5341,NA,NA
"STU004386",NA,NA,NA,NA,NA,NA,NA,NA,NA,NA,NA,NA,NA,NA,NA,NA,NA,NA,NA,NA,NA,NA,NA,NA,NA,NA,NA,NA
"STU004387",8782,8802,10743,5901,NA,NA,NA,NA,NA,NA,NA,NA,NA,NA,NA,NA,7026,12960,NA,NA,NA,NA,14437,NA,NA,13936,27801,13276
"STU004388",10300,10283,13327,9072,7611,7667,6924,8726,9496,12642,7218,10086,9094,11461,5388,10828,16426,NA,12139,16120,17549,10829,10250,12376,22073,9558,NA,NA
"STU004389",4453,NA,NA,NA,4667,NA,6719,5465,4649,3625,5319,NA,NA,5206,5475,NA,NA,NA,NA,NA,4110,NA,NA,NA,NA,NA,NA,NA
"STU004390",6743,NA,NA,NA,NA,NA,10619,22851,NA,8872,10049,9773,11235,11094,NA,NA,NA,NA,NA,12266,NA,NA,12489,7869,14970,11996,19478,14152
"STU004391",6070,5026,6233,NA,5593,6966,6616,NA,NA,NA,NA,9098,NA,NA,NA,NA,NA,11042,11123,NA,9649,11715,9005,14470,12868,7964,NA,NA
"STU004392",NA,NA,NA,7948,11049,NA,NA,NA,15852,15330,11215,16408,10864,10363,12495,NA,NA,17336,13488,NA,NA,11677,11754,11794,NA,NA,12804,20613
"STU004393",6308,7197,5789,9711,NA,NA,NA,7229,NA,NA,6771,7336,8544,7990,10688,NA,NA,NA,10091,8899,8396,9584,11326,15364,7742,9236,14268,9871
"STU004394",10097,10402,NA,NA,7349,NA,7452,6577,7237,6006,10178,9002,8468,8858,10734,7408,NA,NA,NA,NA,12030,13461,11564,NA,10153,11407,10283,11765
"STU004395",9805,NA,NA,NA,3802,NA,NA,5477,13451,12536,NA,NA,NA,9267,8946,NA,7999,7361,NA,NA,NA,NA,NA,NA,13087,NA,NA,16123
"STU004396",4883,7623,6906,3802,NA,NA,NA,4793,NA,NA,6852,7793,8453,9383,9746,NA,NA,NA,NA,NA,NA,6239,8813,7022,7218,8346,NA,NA
"STU004397",NA,NA,NA,NA,NA,NA,NA,NA,NA,NA,NA,12518,4501,12319,NA,NA,27771,5758,11798,16825,12199,9230,25276,11137,20459,8950,NA,NA
"STU004398",7443,NA,9681,11819,NA,NA,NA,8248,10271,12795,NA,NA,NA,NA,NA,11806,10189,9369,12201,5940,9461,9467,10678,NA,NA,NA,NA,NA
"STU004399",NA,NA,NA,NA,NA,NA,NA,NA,NA,NA,NA,NA,NA,NA,NA,NA,NA,NA,NA,NA,NA,NA,NA,NA,NA,31288,32944,23329
"STU004400",8499,NA,NA,10635,10258,8713,6694,8866,4822,7908,13474,9204,12834,13072,9383,19806,11391,15317,9185,8125,12178,8277,10527,9504,7746,10706,13556,9835
"STU004401",NA,NA,NA,NA,NA,NA,NA,NA,NA,NA,NA,NA,NA,NA,NA,NA,NA,NA,NA,NA,NA,NA,NA,NA,NA,30538,26182,NA
"STU004402",5880,5580,5890,10190,5607,NA,9612,20441,14764,NA,NA,11580,NA,8857,NA,NA,14141,14409,10623,20906,16377,NA,NA,15367,11774,11986,NA,NA
"STU004403",NA,NA,5824,NA,NA,NA,NA,NA,10555,5699,NA,4374,NA,9412,NA,11091,7623,12935,13583,12548,NA,NA,NA,NA,18162,NA,15859,9443
"STU004404",7673,NA,NA,8436,NA,NA,NA,NA,NA,NA,11118,10472,7876,13186,NA,21799,12154,20110,19522,27733,NA,NA,9181,13969,NA,20365,10872,16968
"STU004405",7029,7689,5122,5673,NA,NA,NA,11810,13002,5918,NA,NA,NA,NA,NA,NA,NA,NA,NA,NA,NA,15883,12923,15622,11634,12452,14677,9345
"STU004406",16248,10094,13355,12880,14344,7940,15621,NA,NA,NA,15268,18915,12103,9385,8266,NA,NA,NA,NA,22423,NA,13048,14597,8343,12885,15167,19305,10156
"STU004407",NA,NA,NA,NA,NA,13753,12942,NA,NA,NA,NA,5366,4761,6312,NA,13835,NA,NA,9388,8176,NA,NA,NA,12720,11030,11383,12869,7902
"STU004408",NA,NA,NA,NA,NA,NA,NA,NA,NA,NA,NA,NA,NA,NA,NA,NA,NA,NA,NA,NA,NA,NA,NA,NA,15506,11961,NA,NA
"STU004409",4726,NA,NA,13447,7279,11940,7390,NA,4576,9268,10443,NA,NA,NA,NA,NA,NA,NA,20657,NA,15584,11353,NA,NA,NA,NA,NA,NA
"STU004410",8113,6905,NA,NA,NA,5141,5997,NA,NA,NA,10526,NA,14152,14181,12007,10977,NA,NA,NA,NA,NA,NA,14084,12544,NA,8339,10545,17359
"STU004411",NA,8281,NA,NA,NA,NA,NA,23767,19698,13743,NA,NA,NA,15307,13994,25425,11414,14287,13357,NA,23268,20531,14249,13996,13227,14488,16929,19141
"STU004412",NA,NA,NA,NA,NA,NA,NA,NA,NA,NA,NA,NA,NA,NA,NA,NA,NA,NA,NA,NA,14774,11801,11990,15638,21769,13074,20396,17544
"STU004413",7794,NA,NA,10808,5231,NA,8242,3246,7783,NA,10157,8651,3944,9378,7200,16727,17961,16664,NA,NA,18786,13763,25099,13725,17808,NA,NA,NA
"STU004414",11285,6750,NA,NA,NA,NA,9585,20127,14519,20534,14131,14071,18199,13288,17385,17304,16150,18395,NA,12288,12848,15713,NA,NA,27172,15344,28695,17667
"STU004415",9822,12815,12678,5465,5312,NA,NA,5426,8383,4658,8913,10359,17005,NA,NA,9851,NA,8857,NA,NA,9507,13400,15074,NA,NA,14168,28527,NA
"STU004416",13573,20925,15376,NA,NA,7582,7067,NA,NA,9544,12256,20112,NA,NA,16485,11356,16628,18556,18785,22964,15765,16713,13566,NA,NA,10284,NA,20778
"STU004417",8407,NA,NA,NA,NA,NA,8601,12126,9456,8452,8269,8326,10031,13112,NA,NA,NA,NA,NA,NA,9027,9433,NA,10021,11810,NA,9809,9827
"STU004418",NA,NA,NA,NA,13208,7442,6985,8592,14089,11548,5949,6430,7039,8551,16859,NA,NA,NA,NA,NA,NA,NA,9732,NA,NA,10799,18754,20684
"STU004419",NA,NA,NA,NA,3175,2351,4549,7715,8489,11006,11690,11445,9730,6806,15288,NA,6930,9402,NA,13656,10536,9542,7778,7270,NA,NA,7026,9018
"STU004420",NA,18375,19509,NA,12580,NA,10855,8428,9717,NA,NA,NA,9646,NA,NA,NA,NA,NA,NA,NA,NA,NA,17450,35871,20237,22664,10443,21150
"STU004421",NA,NA,NA,NA,NA,NA,NA,NA,NA,NA,NA,NA,NA,NA,NA,NA,NA,NA,NA,15847,22622,18523,NA,NA,NA,NA,NA,17042
"STU004422",12250,NA,NA,NA,NA,NA,NA,9083,9356,12536,11212,6963,NA,NA,NA,25909,NA,NA,NA,NA,NA,34289,19953,12868,18471,31461,28104,21090
"STU004423",6857,7893,6566,6650,15748,3846,4465,3900,3590,4979,5657,8409,5553,4882,4542,NA,NA,8371,13662,9276,NA,7109,NA,8828,NA,9780,NA,NA
"STU004424",6137,5080,4898,3734,4049,NA,NA,NA,NA,NA,5446,5001,5667,5387,8075,5891,7418,11243,6650,11399,NA,NA,NA,7417,10080,9247,6308,7173
"STU004425",4782,6404,NA,NA,NA,NA,7576,13538,8357,7786,5619,11659,8116,NA,NA,4685,NA,NA,15553,11190,NA,14718,22479,NA,NA,NA,NA,NA
"STU004426",NA,NA,NA,NA,NA,14636,10343,15291,8847,NA,12348,11718,NA,NA,NA,NA,12593,12600,14509,9969,12732,13823,15208,11083,13219,9404,NA,NA
"STU004427",10187,18277,10486,16344,NA,6879,13990,8933,13071,7006,17389,NA,NA,NA,10471,12306,14754,NA,NA,NA,NA,NA,NA,NA,NA,10560,12972,NA
"STU004428",5680,5192,NA,3683,NA,NA,NA,NA,NA,NA,NA,13379,10222,12124,9522,14482,16476,16198,13765,12527,19230,12261,12497,13475,15308,14876,16195,12502
"STU004429",7967,9796,9146,5841,10107,NA,7332,8142,16380,8433,9398,15303,NA,NA,NA,NA,NA,NA,6490,8328,9323,11212,14564,7432,9334,14612,20382,16217
"STU004430",8116,5937,9157,9410,NA,NA,NA,NA,NA,NA,NA,NA,NA,NA,11527,7959,6340,9922,9960,15103,11963,9533,9469,5085,8623,15376,10699,NA
"STU004431",7867,NA,NA,8564,9862,NA,NA,11790,8505,NA,NA,8118,NA,5504,8845,16863,5853,7032,18346,9326,NA,6130,24254,18903,8183,NA,12992,20966
"STU004432",5196,5012,6074,6721,6412,6883,NA,4818,NA,NA,5401,5072,5395,NA,3756,6320,12990,6234,13497,9231,14388,12505,8537,NA,15222,NA,NA,NA
"STU004433",18072,8465,NA,10519,NA,15531,NA,NA,NA,NA,NA,NA,NA,NA,NA,8960,24915,NA,17871,23722,NA,NA,NA,NA,NA,34220,22853,NA
"STU004434",8440,11215,10418,6703,8497,6678,NA,NA,NA,NA,10742,8390,9357,NA,NA,NA,NA,NA,10108,14143,NA,NA,NA,NA,9370,13364,NA,NA
"STU004435",NA,NA,NA,NA,NA,NA,NA,NA,NA,NA,NA,NA,NA,NA,NA,NA,NA,NA,NA,NA,NA,11579,NA,NA,NA,NA,NA,15432
"STU004436",12102,11751,8306,6585,7142,10426,8967,8202,NA,12072,16834,16034,NA,12362,17232,12286,15463,15447,NA,16511,NA,NA,NA,13687,20450,NA,8492,12492
"STU004437",NA,NA,4893,7233,13266,NA,10820,10032,10445,11645,11644,15084,9236,16722,10488,11789,7759,9138,12163,13468,9196,11613,13082,NA,NA,NA,NA,NA
"STU004438",NA,NA,NA,NA,5543,5090,3290,9569,5317,4062,5859,5374,NA,NA,NA,6820,NA,NA,NA,NA,7810,7438,NA,NA,7487,11227,11465,NA
"STU004439",6126,4799,5419,NA,5625,8153,13609,10792,7750,11662,13404,NA,NA,NA,18123,19038,14553,10233,8719,NA,17907,14277,NA,NA,11829,15123,11967,21552
"STU004440",NA,NA,NA,NA,NA,NA,4040,NA,11931,14002,17886,9656,10868,14005,NA,9566,NA,NA,NA,9661,17760,6114,7183,NA,NA,14000,16020,NA
"STU004441",9171,17111,13158,NA,NA,NA,7376,12555,9346,9127,5202,7582,19512,NA,NA,NA,NA,NA,NA,NA,NA,NA,NA,NA,20075,30609,23737,25131
"STU004442",4538,9387,6750,8180,10967,6442,6338,7753,6937,NA,NA,NA,NA,NA,8815,NA,NA,NA,32549,18900,NA,13651,16828,9867,NA,NA,NA,21257
"STU004443",NA,NA,8820,9259,NA,NA,NA,NA,NA,NA,NA,13442,16754,13978,14425,10026,19764,NA,13263,7133,13355,12949,18190,16580,10445,13799,15112,16488
"STU004444",15316,3543,6242,11881,9228,NA,3921,NA,NA,NA,NA,NA,10195,NA,6805,13591,NA,NA,13562,7338,13415,10563,NA,NA,9526,10211,6122,13618
"STU004445",6975,NA,NA,NA,NA,NA,NA,NA,NA,NA,6752,NA,NA,NA,NA,12945,10192,14526,14081,9100,16432,19234,9325,12213,11706,17265,15040,NA
"STU004446",12845,6328,NA,NA,NA,NA,NA,NA,13258,9428,12963,10004,NA,NA,NA,NA,NA,NA,24377,17488,16595,10921,22777,23616,18798,27338,12476,NA
"STU004447",7003,6905,4637,11025,4875,4005,NA,NA,NA,NA,5567,3330,4129,5112,NA,NA,NA,18982,11297,5330,11096,NA,NA,NA,NA,NA,13529,NA
"STU004448",NA,9732,NA,NA,NA,NA,14779,12958,8864,8716,NA,17885,22693,13274,9733,14058,NA,7530,NA,NA,12253,NA,NA,8223,12526,8916,12610,16813
"STU004449",13449,5706,14477,20539,10973,10935,5540,13011,NA,NA,NA,NA,NA,12741,20399,11242,NA,NA,NA,NA,13433,NA,NA,NA,20276,16898,16358,19417
"STU004450",NA,NA,NA,NA,NA,NA,NA,NA,NA,NA,NA,NA,NA,NA,NA,NA,NA,NA,NA,NA,NA,NA,20418,12403,10620,17267,18274,15234
"STU004451",NA,11705,14640,18940,13742,8658,13869,NA,NA,12406,24213,11235,22669,10521,9990,15795,NA,NA,13788,21665,11774,19023,11922,17176,14195,15322,22710,9808
"STU004452",5175,NA,NA,6485,6374,NA,NA,NA,NA,9118,12822,9087,NA,NA,NA,8339,19247,9322,NA,NA,NA,NA,10047,11288,8322,11249,14153,8857
"STU004453",10111,5861,NA,5371,7581,12617,10183,10741,9967,7827,NA,NA,NA,9758,13780,12354,NA,13593,12266,12491,13027,11355,13748,15732,NA,NA,NA,NA
"STU004454",7161,7957,NA,NA,NA,NA,NA,NA,11335,9626,17735,11565,5810,NA,15679,7800,NA,NA,NA,9710,9661,14519,15825,15719,10041,14072,14969,9003
"STU004455",17508,NA,NA,NA,NA,NA,15066,15984,NA,NA,10509,NA,NA,NA,NA,12244,9757,13414,11188,8527,10394,NA,NA,NA,NA,NA,NA,15471
"STU004456",NA,NA,NA,NA,NA,8736,9948,NA,NA,NA,NA,20522,16326,32912,30124,19491,9689,16889,25234,20467,NA,20331,26726,20008,22614,40237,23379,19996
"STU004457",NA,NA,NA,NA,NA,7367,13343,5798,7999,6667,6964,8196,10872,6329,11000,20760,12937,11703,NA,19502,11363,12964,14069,NA,11219,17240,NA,NA
"STU004458",NA,NA,NA,NA,NA,NA,NA,9157,9770,8789,8284,7767,11257,NA,12838,NA,20551,12643,21205,NA,16394,17674,20945,16362,29037,NA,NA,NA
"STU004459",NA,NA,5558,8875,5912,4870,6084,10197,NA,8644,NA,NA,NA,12906,9170,14824,17418,7747,10135,14124,8016,NA,NA,14247,12898,15285,NA,12148
"STU004460",12871,NA,NA,9842,13707,10372,9388,11316,12145,NA,8870,11209,13349,10023,15143,21606,10391,NA,NA,NA,10277,NA,NA,17403,14559,16368,16917,13139
"STU004461",NA,NA,NA,NA,NA,NA,NA,NA,NA,NA,NA,NA,NA,NA,NA,NA,NA,NA,NA,NA,NA,NA,NA,NA,NA,NA,NA,NA
"STU004462",NA,NA,NA,NA,5741,6063,5314,10684,10790,12422,15912,9228,10184,13559,7960,7822,11731,10962,NA,9268,12340,7916,9357,13833,5787,NA,NA,NA
"STU004463",17737,10406,13707,11906,NA,NA,NA,NA,NA,NA,NA,NA,NA,NA,9464,11164,6341,NA,NA,NA,NA,11359,14484,12379,NA,NA,21097,NA
"STU004464",NA,NA,NA,NA,4629,6322,7261,7559,8379,15403,10875,NA,NA,NA,NA,NA,NA,NA,NA,NA,16353,NA,11004,NA,NA,NA,10919,NA
"STU004465",10129,4622,13188,7401,6776,NA,8309,16169,15840,NA,NA,NA,NA,NA,22950,19515,13965,18723,19528,22598,14762,17539,11648,24811,17239,11558,13211,15636
"STU004466",12067,14953,14012,6273,5019,9283,14639,7811,NA,NA,13559,13009,8512,10093,13818,10401,15659,15125,11806,16755,20814,10308,14068,13690,13099,17394,10906,10093
"STU004467",NA,NA,NA,8483,8355,5628,NA,NA,13117,9164,8124,10857,6577,12589,14268,NA,NA,7879,10610,NA,6919,13539,11138,NA,NA,NA,NA,13219
"STU004468",NA,NA,NA,NA,NA,NA,NA,NA,11682,14383,27232,11716,10295,14132,11259,13513,14019,NA,NA,NA,17183,18098,12533,NA,NA,12061,18814,19097
"STU004469",10561,5756,3517,5353,12977,6619,NA,NA,NA,9499,12885,13459,8999,9636,NA,7886,22776,10703,11271,8634,11742,13155,NA,8449,13852,13542,NA,NA
"STU004470",NA,NA,NA,NA,NA,NA,NA,NA,NA,NA,NA,NA,NA,NA,NA,NA,NA,NA,6953,12514,8306,NA,9845,8305,19558,12304,8927,16502
"STU004471",7190,8074,12979,4526,9953,6805,NA,NA,NA,NA,NA,NA,12744,10536,12037,14397,11027,NA,NA,NA,NA,NA,NA,19210,23298,19240,NA,NA
"STU004472",7242,7381,8559,9322,5342,6865,6811,NA,NA,NA,NA,8341,17926,13294,12866,9878,11622,7919,12124,7930,15083,15961,NA,12014,NA,NA,15515,11149
"STU004473",NA,NA,NA,NA,NA,NA,NA,NA,NA,NA,NA,NA,NA,NA,NA,NA,NA,NA,NA,NA,12329,20520,29621,17716,NA,NA,17292,14127
"STU004474",10096,7418,7419,5855,7548,NA,NA,8756,3840,NA,NA,NA,NA,10550,6440,7819,5364,11790,NA,NA,NA,NA,10447,6974,10275,10408,11866,8621
"STU004475",7229,9995,5229,NA,NA,NA,NA,NA,NA,NA,NA,4249,NA,NA,NA,NA,NA,NA,NA,NA,NA,NA,NA,NA,NA,NA,NA,NA
"STU004476",9189,12914,14794,NA,NA,NA,NA,18659,9707,16506,16158,11992,10430,10245,NA,NA,11398,23779,8144,NA,13395,9959,9934,NA,11034,20173,NA,NA
"STU004477",15287,16703,14610,23481,15279,19970,10359,10955,14323,11108,15215,NA,10102,NA,NA,13911,11104,10084,14655,12337,15656,20526,NA,NA,16554,11837,12914,13677
"STU004478",9891,12703,9928,10685,6665,NA,NA,NA,5893,7680,6972,NA,12959,4399,8910,10739,7571,NA,NA,NA,NA,11023,8826,NA,9868,9228,11687,14251
"STU004479",NA,NA,NA,4241,6653,4214,4551,5993,6593,7189,NA,NA,NA,NA,12780,NA,NA,NA,NA,7449,12615,8799,7101,NA,NA,9243,9422,9526
"STU004480",8090,13851,10584,15302,9885,5890,10802,8478,8459,13254,7277,8529,7192,12838,14376,NA,NA,12831,NA,8698,13306,NA,10242,NA,NA,NA,20645,11526
"STU004481",16392,11144,8912,15601,8031,5934,4802,4875,10829,7353,10774,9743,15458,14362,NA,NA,NA,NA,NA,NA,12945,10946,17450,24162,12639,NA,NA,NA
"STU004482",NA,NA,NA,NA,NA,NA,NA,NA,NA,NA,NA,NA,NA,NA,NA,NA,NA,NA,NA,NA,NA,NA,NA,NA,NA,NA,NA,NA
"STU004483",NA,NA,NA,NA,NA,NA,NA,NA,NA,NA,7333,8263,5906,9514,NA,6323,NA,NA,NA,NA,13859,8333,16790,9815,19245,11016,NA,10401
"STU004484",NA,NA,NA,NA,NA,NA,NA,NA,NA,NA,NA,NA,NA,NA,NA,NA,NA,NA,NA,NA,NA,NA,NA,9576,14196,NA,18851,16049
"STU004485",7404,NA,NA,NA,NA,NA,NA,14460,8778,9575,NA,NA,NA,NA,NA,NA,NA,NA,NA,NA,NA,NA,7801,15026,14256,10671,11988,12749
"STU004486",NA,NA,NA,NA,NA,NA,NA,NA,NA,NA,NA,NA,NA,NA,NA,NA,NA,NA,NA,NA,NA,NA,NA,NA,NA,NA,23623,NA
"STU004487",11289,NA,NA,NA,NA,NA,NA,NA,NA,NA,NA,NA,8465,9046,9835,8986,9189,NA,9394,10020,12194,10516,8571,9596,NA,NA,8300,NA
"STU004488",NA,NA,6658,7578,6541,10019,4071,13401,9670,NA,8410,7346,9500,8545,11919,8013,6378,11230,6192,11503,10330,NA,NA,10289,NA,11664,6624,9590
"STU004489",4463,5324,11652,NA,NA,NA,NA,NA,NA,NA,7707,9231,NA,9813,10045,6875,NA,NA,NA,NA,16979,NA,NA,13777,20840,8482,11785,9188
"STU004490",6939,5365,9959,NA,NA,NA,NA,NA,5991,6836,6511,6914,10377,8195,NA,NA,NA,6322,10241,9661,14306,10366,NA,8191,11684,9753,7084,14019
"STU004491",13589,NA,NA,NA,NA,NA,NA,NA,NA,10125,9980,7668,11806,NA,NA,NA,12623,10545,NA,NA,10501,16367,15082,8777,NA,NA,NA,NA
"STU004492",20412,9601,NA,NA,NA,NA,6241,NA,11941,NA,NA,5603,NA,NA,11307,7411,NA,NA,8853,6341,11417,9082,NA,14079,12683,15979,NA,12229
"STU004493",NA,NA,NA,NA,NA,NA,NA,NA,NA,NA,NA,NA,NA,NA,NA,NA,NA,NA,NA,NA,NA,NA,NA,10863,NA,12297,16977,21848
"STU004494",NA,NA,NA,9109,8646,12253,14326,NA,NA,8763,6605,10086,6319,9617,19599,NA,NA,NA,NA,NA,NA,12565,14739,12618,NA,NA,NA,NA
"STU004495",14018,9648,9618,6085,9845,13268,NA,16380,9465,14113,9369,13474,NA,20090,12825,19349,17133,18348,9018,NA,12496,15668,12256,11728,NA,21920,20177,14684
"STU004496",8539,10331,15496,10234,7396,NA,NA,NA,NA,NA,NA,NA,22749,13098,6292,NA,NA,NA,NA,10483,11675,NA,10650,10617,NA,8400,10339,13170
"STU004497",NA,NA,NA,NA,NA,12011,9373,8120,9709,11123,15488,8266,NA,NA,NA,NA,NA,NA,NA,8862,12503,7424,12446,NA,21551,NA,NA,NA
"STU004498",10626,NA,10174,7906,NA,NA,10426,8902,NA,8765,12250,13865,12950,7279,13467,NA,NA,NA,NA,7249,7914,NA,NA,6912,NA,NA,NA,NA
"STU004499",7384,5158,4848,5209,11265,9546,10602,NA,4978,6986,NA,NA,NA,NA,NA,NA,NA,NA,NA,NA,NA,NA,NA,NA,7668,8901,10095,NA
"STU004500",NA,NA,7074,7862,6582,8706,12398,NA,NA,NA,NA,NA,12143,9686,16435,11550,15542,23002,18817,NA,NA,NA,NA,NA,NA,NA,NA,NA
"STU004501",NA,NA,NA,NA,NA,4477,NA,NA,6791,6322,NA,4598,10307,14257,NA,NA,NA,NA,NA,NA,16457,12925,7109,8347,NA,NA,NA,11882
"STU004502",9831,8016,10417,9652,6968,6835,7942,6591,6756,NA,NA,8393,5157,10563,7504,5044,6674,5648,NA,6887,NA,15393,NA,NA,NA,NA,NA,NA
"STU004503",NA,NA,NA,8666,3706,11710,8050,6410,NA,NA,NA,NA,5092,5626,NA,NA,NA,5545,6865,23826,7235,21979,15219,13874,11375,NA,NA,NA
"STU004504",8277,NA,8308,NA,NA,NA,NA,7385,11117,7203,14089,NA,12283,8657,12522,10349,NA,NA,10610,8656,18230,13423,9820,16350,7452,NA,10465,8759
"STU004505",6249,6794,9306,NA,NA,14190,8820,16886,14232,8087,10385,21389,10209,15267,NA,NA,NA,NA,NA,NA,NA,16632,22902,34326,17768,24658,20964,19975
"STU004506",6792,6896,12849,6197,NA,NA,7216,NA,NA,9913,10234,NA,NA,10112,8911,4279,8912,NA,NA,NA,13335,14853,11514,NA,15961,9464,13067,17275
"STU004507",6880,5517,11726,9449,14961,9530,13195,5347,12697,9377,14680,NA,NA,9209,NA,NA,NA,NA,NA,NA,NA,NA,NA,10088,14327,13651,9945,NA
"STU004508",10330,16626,10449,11257,13412,13322,24019,18604,25858,33020,14759,NA,13306,26288,NA,NA,18249,21063,28787,NA,18278,14615,NA,NA,NA,NA,NA,NA
"STU004509",5686,11992,NA,NA,10191,5648,5872,9738,NA,NA,NA,NA,NA,13708,11433,NA,NA,NA,NA,NA,NA,NA,24568,NA,15986,12266,20359,13633
"STU004510",NA,NA,NA,NA,NA,NA,NA,NA,NA,NA,NA,NA,NA,NA,NA,NA,NA,NA,NA,NA,NA,NA,NA,NA,NA,NA,NA,NA
"STU004511",11890,NA,NA,NA,NA,NA,NA,NA,NA,5411,6351,NA,12637,9424,10631,10361,14178,8884,17677,10563,11557,NA,8378,11381,NA,NA,NA,NA
"STU004512",NA,NA,NA,NA,NA,NA,NA,NA,NA,NA,NA,NA,NA,NA,NA,NA,NA,NA,NA,NA,NA,NA,NA,NA,NA,NA,NA,NA
"STU004513",NA,12534,NA,NA,NA,8747,12811,14397,15897,15909,11850,11063,NA,NA,11556,12228,10771,12894,8445,6222,NA,9876,NA,17751,NA,9395,9481,NA
"STU004514",6392,6991,NA,4891,7080,NA,NA,13243,15304,8281,12844,NA,NA,20454,15604,11455,19260,26292,16818,10803,12205,NA,16286,16556,NA,NA,NA,NA
"STU004515",9364,NA,NA,NA,NA,NA,19672,11864,11560,NA,11656,13196,11622,NA,NA,20214,NA,NA,NA,15633,19044,16225,31316,9022,10251,NA,21028,17608
"STU004516",10431,9754,5822,5052,NA,7141,8921,NA,NA,12913,NA,NA,11607,12075,NA,NA,10312,NA,NA,15784,15090,10525,10442,10048,8690,16662,12396,9535
"STU004517",NA,NA,NA,NA,NA,NA,NA,NA,NA,NA,NA,5487,8261,3751,9300,11570,7342,NA,5017,10293,12310,12093,NA,NA,13891,7803,15847,11738
"STU004518",3370,NA,NA,NA,NA,NA,NA,2884,3607,8302,10040,10361,9057,9961,12736,10027,8469,8557,8614,10352,12627,NA,11879,9399,9184,6167,14156,13428
"STU004519",8309,7071,5506,5413,5125,7920,9915,NA,26937,19373,11637,21133,NA,NA,NA,NA,NA,10060,14761,13706,18475,14936,17398,12965,19194,12146,NA,NA
"STU004520",NA,NA,NA,NA,NA,NA,NA,NA,NA,NA,NA,NA,NA,NA,NA,NA,NA,NA,NA,NA,NA,NA,NA,NA,NA,NA,NA,NA
"STU004521",9765,10623,12429,11269,6952,6456,6771,5411,3861,4476,6504,NA,NA,6162,18808,13792,17956,10180,11035,NA,NA,NA,12893,15591,NA,NA,NA,17796
"STU004522",8465,NA,NA,9046,7878,NA,NA,9067,NA,NA,NA,9663,11256,8934,9114,10412,12954,8073,NA,10705,NA,14985,12187,18498,8607,6865,12606,7569
"STU004523",8235,7763,NA,NA,NA,NA,NA,NA,17213,10524,14068,NA,11813,12146,9466,11817,9544,8368,18053,6002,9216,NA,11957,9216,15121,10116,8584,5591
"STU004524",NA,NA,NA,NA,NA,NA,NA,NA,NA,NA,14432,20567,17886,19891,20191,19664,20292,18013,19079,34539,19946,16794,15072,25388,29594,25652,NA,NA
"STU004525",NA,NA,NA,NA,NA,3689,5287,7169,9357,9481,9492,12434,9871,8375,11757,12266,9651,9911,7773,15063,9425,10174,15542,10891,12918,20333,13726,11577
"STU004526",NA,17610,13124,NA,NA,7667,8865,NA,NA,NA,NA,9462,7394,11058,NA,NA,NA,NA,NA,NA,14341,12176,16031,11749,17898,18774,13077,14895
"STU004527",NA,NA,NA,NA,NA,NA,NA,NA,NA,NA,NA,NA,NA,NA,NA,NA,NA,7100,7830,NA,NA,21418,13489,13226,7789,NA,NA,NA
"STU004528",9704,10398,9771,8600,NA,NA,NA,NA,NA,7872,NA,NA,NA,NA,NA,NA,NA,NA,11008,13449,11137,10976,7194,9875,NA,NA,NA,NA
"STU004529",11933,7122,3406,8740,NA,6691,10029,6986,8635,7163,8124,NA,NA,NA,13631,NA,NA,35895,11163,NA,NA,NA,NA,25692,19974,NA,16553,11224
"STU004530",6898,8927,4894,NA,NA,NA,6117,7519,10441,14699,5288,9584,NA,4501,5065,22467,10411,NA,NA,NA,NA,16803,NA,NA,NA,14709,12254,17837
"STU004531",7003,NA,NA,NA,9057,NA,NA,NA,NA,NA,9319,NA,NA,NA,NA,NA,NA,NA,NA,NA,NA,NA,19018,21345,NA,NA,NA,28589
"STU004532",NA,NA,NA,8499,11118,10069,7888,12933,10394,8276,8271,13032,6650,NA,10658,11903,NA,10997,8498,NA,NA,25490,12863,8570,18246,13407,NA,NA
"STU004533",7243,8617,8669,12981,15808,12152,11006,9007,12718,13470,15697,16280,19877,12530,9379,NA,NA,20374,15079,15816,15162,NA,NA,NA,NA,NA,NA,NA
"STU004534",NA,NA,NA,NA,NA,NA,NA,NA,NA,NA,NA,NA,NA,NA,NA,NA,NA,NA,NA,8701,9152,10491,5061,14251,14343,NA,NA,16468
"STU004535",10643,6805,7955,NA,5992,NA,NA,13082,12387,8329,12622,10930,7754,11151,10744,9352,10997,14506,9902,17490,13441,NA,NA,NA,NA,NA,NA,14791
"STU004536",NA,NA,NA,NA,NA,NA,NA,NA,NA,NA,NA,NA,NA,NA,NA,NA,NA,NA,NA,16709,9253,12817,16428,14814,19023,18950,21898,12194
"STU004537",NA,NA,NA,NA,NA,8779,6315,NA,NA,NA,9523,9206,7967,NA,NA,11491,13269,NA,NA,NA,NA,13710,NA,14842,7997,18603,9394,9447
"STU004538",21738,16306,9388,NA,9584,14100,11825,NA,NA,NA,NA,NA,NA,NA,13918,19629,13138,22746,21430,25722,39071,NA,34349,24083,37879,NA,NA,NA
"STU004539",NA,NA,NA,NA,NA,NA,NA,NA,NA,NA,NA,NA,NA,10619,12104,NA,NA,NA,12837,19646,14130,16644,17346,11607,16928,15145,20040,16704
"STU004540",NA,NA,NA,NA,NA,NA,NA,NA,NA,NA,NA,NA,NA,NA,NA,NA,NA,NA,NA,NA,NA,20385,NA,16661,16809,20733,25250,19642
"STU004541",NA,NA,NA,NA,NA,NA,NA,NA,NA,NA,NA,NA,NA,NA,NA,NA,NA,NA,NA,NA,NA,NA,NA,NA,NA,NA,NA,NA
"STU004542",4726,4932,NA,6364,8984,5275,5051,NA,NA,7722,4106,3324,5049,NA,NA,NA,NA,NA,NA,NA,10651,10587,14857,NA,NA,NA,NA,NA
"STU004543",7940,5020,11569,4669,8325,10123,NA,NA,NA,NA,NA,NA,NA,NA,NA,NA,NA,NA,NA,NA,11400,NA,16948,16623,19103,21917,13716,20453
"STU004544",8202,8702,10478,5288,5044,11303,3663,NA,9419,11053,NA,NA,14247,12539,11994,8580,8806,NA,NA,13178,10824,14855,NA,NA,6308,11182,NA,NA
"STU004545",13193,9643,6868,6861,NA,NA,NA,NA,11995,10201,13761,18955,NA,NA,NA,10647,NA,NA,NA,NA,NA,NA,24823,NA,NA,NA,NA,NA
"STU004546",9388,4900,6358,NA,5017,7665,7954,11337,4727,5124,NA,NA,5182,6399,4917,3798,6257,NA,NA,NA,NA,7278,11632,9700,11346,12080,12572,13271
"STU004547",15850,NA,NA,NA,9704,8671,11588,9452,NA,8070,6912,15739,19619,16235,9229,11826,19328,12976,NA,NA,NA,NA,NA,NA,10804,11615,13336,NA
"STU004548",NA,NA,NA,7375,5726,6333,7123,10199,6724,16816,16790,14229,23507,16651,12369,NA,NA,NA,NA,16585,12655,15638,18078,12148,13178,NA,23389,31478
"STU004549",5364,8581,5257,6748,NA,NA,NA,NA,8699,11470,17206,11158,15247,12840,NA,21051,11440,17120,NA,NA,NA,10105,NA,NA,16694,16598,21881,11257
"STU004550",2456,3195,NA,NA,7191,9891,7358,NA,11945,7133,NA,NA,10443,21900,8541,11753,9453,9614,10780,17088,15971,11074,12726,NA,17176,8235,12124,19230
"STU004551",10255,7059,13745,7464,8906,10532,10225,10434,11995,8451,9403,12170,14323,12855,8593,NA,NA,8982,10380,10037,NA,NA,NA,NA,NA,9689,11237,NA
"STU004552",6741,7194,8011,8391,11938,6167,18080,7862,12421,14597,12547,NA,NA,NA,9673,11132,22187,NA,NA,NA,20131,19182,11961,20993,21297,25808,17773,NA
"STU004553",NA,NA,NA,NA,NA,NA,NA,NA,NA,NA,NA,NA,NA,7905,13858,5464,13911,7223,11763,NA,NA,22665,14679,14955,NA,19602,20580,23302
"STU004554",NA,NA,NA,NA,6605,12511,7724,8084,NA,NA,NA,9725,15027,8635,10447,15229,14737,8390,NA,NA,NA,10649,12183,9976,10797,9587,NA,NA
"STU004555",8907,NA,8966,8812,9384,9330,11198,7388,8696,NA,NA,NA,19985,11858,17279,27413,NA,NA,NA,NA,31936,NA,NA,NA,NA,21123,15781,NA
"STU004556",8807,11681,NA,NA,12646,15958,13702,17294,9030,11263,12234,NA,NA,NA,NA,8318,22347,32370,NA,NA,NA,NA,20712,28978,30472,29722,17213,13162
"STU004557",NA,NA,NA,NA,NA,NA,NA,NA,NA,NA,NA,NA,NA,NA,NA,NA,NA,NA,NA,NA,NA,NA,NA,NA,NA,NA,NA,NA
"STU004558",NA,NA,NA,NA,NA,NA,NA,NA,NA,NA,NA,NA,NA,NA,NA,NA,NA,NA,NA,NA,NA,NA,NA,NA,NA,NA,NA,NA
"STU004559",NA,NA,NA,NA,NA,6398,7409,8324,6669,6026,6358,8439,4816,5290,5089,6469,NA,11551,NA,NA,NA,NA,NA,7225,7718,8485,NA,NA
"STU004560",NA,NA,NA,NA,13423,16500,NA,NA,NA,NA,NA,NA,NA,8792,13734,NA,NA,NA,NA,NA,13653,15429,22604,20822,NA,10023,17565,12416
"STU004561",NA,NA,NA,NA,7064,5520,5472,8441,NA,NA,NA,9828,14222,17228,13101,11846,6642,8094,12615,NA,NA,9202,12491,5800,NA,NA,13897,17875
"STU004562",4825,9160,11812,NA,NA,17454,NA,NA,NA,15124,14150,16229,NA,8317,13153,13686,14381,14327,12059,12603,29068,NA,22296,16487,10866,16299,19056,23595
"STU004563",NA,NA,NA,NA,NA,NA,NA,NA,NA,NA,NA,NA,NA,NA,NA,NA,NA,NA,NA,NA,NA,NA,NA,NA,14545,15770,14642,17898
"STU004564",NA,NA,NA,NA,NA,11897,9983,NA,NA,NA,NA,NA,NA,14051,9749,8991,10223,8851,7532,19745,8677,13989,12727,12737,12379,NA,NA,NA
"STU004565",13394,NA,11742,9805,11104,NA,12238,14037,15732,10309,9501,NA,9239,NA,NA,NA,NA,NA,NA,31000,NA,26736,NA,NA,NA,NA,47452,43549
"STU004566",6830,5820,NA,NA,5966,5936,7766,10863,15049,NA,NA,NA,NA,NA,NA,NA,NA,NA,NA,12479,18826,7381,14218,NA,NA,NA,NA,NA
"STU004567",NA,NA,10642,16497,NA,NA,NA,NA,NA,NA,14452,13686,NA,10249,13861,21817,13851,12124,17901,21831,9010,NA,25463,14588,17667,21043,16009,11104
"STU004568",10141,NA,NA,NA,NA,NA,NA,NA,NA,11521,10966,NA,NA,14146,NA,18493,10184,NA,NA,12571,12113,NA,NA,9903,12424,18793,12157,NA
"STU004569",9066,18028,8916,10192,9275,NA,7258,11045,6109,NA,NA,5945,NA,NA,NA,NA,NA,5651,8701,16893,5811,9123,NA,NA,NA,NA,NA,NA
"STU004570",7187,NA,NA,NA,NA,NA,NA,NA,NA,NA,9115,4238,11847,5660,15212,6996,11016,8107,NA,NA,23852,NA,NA,NA,NA,NA,19243,10993
"STU004571",15481,NA,NA,NA,NA,9524,7869,5403,8023,6635,15066,13424,14427,17908,14594,12037,16197,15781,11967,NA,NA,NA,NA,NA,NA,NA,NA,12470
"STU004572",NA,NA,NA,NA,NA,NA,14681,NA,5525,2932,NA,NA,NA,8517,6807,7211,7794,NA,NA,9489,6412,13669,14079,13832,14685,9839,10214,9710
"STU004573",NA,NA,NA,NA,NA,NA,NA,NA,NA,NA,NA,NA,NA,NA,NA,NA,16687,NA,15599,22290,NA,NA,15561,11123,NA,16855,10711,15244
"STU004574",8638,6744,4203,5911,NA,NA,NA,NA,NA,NA,NA,NA,NA,NA,8911,NA,NA,NA,NA,NA,NA,NA,NA,NA,NA,NA,NA,16742
"STU004575",NA,NA,NA,NA,NA,NA,NA,NA,NA,NA,NA,NA,NA,NA,NA,NA,NA,NA,NA,NA,NA,NA,NA,NA,NA,16287,NA,13053
"STU004576",13590,9267,11437,10245,14284,NA,NA,7799,16286,11648,16444,8535,10141,10195,NA,NA,NA,NA,17911,23061,14813,15261,17756,NA,NA,NA,NA,NA
"STU004577",NA,NA,NA,NA,NA,NA,9787,13310,NA,8383,NA,NA,6715,17159,NA,18404,NA,NA,NA,NA,12284,NA,NA,NA,19643,13226,11885,NA
"STU004578",NA,3851,8558,6157,4299,2891,NA,NA,NA,NA,6513,5853,4231,4153,NA,5955,6060,4439,7821,7215,5565,NA,NA,NA,7236,NA,NA,NA
"STU004579",NA,NA,NA,NA,NA,NA,NA,NA,26576,NA,27721,22692,19451,13590,26549,16614,25440,15832,NA,NA,NA,35672,28828,16292,NA,17675,NA,NA
"STU004580",NA,NA,NA,NA,NA,NA,NA,NA,NA,NA,NA,NA,NA,NA,NA,NA,NA,NA,NA,NA,NA,NA,NA,NA,33315,20865,NA,NA
"STU004581",13938,NA,10657,NA,2731,6282,6406,NA,NA,NA,NA,NA,NA,NA,5596,NA,NA,NA,14222,NA,14256,13911,11040,NA,NA,NA,NA,12367
"STU004582",NA,NA,NA,NA,NA,NA,NA,NA,NA,NA,NA,NA,NA,NA,NA,NA,NA,NA,NA,NA,NA,16969,15594,20325,18945,18076,19701,13904
"STU004583",8161,11603,9168,20457,10263,NA,11514,11728,11398,10672,8887,10470,8693,NA,NA,NA,11373,10891,10410,NA,11224,23326,9176,8354,8609,12058,11340,16707
"STU004584",7021,17993,NA,12178,NA,NA,NA,NA,NA,18315,10684,10106,13603,10732,22362,9438,13972,13403,NA,NA,NA,NA,NA,NA,19151,10499,12602,NA
"STU004585",NA,NA,NA,NA,NA,NA,10096,NA,NA,13228,NA,NA,NA,NA,NA,NA,NA,NA,NA,25042,20238,21988,15945,26866,23574,26471,15520,16131
"STU004586",6805,5666,NA,NA,NA,5070,4038,5425,6987,NA,8553,NA,NA,NA,NA,7562,8316,11607,11179,7269,6095,7365,8902,10257,5768,15386,13930,12027
"STU004587",9809,5304,NA,NA,NA,NA,NA,4312,11927,8448,7194,NA,NA,6980,5687,9210,16098,12720,11642,14510,13752,14011,10272,8593,14081,16329,10725,13215
"STU004588",18307,6457,NA,9690,8077,4890,11533,11072,11091,5655,12012,NA,9926,9442,NA,11857,13167,13737,22123,24096,9754,NA,NA,NA,NA,18221,NA,16291
"STU004589",10019,NA,7027,10455,NA,13590,NA,NA,10237,10423,NA,11144,10563,11552,12534,NA,NA,NA,NA,NA,NA,NA,NA,16788,15951,15079,15208,12015
"STU004590",5577,NA,NA,11730,NA,NA,NA,NA,NA,NA,7305,16304,7035,4462,5533,9783,3315,7110,NA,13409,NA,NA,NA,8403,16032,NA,12863,14031
"STU004591",10594,5132,4533,5681,6612,4862,9099,4595,4799,NA,NA,NA,12406,3851,6204,5791,5639,NA,NA,NA,10858,8976,7083,12788,NA,NA,NA,10817
"STU004592",5239,7197,7098,12763,6345,12274,9362,7772,6017,10594,9675,12877,5592,6530,10334,8830,NA,NA,NA,9392,10379,NA,13011,14403,11364,15861,11227,11767
"STU004593",9300,8219,12743,15455,18344,11284,NA,4011,9258,9147,9159,10524,13047,16479,NA,NA,NA,17489,11324,9147,13683,17120,13206,12462,10860,16082,16333,11422
"STU004594",NA,NA,NA,NA,NA,NA,NA,NA,NA,NA,NA,NA,NA,NA,13737,21008,12514,11952,10464,11433,18333,16297,21324,13889,10811,NA,NA,NA
"STU004595",11513,NA,12295,14022,12342,19430,NA,NA,NA,23438,15127,10532,NA,NA,NA,NA,NA,18003,16690,12211,NA,NA,NA,NA,NA,NA,NA,NA
"STU004596",NA,NA,NA,NA,NA,NA,NA,NA,NA,NA,NA,NA,NA,NA,NA,20400,15317,16289,NA,NA,NA,NA,30034,19435,18665,NA,23338,NA
"STU004597",14036,NA,NA,NA,NA,NA,10101,NA,10855,NA,NA,NA,NA,12257,18909,10467,7176,17914,17593,11870,9234,8885,NA,NA,10946,NA,NA,13483
"STU004598",NA,NA,NA,7503,4225,NA,NA,NA,6420,3745,9478,4494,NA,NA,NA,15975,NA,NA,NA,NA,NA,NA,NA,8850,11338,10113,10786,NA
"STU004599",7460,6779,NA,6668,7501,5851,19199,10231,5101,6710,NA,NA,NA,NA,13985,19397,29172,29378,15586,14147,19688,11415,19825,39132,21826,11829,26903,11942
"STU004600",11089,22909,11913,7016,10445,NA,NA,5449,10394,10226,8788,9476,7691,9974,NA,19688,NA,NA,NA,NA,13433,15631,21611,14847,19133,12403,15809,NA
"STU004601",6142,5379,6850,NA,NA,6369,8554,9337,10595,3917,6586,6315,8456,9643,9237,9173,7090,10249,10907,10730,6178,11752,9088,10256,9028,11885,NA,11394
"STU004602",5031,NA,6476,4751,NA,NA,NA,NA,NA,NA,NA,NA,NA,NA,NA,NA,NA,NA,NA,NA,27875,10497,16097,12014,15217,9920,NA,NA
"STU004603",12575,11224,9041,7364,12272,9294,NA,NA,NA,NA,7027,12846,6917,7825,11115,8886,19644,13369,16794,NA,15627,NA,NA,NA,NA,16279,27349,27489
"STU004604",NA,NA,NA,NA,NA,NA,8361,14893,6617,18140,10803,4883,10938,5059,14409,10632,7730,13740,9955,9302,24131,17515,24313,NA,NA,NA,NA,NA
"STU004605",NA,7733,12284,11382,10325,NA,NA,NA,9845,NA,12746,7728,17607,9082,8997,NA,NA,NA,NA,NA,14620,12276,10237,NA,NA,NA,NA,NA
"STU004606",4041,6287,NA,3813,NA,6410,6516,4942,NA,6032,4736,5347,7693,8674,11327,7045,NA,NA,19146,NA,17095,NA,NA,NA,NA,NA,NA,NA
"STU004607",NA,NA,NA,NA,NA,NA,NA,NA,NA,NA,NA,NA,NA,NA,NA,NA,NA,NA,NA,NA,NA,NA,NA,NA,NA,NA,NA,NA
"STU004608",5902,4458,7427,5676,NA,NA,NA,NA,7693,NA,NA,11466,8254,7909,9827,NA,NA,NA,NA,NA,NA,NA,NA,NA,NA,NA,NA,NA
"STU004609",12407,12195,NA,NA,NA,NA,NA,NA,11604,14162,12911,8707,11676,12240,11241,9846,NA,NA,11270,16889,10954,8322,17322,NA,NA,NA,17797,16288
"STU004610",8647,10444,10620,NA,NA,6005,19992,12665,NA,NA,NA,NA,NA,NA,NA,NA,NA,NA,NA,NA,NA,13043,19853,15081,14637,NA,20925,20415
"STU004611",NA,NA,NA,NA,NA,NA,NA,NA,NA,NA,NA,NA,NA,NA,NA,NA,NA,NA,17566,16585,NA,NA,11878,24359,11588,9570,NA,17553
"STU004612",7785,9397,NA,NA,10151,9371,NA,NA,5466,14517,21891,8821,17668,NA,NA,NA,NA,NA,21802,12683,17659,26577,13852,NA,NA,NA,NA,NA
"STU004613",NA,NA,10720,5613,6291,7471,5552,3328,9163,8540,9604,6562,NA,NA,NA,NA,4272,NA,NA,NA,8858,13154,4669,9423,9733,9948,11237,26475
"STU004614",7348,5625,7038,8812,4298,5233,6407,NA,NA,NA,NA,NA,NA,NA,11205,NA,NA,NA,NA,NA,NA,NA,NA,10350,16872,NA,NA,NA
"STU004615",11620,NA,NA,NA,11729,7860,7356,NA,6041,NA,NA,NA,NA,NA,NA,27069,26512,15528,NA,21504,20255,16221,NA,NA,NA,26535,NA,NA
"STU004616",15832,10880,12300,NA,5847,11801,18903,NA,NA,16075,NA,16004,9904,NA,19265,10701,NA,NA,13081,NA,24759,24307,34566,22146,20420,NA,NA,34435
"STU004617",NA,NA,NA,NA,NA,10633,8940,10286,NA,NA,13237,12588,NA,NA,NA,NA,NA,NA,9401,14170,13885,15038,7978,14115,NA,11318,11639,10694
"STU004618",NA,NA,NA,NA,NA,NA,NA,NA,NA,NA,NA,NA,NA,NA,NA,NA,4928,NA,NA,15651,5861,13775,5111,9306,18383,4497,6324,9915
"STU004619",NA,NA,NA,NA,NA,NA,NA,NA,NA,NA,NA,NA,NA,NA,NA,NA,NA,NA,NA,NA,NA,NA,NA,NA,NA,NA,NA,NA
"STU004620",13402,6429,4763,5407,4790,5779,NA,NA,NA,NA,NA,NA,NA,12551,16644,9909,NA,NA,NA,12592,NA,NA,NA,NA,22841,NA,NA,NA
"STU004621",NA,NA,NA,NA,NA,NA,NA,NA,NA,NA,NA,NA,NA,NA,NA,NA,NA,NA,NA,NA,NA,NA,NA,NA,NA,NA,NA,NA
"STU004622",9867,NA,5026,11957,4514,NA,NA,NA,NA,NA,2856,4584,NA,6270,7575,11837,7808,NA,5590,8054,9317,NA,NA,NA,NA,10591,10057,14472
"STU004623",10097,NA,NA,NA,NA,NA,NA,NA,7682,NA,NA,NA,NA,15881,12590,NA,12659,14182,11841,10070,11882,24700,21030,12956,13782,11918,NA,NA
"STU004624",8662,NA,5409,4859,NA,NA,NA,10374,14404,10251,7012,6322,13268,7248,NA,NA,NA,7895,8713,NA,NA,15813,13357,8357,8401,8242,13123,16935
"STU004625",5858,NA,5819,9691,4419,6804,NA,NA,NA,NA,8274,18254,6836,5786,6282,NA,NA,NA,NA,NA,9461,17661,9895,12524,NA,NA,11871,15712
"STU004626",NA,NA,NA,7457,8330,6101,7694,7216,10640,12089,NA,NA,NA,NA,NA,18244,21477,NA,NA,NA,19313,13168,11011,15625,NA,9115,NA,NA
"STU004627",13186,4693,10940,NA,NA,NA,NA,NA,NA,NA,NA,15563,20001,20403,17197,29023,16243,24654,14489,NA,NA,NA,NA,22380,23170,19268,36773,24495
"STU004628",6299,NA,4655,6565,6356,NA,6418,9096,NA,NA,NA,NA,5479,3870,9272,NA,NA,NA,11315,13690,16725,NA,NA,12706,11873,NA,NA,NA
"STU004629",NA,NA,NA,NA,NA,NA,NA,NA,NA,NA,NA,NA,NA,NA,NA,NA,NA,NA,NA,NA,NA,NA,9795,12858,6069,11712,NA,NA
"STU004630",NA,NA,NA,NA,NA,NA,NA,NA,NA,NA,NA,NA,NA,NA,NA,NA,NA,NA,11521,14146,11946,22721,NA,NA,14419,13611,22096,NA
"STU004631",16920,NA,NA,NA,NA,NA,NA,15096,17864,16955,15777,NA,NA,NA,NA,NA,NA,NA,NA,NA,NA,NA,NA,NA,NA,15869,12697,12391
"STU004632",8287,9328,6386,7488,15895,NA,NA,NA,NA,NA,NA,8970,15640,21392,17207,NA,NA,7875,NA,NA,NA,NA,NA,15912,14780,15720,21174,NA
"STU004633",13153,NA,NA,NA,NA,NA,NA,NA,5604,7262,10816,14856,NA,NA,NA,NA,11042,14631,9604,10912,9078,9181,6072,8227,8936,NA,NA,15166
"STU004634",8230,5002,7247,NA,NA,5813,NA,4810,NA,4290,4184,4183,5367,7228,6231,9141,4234,6857,NA,NA,NA,12101,11761,13392,20752,10771,11570,21409
"STU004635",NA,NA,NA,NA,NA,NA,NA,NA,NA,NA,NA,NA,NA,NA,NA,NA,NA,NA,NA,NA,NA,NA,NA,NA,NA,NA,NA,NA
"STU004636",6162,15140,6421,NA,NA,NA,NA,8406,5908,9725,11408,7368,NA,NA,5838,11627,6872,NA,NA,9177,23397,14892,19810,15177,17334,11770,NA,25437
"STU004637",4032,NA,NA,NA,NA,4609,5369,5613,6486,5979,7495,NA,NA,6472,6421,6096,7595,3372,6070,6936,4937,9279,10860,13883,11500,11818,8388,14112
"STU004638",17943,23549,8145,10854,13617,NA,13584,10667,15155,10563,18939,37476,28111,17076,15728,32419,19550,27007,NA,21696,28622,41877,25369,20828,20123,22695,25428,35998
"STU004639",NA,NA,6397,NA,NA,10024,8517,12026,13079,9337,NA,NA,NA,NA,NA,NA,NA,NA,14085,11609,9729,14227,7345,11917,NA,NA,8919,17868
"STU004640",22515,NA,NA,NA,8317,5503,5390,8015,8584,NA,NA,NA,11132,8506,6657,10717,12280,8457,15540,13942,24926,12220,13661,20818,NA,NA,18274,29691
"STU004641",NA,NA,NA,NA,NA,7599,NA,NA,NA,NA,NA,NA,NA,NA,NA,NA,NA,9793,8221,5430,6850,28709,11374,10035,13779,NA,12400,20949
"STU004642",NA,NA,NA,NA,NA,6042,10706,7818,14653,7373,8499,8988,7255,10384,6100,8615,12575,13298,NA,NA,NA,NA,12239,NA,NA,NA,6119,13104
"STU004643",NA,NA,NA,NA,NA,NA,NA,NA,NA,NA,NA,NA,NA,NA,NA,NA,NA,NA,NA,NA,NA,NA,NA,NA,NA,NA,NA,NA
"STU004644",14079,12071,18002,NA,NA,NA,NA,13563,9561,10752,16315,NA,NA,NA,NA,NA,13445,10532,9262,NA,NA,NA,NA,NA,16761,21134,20266,17640
"STU004645",4277,NA,NA,NA,6357,8891,13436,10756,10838,NA,11809,8588,12230,11819,8759,9746,8701,NA,10142,13008,9152,8483,11638,NA,NA,8013,16428,17391
"STU004646",11505,13967,8756,13423,8058,8374,NA,5498,5774,7692,7126,NA,NA,NA,11648,10570,11136,15766,20812,NA,NA,NA,NA,NA,NA,16212,11076,11322
"STU004647",9731,11931,8494,8279,NA,NA,NA,8244,NA,NA,NA,NA,NA,NA,NA,NA,8180,13458,13934,NA,NA,NA,NA,NA,NA,NA,NA,NA
"STU004648",8111,6360,7350,7773,NA,4954,9490,7693,15876,11079,13000,NA,NA,NA,NA,NA,NA,NA,NA,NA,NA,NA,15598,18283,15014,26989,22153,14031
"STU004649",5851,NA,NA,NA,4541,NA,11005,19107,15193,9625,6774,NA,12074,NA,8220,6894,NA,NA,NA,NA,NA,10186,13101,NA,NA,NA,15112,16777
"STU004650",NA,NA,NA,NA,NA,4574,7023,5746,8442,NA,NA,NA,NA,NA,NA,NA,6300,NA,9316,12953,10706,9516,7383,NA,17632,12242,NA,14265
"STU004651",7198,10535,8606,11414,9321,10250,13043,10412,NA,NA,NA,NA,12408,11889,24629,26845,16907,24812,21716,17967,NA,NA,NA,NA,NA,NA,NA,NA
"STU004652",6353,NA,7367,NA,NA,13920,NA,NA,NA,NA,NA,NA,NA,6040,12061,NA,NA,13803,12217,NA,NA,12940,7999,NA,NA,27614,23277,12983
"STU004653",NA,13437,NA,NA,NA,NA,NA,6513,5065,7636,13041,15161,NA,NA,NA,12733,14894,18387,20962,NA,NA,NA,NA,11224,21353,NA,NA,11427
"STU004654",NA,NA,NA,NA,NA,NA,NA,NA,NA,8280,12849,NA,NA,NA,NA,NA,9368,NA,NA,NA,NA,NA,NA,15996,10040,19561,20154,9982
"STU004655",5385,4783,4998,4079,6703,4728,NA,7275,4551,11015,NA,NA,NA,NA,17065,6491,NA,9177,14859,NA,NA,NA,NA,NA,10790,6406,NA,NA
"STU004656",5261,NA,NA,7796,NA,NA,NA,NA,NA,5269,3791,8646,9352,8858,8356,NA,NA,NA,NA,NA,NA,8758,6151,10329,NA,NA,NA,NA
"STU004657",NA,11822,8421,10871,22168,11876,14480,NA,9802,11838,18919,7630,13117,14465,12593,21801,15275,7931,12042,14887,11178,18358,16587,13842,15805,14583,20680,17046
"STU004658",5657,3308,NA,5969,NA,8422,4399,5746,6843,6765,NA,7915,6844,7903,NA,NA,20930,NA,NA,10166,8360,10425,20379,17824,13467,20263,22290,NA
"STU004659",NA,NA,NA,NA,NA,NA,NA,NA,NA,NA,NA,NA,11864,12262,12051,15554,9426,16284,17465,12260,19584,24783,NA,14656,10241,24001,19606,16323
"STU004660",8118,NA,NA,11442,13198,9787,9267,8049,16573,NA,NA,NA,NA,NA,NA,NA,NA,NA,NA,NA,NA,NA,NA,NA,NA,NA,NA,15290
"STU004661",9400,15608,9847,10590,NA,NA,10517,12984,NA,NA,NA,NA,NA,NA,11333,7608,NA,NA,NA,14058,10874,11683,NA,17178,9229,NA,14155,NA
"STU004662",NA,NA,NA,NA,NA,NA,NA,NA,NA,NA,NA,NA,NA,NA,NA,NA,NA,NA,NA,NA,NA,NA,10681,8621,9854,12345,12976,9498
"STU004663",NA,NA,NA,7197,10743,5603,NA,5102,6311,10583,5711,NA,NA,NA,NA,NA,NA,NA,NA,NA,NA,NA,NA,NA,NA,NA,NA,NA
"STU004664",NA,9518,11406,9356,NA,NA,NA,NA,NA,7256,6095,5958,NA,9981,6518,4088,4609,5258,5032,4526,NA,7605,14259,8840,8857,10368,8620,12199
"STU004665",8387,NA,9159,9568,4391,6428,8023,14770,6152,12174,15258,NA,NA,10933,10377,6626,11669,NA,NA,8902,11404,NA,NA,NA,NA,14664,NA,NA
"STU004666",9498,6542,NA,7654,11628,NA,NA,NA,NA,NA,8646,12889,14450,18623,NA,11281,21728,NA,NA,NA,15082,16783,NA,18285,27251,NA,15881,NA
"STU004667",19022,5645,8908,4876,9585,NA,NA,NA,NA,5706,7202,14981,NA,10763,NA,NA,6224,10041,6388,11691,14722,NA,14085,10293,7141,7849,20194,10016
"STU004668",NA,NA,NA,NA,NA,NA,NA,NA,NA,NA,NA,NA,NA,NA,NA,NA,NA,NA,NA,NA,NA,NA,15727,8949,15094,12074,12970,NA
"STU004669",9723,7000,4551,NA,NA,5330,6101,4861,10587,9811,NA,NA,NA,NA,NA,13788,9996,NA,NA,NA,10482,NA,NA,NA,NA,18184,NA,NA
"STU004670",NA,NA,NA,NA,NA,NA,NA,NA,NA,NA,NA,NA,NA,NA,NA,NA,NA,NA,NA,NA,NA,NA,NA,NA,NA,NA,NA,NA
"STU004671",9675,5488,6201,5888,NA,NA,NA,NA,NA,NA,NA,10658,9494,10910,10085,NA,NA,NA,NA,NA,12536,8761,13637,15770,16133,NA,NA,11764
"STU004672",NA,NA,NA,NA,NA,NA,NA,NA,NA,NA,NA,NA,NA,NA,NA,15625,16408,NA,NA,NA,NA,NA,NA,11873,17792,13281,NA,NA
"STU004673",10097,15213,9506,13052,16314,13335,14331,15426,NA,NA,14403,NA,NA,NA,NA,7541,11447,NA,14839,10445,11206,12572,14864,NA,NA,12465,NA,NA
"STU004674",7315,10220,13089,NA,NA,NA,NA,NA,NA,NA,NA,NA,4234,NA,NA,NA,NA,13615,3233,NA,9541,12123,15147,10133,NA,NA,NA,NA
"STU004675",NA,NA,NA,NA,NA,3790,5148,NA,NA,NA,7245,7030,5598,7584,4643,6657,8681,NA,NA,NA,NA,NA,NA,NA,NA,NA,8586,14134
"STU004676",NA,NA,6845,8914,NA,NA,NA,NA,NA,NA,NA,NA,12641,6033,7710,11874,NA,NA,12237,10253,13300,9912,8173,6734,9077,8825,9876,NA
"STU004677",11796,13647,8124,4620,NA,NA,NA,4150,NA,NA,7637,3457,12813,NA,NA,NA,NA,11618,NA,5898,9445,8698,14266,8871,8554,12618,10682,10748
"STU004678",20362,NA,5594,6291,6018,6706,6478,5159,5840,NA,NA,NA,13618,9590,NA,18602,15309,11881,12762,19158,17928,11676,19606,13751,22436,20157,17734,17133
"STU004679",10480,NA,NA,NA,12432,NA,NA,10583,9643,11887,10045,7550,20018,8868,NA,12130,27641,10008,5602,9232,12838,9059,11128,17408,14214,NA,NA,NA
"STU004680",7589,NA,5959,7574,NA,NA,12989,15204,13478,13001,12100,NA,NA,13442,8572,16539,13567,13331,14819,21405,12950,22877,15483,17647,21676,18836,20336,16897
"STU004681",NA,NA,NA,NA,NA,9171,7915,NA,NA,NA,10826,13221,15223,9420,20055,9628,15237,9888,10066,18381,14393,13430,14030,NA,NA,NA,11552,18488
"STU004682",10363,NA,NA,NA,5468,NA,NA,NA,NA,14275,13732,11524,NA,12701,13059,NA,NA,NA,NA,NA,8806,10684,17150,18664,9319,NA,11400,NA
"STU004683",7672,21670,5672,17908,11606,13254,20618,9576,14802,15950,14249,18294,13337,14696,16228,8396,27609,10954,12853,17473,11408,24908,14070,13960,18368,14234,17021,NA
"STU004684",9801,NA,7495,8714,5533,7519,3134,5549,7644,6788,6693,NA,NA,NA,NA,4726,NA,4650,NA,NA,NA,NA,NA,NA,NA,7567,NA,20411
"STU004685",5732,8216,6980,7811,15437,4376,NA,NA,NA,NA,NA,8228,8219,10126,NA,NA,NA,12328,10205,NA,NA,18728,19643,21683,12119,17424,NA,NA
"STU004686",7881,NA,NA,NA,NA,NA,NA,NA,NA,NA,NA,NA,13920,15041,10594,9934,10706,13887,14307,13392,NA,NA,NA,NA,NA,11881,12989,16125
"STU004687",NA,NA,7142,6387,4800,6606,NA,7598,5925,NA,4921,12805,10875,8387,NA,NA,NA,NA,NA,6737,12284,13115,14936,9443,11755,8007,7761,13276
"STU004688",9068,9485,4590,NA,8609,5044,5435,11810,NA,5796,5577,8049,11380,8555,NA,NA,NA,NA,NA,9767,9753,11225,14814,8278,NA,10337,13943,11978
"STU004689",4858,5722,NA,NA,6895,6312,3090,NA,9921,7315,NA,NA,NA,NA,6385,NA,NA,NA,6394,7721,6892,8752,6878,NA,9342,9051,7890,8189
"STU004690",NA,NA,NA,NA,NA,NA,NA,NA,NA,NA,NA,NA,NA,NA,NA,NA,NA,NA,NA,NA,NA,NA,NA,NA,NA,NA,NA,NA
"STU004691",NA,NA,NA,NA,6160,NA,NA,NA,9958,12558,NA,16386,NA,10470,9237,6042,9592,14988,12686,10340,9571,NA,NA,12022,15001,8916,10642,15639
"STU004692",NA,NA,NA,NA,5835,15554,14584,5280,NA,8481,14789,10761,17472,16244,16158,NA,10673,NA,11360,15059,10434,14683,15394,12664,11814,13203,12373,14567
"STU004693",14653,NA,NA,NA,NA,NA,NA,22438,NA,29361,23871,NA,NA,NA,NA,NA,NA,NA,NA,NA,NA,NA,25295,22543,25383,25488,NA,NA
"STU004694",11110,11384,7344,5104,NA,NA,NA,NA,NA,15263,8015,10580,9064,12025,7537,9383,9631,8483,NA,NA,NA,NA,NA,NA,NA,NA,12761,11873
"STU004695",NA,9738,21518,NA,NA,NA,13054,NA,13631,NA,18420,8862,9864,11958,11939,13828,11180,20168,13924,19007,14166,NA,NA,NA,13889,NA,21389,19747
"STU004696",12871,7611,4724,6270,8492,6107,4978,NA,NA,NA,10048,9644,NA,NA,NA,NA,NA,7099,11193,22471,13669,11375,10796,NA,NA,7346,12804,11396
"STU004697",9764,8993,6603,8675,NA,NA,NA,5902,9381,NA,10278,11284,6578,16447,NA,NA,NA,NA,NA,14811,15045,NA,NA,NA,12666,NA,NA,NA
"STU004698",NA,NA,NA,NA,NA,NA,NA,NA,NA,NA,NA,NA,NA,NA,NA,NA,NA,NA,NA,17813,NA,NA,NA,12391,NA,NA,NA,NA
"STU004699",NA,NA,NA,7915,NA,NA,NA,4392,4822,4825,3943,3455,4897,3902,NA,NA,3087,3528,NA,NA,NA,NA,NA,NA,NA,NA,NA,NA
"STU004700",5302,9970,8108,9942,NA,NA,NA,NA,NA,NA,NA,NA,NA,NA,14653,12217,13548,NA,12419,26006,15144,16128,23060,NA,NA,NA,NA,NA
"STU004701",9168,14793,15996,15773,20749,NA,NA,NA,NA,6318,15217,10500,9903,13582,15605,NA,NA,NA,NA,NA,NA,NA,NA,NA,NA,NA,NA,26032
"STU004702",NA,10643,6285,11200,7598,9095,NA,NA,NA,7970,NA,8659,7689,6942,10618,10052,9914,NA,8762,15804,6667,8738,8733,8037,10250,8943,6173,10962
"STU004703",9154,12228,10846,14077,13101,20896,12668,NA,17709,7452,NA,13671,NA,27347,NA,NA,NA,15521,19291,NA,NA,21417,10423,22603,12639,19096,13430,18303
"STU004704",12322,NA,NA,NA,NA,NA,NA,NA,NA,NA,16092,13658,20234,11979,NA,17193,6596,9639,12646,9766,11301,9393,NA,NA,NA,NA,NA,NA
"STU004705",9039,8486,NA,NA,NA,NA,9846,12751,NA,NA,NA,NA,NA,8489,NA,NA,NA,16153,12871,14084,17281,NA,NA,NA,22807,NA,NA,NA
"STU004706",NA,NA,NA,NA,NA,NA,NA,NA,NA,NA,NA,NA,NA,NA,NA,NA,NA,NA,NA,NA,NA,NA,NA,NA,NA,NA,NA,NA
"STU004707",NA,NA,NA,NA,NA,NA,NA,NA,NA,NA,NA,NA,NA,NA,NA,NA,NA,NA,NA,5402,6008,NA,10591,6610,7973,10963,7774,6920
"STU004708",14113,NA,8200,6270,NA,5310,6300,4664,NA,13044,7181,11494,4659,4308,4706,NA,NA,NA,NA,NA,NA,7558,8691,9445,NA,NA,NA,9892
"STU004709",7823,NA,NA,NA,NA,10538,12494,10441,13967,14536,9836,8191,8531,10812,8152,9779,10316,10941,7993,8462,NA,NA,NA,NA,12440,NA,11745,8869
"STU004710",NA,NA,15554,6004,NA,NA,5999,NA,NA,NA,13479,7515,7302,NA,NA,NA,NA,NA,8978,6928,9907,14188,11574,11101,9288,8977,NA,NA
"STU004711",NA,NA,NA,NA,NA,8578,8444,10131,4996,13453,9420,9413,5172,NA,NA,NA,NA,10059,9896,5557,10035,NA,NA,10491,12232,NA,NA,9035
"STU004712",8826,NA,NA,NA,16440,6666,14909,NA,NA,NA,NA,6937,NA,NA,NA,24668,14417,23838,32056,29191,19383,17463,20601,NA,NA,NA,21873,NA
"STU004713",12504,12966,NA,NA,NA,NA,NA,NA,NA,NA,13980,9190,11582,6761,NA,8784,11673,11256,10309,7813,17080,12750,11920,11674,11628,10767,7665,13822
"STU004714",NA,NA,NA,NA,NA,NA,NA,NA,NA,2992,NA,NA,NA,NA,NA,NA,NA,NA,NA,19405,NA,13775,NA,19823,10932,NA,NA,NA
"STU004715",12132,9204,9145,NA,9279,NA,7155,NA,5555,6963,7770,10940,8548,9967,9457,12707,11484,10233,8630,14932,14951,9461,12694,9026,14811,12168,12772,NA
"STU004716",NA,NA,NA,NA,NA,NA,NA,NA,NA,NA,NA,NA,6655,5455,7754,NA,NA,NA,NA,NA,NA,14438,18586,8132,10009,16445,10627,NA
"STU004717",9369,8305,7234,8175,4432,NA,NA,11098,11964,7032,6810,8369,15286,7698,6852,12225,6778,10133,10889,NA,NA,9614,19903,13903,9604,13098,11340,NA
"STU004718",3978,4265,NA,9720,5977,4548,4482,16472,17659,8779,9131,NA,NA,11651,NA,7992,9476,NA,NA,NA,18766,9428,6510,9611,13380,9790,43386,13437
"STU004719",NA,NA,NA,NA,NA,NA,NA,NA,NA,NA,NA,NA,NA,NA,NA,NA,NA,NA,NA,NA,NA,NA,NA,NA,NA,NA,NA,NA
"STU004720",6986,5954,8657,9542,NA,NA,11050,11980,NA,NA,NA,NA,NA,12958,25304,11867,NA,NA,NA,NA,NA,NA,NA,NA,15725,31209,NA,NA
"STU004721",9769,9687,7505,NA,6906,6111,7902,11234,5983,8753,8598,8252,9048,NA,NA,NA,NA,NA,NA,18219,15854,NA,12840,16274,15141,NA,NA,20033
"STU004722",10868,10661,14402,6358,NA,NA,6945,6658,17475,NA,NA,NA,NA,NA,NA,NA,10207,10800,NA,NA,11808,8280,10016,6672,6503,7516,12162,10494
"STU004723",14905,9326,11906,5062,5573,NA,NA,NA,NA,NA,3410,7153,7989,8314,11080,6734,NA,10486,9946,13331,9511,7051,7971,22820,13623,13313,11339,16665
"STU004724",9824,8209,7914,NA,NA,NA,11061,4652,7738,NA,NA,NA,7684,5168,12704,NA,NA,10517,NA,12517,14018,12445,9620,12869,7834,12397,16098,11488
"STU004725",13499,7009,11363,10860,NA,NA,NA,13003,7568,7633,8707,11406,NA,13063,NA,19956,19331,NA,NA,NA,15742,21244,19170,23792,14494,14678,29229,31577
"STU004726",NA,NA,NA,NA,NA,NA,NA,NA,NA,NA,NA,NA,9828,NA,NA,NA,20639,12126,NA,NA,28761,21056,26968,NA,10818,NA,NA,NA
"STU004727",10375,12094,NA,8369,NA,NA,NA,NA,NA,8782,10390,5397,10700,9483,14006,7046,8199,9924,NA,12450,NA,NA,9696,10207,8469,7152,12821,10059
"STU004728",15989,7712,NA,11105,10868,6253,NA,10869,15814,NA,NA,NA,NA,10480,NA,10722,NA,NA,NA,NA,12462,13657,NA,NA,15708,14844,13822,9390
"STU004729",13961,10774,NA,NA,8924,NA,NA,NA,NA,7676,13575,11130,10718,NA,NA,NA,NA,19347,16441,15948,NA,NA,17998,12434,15653,14208,11934,NA
"STU004730",NA,NA,NA,NA,NA,NA,NA,NA,NA,NA,NA,NA,NA,NA,NA,NA,NA,NA,NA,NA,NA,NA,NA,NA,NA,NA,NA,NA
"STU004731",6340,7022,11992,5579,NA,NA,11188,NA,NA,NA,NA,12528,10677,14620,12486,NA,NA,15190,11535,8612,14677,9494,NA,NA,NA,NA,NA,NA
"STU004732",11714,6967,12910,NA,NA,6581,5119,NA,11437,5951,NA,14929,9252,18030,10933,17048,10162,12662,NA,NA,NA,NA,15250,12280,NA,NA,NA,NA
"STU004733",8996,5801,5720,4649,7190,NA,NA,NA,NA,NA,NA,12612,12802,14112,15202,10423,9506,9267,12890,10784,14563,8199,10141,11953,11819,11799,19076,13119
"STU004734",17055,7708,8208,15691,2951,NA,NA,9512,5419,NA,5822,6597,NA,NA,NA,NA,NA,NA,NA,12382,13107,18073,11956,NA,NA,NA,NA,10972
"STU004735",5127,NA,NA,6886,NA,6560,NA,6637,NA,NA,NA,NA,7942,3326,NA,NA,17501,5156,5376,NA,NA,NA,NA,13385,NA,NA,NA,NA
"STU004736",14157,9833,NA,6639,6276,6514,7965,4854,NA,7359,11017,5634,NA,NA,NA,NA,NA,10308,8531,8835,9277,9739,10341,11213,16523,8641,12249,NA
"STU004737",NA,NA,NA,8083,NA,12223,11070,9760,NA,7858,19478,13450,NA,13862,10532,9439,12257,NA,NA,6991,10873,NA,9838,14123,10091,12137,NA,NA
"STU004738",8801,8438,NA,NA,NA,NA,NA,8675,6381,NA,NA,6971,16003,7451,8097,NA,NA,NA,NA,24143,15527,17006,NA,NA,NA,NA,14566,15873
"STU004739",NA,NA,NA,NA,NA,NA,NA,NA,NA,NA,NA,NA,NA,NA,NA,NA,NA,NA,NA,NA,NA,NA,NA,NA,NA,NA,NA,NA
"STU004740",6767,8767,NA,NA,NA,9108,11204,10144,9565,8490,9823,NA,6798,6838,11518,11704,17764,12717,NA,10903,12301,15754,16141,10588,12602,NA,12419,16494
"STU004741",6078,8692,9608,6688,3779,NA,NA,NA,NA,NA,NA,NA,NA,14425,NA,NA,11958,NA,NA,NA,NA,NA,NA,NA,NA,NA,NA,10367
"STU004742",3447,3522,8281,NA,7229,NA,7496,5373,7950,NA,NA,5095,7448,NA,NA,5445,NA,NA,8138,7910,10572,13965,30357,NA,NA,NA,NA,9539
"STU004743",NA,NA,NA,NA,NA,NA,NA,NA,NA,NA,NA,NA,NA,NA,NA,NA,NA,NA,NA,10555,12777,11376,9672,13723,14299,11600,12716,11984
"STU004744",9729,7972,7836,14894,NA,8468,8396,9565,12046,14759,10459,10110,NA,NA,NA,NA,NA,NA,NA,NA,NA,NA,NA,9984,NA,NA,NA,NA
"STU004745",NA,NA,NA,NA,NA,NA,NA,NA,NA,NA,NA,NA,NA,NA,NA,NA,NA,NA,NA,NA,NA,NA,NA,NA,NA,NA,NA,NA
"STU004746",2327,5799,3395,12511,5938,5007,NA,NA,NA,9216,6836,5053,5438,9520,6164,NA,NA,NA,9578,NA,NA,NA,NA,8092,NA,8837,4919,10559
"STU004747",NA,6279,14007,NA,3533,7650,NA,NA,NA,NA,5471,6601,NA,6907,NA,NA,NA,4120,3680,10470,NA,NA,NA,5566,11864,14845,15216,6369
"STU004748",8382,6972,5505,6048,4530,5336,6324,2376,4128,NA,4394,5125,NA,NA,NA,NA,NA,NA,NA,NA,5677,NA,17637,12676,10667,20038,13493,NA
"STU004749",9894,4420,8007,7634,8172,9036,11948,NA,NA,7659,NA,NA,NA,8044,NA,NA,NA,NA,9649,9154,4163,29802,4480,7122,16839,34304,NA,NA
"STU004750",NA,NA,NA,NA,NA,NA,NA,NA,NA,NA,NA,NA,NA,NA,NA,NA,NA,NA,NA,NA,NA,12559,16203,16493,NA,15904,21363,12147
"STU004751",8908,7762,8753,NA,NA,NA,NA,NA,NA,NA,NA,10978,8099,10576,8208,12406,NA,NA,13258,9245,15116,11349,9720,NA,NA,NA,12479,9137
"STU004752",NA,NA,NA,NA,NA,NA,NA,NA,NA,NA,NA,NA,NA,NA,NA,NA,NA,NA,NA,NA,NA,NA,NA,NA,NA,NA,29803,33481
"STU004753",NA,NA,NA,NA,NA,NA,NA,NA,NA,NA,NA,NA,NA,NA,19225,10816,16355,15594,18918,18920,NA,NA,NA,NA,NA,NA,NA,NA
"STU004754",6738,NA,3970,NA,NA,NA,NA,6757,NA,NA,10236,7056,4957,3753,3908,NA,NA,NA,NA,16301,10351,7486,13852,18011,NA,NA,NA,NA
"STU004755",8104,NA,5104,NA,6902,6496,NA,NA,NA,7060,9213,11198,NA,6788,NA,NA,14491,16562,9633,NA,9161,17521,15055,NA,7566,13648,26557,11647
"STU004756",NA,NA,NA,NA,NA,NA,NA,NA,NA,NA,NA,NA,NA,NA,NA,NA,NA,NA,NA,NA,NA,NA,NA,NA,NA,NA,12924,21908
"STU004757",NA,NA,NA,NA,NA,NA,NA,NA,NA,NA,NA,NA,NA,NA,NA,NA,NA,NA,NA,NA,NA,NA,NA,NA,NA,NA,NA,NA
"STU004758",11554,5357,3808,5436,7323,NA,NA,8329,9258,12768,8681,10185,8324,NA,7706,16032,NA,NA,13181,9882,17787,NA,NA,29760,11396,NA,15234,NA
"STU004759",NA,NA,NA,NA,NA,NA,NA,NA,NA,NA,NA,NA,NA,NA,NA,NA,NA,NA,NA,NA,NA,NA,NA,NA,NA,NA,NA,NA
"STU004760",11952,6676,7424,NA,NA,2209,4478,4433,4655,9922,NA,9082,8764,7862,14459,4707,11904,NA,NA,8775,11483,9561,6987,11102,9588,7468,9860,10294
"STU004761",NA,NA,7775,NA,NA,8245,NA,NA,NA,NA,NA,7164,13410,9858,8355,5019,11538,NA,16955,31442,15477,10506,15148,16678,NA,13063,11409,18442
"STU004762",14088,5749,NA,NA,8180,5326,6164,NA,NA,11679,7990,14244,NA,12210,12067,13622,NA,15777,13378,11855,15862,26878,17434,17985,16513,18801,NA,23639
"STU004763",7734,8029,8426,6681,NA,NA,NA,NA,NA,14181,12028,11213,NA,NA,NA,12071,11325,13275,10424,NA,NA,11530,15300,17023,12765,NA,17131,11899
"STU004764",NA,NA,NA,NA,NA,NA,NA,NA,NA,NA,NA,NA,NA,NA,NA,NA,NA,NA,NA,NA,NA,NA,NA,NA,NA,NA,NA,NA
"STU004765",NA,NA,NA,NA,NA,NA,NA,NA,NA,NA,NA,NA,NA,NA,NA,NA,NA,NA,NA,NA,11150,14080,NA,8060,NA,10550,NA,NA
"STU004766",5332,14607,9727,6924,8096,8425,NA,NA,5457,6934,5787,6535,NA,11851,9429,7783,11560,8906,11335,17560,NA,NA,13906,12287,18257,10133,13279,14576
"STU004767",NA,NA,NA,NA,NA,8690,5325,7697,6420,NA,19197,11173,9150,20211,11713,7859,8284,8245,14183,14410,14692,16116,NA,NA,13539,12529,8649,14699
"STU004768",4670,6677,NA,NA,NA,7031,7728,NA,NA,NA,NA,NA,NA,NA,NA,NA,NA,NA,14271,9902,NA,NA,12510,7877,8065,11681,13212,9901
"STU004769",NA,NA,NA,NA,NA,NA,NA,NA,NA,NA,NA,NA,NA,NA,NA,NA,NA,NA,NA,NA,NA,NA,25840,25386,27021,15615,16330,33188
"STU004770",3679,NA,4358,16715,NA,13540,13175,NA,NA,NA,NA,NA,NA,NA,NA,NA,NA,NA,NA,18198,11042,NA,11025,14492,NA,11569,18941,14016
"STU004771",NA,NA,NA,NA,NA,NA,NA,NA,NA,NA,NA,NA,NA,NA,NA,NA,NA,NA,NA,NA,NA,NA,NA,NA,NA,NA,NA,7004
"STU004772",6033,9115,12929,9745,NA,NA,12490,12868,19897,12348,14719,13872,14078,NA,NA,NA,NA,NA,NA,NA,NA,29871,NA,19925,NA,29964,25808,23261
"STU004773",8286,6236,NA,NA,NA,8344,NA,8310,NA,NA,NA,NA,12129,NA,8123,2989,7814,8932,NA,NA,NA,15186,17360,16030,14744,18039,20109,18298
"STU004774",4078,NA,NA,NA,11358,NA,NA,4207,6262,5272,2462,5632,NA,NA,4511,6778,5708,NA,NA,9075,16433,14509,NA,NA,9932,9315,12727,15684
"STU004775",NA,9203,NA,NA,NA,5244,4519,5830,16149,NA,NA,NA,NA,NA,NA,NA,NA,NA,7810,10715,10028,12545,9538,10304,8042,11431,12511,20981
"STU004776",5845,9768,4815,5893,14198,6361,7318,11283,7230,NA,11335,10627,9806,5765,9436,9011,5629,NA,8826,10396,5842,13041,10983,NA,NA,12518,6533,11422
"STU004777",NA,NA,NA,NA,NA,NA,NA,NA,9955,NA,14947,NA,11327,11159,9388,NA,NA,NA,NA,NA,12423,18191,16960,18020,NA,NA,NA,NA
"STU004778",10196,7864,11156,NA,13706,7084,19489,NA,14932,17053,NA,20106,13256,14906,16462,12908,11447,15480,NA,NA,17141,16145,NA,12516,16136,18137,17231,21340
"STU004779",7850,NA,NA,5093,3488,7762,6368,NA,NA,8175,7603,5872,6362,7777,NA,NA,NA,NA,NA,NA,16396,12986,7345,11030,10298,10998,NA,NA
"STU004780",17445,NA,7480,NA,NA,NA,NA,NA,13840,NA,NA,13639,7966,23140,20452,11125,15343,14949,NA,NA,20113,NA,NA,19057,NA,NA,8055,16940
"STU004781",NA,NA,NA,NA,NA,NA,NA,NA,NA,NA,NA,NA,NA,NA,NA,7438,NA,NA,NA,NA,NA,NA,8310,8444,NA,8256,NA,7673
"STU004782",NA,NA,NA,NA,10865,9439,7634,8850,9922,6545,10096,NA,NA,NA,NA,10172,13582,7830,6310,5231,10621,NA,NA,7756,7877,9650,10564,12268
"STU004783",NA,NA,NA,NA,NA,5130,7458,8664,11941,11898,15004,9800,8348,12508,17307,8013,7449,NA,NA,NA,NA,NA,NA,NA,NA,12465,7717,17632
"STU004784",NA,NA,NA,5747,8942,NA,10975,5573,NA,NA,NA,NA,NA,7233,16293,13375,11385,17371,11119,17170,11680,18556,14571,13857,9279,17516,NA,17914
"STU004785",NA,NA,NA,NA,NA,NA,NA,NA,NA,NA,NA,NA,NA,NA,NA,NA,NA,20030,7955,NA,NA,16344,NA,NA,12948,NA,NA,NA
"STU004786",11857,12383,8921,5097,9897,6525,6121,7615,NA,NA,7763,14295,11569,15284,11604,14768,11803,11605,NA,12405,23554,12680,8926,27311,13156,12443,12031,9093
"STU004787",11773,9915,10037,3820,2963,NA,5169,4432,3233,4376,7752,4838,10459,7295,6631,10328,6053,NA,NA,NA,9114,10326,NA,NA,NA,7556,8960,NA
"STU004788",NA,13803,NA,9030,12012,16326,13981,11429,12699,20314,11089,15479,6445,NA,NA,NA,NA,NA,NA,NA,NA,23655,15913,14785,16092,12250,NA,9936
"STU004789",6433,13025,NA,NA,12655,8826,9979,10103,14695,9092,NA,NA,9611,19949,12517,11261,NA,NA,NA,NA,NA,NA,NA,NA,NA,NA,NA,NA
"STU004790",5867,9589,7173,6687,12603,6722,5703,NA,5750,5186,NA,NA,5833,16914,13342,NA,NA,NA,9013,NA,NA,NA,NA,NA,NA,10327,19753,11528
"STU004791",NA,NA,NA,NA,NA,NA,NA,NA,NA,NA,NA,NA,NA,NA,NA,NA,10062,11312,9167,8180,9246,NA,NA,NA,NA,9337,10710,8584
"STU004792",3287,NA,NA,NA,NA,NA,NA,NA,NA,NA,5306,5061,5759,5741,NA,4883,8905,3843,NA,NA,NA,13530,6372,6211,4413,10671,10692,15136
"STU004793",13839,NA,NA,NA,5262,7994,6493,16840,14799,11005,NA,NA,NA,NA,14557,13461,NA,18137,17314,13602,22731,16387,18708,19590,11951,NA,18171,NA
"STU004794",NA,5389,8649,5691,5121,6606,7657,7108,10698,7467,NA,NA,NA,NA,2855,8334,NA,NA,NA,NA,13522,NA,NA,13051,19060,NA,7134,NA
"STU004795",12082,NA,NA,NA,NA,19907,14310,NA,NA,NA,NA,NA,NA,25242,22243,27051,40119,31276,21296,31891,22384,32776,30309,19083,NA,NA,NA,38322
"STU004796",9582,12885,18145,8022,6378,6668,8234,6907,NA,NA,NA,NA,NA,NA,9848,12007,15140,15503,11819,16778,10112,12000,15975,NA,NA,NA,14213,19511
"STU004797",8860,8394,9831,9727,16516,17589,NA,NA,NA,NA,NA,NA,10228,NA,8505,23313,16784,13205,19592,20648,16972,29334,NA,17720,34982,18953,15689,22721
"STU004798",NA,NA,NA,NA,3310,NA,4562,10032,8977,11551,NA,NA,NA,7401,11242,14105,NA,NA,NA,NA,NA,NA,NA,NA,NA,8720,10566,NA
"STU004799",10083,6483,7592,7116,7832,NA,NA,NA,12025,9649,NA,NA,NA,NA,NA,NA,NA,NA,NA,NA,13247,16143,NA,14969,NA,NA,NA,NA
"STU004800",5073,7447,NA,NA,NA,NA,14246,11128,6846,11647,12656,9720,15020,13125,13844,14017,NA,NA,NA,12161,10977,9381,8493,19043,NA,NA,NA,NA
"STU004801",11875,9971,NA,NA,9064,8658,7625,9251,15247,9346,15827,12428,7513,11086,NA,NA,NA,NA,NA,14179,11696,8627,NA,NA,NA,6241,NA,NA
"STU004802",NA,NA,NA,NA,NA,NA,NA,NA,NA,NA,NA,NA,13549,13960,15036,22212,12402,NA,NA,NA,NA,NA,NA,NA,NA,NA,NA,22003
"STU004803",6997,7692,7060,NA,NA,NA,NA,NA,14994,13142,16593,13145,7418,20862,7798,16584,14647,18518,NA,NA,NA,NA,NA,NA,NA,13459,9408,11140
"STU004804",NA,NA,NA,NA,NA,NA,NA,11349,NA,13406,NA,NA,NA,NA,NA,NA,NA,NA,NA,NA,9652,NA,NA,NA,9445,12216,7274,6776
"STU004805",8660,10293,8199,5666,NA,NA,NA,NA,NA,NA,NA,NA,NA,NA,NA,NA,NA,6935,11202,10696,NA,NA,NA,NA,15953,15897,NA,NA
"STU004806",22579,NA,18032,NA,21686,9905,13214,9500,8341,NA,23327,18895,16249,27491,25034,26620,23878,NA,16871,15944,22685,12504,NA,NA,NA,NA,NA,NA
"STU004807",8198,6233,17463,8794,4704,8199,3807,NA,5385,7054,8727,NA,NA,NA,NA,NA,NA,NA,12525,NA,NA,NA,NA,10815,17803,15014,NA,NA
"STU004808",6729,9264,NA,NA,NA,6240,9688,NA,NA,NA,NA,NA,NA,NA,NA,8071,6248,NA,NA,NA,NA,10856,6176,10958,8536,9870,21169,15878
"STU004809",7261,6291,NA,NA,NA,NA,10318,14447,11997,9595,8608,8713,NA,NA,11904,17196,NA,13845,NA,NA,16121,NA,NA,NA,14468,7847,10202,20315
"STU004810",NA,NA,NA,NA,NA,NA,NA,NA,NA,NA,14168,NA,7789,NA,9488,11690,8256,7139,8449,7079,7812,10934,13099,NA,14942,11748,11732,6823
"STU004811",NA,NA,6203,4948,9844,NA,10823,10085,12179,6445,18705,10101,10681,NA,NA,17892,NA,NA,NA,NA,16495,12203,20761,20359,NA,23740,14330,NA
"STU004812",NA,NA,NA,NA,NA,NA,NA,NA,NA,NA,NA,NA,NA,NA,NA,NA,NA,NA,NA,NA,NA,NA,NA,17401,NA,19644,NA,NA
"STU004813",13370,8510,NA,NA,NA,NA,NA,12182,9276,10429,10644,10194,NA,8139,10158,11302,17660,16433,NA,NA,NA,NA,23508,20784,20961,NA,NA,NA
"STU004814",9653,NA,17187,13137,13393,13412,7413,25802,10693,12803,9814,NA,9970,15422,10339,NA,NA,22256,24369,16060,33518,20699,21368,28268,24823,33775,24291,28824
"STU004815",7242,8482,10914,NA,NA,NA,NA,NA,NA,NA,NA,10314,NA,8883,11978,13513,NA,NA,NA,NA,NA,NA,NA,NA,NA,12656,12097,11521
"STU004816",NA,NA,NA,NA,NA,NA,NA,NA,NA,NA,NA,NA,NA,NA,NA,NA,NA,NA,NA,NA,NA,NA,NA,NA,NA,NA,NA,NA
"STU004817",NA,NA,NA,NA,NA,NA,NA,NA,NA,NA,NA,NA,NA,NA,NA,NA,NA,NA,NA,NA,NA,NA,22412,12388,NA,NA,NA,17860
"STU004818",9533,NA,NA,NA,NA,NA,NA,9171,13685,5753,12876,NA,10820,12125,12727,9342,NA,NA,NA,NA,NA,NA,NA,8699,10179,12406,21979,7774
"STU004819",NA,NA,11281,13304,10961,12854,NA,NA,NA,NA,NA,8174,13478,15923,10167,NA,NA,NA,17571,9431,NA,9870,NA,13339,8702,NA,13531,11958
"STU004820",6650,8202,5244,4572,5824,4381,10270,4228,6900,NA,NA,3919,10004,10697,13806,13528,13591,NA,9951,NA,7137,9985,8006,NA,NA,NA,NA,9574
"STU004821",NA,NA,NA,NA,NA,NA,NA,NA,NA,NA,NA,NA,NA,NA,21788,NA,NA,NA,NA,23177,NA,NA,NA,NA,NA,30302,NA,NA
"STU004822",8499,19127,8039,7098,NA,10189,10057,NA,NA,NA,NA,NA,15100,19033,33307,NA,NA,NA,NA,NA,NA,25396,NA,17521,NA,NA,NA,NA
"STU004823",24340,7540,12849,12191,7458,11276,8866,10978,NA,NA,9929,NA,NA,NA,NA,NA,11432,11031,17278,13002,15032,12283,21683,NA,18293,30834,36651,13402
"STU004824",8497,10481,12981,11960,16907,13107,9830,15484,13217,10755,9474,NA,16277,NA,16294,11060,8867,9678,NA,11696,10006,7059,15188,NA,NA,10397,19188,15928
"STU004825",NA,NA,NA,NA,NA,11097,NA,NA,16598,NA,NA,NA,14787,11138,12942,14672,15957,13252,14129,NA,NA,NA,NA,12123,12784,21978,17051,11941
"STU004826",NA,NA,16500,11436,7178,14870,10435,NA,9075,NA,NA,12874,6411,NA,21942,NA,20821,NA,21014,12012,15033,19895,NA,12954,18917,23753,NA,NA
"STU004827",NA,NA,NA,NA,NA,NA,NA,NA,NA,NA,NA,NA,NA,NA,NA,NA,NA,NA,NA,NA,NA,NA,NA,NA,NA,NA,NA,45319
"STU004828",12351,NA,NA,NA,NA,NA,NA,NA,9019,7836,11718,NA,NA,NA,NA,7187,11236,8103,17227,12942,13976,NA,NA,11103,NA,NA,NA,NA
"STU004829",12712,7298,7763,9032,18658,13180,NA,NA,7378,9618,8861,10371,9750,13640,12335,10376,12538,9810,11167,NA,14838,12658,11980,8942,8059,8221,11755,7495
"STU004830",8630,10543,6177,NA,6208,NA,NA,15584,18651,12175,13822,16629,10679,10897,14193,14816,8066,13363,18273,15749,13677,30053,13392,NA,NA,16826,NA,NA
"STU004831",NA,NA,NA,NA,NA,NA,NA,NA,NA,NA,NA,NA,NA,NA,NA,NA,NA,NA,NA,NA,NA,NA,23200,23872,29503,23852,21330,11392
"STU004832",6895,NA,NA,NA,11920,9742,8411,13518,17599,18031,18597,20220,6284,12914,14781,NA,NA,NA,NA,NA,12152,17362,18476,11127,17441,16203,11079,28416
"STU004833",NA,NA,NA,NA,NA,NA,NA,NA,NA,NA,NA,NA,NA,NA,NA,NA,NA,NA,NA,NA,NA,12593,28882,21133,10966,9448,12431,NA
"STU004834",NA,NA,NA,NA,6329,NA,NA,NA,NA,NA,NA,NA,NA,NA,NA,NA,19797,21817,16219,18787,15115,18804,16539,11873,20547,14259,NA,13645
"STU004835",9289,8268,8209,15449,21411,NA,NA,9102,10298,NA,NA,NA,NA,NA,NA,25582,19763,26306,27659,21333,20778,15685,30280,23663,24848,17558,24476,25153
"STU004836",14037,5971,8419,10985,NA,8917,25063,22943,NA,23918,18871,15795,26807,28181,33630,23998,24463,20737,15421,18584,19407,21433,22381,34953,21738,33075,21875,22233
"STU004837",NA,NA,NA,NA,NA,NA,NA,NA,NA,NA,NA,NA,NA,NA,NA,NA,NA,NA,NA,NA,NA,NA,NA,20788,13834,18138,22502,20102
"STU004838",NA,NA,NA,NA,NA,NA,NA,NA,NA,NA,NA,NA,NA,NA,NA,NA,NA,NA,NA,NA,NA,NA,8902,9154,NA,NA,16186,NA
"STU004839",15913,10832,8895,11895,7324,NA,NA,NA,NA,7874,9980,NA,NA,NA,NA,NA,NA,12704,16091,13740,18213,17706,15878,NA,19288,18379,20455,16701
"STU004840",NA,NA,NA,NA,NA,NA,NA,NA,NA,NA,NA,NA,NA,NA,NA,NA,NA,NA,NA,NA,NA,NA,NA,NA,NA,NA,NA,NA
"STU004841",7495,12544,5955,13116,14044,11054,12563,NA,NA,14245,9398,11028,18138,NA,8401,15330,11792,14692,13308,NA,13596,10905,11120,18191,NA,NA,18144,12539
"STU004842",9983,11243,NA,NA,9019,12115,NA,12682,9888,11849,9000,NA,NA,NA,NA,NA,NA,13994,13937,17131,20796,24260,37265,20275,17553,18561,NA,NA
"STU004843",4240,NA,NA,NA,NA,NA,NA,4170,NA,NA,NA,3794,7154,NA,NA,NA,4384,3166,5414,4744,NA,15212,7861,13463,11511,9909,11066,9393
"STU004844",11378,6614,12808,NA,NA,NA,15618,11745,13053,11063,9367,18435,9506,11293,15876,23357,19560,27544,19395,21888,15174,18156,30222,17345,18692,20481,20145,NA
"STU004845",NA,NA,NA,NA,NA,NA,NA,NA,NA,NA,NA,NA,NA,NA,NA,NA,16782,18402,NA,9141,NA,NA,14117,44131,NA,NA,NA,NA
"STU004846",22064,8472,NA,NA,11574,13145,14737,13089,11607,27708,16283,23224,18876,NA,11880,NA,12228,20415,NA,22547,NA,NA,NA,NA,NA,NA,NA,28386
"STU004847",NA,NA,NA,NA,NA,NA,14126,13292,16755,13021,11168,11701,19579,NA,NA,23564,13530,NA,NA,NA,NA,18745,35134,31147,25485,NA,NA,33303
"STU004848",13173,5929,8267,5820,7628,6931,19107,14762,NA,12439,13345,13272,20080,15885,16344,NA,12060,14430,12838,16133,15521,17502,10610,11000,17761,16023,17435,20713
"STU004849",7426,7910,6377,8110,10298,7299,NA,12135,7071,7011,NA,NA,NA,NA,NA,9674,6572,9388,7270,11098,25034,22391,13551,NA,NA,NA,12291,25801
"STU004850",NA,NA,5298,6577,NA,NA,NA,NA,NA,NA,NA,9053,6417,9766,NA,NA,18918,NA,NA,NA,NA,NA,15185,20213,12761,15920,NA,11116
"STU004851",NA,NA,NA,NA,NA,NA,NA,NA,NA,NA,NA,NA,NA,NA,NA,NA,NA,16150,12058,NA,NA,10771,10528,13816,7453,8750,14078,11675
"STU004852",9939,NA,NA,NA,NA,13489,7888,5666,NA,7878,16703,9314,7354,12066,9752,13745,10011,15551,NA,NA,NA,NA,NA,10548,NA,NA,NA,NA
"STU004853",NA,NA,NA,NA,NA,NA,NA,NA,NA,NA,NA,NA,NA,NA,NA,NA,NA,NA,NA,NA,NA,NA,NA,NA,NA,NA,NA,NA
"STU004854",6109,7789,NA,NA,10546,NA,NA,NA,NA,NA,NA,NA,8396,NA,NA,NA,15877,10203,19263,11480,NA,12350,13800,9200,30429,20407,10288,16087
"STU004855",9942,11315,5486,8016,12332,13427,12490,19808,19299,15236,14448,22112,25060,21129,21147,25948,20178,15938,11979,22172,13582,23386,24675,21160,16428,21762,27408,21106
"STU004856",4861,5548,9124,NA,8307,8116,NA,NA,NA,NA,11101,11007,16602,10871,NA,9111,15252,14033,12157,17160,NA,NA,NA,NA,NA,NA,8130,18812
"STU004857",9167,NA,NA,12073,NA,NA,NA,NA,6490,4260,NA,NA,NA,6295,6750,12046,NA,NA,NA,6656,7992,6001,12196,7822,10257,7485,9151,NA
"STU004858",10762,NA,NA,NA,NA,NA,NA,16132,11351,17319,23126,34646,16306,10842,23077,NA,12285,15258,15582,NA,NA,17844,16327,13427,21090,20916,NA,NA
"STU004859",NA,NA,NA,NA,7295,NA,NA,NA,NA,NA,NA,NA,NA,NA,10725,NA,5832,5887,8084,7356,9537,NA,11756,5461,8782,12538,5713,8347
"STU004860",7817,NA,NA,NA,NA,8386,13900,10998,8934,NA,NA,10541,NA,NA,NA,NA,NA,8769,8426,9331,8071,5975,6659,12313,NA,NA,NA,NA
"STU004861",10832,13734,12532,8676,15994,5868,NA,NA,NA,NA,10838,20478,18344,15012,19172,14119,NA,15176,NA,NA,10866,19761,16914,NA,NA,NA,NA,NA
"STU004862",10373,11391,15228,NA,NA,NA,NA,NA,NA,NA,6758,9115,9807,13993,10167,15888,25201,NA,NA,NA,17572,12624,NA,13160,12635,15420,12633,11041
"STU004863",NA,NA,NA,NA,NA,10827,14253,9039,7645,11044,9547,7390,8013,10197,11038,5269,10831,10418,10944,10738,11367,NA,NA,NA,NA,NA,NA,NA
"STU004864",6797,7964,NA,NA,NA,9750,7093,12032,26981,NA,NA,NA,7957,NA,NA,NA,10506,9994,9902,9116,14248,NA,NA,20166,19058,18771,22745,15701
"STU004865",10670,NA,NA,NA,NA,NA,NA,NA,NA,12068,NA,NA,NA,NA,NA,20535,23541,16383,23381,22728,25442,17677,22128,14580,NA,NA,19692,21772
"STU004866",NA,NA,NA,19763,15675,20734,NA,NA,NA,NA,NA,14630,20548,13507,NA,NA,NA,NA,NA,NA,NA,NA,12589,15203,14514,NA,NA,NA
"STU004867",NA,17889,10200,18714,14426,14235,NA,14928,14038,19481,21702,26526,32983,35235,15042,33457,27251,NA,32033,19108,20784,17070,23861,23314,21093,20043,21949,NA
"STU004868",7894,11774,5157,8146,NA,NA,NA,NA,9479,7877,8358,11100,NA,NA,NA,7458,NA,NA,12176,9586,13602,9463,NA,NA,NA,7875,6421,10255
"STU004869",NA,NA,NA,8132,NA,5519,11138,8763,8709,6725,13010,NA,NA,NA,8471,9735,14206,12914,NA,10431,8041,8746,8879,10131,9168,11303,7344,NA
"STU004870",NA,NA,NA,NA,NA,NA,NA,NA,NA,NA,NA,NA,NA,NA,NA,NA,NA,NA,NA,NA,NA,14415,22448,17121,23005,NA,26348,20825
"STU004871",NA,NA,NA,NA,NA,NA,NA,NA,NA,NA,NA,NA,NA,NA,NA,NA,NA,NA,NA,NA,NA,NA,NA,NA,17380,10099,12249,NA
"STU004872",8375,10002,5983,4836,6054,NA,NA,8142,6259,NA,NA,21528,NA,9888,13353,12569,14005,NA,NA,10566,8692,NA,NA,NA,NA,NA,NA,12151
"STU004873",11617,13379,8113,6905,4603,NA,NA,NA,NA,11812,15360,12228,NA,11896,8100,10157,NA,15112,13475,NA,10444,8572,8136,9453,11900,14843,14665,NA
"STU004874",NA,NA,NA,NA,NA,NA,NA,NA,18552,NA,14011,9198,11611,12211,16477,10301,14085,NA,NA,NA,NA,16335,10822,16901,21250,21487,20642,13105
"STU004875",7589,10932,7804,7717,5863,4666,7326,NA,NA,NA,NA,8096,8456,7326,NA,NA,10620,NA,10651,9111,8363,NA,NA,NA,NA,11234,13659,10615
"STU004876",6491,13448,11094,NA,NA,NA,NA,NA,11745,11302,10310,7319,12868,NA,NA,5983,11224,8292,12197,NA,NA,NA,NA,NA,NA,NA,NA,NA
"STU004877",9406,7584,4567,NA,NA,NA,NA,3946,NA,6033,NA,NA,6911,6562,7786,9459,10471,9019,6646,9126,NA,NA,NA,NA,NA,7569,7080,NA
"STU004878",15767,NA,NA,NA,NA,NA,NA,NA,10474,9516,11764,7668,19601,7303,7270,14134,12187,NA,NA,10997,17874,8310,9945,18710,18243,11949,10334,10509
"STU004879",6324,9928,6634,11160,NA,NA,16161,31120,15971,12661,18992,15160,13958,10571,23054,23800,16912,18821,18871,18385,17936,10102,14500,NA,NA,NA,NA,NA
"STU004880",14456,NA,10742,NA,NA,18868,9917,NA,NA,NA,15546,24125,28231,35574,15911,20731,29661,NA,NA,NA,NA,21312,18020,19542,17624,NA,44724,31348
"STU004881",NA,NA,NA,NA,NA,NA,NA,NA,NA,5200,6257,8476,NA,NA,NA,NA,NA,NA,NA,NA,NA,NA,NA,NA,8493,8964,12961,11025
"STU004882",9124,NA,3523,NA,NA,NA,NA,5849,6529,4107,NA,NA,NA,NA,NA,NA,NA,NA,NA,NA,8654,8430,NA,15024,NA,NA,NA,6137
"STU004883",11829,10744,12747,9405,NA,NA,NA,6260,8785,9388,9206,14643,6507,10346,NA,NA,13040,NA,9556,NA,NA,NA,NA,14116,NA,7889,NA,NA
"STU004884",NA,NA,NA,NA,NA,NA,NA,NA,NA,NA,NA,NA,NA,NA,NA,NA,NA,NA,NA,NA,NA,NA,NA,17365,NA,NA,18826,8180
"STU004885",NA,NA,NA,NA,NA,NA,NA,NA,NA,NA,NA,NA,NA,NA,NA,NA,NA,NA,NA,NA,NA,NA,NA,NA,NA,9330,NA,25681
"STU004886",11091,NA,NA,NA,NA,NA,NA,NA,NA,19003,14092,NA,NA,16251,16613,15200,10957,13597,13963,12319,15423,14225,13998,23375,14292,NA,NA,21285
"STU004887",5829,4733,NA,NA,NA,3781,5862,8066,NA,7739,6132,3645,6636,9012,5084,NA,NA,NA,NA,12632,12793,9031,NA,5812,NA,NA,8077,11761
"STU004888",NA,NA,NA,5136,5683,NA,4568,4911,3378,6395,NA,NA,NA,8133,4862,10352,15236,12330,9775,9158,10026,8061,NA,NA,8679,12258,6864,8384
"STU004889",NA,NA,NA,NA,NA,NA,NA,NA,NA,NA,NA,NA,NA,NA,NA,NA,NA,14193,13087,11553,24623,24820,21853,21388,22326,14010,NA,NA
"STU004890",NA,NA,NA,NA,NA,NA,NA,NA,NA,NA,NA,NA,NA,NA,NA,NA,NA,NA,NA,NA,NA,NA,NA,NA,NA,NA,NA,22142
"STU004891",8702,NA,NA,NA,NA,19440,21788,17339,NA,NA,NA,NA,19814,13225,19782,24399,14960,21082,8869,29826,21860,20113,16111,NA,NA,NA,24601,NA
"STU004892",8962,7934,14492,NA,NA,NA,NA,7975,8251,8181,4627,NA,NA,NA,NA,NA,NA,NA,NA,NA,NA,25015,NA,NA,16256,NA,NA,NA
"STU004893",20609,NA,5493,8506,5367,8674,7292,11050,12996,14156,NA,NA,NA,13136,13427,11289,14304,14143,14535,14007,NA,17988,14084,12264,6902,10519,20725,11442
"STU004894",11455,9709,NA,NA,NA,NA,4856,NA,NA,NA,4651,8439,10526,4599,5633,3339,7569,NA,NA,8339,7451,NA,9400,7702,8999,10581,6695,7262
"STU004895",9661,5499,7263,5372,NA,NA,NA,NA,16233,5231,NA,NA,NA,NA,NA,NA,7989,8089,NA,NA,NA,NA,NA,NA,NA,NA,NA,NA
"STU004896",6342,9904,4999,10401,10904,6667,10341,5474,9564,7432,10770,NA,NA,NA,12090,7942,NA,NA,11101,NA,NA,7514,NA,NA,10562,12661,9956,10910
"STU004897",6205,6093,NA,NA,NA,8862,7347,7010,8102,6823,6197,7714,5089,NA,NA,NA,16920,NA,NA,NA,NA,NA,NA,NA,NA,7442,24220,19636
"STU004898",9561,11960,4462,4818,6224,11949,4448,9060,7166,11117,12960,NA,6855,12611,9784,7080,8241,4120,NA,NA,NA,NA,9070,12280,12663,11953,11312,9115
"STU004899",4895,4897,5686,6931,3770,5893,NA,NA,NA,NA,13287,10070,10936,NA,NA,NA,NA,NA,NA,NA,NA,9536,17353,11373,10433,17019,16052,12245
"STU004900",6936,7608,NA,NA,NA,7141,9565,6110,10254,7556,11040,4702,12033,7471,11989,9304,10512,11535,15876,12649,13406,NA,11400,11638,10139,9755,14989,NA
"STU004901",NA,NA,NA,NA,NA,5122,NA,11022,NA,NA,NA,10045,14834,15519,16684,8138,12020,18242,NA,NA,NA,17280,NA,10843,10898,16449,16264,16302
"STU004902",5158,NA,NA,NA,NA,NA,6041,12504,13835,15738,NA,11508,NA,NA,14052,15147,26622,NA,22668,12100,14269,24074,NA,NA,18323,18105,16167,NA
"STU004903",4908,6056,6866,NA,NA,NA,NA,NA,18982,7945,NA,NA,6978,10050,NA,NA,NA,9613,13136,16340,11952,10192,14933,11770,10060,13288,12191,15227
"STU004904",NA,NA,5739,NA,NA,NA,NA,NA,NA,NA,NA,NA,NA,NA,NA,NA,NA,NA,NA,NA,NA,9077,14766,12722,10213,16251,13538,12389
"STU004905",NA,NA,NA,NA,NA,4921,5099,14389,3565,6994,9622,5359,NA,NA,NA,NA,NA,NA,NA,9567,7810,13302,7430,NA,NA,21876,10947,13141
"STU004906",5722,9088,5034,4789,8016,3247,5884,9702,5091,8555,4838,NA,11099,NA,NA,NA,NA,NA,15967,8703,14967,9578,NA,NA,NA,9814,14083,20093
"STU004907",NA,NA,7812,5096,18116,10242,15551,11207,14092,16331,19554,NA,NA,NA,12439,12370,15042,11648,21492,10632,11299,NA,20667,15242,12169,11503,11287,9222
"STU004908",NA,NA,NA,NA,NA,NA,NA,NA,NA,NA,NA,NA,NA,15306,22655,14416,13413,15609,11326,14725,15250,21446,20691,19434,18939,11084,14611,28596
"STU004909",5723,NA,NA,9851,NA,6389,NA,NA,NA,NA,NA,NA,NA,NA,NA,NA,7252,13657,NA,8582,NA,NA,NA,NA,NA,NA,NA,NA
"STU004910",10596,NA,NA,NA,NA,NA,NA,3480,NA,NA,NA,6137,4514,6857,NA,NA,NA,NA,NA,NA,NA,NA,NA,NA,17128,NA,NA,NA
"STU004911",9391,NA,NA,6491,14664,11672,NA,NA,NA,8927,8657,13265,6985,NA,NA,NA,17078,29478,15177,21098,16871,26372,NA,NA,13811,NA,NA,NA
"STU004912",NA,NA,NA,NA,NA,NA,NA,NA,NA,NA,NA,NA,NA,NA,NA,NA,NA,NA,NA,NA,NA,14185,10331,10197,8874,NA,NA,NA
"STU004913",NA,NA,NA,NA,5191,9625,5691,5831,11074,NA,NA,NA,NA,NA,NA,NA,NA,11424,8304,NA,NA,NA,NA,9411,9533,7634,8327,10062
"STU004914",NA,NA,NA,NA,NA,NA,NA,NA,NA,NA,NA,NA,NA,NA,NA,NA,NA,NA,5701,9450,16688,12805,13583,21004,NA,NA,31184,NA
"STU004915",5707,4185,5297,5853,NA,3616,5144,4945,NA,NA,NA,NA,NA,NA,NA,9284,13039,15135,9414,NA,NA,NA,10675,NA,18204,11896,8513,13044
"STU004916",NA,NA,NA,8340,7308,7467,11879,11783,10822,NA,15803,11123,9260,20466,NA,15057,NA,16369,10880,13988,9822,14818,14908,NA,12977,19169,NA,18491
"STU004917",13960,7558,7337,NA,NA,NA,NA,NA,7630,11829,7881,NA,NA,NA,NA,NA,11994,9879,8235,14983,14887,14093,NA,10939,13418,14241,NA,NA
"STU004918",11311,10009,12127,NA,NA,7294,8051,4034,NA,NA,19378,10939,6617,NA,6067,10314,4496,14891,12389,16540,12448,9025,9220,NA,10695,11959,10161,12285
"STU004919",5699,5383,5317,7857,5010,5108,6028,5630,12068,11319,6880,12585,6534,NA,NA,11394,11121,12526,21863,11653,13681,NA,NA,NA,NA,9330,NA,NA
"STU004920",9870,11943,NA,6976,NA,11688,NA,NA,20779,11561,12879,13953,21088,17473,9523,14085,14561,16028,NA,NA,NA,20357,9034,15982,14771,NA,NA,NA
"STU004921",14548,NA,9081,10980,15478,NA,8654,12446,8432,13751,14467,7860,15721,11968,11012,7270,8096,14233,8891,NA,NA,NA,10027,10287,6748,7473,18707,13473
"STU004922",7615,NA,5757,7361,3472,13857,5636,9965,NA,NA,NA,NA,NA,NA,NA,7610,NA,NA,NA,11154,30433,11845,10530,13886,15260,11732,NA,13834
"STU004923",13533,10557,NA,NA,NA,NA,NA,NA,NA,NA,13665,NA,NA,NA,NA,NA,NA,11911,12310,19978,NA,NA,21940,NA,11233,NA,NA,NA
"STU004924",NA,NA,NA,NA,NA,NA,NA,NA,NA,NA,NA,NA,NA,NA,NA,NA,NA,NA,NA,NA,NA,NA,NA,NA,NA,NA,NA,NA
"STU004925",5109,NA,6742,5696,7705,8643,4897,3770,NA,NA,8520,10309,NA,NA,NA,NA,NA,29620,18863,14433,19608,6255,15433,15279,11874,11638,12167,14803
"STU004926",12694,9672,NA,NA,NA,22789,14500,17927,12060,19719,24495,23242,23676,13264,26398,19953,13965,NA,22283,NA,NA,30740,22272,NA,NA,NA,24790,NA
"STU004927",NA,NA,NA,NA,7868,11710,5911,12329,9496,8999,NA,NA,NA,9767,NA,10456,8129,6869,8310,11882,7093,12192,7216,10608,NA,NA,NA,9243
"STU004928",NA,NA,NA,NA,NA,NA,NA,NA,NA,NA,NA,NA,NA,4558,7995,5448,13752,7329,NA,NA,NA,13277,17066,9629,NA,NA,NA,11824
"STU004929",7095,8820,8340,NA,7272,3690,5585,5626,11139,NA,NA,NA,6059,NA,7859,NA,10091,8027,8449,8972,7162,10123,NA,10687,NA,10951,10351,8204
"STU004930",8940,9843,NA,5715,7232,12590,NA,NA,5266,7867,NA,NA,NA,7687,8074,21731,NA,16551,12237,7614,10172,5500,9515,8344,15993,9778,13566,15047
"STU004931",NA,NA,NA,NA,NA,NA,NA,NA,NA,NA,NA,NA,NA,NA,NA,NA,NA,NA,NA,NA,NA,NA,NA,NA,NA,NA,8853,13654
"STU004932",NA,NA,9306,14928,13709,19241,NA,9318,12757,NA,11049,8769,11633,7947,11563,10550,12990,13965,NA,15749,NA,NA,NA,20700,15570,12922,20059,20092
"STU004933",NA,NA,13795,13847,6876,7435,10395,8903,9211,14239,10740,14145,12284,8492,13658,12512,21431,12446,14707,15743,14717,NA,11825,14527,NA,NA,NA,NA
"STU004934",NA,NA,NA,NA,NA,NA,NA,NA,NA,18434,NA,26829,16448,NA,10464,20785,NA,NA,NA,NA,NA,19322,16821,19538,21444,12691,12467,22457
"STU004935",NA,NA,NA,NA,NA,NA,NA,NA,NA,NA,NA,NA,NA,NA,NA,NA,NA,NA,NA,NA,NA,NA,NA,NA,NA,NA,NA,NA
"STU004936",6099,9442,5056,6117,5894,NA,NA,NA,NA,13615,13497,11185,8834,19868,10853,16937,25509,15299,15040,15770,NA,16330,18288,20486,12475,16428,NA,NA
"STU004937",NA,NA,NA,NA,NA,NA,NA,NA,NA,NA,NA,NA,NA,NA,NA,NA,NA,NA,NA,NA,NA,NA,NA,NA,12050,10521,9663,13605
"STU004938",8160,15830,NA,NA,NA,NA,NA,9462,NA,12999,5796,NA,10538,NA,NA,NA,NA,12620,5442,NA,NA,NA,18143,15306,20315,NA,23853,13521
"STU004939",NA,NA,NA,13597,NA,NA,8227,11157,11352,10352,10621,NA,17461,14828,18312,9874,NA,12113,14010,14087,13176,18428,16007,14037,16370,14026,9803,15707
"STU004940",NA,NA,NA,4885,7233,7786,NA,NA,5020,NA,NA,NA,NA,12389,NA,NA,9031,7554,7485,9224,7918,12795,9520,8967,NA,11612,9373,NA
"STU004941",11070,7622,7614,5232,6845,7253,8393,5692,NA,11266,8555,5971,7117,12900,6220,9235,7064,6956,NA,NA,NA,NA,11014,10407,12838,7682,13761,20681
"STU004942",14656,13602,14738,10727,11895,13636,12990,13309,NA,NA,8851,21130,13316,12460,NA,NA,13090,21859,16562,NA,NA,11261,NA,NA,NA,9521,NA,NA
"STU004943",NA,NA,NA,NA,NA,NA,NA,NA,NA,NA,NA,NA,NA,NA,NA,NA,11872,22902,10573,16691,13209,NA,NA,NA,NA,NA,NA,NA
"STU004944",NA,NA,NA,NA,NA,NA,NA,NA,NA,NA,11059,8208,19261,20901,NA,15892,NA,13747,9778,13902,NA,NA,16459,NA,NA,NA,NA,NA
"STU004945",8629,5834,6573,6506,NA,NA,NA,NA,NA,10869,14663,NA,NA,NA,NA,NA,12329,12148,14941,12800,16528,NA,NA,19097,13629,11106,14386,NA
"STU004946",NA,NA,11232,12137,13114,8097,5331,NA,NA,NA,10200,9207,13285,15240,7485,9051,7314,10279,NA,10376,NA,NA,NA,13460,14841,16622,10874,13413
"STU004947",10721,12451,13299,11419,14767,10050,15992,12140,17292,NA,21034,NA,NA,12321,30769,31321,NA,26952,15383,34953,24511,30661,26451,35387,25887,25773,NA,NA
"STU004948",13194,10937,12893,9751,12559,13420,12931,NA,NA,NA,10136,NA,NA,NA,15369,9661,9711,11347,11292,NA,NA,NA,12208,NA,NA,NA,NA,NA
"STU004949",6450,NA,11297,3796,NA,NA,10835,7429,5403,9620,NA,NA,NA,NA,19192,12598,18533,26822,18449,15030,14226,9013,15906,26867,30222,17154,15050,NA
"STU004950",NA,NA,14540,6444,NA,NA,NA,15296,13322,NA,12448,12666,11776,NA,NA,21005,15653,NA,11570,19133,13346,13985,NA,NA,NA,NA,NA,NA
"STU004951",9376,13735,9646,9497,9698,9069,6960,17440,NA,NA,NA,9181,NA,NA,11538,NA,NA,NA,NA,NA,NA,16632,9926,NA,11339,12543,17648,11420
"STU004952",NA,NA,NA,NA,NA,NA,NA,NA,NA,NA,NA,NA,NA,NA,NA,NA,NA,NA,NA,NA,NA,NA,NA,NA,NA,NA,NA,NA
"STU004953",NA,NA,NA,NA,18553,14925,21039,14402,25377,18015,14419,20431,19232,23410,12434,13677,13578,NA,NA,NA,NA,NA,NA,NA,NA,20033,21263,20819
"STU004954",NA,NA,NA,NA,NA,NA,NA,NA,NA,NA,NA,NA,NA,NA,NA,NA,NA,NA,NA,NA,16878,NA,NA,NA,35044,NA,NA,16551
"STU004955",12046,10435,NA,NA,NA,NA,NA,9700,4997,7263,13271,8118,7209,11382,NA,NA,NA,NA,9068,10164,15416,16133,9501,7125,NA,NA,NA,NA
"STU004956",9623,4624,8371,8120,8296,6561,10020,NA,NA,NA,NA,9237,7789,16349,7540,9378,NA,12188,7269,4798,8888,6493,10014,14071,8824,6642,9719,7941
"STU004957",NA,NA,NA,NA,NA,7918,7675,9694,10564,NA,NA,7715,11915,15340,19093,8423,12572,12347,NA,11235,NA,NA,8202,11294,NA,10372,9513,14268
"STU004958",NA,NA,NA,NA,NA,13234,NA,10830,14381,14770,NA,9512,8490,13763,14413,NA,NA,NA,20619,15792,8033,10146,19319,NA,NA,9977,13950,18740
"STU004959",9782,4798,4601,7164,4288,4472,8854,8529,5873,9731,9592,NA,14122,7263,NA,NA,NA,6426,15983,11739,NA,NA,NA,NA,11502,14756,9910,18266
"STU004960",14845,10524,NA,NA,NA,NA,NA,NA,NA,NA,NA,8638,10345,10648,14197,NA,NA,NA,8851,7561,7239,11451,13860,11261,9647,10830,NA,NA
"STU004961",NA,NA,NA,NA,NA,NA,NA,NA,NA,NA,NA,NA,NA,10170,20631,12056,16368,17155,17140,NA,NA,18511,21956,29262,28300,NA,NA,15782
"STU004962",9056,14477,11939,20619,12493,11250,17942,8724,12303,10974,10111,8638,10298,17775,16326,18077,NA,NA,NA,NA,NA,NA,NA,NA,NA,9853,NA,NA
"STU004963",4130,NA,NA,4965,5137,NA,NA,NA,NA,NA,NA,5972,5533,5907,9259,9928,7511,NA,NA,NA,NA,9927,9251,9964,7487,7776,NA,NA
"STU004964",6179,8237,7547,NA,NA,10218,7145,NA,9380,7034,NA,8736,NA,NA,NA,NA,NA,NA,NA,8364,10925,NA,NA,NA,NA,NA,8848,9700
"STU004965",12158,11102,NA,NA,8082,NA,NA,NA,NA,NA,NA,NA,NA,8584,10674,9521,NA,6196,11664,13715,11551,13458,NA,NA,NA,NA,NA,NA
"STU004966",NA,NA,NA,NA,NA,NA,NA,NA,NA,NA,NA,NA,NA,NA,10775,16161,12177,NA,NA,NA,NA,NA,NA,NA,NA,NA,19277,29983
"STU004967",NA,NA,NA,NA,NA,NA,NA,NA,NA,NA,NA,NA,NA,NA,NA,NA,NA,NA,NA,NA,NA,NA,NA,NA,NA,NA,17316,20709
"STU004968",NA,NA,NA,NA,NA,NA,NA,NA,NA,NA,NA,NA,NA,NA,NA,NA,NA,NA,NA,NA,NA,NA,NA,NA,28316,27157,15880,14938
"STU004969",NA,NA,NA,NA,NA,9575,NA,NA,NA,8010,NA,NA,16368,16885,11521,8067,10282,NA,NA,25833,NA,14490,19712,17337,14204,13280,24268,29091
"STU004970",NA,NA,NA,NA,NA,NA,NA,NA,NA,NA,NA,NA,13212,NA,NA,12740,11000,16232,NA,NA,14545,9600,NA,NA,NA,11742,18702,10360
"STU004971",8706,13555,5424,5192,5276,5656,NA,9862,12350,10142,NA,NA,NA,8462,13793,10137,11848,9047,18229,NA,NA,NA,7488,16766,10766,15399,10001,9396
"STU004972",9707,NA,11555,NA,14121,10676,9316,NA,13121,9272,15440,9009,19078,9430,12201,21336,32086,20764,17415,44116,25195,NA,NA,NA,NA,30297,17559,29272
"STU004973",NA,NA,NA,5466,4512,4730,5174,NA,NA,NA,NA,NA,3329,5828,6894,7252,4751,11719,10676,NA,NA,NA,9894,8145,7828,5960,11396,6551
"STU004974",4920,5078,4306,5028,4336,NA,NA,NA,11327,10652,5783,NA,NA,12174,11164,11999,16319,12561,14554,14124,NA,12024,9575,NA,NA,NA,15364,8199
"STU004975",14723,10551,11501,8598,7519,14990,9521,13489,14465,13076,9395,18358,9705,6528,11770,15080,8818,14593,8872,9454,15437,NA,NA,14774,10849,15597,NA,NA
"STU004976",5114,4929,7506,4723,NA,NA,6133,6802,13869,7457,5204,7201,8184,7532,7136,NA,NA,NA,NA,6067,13348,NA,NA,NA,19167,11919,NA,NA
"STU004977",10896,8775,8735,12184,11746,7976,9581,12907,NA,NA,NA,12527,8541,NA,NA,NA,NA,NA,NA,NA,9732,9865,10437,18135,NA,NA,NA,NA
"STU004978",10165,NA,NA,NA,NA,NA,10860,8633,NA,NA,7199,6340,15514,NA,NA,NA,27068,15900,12100,NA,NA,NA,NA,NA,NA,NA,NA,NA
"STU004979",9113,NA,7864,7102,12669,NA,NA,NA,NA,NA,NA,NA,NA,NA,3739,6728,5826,11074,10046,5786,NA,NA,NA,NA,NA,NA,9680,10723
"STU004980",NA,8277,8025,NA,NA,NA,NA,6308,12385,7719,5266,NA,NA,NA,NA,3692,NA,NA,NA,NA,11351,NA,23132,16481,NA,NA,NA,16094
"STU004981",8866,7827,NA,NA,5856,8452,8640,14329,NA,NA,NA,NA,10133,NA,NA,NA,10326,11736,10843,17098,11820,NA,NA,NA,NA,NA,NA,9718
"STU004982",9136,NA,NA,NA,NA,NA,7675,10758,NA,NA,NA,NA,NA,7944,NA,NA,NA,NA,16221,11559,12051,16666,14156,15351,NA,NA,8382,13009
"STU004983",8770,4616,9215,15176,7825,14326,7364,10482,NA,4893,NA,NA,NA,6229,15850,NA,7897,8903,15476,6268,7522,10544,NA,18965,8805,NA,NA,11926
"STU004984",5581,8579,8158,NA,NA,6187,NA,NA,11181,7711,8674,13783,11206,8845,9182,10556,8881,5470,8730,NA,NA,11990,11504,10628,NA,NA,NA,NA
"STU004985",NA,NA,NA,NA,NA,NA,NA,NA,NA,NA,NA,NA,NA,NA,NA,NA,NA,NA,NA,NA,NA,NA,NA,NA,NA,NA,NA,22225
"STU004986",7370,11248,NA,NA,NA,NA,NA,NA,NA,NA,NA,NA,NA,NA,NA,NA,16678,10448,22718,15834,NA,18837,NA,NA,NA,18235,25636,19080
"STU004987",NA,NA,NA,12081,12018,8927,9351,NA,12355,14342,12114,6962,10870,NA,NA,NA,NA,NA,NA,7503,6888,NA,NA,NA,NA,14726,7351,12118
"STU004988",7908,8200,10409,9191,7235,7093,4998,5107,NA,NA,4863,7143,6624,11508,12551,7805,14620,NA,NA,9149,NA,NA,NA,13028,10807,9635,10114,11173
"STU004989",8012,10539,7609,8695,14673,12443,NA,NA,NA,NA,NA,NA,6688,7577,6684,6543,9084,11065,9617,13596,12279,NA,NA,13596,11658,NA,NA,11040
"STU004990",NA,NA,NA,NA,NA,NA,NA,10142,9410,10245,10878,13152,NA,7770,NA,12644,14917,27854,36028,21278,30390,19094,NA,NA,19796,15703,NA,29683
"STU004991",NA,6609,9358,NA,NA,NA,NA,NA,NA,NA,NA,NA,NA,NA,NA,NA,NA,5072,11511,6781,NA,NA,15521,21219,15975,20534,14171,15607
"STU004992",9542,5726,12274,NA,8228,NA,6991,17564,NA,NA,NA,NA,NA,NA,NA,NA,NA,NA,NA,NA,NA,NA,NA,NA,NA,13808,NA,NA
"STU004993",NA,NA,NA,NA,NA,NA,NA,NA,11121,11744,11390,9286,9765,8422,19573,8492,6678,9959,15334,NA,NA,14842,19685,12290,12206,22296,NA,NA
"STU004994",4725,6339,NA,6392,11962,6481,NA,NA,8065,5681,NA,8423,10848,8551,10179,7684,8465,9307,6395,10404,15297,NA,5719,9363,11040,13046,8274,10060
"STU004995",7235,9971,6841,8183,5663,NA,5727,7141,8745,7564,8279,6674,7540,10718,14391,10846,9014,17621,NA,NA,NA,NA,NA,NA,NA,NA,NA,NA
"STU004996",9430,NA,NA,7175,4799,NA,NA,NA,NA,NA,13474,11211,9847,9431,NA,15606,10541,15437,10124,10260,9829,11379,9377,9196,15140,17147,19499,11379
"STU004997",8661,10234,5195,8834,5652,NA,NA,NA,NA,5177,6853,10776,5807,9980,14741,8211,6508,9555,7518,18812,8070,13492,NA,NA,NA,NA,NA,NA
"STU004998",7689,12080,8709,11713,NA,6786,18970,10463,23239,11861,8515,11468,12460,12818,21078,13156,NA,12809,14404,17372,13819,24084,NA,NA,NA,8323,10063,16838
"STU004999",8303,10957,NA,NA,NA,NA,NA,12759,10763,14043,15687,NA,NA,NA,NA,NA,NA,16067,18592,16816,19116,26109,NA,13147,15419,15467,21066,19562
"STU005000",NA,NA,NA,NA,NA,NA,NA,NA,NA,NA,NA,NA,NA,NA,NA,NA,NA,NA,NA,NA,6826,NA,NA,NA,10969,9051,11981,11506
